Input Mass	Matched Mass	Delta	Name	Formula	Ion	LMSD Examples
598.4968	598.4972	.0004	Cer 36:2;O2	C36H69NO3	[M+Cl]-	/resources/tools/chemdb_ontology?abbrev=Cer 36:2;O2
598.4968	598.5052	.0084	Cer 34:1;O3	C34H67NO4	[M+Formate]-	/resources/tools/chemdb_ontology?abbrev=Cer 34:1;O3
598.4968	598.5052	.0084	CAR 26:0	C33H65NO4	[M+OAc]-	/resources/tools/chemdb_ontology?abbrev=CAR 26:0
461.39987	461.4000	.0002	ST 29:0;O	C29H52O	[M+Formate]-	/resources/tools/chemdb_ontology?abbrev=ST 29:0;O
461.39987	461.4000	.0002	ST 28:0;O	C28H50O	[M+OAc]-	/resources/tools/chemdb_ontology?abbrev=ST 28:0;O
461.39987	461.4000	.0002	TG 57:4	C60H108O6	[M-2H]2-	/resources/tools/chemdb_ontology?abbrev=TG 57:4
608.52562	608.5260	.0003	Cer 36:2;O2	C36H69NO3	[M+Formate]-	/resources/tools/chemdb_ontology?abbrev=Cer 36:2;O2
608.52562	608.5260	.0003	Cer 35:2;O2	C35H67NO3	[M+OAc]-	/resources/tools/chemdb_ontology?abbrev=Cer 35:2;O2
667.46073	667.4587	.0020	CerPE 32:1;O2	C34H69N2O6P	[M+Cl]-	/resources/tools/chemdb_ontology?abbrev=CerPE 32:1;O2
667.46073	667.4579	.0028	DG 36:8	C39H60O5	[M+OAc]-	/resources/tools/chemdb_ontology?abbrev=DG 36:8
584.52647	584.5179	.0086	Cer 36:1;O	C36H71NO2	[M+Cl]-	/resources/tools/chemdb_ontology?abbrev=Cer 36:1;O
584.52647	584.5260	.0005	Cer 34:0;O2	C34H69NO3	[M+Formate]-	/resources/tools/chemdb_ontology?abbrev=Cer 34:0;O2
584.52647	584.5260	.0005	Cer 33:0;O2	C33H67NO3	[M+OAc]-	/resources/tools/chemdb_ontology?abbrev=Cer 33:0;O2
768.59847	768.5995	.0010	HexCer 38:2;O3	C44H83NO9	[M-H]-	/resources/tools/chemdb_ontology?abbrev=HexCer 38:2;O3
768.59847	768.5913	.0072	PC O-37:3	C45H86NO7P	[M-CH3]-	/resources/tools/chemdb_ontology?abbrev=PC O-37:3
768.59847	768.6033	.0048	PA O-42:3	C45H85O7P	Neutral	/resources/tools/chemdb_ontology?abbrev=PA O-42:3
707.44224	707.4424	.0002	PA 34:2	C37H69O8P	[M+Cl]-	/resources/tools/chemdb_ontology?abbrev=PA 34:2
802.61499	802.6050	.0100	HexCer 37:1;O3	C43H83NO9	[M+Formate]-	/resources/tools/chemdb_ontology?abbrev=HexCer 37:1;O3
802.61499	802.6050	.0100	HexCer 36:1;O3	C42H81NO9	[M+OAc]-	/resources/tools/chemdb_ontology?abbrev=HexCer 36:1;O3
802.61499	802.6088	.0062	PG O-39:2	C45H87O9P	Neutral	/resources/tools/chemdb_ontology?abbrev=PG O-39:2
643.52582	643.5307	.0049	DG 38:4	C41H72O5	[M-H]-	/resources/tools/chemdb_ontology?abbrev=DG 38:4
643.52582	643.5226	.0032	CE 15:1	C42H72O2	[M+Cl]-	/resources/tools/chemdb_ontology?abbrev=CE 15:1
814.60395	814.5968	.0072	PS O-39:2	C45H86NO9P	[M-H]-	/resources/tools/chemdb_ontology?abbrev=PS O-39:2
814.60395	814.6050	.0010	HexCer 38:2;O3	C44H83NO9	[M+Formate]-	/resources/tools/chemdb_ontology?abbrev=HexCer 38:2;O3
814.60395	814.5968	.0072	PC O-36:3	C44H84NO7P	[M+Formate]-	/resources/tools/chemdb_ontology?abbrev=PC O-36:3
814.60395	814.6050	.0010	HexCer 37:2;O3	C43H81NO9	[M+OAc]-	/resources/tools/chemdb_ontology?abbrev=HexCer 37:2;O3
814.60395	814.5968	.0072	PC O-35:3	C43H82NO7P	[M+OAc]-	/resources/tools/chemdb_ontology?abbrev=PC O-35:3
814.60395	814.5968	.0072	PE O-38:3	C43H82NO7P	[M+OAc]-	/resources/tools/chemdb_ontology?abbrev=PE O-38:3
814.60395	814.6088	.0048	PG O-40:3	C46H87O9P	Neutral	/resources/tools/chemdb_ontology?abbrev=PG O-40:3
580.5304	580.5310	.0006	Cer 36:1;O3	C36H71NO4	[M-H]-	/resources/tools/chemdb_ontology?abbrev=Cer 36:1;O3
580.5304	580.5310	.0006	Cer 34:1;O	C34H67NO2	[M+OAc]-	/resources/tools/chemdb_ontology?abbrev=Cer 34:1;O
801.61193	801.6127	.0008	SM 38:2;O2	C43H85N2O6P	[M+Formate]-	/resources/tools/chemdb_ontology?abbrev=SM 38:2;O2
801.61193	801.6127	.0008	CerPE 40:2;O2	C42H83N2O6P	[M+OAc]-	/resources/tools/chemdb_ontology?abbrev=CerPE 40:2;O2
697.4134	697.4086	.0048	PA 33:5	C36H61O8P	[M+Formate]-	/resources/tools/chemdb_ontology?abbrev=PA 33:5
697.4134	697.4086	.0048	PA 32:5	C35H59O8P	[M+OAc]-	/resources/tools/chemdb_ontology?abbrev=PA 32:5
601.4974	601.4968	.0006	FAHFA 36:0;O	C36H70O4	[M+Cl]-	/resources/tools/chemdb_ontology?abbrev=FAHFA 36:0;O
627.53889	627.5358	.0031	CE 12:0	C39H68O2	[M+OAc]-	/resources/tools/chemdb_ontology?abbrev=CE 12:0
616.50706	616.5077	.0007	Cer 36:1;O3	C36H71NO4	[M+Cl]-	/resources/tools/chemdb_ontology?abbrev=Cer 36:1;O3
616.50706	616.5158	.0087	Cer 34:0;O4	C34H69NO5	[M+Formate]-	/resources/tools/chemdb_ontology?abbrev=Cer 34:0;O4
616.50706	616.5067	.0004	DG 36:4	C39H68O5	Neutral	/resources/tools/chemdb_ontology?abbrev=DG 36:4
708.4453	708.4377	.0076	PC 28:2	C36H68NO8P	[M+Cl]-	/resources/tools/chemdb_ontology?abbrev=PC 28:2
708.4453	708.4377	.0076	PE 31:2	C36H68NO8P	[M+Cl]-	/resources/tools/chemdb_ontology?abbrev=PE 31:2
708.4453	708.4457	.0004	PS O-28:1	C34H66NO9P	[M+Formate]-	/resources/tools/chemdb_ontology?abbrev=PS O-28:1
708.4453	708.4457	.0004	LPS O-27:2;O	C33H64NO9P	[M+OAc]-	/resources/tools/chemdb_ontology?abbrev=LPS O-27:2;O
708.4453	708.4457	.0004	PC 25:1;O	C33H64NO9P	[M+OAc]-	/resources/tools/chemdb_ontology?abbrev=PC 25:1;O
624.52036	624.5128	.0076	Cer 38:3;O2	C38H71NO3	[M+Cl]-	/resources/tools/chemdb_ontology?abbrev=Cer 38:3;O2
624.52036	624.5209	.0005	Cer 36:2;O3	C36H69NO4	[M+Formate]-	/resources/tools/chemdb_ontology?abbrev=Cer 36:2;O3
624.52036	624.5209	.0005	Cer 35:2;O3	C35H67NO4	[M+OAc]-	/resources/tools/chemdb_ontology?abbrev=Cer 35:2;O3
626.5352	626.5285	.0067	Cer 38:2;O2	C38H73NO3	[M+Cl]-	/resources/tools/chemdb_ontology?abbrev=Cer 38:2;O2
626.5352	626.5365	.0013	Cer 36:1;O3	C36H71NO4	[M+Formate]-	/resources/tools/chemdb_ontology?abbrev=Cer 36:1;O3
852.62181	852.6124	.0094	PS O-42:4	C48H88NO9P	[M-H]-	/resources/tools/chemdb_ontology?abbrev=PS O-42:4
852.62181	852.6255	.0037	PC 38:0	C46H92NO8P	[M+Cl]-	/resources/tools/chemdb_ontology?abbrev=PC 38:0
852.62181	852.6255	.0037	PE 41:0	C46H92NO8P	[M+Cl]-	/resources/tools/chemdb_ontology?abbrev=PE 41:0
852.62181	852.6124	.0094	PE O-42:5	C47H86NO7P	[M+Formate]-	/resources/tools/chemdb_ontology?abbrev=PE O-42:5
852.62181	852.6124	.0094	PC O-38:5	C46H84NO7P	[M+OAc]-	/resources/tools/chemdb_ontology?abbrev=PC O-38:5
628.54205	628.5441	.0021	Cer 38:1;O2	C38H75NO3	[M+Cl]-	/resources/tools/chemdb_ontology?abbrev=Cer 38:1;O2
656.49932	656.4893	.0100	CerPE 34:3;O2	C36H69N2O6P	Neutral	/resources/tools/chemdb_ontology?abbrev=CerPE 34:3;O2
729.55917	729.5552	.0040	CerPE 38:2;O3	C40H79N2O7P	[M-H]-	/resources/tools/chemdb_ontology?abbrev=CerPE 38:2;O3
729.55917	729.5675	.0083	DG 41:5	C44H76O5	[M+Formate]-	/resources/tools/chemdb_ontology?abbrev=DG 41:5
729.55917	729.5675	.0083	DG 40:5	C43H74O5	[M+OAc]-	/resources/tools/chemdb_ontology?abbrev=DG 40:5
729.55917	729.5672	.0081	PC O-33:2	C41H80NO7P	Neutral	/resources/tools/chemdb_ontology?abbrev=PC O-33:2
729.55917	729.5672	.0081	PE O-36:2	C41H80NO7P	Neutral	/resources/tools/chemdb_ontology?abbrev=PE O-36:2
655.5239	655.5307	.0068	DG 39:5	C42H72O5	[M-H]-	/resources/tools/chemdb_ontology?abbrev=DG 39:5
655.5239	655.5226	.0013	CE 16:2	C43H72O2	[M+Cl]-	/resources/tools/chemdb_ontology?abbrev=CE 16:2
746.3824	746.3886	.0062	PS 30:4;O3	C36H62NO13P	[M-H]-	/resources/tools/chemdb_ontology?abbrev=PS 30:4;O3
529.42599	529.4262	.0003	FA 32:5	C32H54O2	[M+OAc]-	/resources/tools/chemdb_ontology?abbrev=FA 32:5
796.47844	796.4690	.0095	PE 38:7	C43H72NO8P	[M+Cl]-	/resources/tools/chemdb_ontology?abbrev=PE 38:7
736.35351	736.3435	.0100	PI 25:4;O2	C34H57O15P	Neutral	/resources/tools/chemdb_ontology?abbrev=PI 25:4;O2
747.38552	747.3857	.0002	PI 25:0	C34H65O13P	[M+Cl]-	/resources/tools/chemdb_ontology?abbrev=PI 25:0
770.46294	770.4533	.0096	PE 36:6	C41H70NO8P	[M+Cl]-	/resources/tools/chemdb_ontology?abbrev=PE 36:6
639.53926	639.5358	.0035	CE 14:1	C41H70O2	[M+Formate]-	/resources/tools/chemdb_ontology?abbrev=CE 14:1
727.45776	727.4556	.0022	PG 33:4	C39H69O10P	[M-H]-	/resources/tools/chemdb_ontology?abbrev=PG 33:4
727.45776	727.4556	.0022	PA 35:4	C38H67O8P	[M+Formate]-	/resources/tools/chemdb_ontology?abbrev=PA 35:4
727.45776	727.4556	.0022	PA 34:4	C37H65O8P	[M+OAc]-	/resources/tools/chemdb_ontology?abbrev=PA 34:4
757.41425	757.4145	.0002	PI 25:0	C34H65O13P	[M+Formate]-	/resources/tools/chemdb_ontology?abbrev=PI 25:0
757.41425	757.4145	.0002	PI 24:0	C33H63O13P	[M+OAc]-	/resources/tools/chemdb_ontology?abbrev=PI 24:0
738.35144	738.3471	.0043	PS 26:3;O3	C32H56NO13P	[M+Formate]-	/resources/tools/chemdb_ontology?abbrev=PS 26:3;O3
738.35144	738.3471	.0043	PS 25:3;O3	C31H54NO13P	[M+OAc]-	/resources/tools/chemdb_ontology?abbrev=PS 25:3;O3
738.35144	738.3592	.0077	PI 25:3;O2	C34H59O15P	Neutral	/resources/tools/chemdb_ontology?abbrev=PI 25:3;O2
760.43402	760.4406	.0066	PS 31:3	C37H66NO10P	[M+Formate]-	/resources/tools/chemdb_ontology?abbrev=PS 31:3
760.43402	760.4406	.0066	PS 30:3	C36H64NO10P	[M+OAc]-	/resources/tools/chemdb_ontology?abbrev=PS 30:3
737.35672	737.3519	.0048	PI 25:3;O2	C34H59O15P	[M-H]-	/resources/tools/chemdb_ontology?abbrev=PI 25:3;O2
737.35672	737.3519	.0048	PG 26:4;O3	C32H55O13P	[M+OAc]-	/resources/tools/chemdb_ontology?abbrev=PG 26:4;O3
592.53041	592.5310	.0006	Cer 37:2;O3	C37H71NO4	[M-H]-	/resources/tools/chemdb_ontology?abbrev=Cer 37:2;O3
782.42662	782.4218	.0049	PI 28:2;O2	C37H67O15P	Neutral	/resources/tools/chemdb_ontology?abbrev=PI 28:2;O2
628.50698	628.5077	.0007	Cer 37:2;O3	C37H71NO4	[M+Cl]-	/resources/tools/chemdb_ontology?abbrev=Cer 37:2;O3
628.50698	628.5067	.0003	DG 37:5	C40H68O5	Neutral	/resources/tools/chemdb_ontology?abbrev=DG 37:5
668.53363	668.5380	.0043	DG 40:6	C43H72O5	Neutral	/resources/tools/chemdb_ontology?abbrev=DG 40:6
638.536	638.5365	.0005	Cer 37:2;O3	C37H71NO4	[M+Formate]-	/resources/tools/chemdb_ontology?abbrev=Cer 37:2;O3
638.536	638.5365	.0005	Cer 36:2;O3	C36H69NO4	[M+OAc]-	/resources/tools/chemdb_ontology?abbrev=Cer 36:2;O3
783.42972	783.4301	.0004	PI 27:1	C36H67O13P	[M+Formate]-	/resources/tools/chemdb_ontology?abbrev=PI 27:1
783.42972	783.4301	.0004	PI 26:1	C35H65O13P	[M+OAc]-	/resources/tools/chemdb_ontology?abbrev=PI 26:1
773.40103	773.4013	.0003	PI 27:1	C36H67O13P	[M+Cl]-	/resources/tools/chemdb_ontology?abbrev=PI 27:1
702.56241	702.5676	.0052	CerPE 37:1;O2	C39H79N2O6P	Neutral	/resources/tools/chemdb_ontology?abbrev=CerPE 37:1;O2
702.56241	702.5676	.0052	SM 34:1;O2	C39H79N2O6P	Neutral	/resources/tools/chemdb_ontology?abbrev=SM 34:1;O2
702.56241	702.5563	.0061	PA O-37:1	C40H79O7P	Neutral	/resources/tools/chemdb_ontology?abbrev=PA O-37:1
731.54182	731.5387	.0031	DG 42:6	C45H76O5	[M+Cl]-	/resources/tools/chemdb_ontology?abbrev=DG 42:6
731.54182	731.5345	.0073	CerPE 36:2;O2	C38H75N2O6P	[M+Formate]-	/resources/tools/chemdb_ontology?abbrev=CerPE 36:2;O2
731.54182	731.5345	.0073	SM 33:2;O2	C38H75N2O6P	[M+Formate]-	/resources/tools/chemdb_ontology?abbrev=SM 33:2;O2
731.54182	731.5345	.0073	CerPE 35:2;O2	C37H73N2O6P	[M+OAc]-	/resources/tools/chemdb_ontology?abbrev=CerPE 35:2;O2
731.54182	731.5345	.0073	SM 32:2;O2	C37H73N2O6P	[M+OAc]-	/resources/tools/chemdb_ontology?abbrev=SM 32:2;O2
731.54182	731.5414	.0004	CL 72:0	C81H158O17P2	[M-2H]2-	/resources/tools/chemdb_ontology?abbrev=CL 72:0
731.54182	731.5465	.0047	PC 32:1	C40H78NO8P	Neutral	/resources/tools/chemdb_ontology?abbrev=PC 32:1
731.54182	731.5465	.0047	PE 35:1	C40H78NO8P	Neutral	/resources/tools/chemdb_ontology?abbrev=PE 35:1
730.53868	730.5392	.0006	PE 35:1	C40H78NO8P	[M-H]-	/resources/tools/chemdb_ontology?abbrev=PE 35:1
730.53868	730.5475	.0088	HexCer 34:1;O4	C40H77NO10	[M-H]-	/resources/tools/chemdb_ontology?abbrev=HexCer 34:1;O4
730.53868	730.5475	.0088	HexCer 33:1;O2	C39H75NO8	[M+Formate]-	/resources/tools/chemdb_ontology?abbrev=HexCer 33:1;O2
730.53868	730.5475	.0088	HexCer 32:1;O2	C38H73NO8	[M+OAc]-	/resources/tools/chemdb_ontology?abbrev=HexCer 32:1;O2
730.53868	730.5392	.0006	PC 33:1	C41H80NO8P	[M-CH3]-	/resources/tools/chemdb_ontology?abbrev=PC 33:1
651.46571	651.4607	.0051	PG O-28:0	C34H69O9P	[M-H]-	/resources/tools/chemdb_ontology?abbrev=PG O-28:0
651.46571	651.4607	.0051	PA O-30:0	C33H67O7P	[M+Formate]-	/resources/tools/chemdb_ontology?abbrev=PA O-30:0
651.46571	651.4607	.0051	PA O-29:0	C32H65O7P	[M+OAc]-	/resources/tools/chemdb_ontology?abbrev=PA O-29:0
652.46901	652.4679	.0011	PG O-28:0	C34H69O9P	Neutral	/resources/tools/chemdb_ontology?abbrev=PG O-28:0
798.52572	798.5291	.0033	PS 37:3	C43H78NO10P	[M-H]-	/resources/tools/chemdb_ontology?abbrev=PS 37:3
798.52572	798.5210	.0047	PC O-36:6	C44H78NO7P	[M+Cl]-	/resources/tools/chemdb_ontology?abbrev=PC O-36:6
798.52572	798.5291	.0033	PC 34:4	C42H76NO8P	[M+Formate]-	/resources/tools/chemdb_ontology?abbrev=PC 34:4
798.52572	798.5291	.0033	PE 37:4	C42H76NO8P	[M+Formate]-	/resources/tools/chemdb_ontology?abbrev=PE 37:4
798.52572	798.5291	.0033	PC 33:4	C41H74NO8P	[M+OAc]-	/resources/tools/chemdb_ontology?abbrev=PC 33:4
798.52572	798.5291	.0033	PE 36:4	C41H74NO8P	[M+OAc]-	/resources/tools/chemdb_ontology?abbrev=PE 36:4
798.52572	798.5291	.0033	PE O-36:5;O	C41H74NO8P	[M+OAc]-	/resources/tools/chemdb_ontology?abbrev=PE O-36:5;O
798.52572	798.5282	.0025	MGDG 38:8	C47H74O10	Neutral	/resources/tools/chemdb_ontology?abbrev=MGDG 38:8
667.52991	667.5307	.0008	DG 40:6	C43H72O5	[M-H]-	/resources/tools/chemdb_ontology?abbrev=DG 40:6
239.05949	239.0692	.0097	FA 9:1;O3	C9H16O5	[M+Cl]-	/resources/tools/chemdb_ontology?abbrev=FA 9:1;O3
239.05949	239.0561	.0034	FA 10:5;O2	C10H10O4	[M+Formate]-	/resources/tools/chemdb_ontology?abbrev=FA 10:5;O2
884.59882	884.5942	.0047	PC 41:5	C49H88NO8P	[M+Cl]-	/resources/tools/chemdb_ontology?abbrev=PC 41:5
884.59882	884.5942	.0047	PE 44:5	C49H88NO8P	[M+Cl]-	/resources/tools/chemdb_ontology?abbrev=PE 44:5
884.59882	884.6022	.0034	PC 38:4;O	C46H84NO9P	[M+OAc]-	/resources/tools/chemdb_ontology?abbrev=PC 38:4;O
884.59882	884.6022	.0034	PS O-40:4	C46H84NO9P	[M+OAc]-	/resources/tools/chemdb_ontology?abbrev=PS O-40:4
817.61511	817.6119	.0033	TG 47:5	C50H86O6	[M+Cl]-	/resources/tools/chemdb_ontology?abbrev=TG 47:5
817.61511	817.6076	.0075	CerPE 40:2;O3	C42H83N2O7P	[M+OAc]-	/resources/tools/chemdb_ontology?abbrev=CerPE 40:2;O3
817.61511	817.6197	.0046	PS O-39:1	C45H88NO9P	Neutral	/resources/tools/chemdb_ontology?abbrev=PS O-39:1
596.52559	596.5260	.0004	Cer 36:1;O4	C36H71NO5	[M-H]-	/resources/tools/chemdb_ontology?abbrev=Cer 36:1;O4
596.52559	596.5260	.0004	Cer 35:1;O2	C35H69NO3	[M+Formate]-	/resources/tools/chemdb_ontology?abbrev=Cer 35:1;O2
596.52559	596.5260	.0004	Cer 34:1;O2	C34H67NO3	[M+OAc]-	/resources/tools/chemdb_ontology?abbrev=Cer 34:1;O2
715.56624	715.5647	.0015	PA O-38:1	C41H81O7P	[M-H]-	/resources/tools/chemdb_ontology?abbrev=PA O-38:1
715.56624	715.5760	.0097	CerPE 38:1;O2	C40H81N2O6P	[M-H]-	/resources/tools/chemdb_ontology?abbrev=CerPE 38:1;O2
715.56624	715.5649	.0013	TG 39:0	C42H80O6	[M+Cl]-	/resources/tools/chemdb_ontology?abbrev=TG 39:0
715.56624	715.5671	.0009	CE 20:5	C47H74O2	[M+Formate]-	/resources/tools/chemdb_ontology?abbrev=CE 20:5
715.56624	715.5760	.0097	SM 36:1;O2	C41H83N2O6P	[M-CH3]-	/resources/tools/chemdb_ontology?abbrev=SM 36:1;O2
715.56624	715.5598	.0064	HexCer 34:1;O3	C40H77NO9	Neutral	/resources/tools/chemdb_ontology?abbrev=HexCer 34:1;O3
503.41035	503.4106	.0002	FAHFA 32:3;O	C32H56O4	[M-H]-	/resources/tools/chemdb_ontology?abbrev=FAHFA 32:3;O
503.41035	503.4106	.0002	FA 30:4	C30H52O2	[M+OAc]-	/resources/tools/chemdb_ontology?abbrev=FA 30:4
503.41035	503.4106	.0002	ST 30:1;O2	C30H52O2	[M+OAc]-	/resources/tools/chemdb_ontology?abbrev=ST 30:1;O2
503.41035	503.4008	.0095	NAT 26:0	C28H57NO4S	Neutral	/resources/tools/chemdb_ontology?abbrev=NAT 26:0
598.51479	598.5052	.0096	Cer 34:1;O3	C34H67NO4	[M+Formate]-	/resources/tools/chemdb_ontology?abbrev=Cer 34:1;O3
598.51479	598.5052	.0096	CAR 26:0	C33H65NO4	[M+OAc]-	/resources/tools/chemdb_ontology?abbrev=CAR 26:0
781.54697	781.5389	.0081	PG O-38:5	C44H79O9P	[M-H]-	/resources/tools/chemdb_ontology?abbrev=PG O-38:5
781.54697	781.5520	.0050	PA 39:0	C42H83O8P	[M+Cl]-	/resources/tools/chemdb_ontology?abbrev=PA 39:0
781.54697	781.5389	.0081	PA O-40:5	C43H77O7P	[M+Formate]-	/resources/tools/chemdb_ontology?abbrev=PA O-40:5
781.54697	781.5469	.0001	IPC 34:0;O2	C40H80NO11P	Neutral	/resources/tools/chemdb_ontology?abbrev=IPC 34:0;O2
597.52911	597.5383	.0092	WE 38:1	C38H74O2	[M+Cl]-	/resources/tools/chemdb_ontology?abbrev=WE 38:1
597.52911	597.5332	.0041	Cer 36:1;O4	C36H71NO5	Neutral	/resources/tools/chemdb_ontology?abbrev=Cer 36:1;O4
713.55989	713.5603	.0004	CerPE 38:2;O2	C40H79N2O6P	[M-H]-	/resources/tools/chemdb_ontology?abbrev=CerPE 38:2;O2
713.55989	713.5603	.0004	SM 36:2;O2	C41H81N2O6P	[M-CH3]-	/resources/tools/chemdb_ontology?abbrev=SM 36:2;O2
714.56317	714.5676	.0044	CerPE 38:2;O2	C40H79N2O6P	Neutral	/resources/tools/chemdb_ontology?abbrev=CerPE 38:2;O2
714.56317	714.5563	.0068	PA O-38:2	C41H79O7P	Neutral	/resources/tools/chemdb_ontology?abbrev=PA O-38:2
504.41371	504.4179	.0042	FAHFA 32:3;O	C32H56O4	Neutral	/resources/tools/chemdb_ontology?abbrev=FAHFA 32:3;O
729.61928	729.6169	.0023	DG 41:0	C44H86O5	[M+Cl]-	/resources/tools/chemdb_ontology?abbrev=DG 41:0
729.61928	729.6119	.0074	HexCer 36:0;O2	C42H83NO8	Neutral	/resources/tools/chemdb_ontology?abbrev=HexCer 36:0;O2
888.53391	888.5316	.0023	PC 42:10	C50H80NO8P	[M+Cl]-	/resources/tools/chemdb_ontology?abbrev=PC 42:10
774.56463	774.5655	.0008	PS O-36:1	C42H82NO9P	[M-H]-	/resources/tools/chemdb_ontology?abbrev=PS O-36:1
774.56463	774.5656	.0010	HexCer 37:2;O2	C43H81NO8	[M+Cl]-	/resources/tools/chemdb_ontology?abbrev=HexCer 37:2;O2
774.56463	774.5655	.0008	PC O-33:2	C41H80NO7P	[M+Formate]-	/resources/tools/chemdb_ontology?abbrev=PC O-33:2
774.56463	774.5655	.0008	PE O-36:2	C41H80NO7P	[M+Formate]-	/resources/tools/chemdb_ontology?abbrev=PE O-36:2
774.56463	774.5655	.0008	PC O-32:2	C40H78NO7P	[M+OAc]-	/resources/tools/chemdb_ontology?abbrev=PC O-32:2
774.56463	774.5655	.0008	PE O-35:2	C40H78NO7P	[M+OAc]-	/resources/tools/chemdb_ontology?abbrev=PE O-35:2
774.56463	774.5737	.0091	HexCer 34:1;O3	C40H77NO9	[M+OAc]-	/resources/tools/chemdb_ontology?abbrev=HexCer 34:1;O3
821.54997	821.5549	.0050	PI O-34:1	C43H83O12P	[M-H]-	/resources/tools/chemdb_ontology?abbrev=PI O-34:1
821.54997	821.5469	.0031	PG O-38:3	C44H83O9P	[M+Cl]-	/resources/tools/chemdb_ontology?abbrev=PG O-38:3
821.54997	821.5549	.0050	PG 36:1	C42H81O10P	[M+Formate]-	/resources/tools/chemdb_ontology?abbrev=PG 36:1
821.54997	821.5421	.0079	MGDG 36:5	C45H76O10	[M+Formate]-	/resources/tools/chemdb_ontology?abbrev=MGDG 36:5
821.54997	821.5549	.0050	PG 35:1	C41H79O10P	[M+OAc]-	/resources/tools/chemdb_ontology?abbrev=PG 35:1
821.54997	821.5571	.0071	PS O-40:6	C46H80NO9P	Neutral	/resources/tools/chemdb_ontology?abbrev=PS O-40:6
858.5834	858.5785	.0049	PC 39:4	C47H86NO8P	[M+Cl]-	/resources/tools/chemdb_ontology?abbrev=PC 39:4
858.5834	858.5785	.0049	PE 42:4	C47H86NO8P	[M+Cl]-	/resources/tools/chemdb_ontology?abbrev=PE 42:4
858.5834	858.5866	.0032	PS O-38:3	C44H82NO9P	[M+OAc]-	/resources/tools/chemdb_ontology?abbrev=PS O-38:3
753.56295	753.5683	.0053	SM 35:0;O2	C40H83N2O6P	[M+Cl]-	/resources/tools/chemdb_ontology?abbrev=SM 35:0;O2
753.56295	753.5571	.0059	PA O-38:0	C41H83O7P	[M+Cl]-	/resources/tools/chemdb_ontology?abbrev=PA O-38:0
753.56295	753.5675	.0045	DG 42:7	C45H74O5	[M+OAc]-	/resources/tools/chemdb_ontology?abbrev=DG 42:7
753.56295	753.5672	.0043	PC O-35:4	C43H80NO7P	Neutral	/resources/tools/chemdb_ontology?abbrev=PC O-35:4
753.56295	753.5672	.0043	PE O-38:4	C43H80NO7P	Neutral	/resources/tools/chemdb_ontology?abbrev=PE O-38:4
754.56586	754.5756	.0098	PE O-38:3	C43H82NO7P	[M-H]-	/resources/tools/chemdb_ontology?abbrev=PE O-38:3
754.56586	754.5756	.0098	PC O-36:3	C44H84NO7P	[M-CH3]-	/resources/tools/chemdb_ontology?abbrev=PC O-36:3
754.56586	754.5595	.0064	MGDG 34:2	C43H78O10	Neutral	/resources/tools/chemdb_ontology?abbrev=MGDG 34:2
608.52586	608.5260	.0001	Cer 36:2;O2	C36H69NO3	[M+Formate]-	/resources/tools/chemdb_ontology?abbrev=Cer 36:2;O2
608.52586	608.5260	.0001	Cer 35:2;O2	C35H67NO3	[M+OAc]-	/resources/tools/chemdb_ontology?abbrev=Cer 35:2;O2
820.54676	820.5498	.0030	PS O-40:6	C46H80NO9P	[M-H]-	/resources/tools/chemdb_ontology?abbrev=PS O-40:6
820.54676	820.5498	.0030	PE O-40:7	C45H78NO7P	[M+Formate]-	/resources/tools/chemdb_ontology?abbrev=PE O-40:7
820.54676	820.5466	.0002	PI O-34:2	C43H81O12P	Neutral	/resources/tools/chemdb_ontology?abbrev=PI O-34:2
752.5596	752.5600	.0004	PE O-38:4	C43H80NO7P	[M-H]-	/resources/tools/chemdb_ontology?abbrev=PE O-38:4
752.5596	752.5682	.0086	HexCer 37:3;O3	C43H79NO9	[M-H]-	/resources/tools/chemdb_ontology?abbrev=HexCer 37:3;O3
752.5596	752.5600	.0004	PC O-36:4	C44H82NO7P	[M-CH3]-	/resources/tools/chemdb_ontology?abbrev=PC O-36:4
800.61551	800.6175	.0020	PE 40:1	C45H88NO8P	[M-H]-	/resources/tools/chemdb_ontology?abbrev=PE 40:1
800.61551	800.6175	.0020	CerP 44:2;O2	C44H86NO6P	[M+Formate]-	/resources/tools/chemdb_ontology?abbrev=CerP 44:2;O2
800.61551	800.6175	.0020	PC 38:1	C46H90NO8P	[M-CH3]-	/resources/tools/chemdb_ontology?abbrev=PC 38:1
790.5964	790.5968	.0004	PS O-37:0	C43H86NO9P	[M-H]-	/resources/tools/chemdb_ontology?abbrev=PS O-37:0
790.5964	790.5969	.0005	HexCer 38:1;O2	C44H85NO8	[M+Cl]-	/resources/tools/chemdb_ontology?abbrev=HexCer 38:1;O2
790.5964	790.5887	.0077	CerP 44:2;O2	C44H86NO6P	[M+Cl]-	/resources/tools/chemdb_ontology?abbrev=CerP 44:2;O2
790.5964	790.5968	.0004	PC O-34:1	C42H84NO7P	[M+Formate]-	/resources/tools/chemdb_ontology?abbrev=PC O-34:1
790.5964	790.5968	.0004	PE O-37:1	C42H84NO7P	[M+Formate]-	/resources/tools/chemdb_ontology?abbrev=PE O-37:1
790.5964	790.5968	.0004	PC O-33:1	C41H82NO7P	[M+OAc]-	/resources/tools/chemdb_ontology?abbrev=PC O-33:1
790.5964	790.5968	.0004	PE O-36:1	C41H82NO7P	[M+OAc]-	/resources/tools/chemdb_ontology?abbrev=PE O-36:1
802.61641	802.6088	.0076	PG O-39:2	C45H87O9P	Neutral	/resources/tools/chemdb_ontology?abbrev=PG O-39:2
596.54468	596.5380	.0067	DG 34:0	C37H72O5	Neutral	/resources/tools/chemdb_ontology?abbrev=DG 34:0
596.54468	596.5532	.0086	CE 14:0	C41H72O2	Neutral	/resources/tools/chemdb_ontology?abbrev=CE 14:0
866.59619	866.5917	.0045	PS 42:4	C48H86NO10P	[M-H]-	/resources/tools/chemdb_ontology?abbrev=PS 42:4
866.59619	866.6047	.0085	PS O-40:1	C46H90NO9P	[M+Cl]-	/resources/tools/chemdb_ontology?abbrev=PS O-40:1
866.59619	866.5917	.0045	PC 39:5	C47H84NO8P	[M+Formate]-	/resources/tools/chemdb_ontology?abbrev=PC 39:5
866.59619	866.5917	.0045	PE 42:5	C47H84NO8P	[M+Formate]-	/resources/tools/chemdb_ontology?abbrev=PE 42:5
866.59619	866.5917	.0045	PC 38:5	C46H82NO8P	[M+OAc]-	/resources/tools/chemdb_ontology?abbrev=PC 38:5
866.59619	866.5917	.0045	PE 41:5	C46H82NO8P	[M+OAc]-	/resources/tools/chemdb_ontology?abbrev=PE 41:5
866.59619	866.5884	.0078	PI 36:0	C45H87O13P	Neutral	/resources/tools/chemdb_ontology?abbrev=PI 36:0
595.54142	595.5460	.0045	CE 14:0	C41H72O2	[M-H]-	/resources/tools/chemdb_ontology?abbrev=CE 14:0
798.41337	798.4167	.0033	PI 28:2;O3	C37H67O16P	Neutral	/resources/tools/chemdb_ontology?abbrev=PI 28:2;O3
797.5499	797.5469	.0030	PG O-36:1	C42H83O9P	[M+Cl]-	/resources/tools/chemdb_ontology?abbrev=PG O-36:1
797.5499	797.5571	.0072	PC 36:4;O	C44H80NO9P	Neutral	/resources/tools/chemdb_ontology?abbrev=PC 36:4;O
797.5499	797.5571	.0072	PS O-38:4	C44H80NO9P	Neutral	/resources/tools/chemdb_ontology?abbrev=PS O-38:4
797.5499	797.5418	.0081	IPC 34:0;O3	C40H80NO12P	Neutral	/resources/tools/chemdb_ontology?abbrev=IPC 34:0;O3
598.49721	598.4972	.0001	Cer 36:2;O2	C36H69NO3	[M+Cl]-	/resources/tools/chemdb_ontology?abbrev=Cer 36:2;O2
598.49721	598.5052	.0080	Cer 34:1;O3	C34H67NO4	[M+Formate]-	/resources/tools/chemdb_ontology?abbrev=Cer 34:1;O3
598.49721	598.5052	.0080	CAR 26:0	C33H65NO4	[M+OAc]-	/resources/tools/chemdb_ontology?abbrev=CAR 26:0
864.53375	864.5316	.0022	PC 40:8	C48H80NO8P	[M+Cl]-	/resources/tools/chemdb_ontology?abbrev=PC 40:8
864.53375	864.5396	.0059	PS O-40:7	C46H78NO9P	[M+Formate]-	/resources/tools/chemdb_ontology?abbrev=PS O-40:7
796.54688	796.5498	.0029	PS O-38:4	C44H80NO9P	[M-H]-	/resources/tools/chemdb_ontology?abbrev=PS O-38:4
796.54688	796.5498	.0029	PE O-38:5	C43H78NO7P	[M+Formate]-	/resources/tools/chemdb_ontology?abbrev=PE O-38:5
796.54688	796.5498	.0029	PC O-34:5	C42H76NO7P	[M+OAc]-	/resources/tools/chemdb_ontology?abbrev=PC O-34:5
796.54688	796.5466	.0003	PI O-32:0	C41H81O12P	Neutral	/resources/tools/chemdb_ontology?abbrev=PI O-32:0
730.5657	730.5756	.0099	PE O-36:1	C41H82NO7P	[M-H]-	/resources/tools/chemdb_ontology?abbrev=PE O-36:1
730.5657	730.5756	.0099	PC O-34:1	C42H84NO7P	[M-CH3]-	/resources/tools/chemdb_ontology?abbrev=PC O-34:1
730.5657	730.5625	.0032	CerPE 38:2;O3	C40H79N2O7P	Neutral	/resources/tools/chemdb_ontology?abbrev=CerPE 38:2;O3
728.55957	728.5600	.0004	PE O-36:2	C41H80NO7P	[M-H]-	/resources/tools/chemdb_ontology?abbrev=PE O-36:2
728.55957	728.5600	.0004	PC O-34:2	C42H82NO7P	[M-CH3]-	/resources/tools/chemdb_ontology?abbrev=PC O-34:2
729.56287	729.5552	.0077	CerPE 38:2;O3	C40H79N2O7P	[M-H]-	/resources/tools/chemdb_ontology?abbrev=CerPE 38:2;O3
729.56287	729.5675	.0046	DG 41:5	C44H76O5	[M+Formate]-	/resources/tools/chemdb_ontology?abbrev=DG 41:5
729.56287	729.5675	.0046	DG 40:5	C43H74O5	[M+OAc]-	/resources/tools/chemdb_ontology?abbrev=DG 40:5
729.56287	729.5672	.0044	PC O-33:2	C41H80NO7P	Neutral	/resources/tools/chemdb_ontology?abbrev=PC O-33:2
729.56287	729.5672	.0044	PE O-36:2	C41H80NO7P	Neutral	/resources/tools/chemdb_ontology?abbrev=PE O-36:2
865.53718	865.5448	.0076	PI O-34:2	C43H81O12P	[M+Formate]-	/resources/tools/chemdb_ontology?abbrev=PI O-34:2
865.53718	865.5448	.0076	PI O-33:2	C42H79O12P	[M+OAc]-	/resources/tools/chemdb_ontology?abbrev=PI O-33:2
731.56885	731.5709	.0020	CerPE 38:1;O3	C40H81N2O7P	[M-H]-	/resources/tools/chemdb_ontology?abbrev=CerPE 38:1;O3
731.56885	731.5596	.0092	PA 38:0	C41H81O8P	[M-H]-	/resources/tools/chemdb_ontology?abbrev=PA 38:0
667.46127	667.4587	.0025	CerPE 32:1;O2	C34H69N2O6P	[M+Cl]-	/resources/tools/chemdb_ontology?abbrev=CerPE 32:1;O2
667.46127	667.4579	.0033	DG 36:8	C39H60O5	[M+OAc]-	/resources/tools/chemdb_ontology?abbrev=DG 36:8
788.58037	788.5811	.0007	PS O-37:1	C43H84NO9P	[M-H]-	/resources/tools/chemdb_ontology?abbrev=PS O-37:1
788.58037	788.5813	.0009	HexCer 38:2;O2	C44H83NO8	[M+Cl]-	/resources/tools/chemdb_ontology?abbrev=HexCer 38:2;O2
788.58037	788.5811	.0007	PC O-34:2	C42H82NO7P	[M+Formate]-	/resources/tools/chemdb_ontology?abbrev=PC O-34:2
788.58037	788.5811	.0007	PE O-37:2	C42H82NO7P	[M+Formate]-	/resources/tools/chemdb_ontology?abbrev=PE O-37:2
788.58037	788.5893	.0090	HexCer 36:1;O3	C42H81NO9	[M+Formate]-	/resources/tools/chemdb_ontology?abbrev=HexCer 36:1;O3
788.58037	788.5811	.0007	PC O-33:2	C41H80NO7P	[M+OAc]-	/resources/tools/chemdb_ontology?abbrev=PC O-33:2
788.58037	788.5811	.0007	PE O-36:2	C41H80NO7P	[M+OAc]-	/resources/tools/chemdb_ontology?abbrev=PE O-36:2
839.52158	839.5196	.0020	SQDG 32:0	C41H78O12S	[M+Formate]-	/resources/tools/chemdb_ontology?abbrev=SQDG 32:0
839.52158	839.5291	.0075	PI O-32:1	C41H79O12P	[M+Formate]-	/resources/tools/chemdb_ontology?abbrev=PI O-32:1
839.52158	839.5291	.0075	PI O-31:1	C40H77O12P	[M+OAc]-	/resources/tools/chemdb_ontology?abbrev=PI O-31:1
799.6128	799.6222	.0094	PA 43:1	C46H89O8P	[M-H]-	/resources/tools/chemdb_ontology?abbrev=PA 43:1
799.6128	799.6094	.0034	TG 45:5	C48H82O6	[M+Formate]-	/resources/tools/chemdb_ontology?abbrev=TG 45:5
799.6128	799.6094	.0034	TG 44:5	C47H80O6	[M+OAc]-	/resources/tools/chemdb_ontology?abbrev=TG 44:5
799.6128	799.6091	.0037	PC 37:2	C45H86NO8P	Neutral	/resources/tools/chemdb_ontology?abbrev=PC 37:2
799.6128	799.6091	.0037	PE 40:2	C45H86NO8P	Neutral	/resources/tools/chemdb_ontology?abbrev=PE 40:2
798.60955	798.6018	.0077	PE 40:2	C45H86NO8P	[M-H]-	/resources/tools/chemdb_ontology?abbrev=PE 40:2
798.60955	798.6101	.0005	HexCer 38:2;O2	C44H83NO8	[M+Formate]-	/resources/tools/chemdb_ontology?abbrev=HexCer 38:2;O2
798.60955	798.6101	.0005	HexCer 37:2;O2	C43H81NO8	[M+OAc]-	/resources/tools/chemdb_ontology?abbrev=HexCer 37:2;O2
798.60955	798.6018	.0077	PC 38:2	C46H88NO8P	[M-CH3]-	/resources/tools/chemdb_ontology?abbrev=PC 38:2
798.60955	798.6139	.0043	PA 43:2	C46H87O8P	Neutral	/resources/tools/chemdb_ontology?abbrev=PA 43:2
874.48721	874.4876	.0004	PS 40:9	C46H72NO10P	[M+Formate]-	/resources/tools/chemdb_ontology?abbrev=PS 40:9
815.59919	815.5962	.0030	TG 47:6	C50H84O6	[M+Cl]-	/resources/tools/chemdb_ontology?abbrev=TG 47:6
815.59919	815.5920	.0072	CerPE 40:3;O3	C42H81N2O7P	[M+OAc]-	/resources/tools/chemdb_ontology?abbrev=CerPE 40:3;O3
815.59919	815.6040	.0048	PS O-39:2	C45H86NO9P	Neutral	/resources/tools/chemdb_ontology?abbrev=PS O-39:2
787.52051	787.5131	.0074	PG O-34:4	C40H73O9P	[M+OAc]-	/resources/tools/chemdb_ontology?abbrev=PG O-34:4
787.52051	787.5152	.0053	PE 40:8	C45H74NO8P	Neutral	/resources/tools/chemdb_ontology?abbrev=PE 40:8
626.53588	626.5285	.0074	Cer 38:2;O2	C38H73NO3	[M+Cl]-	/resources/tools/chemdb_ontology?abbrev=Cer 38:2;O2
626.53588	626.5365	.0006	Cer 36:1;O3	C36H71NO4	[M+Formate]-	/resources/tools/chemdb_ontology?abbrev=Cer 36:1;O3
703.54736	703.5396	.0078	CerPE 36:1;O3	C38H77N2O7P	[M-H]-	/resources/tools/chemdb_ontology?abbrev=CerPE 36:1;O3
703.54736	703.5518	.0045	DG 39:4	C42H74O5	[M+Formate]-	/resources/tools/chemdb_ontology?abbrev=DG 39:4
703.54736	703.5518	.0045	DG 38:4	C41H72O5	[M+OAc]-	/resources/tools/chemdb_ontology?abbrev=DG 38:4
703.54736	703.5516	.0042	PC O-31:1	C39H78NO7P	Neutral	/resources/tools/chemdb_ontology?abbrev=PC O-31:1
703.54736	703.5516	.0042	PE O-34:1	C39H78NO7P	Neutral	/resources/tools/chemdb_ontology?abbrev=PE O-34:1
838.51848	838.5159	.0026	PC 38:7	C46H78NO8P	[M+Cl]-	/resources/tools/chemdb_ontology?abbrev=PC 38:7
838.51848	838.5159	.0026	PE 41:7	C46H78NO8P	[M+Cl]-	/resources/tools/chemdb_ontology?abbrev=PE 41:7
838.51848	838.5240	.0055	PS O-38:6	C44H76NO9P	[M+Formate]-	/resources/tools/chemdb_ontology?abbrev=PS O-38:6
838.51848	838.5240	.0055	PE 38:6;O	C43H74NO9P	[M+OAc]-	/resources/tools/chemdb_ontology?abbrev=PE 38:6;O
726.54345	726.5443	.0009	PE O-36:3	C41H78NO7P	[M-H]-	/resources/tools/chemdb_ontology?abbrev=PE O-36:3
726.54345	726.5526	.0091	HexCer 35:2;O3	C41H77NO9	[M-H]-	/resources/tools/chemdb_ontology?abbrev=HexCer 35:2;O3
726.54345	726.5443	.0009	PC O-34:3	C42H80NO7P	[M-CH3]-	/resources/tools/chemdb_ontology?abbrev=PC O-34:3
770.53125	770.5342	.0029	PS O-36:3	C42H78NO9P	[M-H]-	/resources/tools/chemdb_ontology?abbrev=PS O-36:3
770.53125	770.5342	.0029	PE O-36:4	C41H76NO7P	[M+Formate]-	/resources/tools/chemdb_ontology?abbrev=PE O-36:4
702.54397	702.5443	.0004	PE O-34:1	C39H78NO7P	[M-H]-	/resources/tools/chemdb_ontology?abbrev=PE O-34:1
702.54397	702.5443	.0004	PC O-32:1	C40H80NO7P	[M-CH3]-	/resources/tools/chemdb_ontology?abbrev=PC O-32:1
704.55025	704.5600	.0097	PE O-34:0	C39H80NO7P	[M-H]-	/resources/tools/chemdb_ontology?abbrev=PE O-34:0
704.55025	704.5600	.0097	PC O-32:0	C40H82NO7P	[M-CH3]-	/resources/tools/chemdb_ontology?abbrev=PC O-32:0
704.55025	704.5468	.0034	CerPE 36:1;O3	C38H77N2O7P	Neutral	/resources/tools/chemdb_ontology?abbrev=CerPE 36:1;O3
771.53446	771.5312	.0032	PG O-34:0	C40H81O9P	[M+Cl]-	/resources/tools/chemdb_ontology?abbrev=PG O-34:0
771.53446	771.5414	.0070	PS O-36:3	C42H78NO9P	Neutral	/resources/tools/chemdb_ontology?abbrev=PS O-36:3
639.53953	639.5358	.0037	CE 14:1	C41H70O2	[M+Formate]-	/resources/tools/chemdb_ontology?abbrev=CE 14:1
743.57013	743.5709	.0007	CerPE 39:2;O3	C41H81N2O7P	[M-H]-	/resources/tools/chemdb_ontology?abbrev=CerPE 39:2;O3
1144.11354	1144.1203	.0068	FA 74:1;O2	C74H146O4	[M+Formate]-	/resources/tools/chemdb_ontology?abbrev=FA 74:1;O2
1144.11354	1144.1203	.0068	FA 73:1;O2	C73H144O4	[M+OAc]-	/resources/tools/chemdb_ontology?abbrev=FA 73:1;O2
1169.19531	1169.2004	.0051	FA 79:1;O2	C79H156O4	Neutral	/resources/tools/chemdb_ontology?abbrev=FA 79:1;O2
638.53679	638.5365	.0003	Cer 37:2;O3	C37H71NO4	[M+Formate]-	/resources/tools/chemdb_ontology?abbrev=Cer 37:2;O3
638.53679	638.5365	.0003	Cer 36:2;O3	C36H69NO4	[M+OAc]-	/resources/tools/chemdb_ontology?abbrev=Cer 36:2;O3
701.56029	701.5603	.0000	CerPE 37:1;O2	C39H79N2O6P	[M-H]-	/resources/tools/chemdb_ontology?abbrev=CerPE 37:1;O2
701.56029	701.5603	.0000	SM 35:1;O2	C40H81N2O6P	[M-CH3]-	/resources/tools/chemdb_ontology?abbrev=SM 35:1;O2
806.59105	806.5918	.0008	HexCer 38:1;O3	C44H85NO9	[M+Cl]-	/resources/tools/chemdb_ontology?abbrev=HexCer 38:1;O3
806.59105	806.5836	.0075	PC O-36:2	C44H86NO7P	[M+Cl]-	/resources/tools/chemdb_ontology?abbrev=PC O-36:2
806.59105	806.5836	.0075	PE O-39:2	C44H86NO7P	[M+Cl]-	/resources/tools/chemdb_ontology?abbrev=PE O-39:2
806.59105	806.5917	.0006	PC 34:0	C42H84NO8P	[M+Formate]-	/resources/tools/chemdb_ontology?abbrev=PC 34:0
806.59105	806.5917	.0006	PE 37:0	C42H84NO8P	[M+Formate]-	/resources/tools/chemdb_ontology?abbrev=PE 37:0
806.59105	806.5917	.0006	PC 33:0	C41H82NO8P	[M+OAc]-	/resources/tools/chemdb_ontology?abbrev=PC 33:0
806.59105	806.5917	.0006	PE 36:0	C41H82NO8P	[M+OAc]-	/resources/tools/chemdb_ontology?abbrev=PE 36:0
806.59105	806.5826	.0085	PA 44:5	C47H83O8P	Neutral	/resources/tools/chemdb_ontology?abbrev=PA 44:5
1168.19446	1168.1931	.0014	FA 79:1;O2	C79H156O4	[M-H]-	/resources/tools/chemdb_ontology?abbrev=FA 79:1;O2
744.57232	744.5631	.0092	HexCer 34:1;O2	C40H77NO8	[M+Formate]-	/resources/tools/chemdb_ontology?abbrev=HexCer 34:1;O2
744.57232	744.5631	.0092	HexCer 33:1;O2	C39H75NO8	[M+OAc]-	/resources/tools/chemdb_ontology?abbrev=HexCer 33:1;O2
744.57232	744.5669	.0054	PA 39:1	C42H81O8P	Neutral	/resources/tools/chemdb_ontology?abbrev=PA 39:1
744.57232	744.5781	.0058	CerPE 39:2;O3	C41H81N2O7P	Neutral	/resources/tools/chemdb_ontology?abbrev=CerPE 39:2;O3
807.5942	807.5909	.0033	PA 44:4	C47H85O8P	[M-H]-	/resources/tools/chemdb_ontology?abbrev=PA 44:4
807.5942	807.6040	.0098	PA O-42:1	C45H89O7P	[M+Cl]-	/resources/tools/chemdb_ontology?abbrev=PA O-42:1
834.61305	834.6149	.0018	PC O-38:2	C46H90NO7P	[M+Cl]-	/resources/tools/chemdb_ontology?abbrev=PC O-38:2
834.61305	834.6230	.0099	PC 36:0	C44H88NO8P	[M+Formate]-	/resources/tools/chemdb_ontology?abbrev=PC 36:0
834.61305	834.6230	.0099	PE 39:0	C44H88NO8P	[M+Formate]-	/resources/tools/chemdb_ontology?abbrev=PE 39:0
834.61305	834.6230	.0099	PC 35:0	C43H86NO8P	[M+OAc]-	/resources/tools/chemdb_ontology?abbrev=PC 35:0
834.61305	834.6230	.0099	PE 38:0	C43H86NO8P	[M+OAc]-	/resources/tools/chemdb_ontology?abbrev=PE 38:0
901.59727	901.5942	.0030	PI O-37:0	C46H91O12P	[M+Cl]-	/resources/tools/chemdb_ontology?abbrev=PI O-37:0
891.59526	891.5968	.0016	PI 38:1	C47H89O13P	[M-H]-	/resources/tools/chemdb_ontology?abbrev=PI 38:1
891.59526	891.5887	.0065	PG 42:3	C48H89O10P	[M+Cl]-	/resources/tools/chemdb_ontology?abbrev=PG 42:3
891.59526	891.5989	.0037	PS 44:6	C50H86NO10P	Neutral	/resources/tools/chemdb_ontology?abbrev=PS 44:6
816.61179	816.6124	.0006	PS O-39:1	C45H88NO9P	[M-H]-	/resources/tools/chemdb_ontology?abbrev=PS O-39:1
816.61179	816.6126	.0008	HexCer 40:2;O2	C46H87NO8	[M+Cl]-	/resources/tools/chemdb_ontology?abbrev=HexCer 40:2;O2
816.61179	816.6124	.0006	PC O-36:2	C44H86NO7P	[M+Formate]-	/resources/tools/chemdb_ontology?abbrev=PC O-36:2
816.61179	816.6124	.0006	PE O-39:2	C44H86NO7P	[M+Formate]-	/resources/tools/chemdb_ontology?abbrev=PE O-39:2
816.61179	816.6206	.0089	HexCer 38:1;O3	C44H85NO9	[M+Formate]-	/resources/tools/chemdb_ontology?abbrev=HexCer 38:1;O3
816.61179	816.6124	.0006	PC O-35:2	C43H84NO7P	[M+OAc]-	/resources/tools/chemdb_ontology?abbrev=PC O-35:2
816.61179	816.6124	.0006	PE O-38:2	C43H84NO7P	[M+OAc]-	/resources/tools/chemdb_ontology?abbrev=PE O-38:2
816.61179	816.6206	.0089	HexCer 37:1;O3	C43H83NO9	[M+OAc]-	/resources/tools/chemdb_ontology?abbrev=HexCer 37:1;O3
829.64293	829.6352	.0078	TG 51:9	C54H86O6	[M-H]-	/resources/tools/chemdb_ontology?abbrev=TG 51:9
829.64293	829.6440	.0011	SM 40:2;O2	C45H89N2O6P	[M+Formate]-	/resources/tools/chemdb_ontology?abbrev=SM 40:2;O2
829.64293	829.6440	.0011	SM 39:2;O2	C44H87N2O6P	[M+OAc]-	/resources/tools/chemdb_ontology?abbrev=SM 39:2;O2
817.61504	817.6119	.0032	TG 47:5	C50H86O6	[M+Cl]-	/resources/tools/chemdb_ontology?abbrev=TG 47:5
817.61504	817.6076	.0074	CerPE 40:2;O3	C42H83N2O7P	[M+OAc]-	/resources/tools/chemdb_ontology?abbrev=CerPE 40:2;O3
817.61504	817.6197	.0046	PS O-39:1	C45H88NO9P	Neutral	/resources/tools/chemdb_ontology?abbrev=PS O-39:1
582.52898	582.5223	.0067	DG 33:0	C36H70O5	Neutral	/resources/tools/chemdb_ontology?abbrev=DG 33:0
713.55997	713.5603	.0003	CerPE 38:2;O2	C40H79N2O6P	[M-H]-	/resources/tools/chemdb_ontology?abbrev=CerPE 38:2;O2
713.55997	713.5603	.0003	SM 36:2;O2	C41H81N2O6P	[M-CH3]-	/resources/tools/chemdb_ontology?abbrev=SM 36:2;O2
693.34298	693.3489	.0060	PS 26:3;O3	C32H56NO13P	Neutral	/resources/tools/chemdb_ontology?abbrev=PS 26:3;O3
865.53731	865.5448	.0075	PI O-34:2	C43H81O12P	[M+Formate]-	/resources/tools/chemdb_ontology?abbrev=PI O-34:2
865.53731	865.5448	.0075	PI O-33:2	C42H79O12P	[M+OAc]-	/resources/tools/chemdb_ontology?abbrev=PI O-33:2
646.46007	646.4574	.0027	PA 32:1	C35H67O8P	Neutral	/resources/tools/chemdb_ontology?abbrev=PA 32:1
646.46007	646.4686	.0085	CerPE 32:2;O3	C34H67N2O7P	Neutral	/resources/tools/chemdb_ontology?abbrev=CerPE 32:2;O3
628.53477	628.5441	.0093	Cer 38:1;O2	C38H75NO3	[M+Cl]-	/resources/tools/chemdb_ontology?abbrev=Cer 38:1;O2
611.54469	611.5539	.0092	WE 39:1	C39H76O2	[M+Cl]-	/resources/tools/chemdb_ontology?abbrev=WE 39:1
601.51585	601.5201	.0043	FA 38:4	C38H68O2	[M+Formate]-	/resources/tools/chemdb_ontology?abbrev=FA 38:4
804.63064	804.6268	.0038	TG 49:8	C52H84O6	Neutral	/resources/tools/chemdb_ontology?abbrev=TG 49:8
804.63064	804.6244	.0062	PG O-39:1	C45H89O9P	Neutral	/resources/tools/chemdb_ontology?abbrev=PG O-39:1
612.54778	612.5573	.0095	Cer 37:0;O4	C37H75NO5	[M-H]-	/resources/tools/chemdb_ontology?abbrev=Cer 37:0;O4
612.54778	612.5492	.0014	Cer 38:1;O	C38H75NO2	[M+Cl]-	/resources/tools/chemdb_ontology?abbrev=Cer 38:1;O
612.54778	612.5573	.0095	Cer 36:0;O2	C36H73NO3	[M+Formate]-	/resources/tools/chemdb_ontology?abbrev=Cer 36:0;O2
612.54778	612.5573	.0095	Cer 35:0;O2	C35H71NO3	[M+OAc]-	/resources/tools/chemdb_ontology?abbrev=Cer 35:0;O2
627.53142	627.5358	.0044	CE 12:0	C39H68O2	[M+OAc]-	/resources/tools/chemdb_ontology?abbrev=CE 12:0
709.45807	709.4581	.0000	PA 34:1	C37H71O8P	[M+Cl]-	/resources/tools/chemdb_ontology?abbrev=PA 34:1
709.45807	709.4661	.0081	PG O-29:1	C35H69O9P	[M+Formate]-	/resources/tools/chemdb_ontology?abbrev=PG O-29:1
709.45807	709.4661	.0081	PG O-28:1	C34H67O9P	[M+OAc]-	/resources/tools/chemdb_ontology?abbrev=PG O-28:1
600.51248	600.5128	.0003	Cer 36:1;O2	C36H71NO3	[M+Cl]-	/resources/tools/chemdb_ontology?abbrev=Cer 36:1;O2
600.51248	600.5209	.0084	Cer 34:0;O3	C34H69NO4	[M+Formate]-	/resources/tools/chemdb_ontology?abbrev=Cer 34:0;O3
864.53419	864.5316	.0026	PC 40:8	C48H80NO8P	[M+Cl]-	/resources/tools/chemdb_ontology?abbrev=PC 40:8
864.53419	864.5396	.0054	PS O-40:7	C46H78NO9P	[M+Formate]-	/resources/tools/chemdb_ontology?abbrev=PS O-40:7
644.4615	644.4661	.0046	PE O-30:2	C35H68NO7P	[M-H]-	/resources/tools/chemdb_ontology?abbrev=PE O-30:2
610.54136	610.5416	.0002	Cer 36:1;O2	C36H71NO3	[M+Formate]-	/resources/tools/chemdb_ontology?abbrev=Cer 36:1;O2
610.54136	610.5416	.0002	Cer 35:1;O2	C35H69NO3	[M+OAc]-	/resources/tools/chemdb_ontology?abbrev=Cer 35:1;O2
796.54695	796.5498	.0029	PS O-38:4	C44H80NO9P	[M-H]-	/resources/tools/chemdb_ontology?abbrev=PS O-38:4
796.54695	796.5498	.0029	PE O-38:5	C43H78NO7P	[M+Formate]-	/resources/tools/chemdb_ontology?abbrev=PE O-38:5
796.54695	796.5498	.0029	PC O-34:5	C42H76NO7P	[M+OAc]-	/resources/tools/chemdb_ontology?abbrev=PC O-34:5
796.54695	796.5466	.0004	PI O-32:0	C41H81O12P	Neutral	/resources/tools/chemdb_ontology?abbrev=PI O-32:0
805.62275	805.6197	.0031	PS O-38:0	C44H88NO9P	Neutral	/resources/tools/chemdb_ontology?abbrev=PS O-38:0
768.70796	768.7087	.0007	Cer 46:0;O3	C46H93NO4	[M+Formate]-	/resources/tools/chemdb_ontology?abbrev=Cer 46:0;O3
763.75417	763.7549	.0007	FA 48:0	C48H96O2	[M+OAc]-	/resources/tools/chemdb_ontology?abbrev=FA 48:0
239.0595	239.0692	.0097	FA 9:1;O3	C9H16O5	[M+Cl]-	/resources/tools/chemdb_ontology?abbrev=FA 9:1;O3
239.0595	239.0561	.0034	FA 10:5;O2	C10H10O4	[M+Formate]-	/resources/tools/chemdb_ontology?abbrev=FA 10:5;O2
239.06944	239.0692	.0003	FA 9:1;O3	C9H16O5	[M+Cl]-	/resources/tools/chemdb_ontology?abbrev=FA 9:1;O3
239.06944	239.0773	.0078	FA 6:0;O4	C6H12O6	[M+OAc]-	/resources/tools/chemdb_ontology?abbrev=FA 6:0;O4
165.04073	165.0324	.0083	FA 6:1;O	C6H10O3	[M+Cl]-	/resources/tools/chemdb_ontology?abbrev=FA 6:1;O
165.04073	165.0405	.0003	FA 4:0;O2	C4H8O4	[M+Formate]-	/resources/tools/chemdb_ontology?abbrev=FA 4:0;O2
315.07594	315.0794	.0034	FA 18:10;O	C18H16O3	[M+Cl]-	/resources/tools/chemdb_ontology?abbrev=FA 18:10;O
314.07895	314.0764	.0026	CoA 12:2	C33H54N7O17P3S	[M-3H]3-	/resources/tools/chemdb_ontology?abbrev=CoA 12:2
637.58821	637.5929	.0047	CE 17:0	C44H78O2	[M-H]-	/resources/tools/chemdb_ontology?abbrev=CE 17:0
265.14783	265.1576	.0098	FA 13:0;O	C13H26O3	[M+Cl]-	/resources/tools/chemdb_ontology?abbrev=FA 13:0;O
265.14783	265.1445	.0033	FA 14:4	C14H20O2	[M+Formate]-	/resources/tools/chemdb_ontology?abbrev=FA 14:4
265.14783	265.1445	.0033	FA 13:4	C13H18O2	[M+OAc]-	/resources/tools/chemdb_ontology?abbrev=FA 13:4
265.14783	265.1445	.0033	SFE 13:4	C13H18O2	[M+OAc]-	/resources/tools/chemdb_ontology?abbrev=SFE 13:4
265.14783	265.1462	.0016	ST 27:0;O5;S	C27H48O8S	[M-2H]2-	/resources/tools/chemdb_ontology?abbrev=ST 27:0;O5;S
265.14783	265.1445	.0033	ST 30:5;O8	C30H44O8	[M-2H]2-	/resources/tools/chemdb_ontology?abbrev=ST 30:5;O8
609.55749	609.5616	.0041	CE 15:0	C42H74O2	[M-H]-	/resources/tools/chemdb_ontology?abbrev=CE 15:0
361.16325	361.1657	.0024	ST 19:4;O4	C19H24O4	[M+Formate]-	/resources/tools/chemdb_ontology?abbrev=ST 19:4;O4
361.16325	361.1657	.0024	ST 18:4;O4	C18H22O4	[M+OAc]-	/resources/tools/chemdb_ontology?abbrev=ST 18:4;O4
361.16325	361.1645	.0012	PI 24:3;O2	C33H57O15P	[M-2H]2-	/resources/tools/chemdb_ontology?abbrev=PI 24:3;O2
698.47	698.4766	.0066	PE 33:3	C38H70NO8P	[M-H]-	/resources/tools/chemdb_ontology?abbrev=PE 33:3
698.47	698.4766	.0066	PC 31:3	C39H72NO8P	[M-CH3]-	/resources/tools/chemdb_ontology?abbrev=PC 31:3
409.31087	409.3112	.0003	FA 28:7	C28H42O2	[M-H]-	/resources/tools/chemdb_ontology?abbrev=FA 28:7
409.31087	409.3090	.0019	MG O-19:0;O	C22H46O4	[M+Cl]-	/resources/tools/chemdb_ontology?abbrev=MG O-19:0;O
186.11347	186.1156	.0021	ST 23:3;O4	C23H34O4	[M-2H]2-	/resources/tools/chemdb_ontology?abbrev=ST 23:3;O4
1423.9622	1423.9650	.0028	CL 70:6	C79H142O17P2	[M-H]-	/resources/tools/chemdb_ontology?abbrev=CL 70:6
1424.96568	1424.9722	.0065	CL 70:6	C79H142O17P2	Neutral	/resources/tools/chemdb_ontology?abbrev=CL 70:6
669.58245	669.5827	.0003	CE 16:0	C43H76O2	[M+Formate]-	/resources/tools/chemdb_ontology?abbrev=CE 16:0
669.58245	669.5827	.0003	CE 15:0	C42H74O2	[M+OAc]-	/resources/tools/chemdb_ontology?abbrev=CE 15:0
820.73917	820.7400	.0008	ACer 50:1;O2	C50H97NO4	[M+Formate]-	/resources/tools/chemdb_ontology?abbrev=ACer 50:1;O2
165.04074	165.0324	.0083	FA 6:1;O	C6H10O3	[M+Cl]-	/resources/tools/chemdb_ontology?abbrev=FA 6:1;O
165.04074	165.0405	.0003	FA 4:0;O2	C4H8O4	[M+Formate]-	/resources/tools/chemdb_ontology?abbrev=FA 4:0;O2
643.56666	643.5671	.0004	WE 40:4	C40H72O2	[M+OAc]-	/resources/tools/chemdb_ontology?abbrev=WE 40:4
833.49933	833.4976	.0017	MGDG 38:8	C47H74O10	[M+Cl]-	/resources/tools/chemdb_ontology?abbrev=MGDG 38:8
239.06936	239.0692	.0002	FA 9:1;O3	C9H16O5	[M+Cl]-	/resources/tools/chemdb_ontology?abbrev=FA 9:1;O3
239.06936	239.0773	.0079	FA 6:0;O4	C6H12O6	[M+OAc]-	/resources/tools/chemdb_ontology?abbrev=FA 6:0;O4
832.49614	832.4901	.0060	PS 37:4	C43H76NO10P	[M+Cl]-	/resources/tools/chemdb_ontology?abbrev=PS 37:4
314.07908	314.0764	.0027	CoA 12:2	C33H54N7O17P3S	[M-3H]3-	/resources/tools/chemdb_ontology?abbrev=CoA 12:2
637.58835	637.5929	.0046	CE 17:0	C44H78O2	[M-H]-	/resources/tools/chemdb_ontology?abbrev=CE 17:0
315.07601	315.0794	.0033	FA 18:10;O	C18H16O3	[M+Cl]-	/resources/tools/chemdb_ontology?abbrev=FA 18:10;O
239.0595	239.0692	.0097	FA 9:1;O3	C9H16O5	[M+Cl]-	/resources/tools/chemdb_ontology?abbrev=FA 9:1;O3
239.0595	239.0561	.0034	FA 10:5;O2	C10H10O4	[M+Formate]-	/resources/tools/chemdb_ontology?abbrev=FA 10:5;O2
905.74333	905.7371	.0063	TG 53:3	C56H102O6	[M+Cl]-	/resources/tools/chemdb_ontology?abbrev=TG 53:3
806.62532	806.6281	.0027	PC O-35:0	C43H88NO7P	[M+Formate]-	/resources/tools/chemdb_ontology?abbrev=PC O-35:0
806.62532	806.6281	.0027	PE O-38:0	C43H88NO7P	[M+Formate]-	/resources/tools/chemdb_ontology?abbrev=PE O-38:0
806.62532	806.6281	.0027	PC O-34:0	C42H86NO7P	[M+OAc]-	/resources/tools/chemdb_ontology?abbrev=PC O-34:0
806.62532	806.6281	.0027	PE O-37:0	C42H86NO7P	[M+OAc]-	/resources/tools/chemdb_ontology?abbrev=PE O-37:0
239.05947	239.0692	.0097	FA 9:1;O3	C9H16O5	[M+Cl]-	/resources/tools/chemdb_ontology?abbrev=FA 9:1;O3
239.05947	239.0561	.0034	FA 10:5;O2	C10H10O4	[M+Formate]-	/resources/tools/chemdb_ontology?abbrev=FA 10:5;O2
361.1631	361.1657	.0026	ST 19:4;O4	C19H24O4	[M+Formate]-	/resources/tools/chemdb_ontology?abbrev=ST 19:4;O4
361.1631	361.1657	.0026	ST 18:4;O4	C18H22O4	[M+OAc]-	/resources/tools/chemdb_ontology?abbrev=ST 18:4;O4
361.1631	361.1645	.0014	PI 24:3;O2	C33H57O15P	[M-2H]2-	/resources/tools/chemdb_ontology?abbrev=PI 24:3;O2
239.06921	239.0692	.0000	FA 9:1;O3	C9H16O5	[M+Cl]-	/resources/tools/chemdb_ontology?abbrev=FA 9:1;O3
239.06921	239.0773	.0080	FA 6:0;O4	C6H12O6	[M+OAc]-	/resources/tools/chemdb_ontology?abbrev=FA 6:0;O4
94.99022	94.9905	.0003	FA 2:0	C2H4O2	[M+Cl]-	/resources/tools/chemdb_ontology?abbrev=FA 2:0
242.176	242.1671	.0089	FA 17:6;O	C17H22O	Neutral	/resources/tools/chemdb_ontology?abbrev=FA 17:6;O
186.11347	186.1156	.0021	ST 23:3;O4	C23H34O4	[M-2H]2-	/resources/tools/chemdb_ontology?abbrev=ST 23:3;O4
409.31087	409.3112	.0003	FA 28:7	C28H42O2	[M-H]-	/resources/tools/chemdb_ontology?abbrev=FA 28:7
409.31087	409.3090	.0019	MG O-19:0;O	C22H46O4	[M+Cl]-	/resources/tools/chemdb_ontology?abbrev=MG O-19:0;O
315.07596	315.0794	.0034	FA 18:10;O	C18H16O3	[M+Cl]-	/resources/tools/chemdb_ontology?abbrev=FA 18:10;O
609.55759	609.5616	.0040	CE 15:0	C42H74O2	[M-H]-	/resources/tools/chemdb_ontology?abbrev=CE 15:0
165.04073	165.0324	.0083	FA 6:1;O	C6H10O3	[M+Cl]-	/resources/tools/chemdb_ontology?abbrev=FA 6:1;O
165.04073	165.0405	.0003	FA 4:0;O2	C4H8O4	[M+Formate]-	/resources/tools/chemdb_ontology?abbrev=FA 4:0;O2
848.77023	848.7713	.0010	ACer 52:1;O2	C52H101NO4	[M+Formate]-	/resources/tools/chemdb_ontology?abbrev=ACer 52:1;O2
739.71749	739.7104	.0071	FA 48:0	C48H96O2	[M+Cl]-	/resources/tools/chemdb_ontology?abbrev=FA 48:0
805.62284	805.6328	.0100	PG O-39:0	C45H91O9P	[M-H]-	/resources/tools/chemdb_ontology?abbrev=PG O-39:0
805.62284	805.6328	.0100	PA O-41:0	C44H89O7P	[M+Formate]-	/resources/tools/chemdb_ontology?abbrev=PA O-41:0
805.62284	805.6328	.0100	PA O-40:0	C43H87O7P	[M+OAc]-	/resources/tools/chemdb_ontology?abbrev=PA O-40:0
805.62284	805.6197	.0032	PS O-38:0	C44H88NO9P	Neutral	/resources/tools/chemdb_ontology?abbrev=PS O-38:0
860.5272	860.5214	.0058	PS 39:4	C45H80NO10P	[M+Cl]-	/resources/tools/chemdb_ontology?abbrev=PS 39:4
637.58896	637.5929	.0040	CE 17:0	C44H78O2	[M-H]-	/resources/tools/chemdb_ontology?abbrev=CE 17:0
187.09748	187.0976	.0001	FA 9:1;O2	C9H16O4	[M-H]-	/resources/tools/chemdb_ontology?abbrev=FA 9:1;O2
187.09748	187.0976	.0001	SFE 9:1;O2	C9H16O4	[M-H]-	/resources/tools/chemdb_ontology?abbrev=SFE 9:1;O2
187.09748	187.0976	.0001	FA 8:1	C8H14O2	[M+Formate]-	/resources/tools/chemdb_ontology?abbrev=FA 8:1
187.09748	187.0976	.0001	SFE 8:1	C8H14O2	[M+Formate]-	/resources/tools/chemdb_ontology?abbrev=SFE 8:1
187.09748	187.0976	.0001	WE 8:1	C8H14O2	[M+Formate]-	/resources/tools/chemdb_ontology?abbrev=WE 8:1
187.09748	187.0976	.0001	FA 7:1	C7H12O2	[M+OAc]-	/resources/tools/chemdb_ontology?abbrev=FA 7:1
187.09748	187.0976	.0001	SFE 7:1	C7H12O2	[M+OAc]-	/resources/tools/chemdb_ontology?abbrev=SFE 7:1
187.09748	187.0948	.0027	PA 24:2;O2	C27H49O10P	[M-3H]3-	/resources/tools/chemdb_ontology?abbrev=PA 24:2;O2
239.05938	239.0692	.0098	FA 9:1;O3	C9H16O5	[M+Cl]-	/resources/tools/chemdb_ontology?abbrev=FA 9:1;O3
239.05938	239.0561	.0033	FA 10:5;O2	C10H10O4	[M+Formate]-	/resources/tools/chemdb_ontology?abbrev=FA 10:5;O2
165.04067	165.0324	.0083	FA 6:1;O	C6H10O3	[M+Cl]-	/resources/tools/chemdb_ontology?abbrev=FA 6:1;O
165.04067	165.0405	.0002	FA 4:0;O2	C4H8O4	[M+Formate]-	/resources/tools/chemdb_ontology?abbrev=FA 4:0;O2
315.07594	315.0794	.0034	FA 18:10;O	C18H16O3	[M+Cl]-	/resources/tools/chemdb_ontology?abbrev=FA 18:10;O
94.99018	94.9905	.0004	FA 2:0	C2H4O2	[M+Cl]-	/resources/tools/chemdb_ontology?abbrev=FA 2:0
186.11346	186.1156	.0021	ST 23:3;O4	C23H34O4	[M-2H]2-	/resources/tools/chemdb_ontology?abbrev=ST 23:3;O4
242.17601	242.1671	.0089	FA 17:6;O	C17H22O	Neutral	/resources/tools/chemdb_ontology?abbrev=FA 17:6;O
239.06924	239.0692	.0001	FA 9:1;O3	C9H16O5	[M+Cl]-	/resources/tools/chemdb_ontology?abbrev=FA 9:1;O3
239.06924	239.0773	.0080	FA 6:0;O4	C6H12O6	[M+OAc]-	/resources/tools/chemdb_ontology?abbrev=FA 6:0;O4
314.07898	314.0764	.0026	CoA 12:2	C33H54N7O17P3S	[M-3H]3-	/resources/tools/chemdb_ontology?abbrev=CoA 12:2
361.1631	361.1657	.0026	ST 19:4;O4	C19H24O4	[M+Formate]-	/resources/tools/chemdb_ontology?abbrev=ST 19:4;O4
361.1631	361.1657	.0026	ST 18:4;O4	C18H22O4	[M+OAc]-	/resources/tools/chemdb_ontology?abbrev=ST 18:4;O4
361.1631	361.1645	.0014	PI 24:3;O2	C33H57O15P	[M-2H]2-	/resources/tools/chemdb_ontology?abbrev=PI 24:3;O2
409.31086	409.3112	.0004	FA 28:7	C28H42O2	[M-H]-	/resources/tools/chemdb_ontology?abbrev=FA 28:7
409.31086	409.3090	.0018	MG O-19:0;O	C22H46O4	[M+Cl]-	/resources/tools/chemdb_ontology?abbrev=MG O-19:0;O
205.83959	205.8387	.0009	DG 36:2	C39H72O5	[M-3H]3-	/resources/tools/chemdb_ontology?abbrev=DG 36:2
377.27256	377.2697	.0028	FA 23:4;O2	C23H38O4	[M-H]-	/resources/tools/chemdb_ontology?abbrev=FA 23:4;O2
377.27256	377.2697	.0028	FOH 23:5;O3	C23H38O4	[M-H]-	/resources/tools/chemdb_ontology?abbrev=FOH 23:5;O3
377.27256	377.2697	.0028	MG 20:4	C23H38O4	[M-H]-	/resources/tools/chemdb_ontology?abbrev=MG 20:4
377.27256	377.2697	.0028	ST 23:1;O4	C23H38O4	[M-H]-	/resources/tools/chemdb_ontology?abbrev=ST 23:1;O4
377.27256	377.2697	.0028	FA 22:4	C22H36O2	[M+Formate]-	/resources/tools/chemdb_ontology?abbrev=FA 22:4
377.27256	377.2697	.0028	SFE 22:4	C22H36O2	[M+Formate]-	/resources/tools/chemdb_ontology?abbrev=SFE 22:4
377.27256	377.2697	.0028	FA 21:4	C21H34O2	[M+OAc]-	/resources/tools/chemdb_ontology?abbrev=FA 21:4
377.27256	377.2697	.0028	ST 21:1;O2	C21H34O2	[M+OAc]-	/resources/tools/chemdb_ontology?abbrev=ST 21:1;O2
377.27256	377.2762	.0036	PA 40:2	C43H81O8P	[M-2H]2-	/resources/tools/chemdb_ontology?abbrev=PA 40:2
637.5889	637.5929	.0040	CE 17:0	C44H78O2	[M-H]-	/resources/tools/chemdb_ontology?abbrev=CE 17:0
1003.7989	1003.7972	.0017	TG 60:8	C63H106O6	[M+Formate]-	/resources/tools/chemdb_ontology?abbrev=TG 60:8
1003.7989	1003.7972	.0017	TG 59:8	C62H104O6	[M+OAc]-	/resources/tools/chemdb_ontology?abbrev=TG 59:8
1003.7989	1003.7899	.0090	Hex2Cer 44:0;O2	C56H109NO13	Neutral	/resources/tools/chemdb_ontology?abbrev=Hex2Cer 44:0;O2
638.59248	638.5849	.0076	DG 37:0	C40H78O5	Neutral	/resources/tools/chemdb_ontology?abbrev=DG 37:0
638.59248	638.6002	.0077	CE 17:0	C44H78O2	Neutral	/resources/tools/chemdb_ontology?abbrev=CE 17:0
361.16313	361.1657	.0025	ST 19:4;O4	C19H24O4	[M+Formate]-	/resources/tools/chemdb_ontology?abbrev=ST 19:4;O4
361.16313	361.1657	.0025	ST 18:4;O4	C18H22O4	[M+OAc]-	/resources/tools/chemdb_ontology?abbrev=ST 18:4;O4
361.16313	361.1645	.0014	PI 24:3;O2	C33H57O15P	[M-2H]2-	/resources/tools/chemdb_ontology?abbrev=PI 24:3;O2
314.07896	314.0764	.0026	CoA 12:2	C33H54N7O17P3S	[M-3H]3-	/resources/tools/chemdb_ontology?abbrev=CoA 12:2
165.04066	165.0324	.0083	FA 6:1;O	C6H10O3	[M+Cl]-	/resources/tools/chemdb_ontology?abbrev=FA 6:1;O
165.04066	165.0405	.0002	FA 4:0;O2	C4H8O4	[M+Formate]-	/resources/tools/chemdb_ontology?abbrev=FA 4:0;O2
315.07596	315.0794	.0034	FA 18:10;O	C18H16O3	[M+Cl]-	/resources/tools/chemdb_ontology?abbrev=FA 18:10;O
239.0594	239.0692	.0098	FA 9:1;O3	C9H16O5	[M+Cl]-	/resources/tools/chemdb_ontology?abbrev=FA 9:1;O3
239.0594	239.0561	.0033	FA 10:5;O2	C10H10O4	[M+Formate]-	/resources/tools/chemdb_ontology?abbrev=FA 10:5;O2
94.99021	94.9905	.0003	FA 2:0	C2H4O2	[M+Cl]-	/resources/tools/chemdb_ontology?abbrev=FA 2:0
242.17599	242.1671	.0089	FA 17:6;O	C17H22O	Neutral	/resources/tools/chemdb_ontology?abbrev=FA 17:6;O
239.06935	239.0692	.0002	FA 9:1;O3	C9H16O5	[M+Cl]-	/resources/tools/chemdb_ontology?abbrev=FA 9:1;O3
239.06935	239.0773	.0079	FA 6:0;O4	C6H12O6	[M+OAc]-	/resources/tools/chemdb_ontology?abbrev=FA 6:0;O4
186.11345	186.1156	.0021	ST 23:3;O4	C23H34O4	[M-2H]2-	/resources/tools/chemdb_ontology?abbrev=ST 23:3;O4
187.09747	187.0976	.0001	FA 9:1;O2	C9H16O4	[M-H]-	/resources/tools/chemdb_ontology?abbrev=FA 9:1;O2
187.09747	187.0976	.0001	SFE 9:1;O2	C9H16O4	[M-H]-	/resources/tools/chemdb_ontology?abbrev=SFE 9:1;O2
187.09747	187.0976	.0001	FA 8:1	C8H14O2	[M+Formate]-	/resources/tools/chemdb_ontology?abbrev=FA 8:1
187.09747	187.0976	.0001	SFE 8:1	C8H14O2	[M+Formate]-	/resources/tools/chemdb_ontology?abbrev=SFE 8:1
187.09747	187.0976	.0001	WE 8:1	C8H14O2	[M+Formate]-	/resources/tools/chemdb_ontology?abbrev=WE 8:1
187.09747	187.0976	.0001	FA 7:1	C7H12O2	[M+OAc]-	/resources/tools/chemdb_ontology?abbrev=FA 7:1
187.09747	187.0976	.0001	SFE 7:1	C7H12O2	[M+OAc]-	/resources/tools/chemdb_ontology?abbrev=SFE 7:1
187.09747	187.0948	.0026	PA 24:2;O2	C27H49O10P	[M-3H]3-	/resources/tools/chemdb_ontology?abbrev=PA 24:2;O2
205.8396	205.8387	.0009	DG 36:2	C39H72O5	[M-3H]3-	/resources/tools/chemdb_ontology?abbrev=DG 36:2
609.55717	609.5616	.0044	CE 15:0	C42H74O2	[M-H]-	/resources/tools/chemdb_ontology?abbrev=CE 15:0
1031.83	1031.8285	.0015	TG 62:8	C65H110O6	[M+Formate]-	/resources/tools/chemdb_ontology?abbrev=TG 62:8
1031.83	1031.8285	.0015	TG 61:8	C64H108O6	[M+OAc]-	/resources/tools/chemdb_ontology?abbrev=TG 61:8
638.59195	638.5849	.0070	DG 37:0	C40H78O5	Neutral	/resources/tools/chemdb_ontology?abbrev=DG 37:0
638.59195	638.6002	.0082	CE 17:0	C44H78O2	Neutral	/resources/tools/chemdb_ontology?abbrev=CE 17:0
377.27263	377.2697	.0029	FA 23:4;O2	C23H38O4	[M-H]-	/resources/tools/chemdb_ontology?abbrev=FA 23:4;O2
377.27263	377.2697	.0029	FOH 23:5;O3	C23H38O4	[M-H]-	/resources/tools/chemdb_ontology?abbrev=FOH 23:5;O3
377.27263	377.2697	.0029	MG 20:4	C23H38O4	[M-H]-	/resources/tools/chemdb_ontology?abbrev=MG 20:4
377.27263	377.2697	.0029	ST 23:1;O4	C23H38O4	[M-H]-	/resources/tools/chemdb_ontology?abbrev=ST 23:1;O4
377.27263	377.2697	.0029	FA 22:4	C22H36O2	[M+Formate]-	/resources/tools/chemdb_ontology?abbrev=FA 22:4
377.27263	377.2697	.0029	SFE 22:4	C22H36O2	[M+Formate]-	/resources/tools/chemdb_ontology?abbrev=SFE 22:4
377.27263	377.2697	.0029	FA 21:4	C21H34O2	[M+OAc]-	/resources/tools/chemdb_ontology?abbrev=FA 21:4
377.27263	377.2697	.0029	ST 21:1;O2	C21H34O2	[M+OAc]-	/resources/tools/chemdb_ontology?abbrev=ST 21:1;O2
377.27263	377.2762	.0036	PA 40:2	C43H81O8P	[M-2H]2-	/resources/tools/chemdb_ontology?abbrev=PA 40:2
637.58882	637.5929	.0041	CE 17:0	C44H78O2	[M-H]-	/resources/tools/chemdb_ontology?abbrev=CE 17:0
919.70866	919.7033	.0054	TG 54:8	C57H94O6	[M+Formate]-	/resources/tools/chemdb_ontology?abbrev=TG 54:8
919.70866	919.7033	.0054	TG 53:8	C56H92O6	[M+OAc]-	/resources/tools/chemdb_ontology?abbrev=TG 53:8
361.16319	361.1657	.0025	ST 19:4;O4	C19H24O4	[M+Formate]-	/resources/tools/chemdb_ontology?abbrev=ST 19:4;O4
361.16319	361.1657	.0025	ST 18:4;O4	C18H22O4	[M+OAc]-	/resources/tools/chemdb_ontology?abbrev=ST 18:4;O4
361.16319	361.1645	.0013	PI 24:3;O2	C33H57O15P	[M-2H]2-	/resources/tools/chemdb_ontology?abbrev=PI 24:3;O2
409.31084	409.3112	.0004	FA 28:7	C28H42O2	[M-H]-	/resources/tools/chemdb_ontology?abbrev=FA 28:7
409.31084	409.3090	.0018	MG O-19:0;O	C22H46O4	[M+Cl]-	/resources/tools/chemdb_ontology?abbrev=MG O-19:0;O
314.07887	314.0764	.0025	CoA 12:2	C33H54N7O17P3S	[M-3H]3-	/resources/tools/chemdb_ontology?abbrev=CoA 12:2
638.5919	638.5849	.0070	DG 37:0	C40H78O5	Neutral	/resources/tools/chemdb_ontology?abbrev=DG 37:0
638.5919	638.6002	.0083	CE 17:0	C44H78O2	Neutral	/resources/tools/chemdb_ontology?abbrev=CE 17:0
610.56086	610.5536	.0072	DG 35:0	C38H74O5	Neutral	/resources/tools/chemdb_ontology?abbrev=DG 35:0
610.56086	610.5689	.0080	CE 15:0	C42H74O2	Neutral	/resources/tools/chemdb_ontology?abbrev=CE 15:0
637.58868	637.5929	.0042	CE 17:0	C44H78O2	[M-H]-	/resources/tools/chemdb_ontology?abbrev=CE 17:0
205.83962	205.8387	.0009	DG 36:2	C39H72O5	[M-3H]3-	/resources/tools/chemdb_ontology?abbrev=DG 36:2
661.68601	661.6868	.0008	FA 45:0	C45H90O2	[M-H]-	/resources/tools/chemdb_ontology?abbrev=FA 45:0
818.57699	818.5705	.0065	PE 42:6	C47H82NO8P	[M-H]-	/resources/tools/chemdb_ontology?abbrev=PE 42:6
818.57699	818.5836	.0066	PC O-37:3	C45H86NO7P	[M+Cl]-	/resources/tools/chemdb_ontology?abbrev=PC O-37:3
818.57699	818.5836	.0066	PE O-40:3	C45H86NO7P	[M+Cl]-	/resources/tools/chemdb_ontology?abbrev=PE O-40:3
818.57699	818.5788	.0018	DGCC 36:5	C46H79NO8	[M+Formate]-	/resources/tools/chemdb_ontology?abbrev=DGCC 36:5
818.57699	818.5705	.0065	PC 40:6	C48H84NO8P	[M-CH3]-	/resources/tools/chemdb_ontology?abbrev=PC 40:6
818.57699	818.5755	.0014	FA 44:3;O11	C44H82O13	Neutral	/resources/tools/chemdb_ontology?abbrev=FA 44:3;O11
676.7052	676.7097	.0045	FA 46:0	C46H92O2	Neutral	/resources/tools/chemdb_ontology?abbrev=FA 46:0
675.70187	675.7025	.0006	FA 46:0	C46H92O2	[M-H]-	/resources/tools/chemdb_ontology?abbrev=FA 46:0
988.79217	988.7951	.0029	PC 46:0	C54H108NO8P	[M+OAc]-	/resources/tools/chemdb_ontology?abbrev=PC 46:0
353.20016	353.1970	.0032	FA 19:4;O4	C19H30O6	[M-H]-	/resources/tools/chemdb_ontology?abbrev=FA 19:4;O4
353.20016	353.1970	.0032	FA 18:4;O2	C18H28O4	[M+Formate]-	/resources/tools/chemdb_ontology?abbrev=FA 18:4;O2
834.59099	834.5948	.0038	Hex2Cer 32:0;O2	C44H85NO13	[M-H]-	/resources/tools/chemdb_ontology?abbrev=Hex2Cer 32:0;O2
834.59099	834.5866	.0044	PS O-37:1	C43H84NO9P	[M+Formate]-	/resources/tools/chemdb_ontology?abbrev=PS O-37:1
834.59099	834.5866	.0044	PS O-36:1	C42H82NO9P	[M+OAc]-	/resources/tools/chemdb_ontology?abbrev=PS O-36:1
832.59285	832.5862	.0067	PE 43:6	C48H84NO8P	[M-H]-	/resources/tools/chemdb_ontology?abbrev=PE 43:6
832.59285	832.5992	.0064	PC O-38:3	C46H88NO7P	[M+Cl]-	/resources/tools/chemdb_ontology?abbrev=PC O-38:3
832.59285	832.5944	.0016	DGCC 36:5	C46H79NO8	[M+OAc]-	/resources/tools/chemdb_ontology?abbrev=DGCC 36:5
832.59285	832.5862	.0067	PC 41:6	C49H86NO8P	[M-CH3]-	/resources/tools/chemdb_ontology?abbrev=PC 41:6
856.63709	856.6437	.0066	PS O-42:2	C48H92NO9P	[M-H]-	/resources/tools/chemdb_ontology?abbrev=PS O-42:2
856.63709	856.6437	.0066	PE O-42:3	C47H90NO7P	[M+Formate]-	/resources/tools/chemdb_ontology?abbrev=PE O-42:3
856.63709	856.6437	.0066	PC O-38:3	C46H88NO7P	[M+OAc]-	/resources/tools/chemdb_ontology?abbrev=PC O-38:3
846.60843	846.6018	.0066	PE 44:6	C49H86NO8P	[M-H]-	/resources/tools/chemdb_ontology?abbrev=PE 44:6
846.60843	846.6149	.0065	PE O-42:3	C47H90NO7P	[M+Cl]-	/resources/tools/chemdb_ontology?abbrev=PE O-42:3
846.60843	846.6018	.0066	PC 42:6	C50H88NO8P	[M-CH3]-	/resources/tools/chemdb_ontology?abbrev=PC 42:6
848.60683	848.6022	.0046	PS O-38:1	C44H86NO9P	[M+Formate]-	/resources/tools/chemdb_ontology?abbrev=PS O-38:1
848.60683	848.6022	.0046	PS O-37:1	C43H84NO9P	[M+OAc]-	/resources/tools/chemdb_ontology?abbrev=PS O-37:1
265.14773	265.1576	.0099	FA 13:0;O	C13H26O3	[M+Cl]-	/resources/tools/chemdb_ontology?abbrev=FA 13:0;O
265.14773	265.1445	.0032	FA 14:4	C14H20O2	[M+Formate]-	/resources/tools/chemdb_ontology?abbrev=FA 14:4
265.14773	265.1445	.0032	FA 13:4	C13H18O2	[M+OAc]-	/resources/tools/chemdb_ontology?abbrev=FA 13:4
265.14773	265.1445	.0032	SFE 13:4	C13H18O2	[M+OAc]-	/resources/tools/chemdb_ontology?abbrev=SFE 13:4
265.14773	265.1462	.0015	ST 27:0;O5;S	C27H48O8S	[M-2H]2-	/resources/tools/chemdb_ontology?abbrev=ST 27:0;O5;S
265.14773	265.1445	.0032	ST 30:5;O8	C30H44O8	[M-2H]2-	/resources/tools/chemdb_ontology?abbrev=ST 30:5;O8
703.73322	703.7338	.0005	FA 48:0	C48H96O2	[M-H]-	/resources/tools/chemdb_ontology?abbrev=FA 48:0
704.73646	704.7410	.0046	FA 48:0	C48H96O2	Neutral	/resources/tools/chemdb_ontology?abbrev=FA 48:0
860.62399	860.6305	.0066	PC O-40:3	C48H92NO7P	[M+Cl]-	/resources/tools/chemdb_ontology?abbrev=PC O-40:3
860.62399	860.6175	.0065	PC 43:6	C51H90NO8P	[M-CH3]-	/resources/tools/chemdb_ontology?abbrev=PC 43:6
573.49614	573.4888	.0073	FAHFA 37:3;O	C37H66O4	[M-H]-	/resources/tools/chemdb_ontology?abbrev=FAHFA 37:3;O
573.49614	573.4888	.0073	FA 36:4	C36H64O2	[M+Formate]-	/resources/tools/chemdb_ontology?abbrev=FA 36:4
573.49614	573.4888	.0073	WE 36:4	C36H64O2	[M+Formate]-	/resources/tools/chemdb_ontology?abbrev=WE 36:4
583.53233	583.5226	.0097	WE 37:1	C37H72O2	[M+Cl]-	/resources/tools/chemdb_ontology?abbrev=WE 37:1
583.53233	583.5307	.0016	FA 34:0;O	C34H68O3	[M+OAc]-	/resources/tools/chemdb_ontology?abbrev=FA 34:0;O
601.52714	601.5332	.0061	FA 37:0;O	C37H74O3	[M+Cl]-	/resources/tools/chemdb_ontology?abbrev=FA 37:0;O
601.52714	601.5201	.0070	FA 38:4	C38H68O2	[M+Formate]-	/resources/tools/chemdb_ontology?abbrev=FA 38:4
609.55737	609.5616	.0042	CE 15:0	C42H74O2	[M-H]-	/resources/tools/chemdb_ontology?abbrev=CE 15:0
637.5886	637.5929	.0043	CE 17:0	C44H78O2	[M-H]-	/resources/tools/chemdb_ontology?abbrev=CE 17:0
205.83951	205.8387	.0008	DG 36:2	C39H72O5	[M-3H]3-	/resources/tools/chemdb_ontology?abbrev=DG 36:2
582.52955	582.5223	.0072	DG 33:0	C36H70O5	Neutral	/resources/tools/chemdb_ontology?abbrev=DG 33:0
609.55731	609.5616	.0043	CE 15:0	C42H74O2	[M-H]-	/resources/tools/chemdb_ontology?abbrev=CE 15:0
610.56065	610.5536	.0070	DG 35:0	C38H74O5	Neutral	/resources/tools/chemdb_ontology?abbrev=DG 35:0
610.56065	610.5689	.0082	CE 15:0	C42H74O2	Neutral	/resources/tools/chemdb_ontology?abbrev=CE 15:0
609.55753	609.5616	.0041	CE 15:0	C42H74O2	[M-H]-	/resources/tools/chemdb_ontology?abbrev=CE 15:0
637.58862	637.5929	.0043	CE 17:0	C44H78O2	[M-H]-	/resources/tools/chemdb_ontology?abbrev=CE 17:0
215.8684	215.8665	.0019	WD 42:0	C42H82O4	[M-3H]3-	/resources/tools/chemdb_ontology?abbrev=WD 42:0
699.42925	699.4243	.0050	PG 31:4	C37H65O10P	[M-H]-	/resources/tools/chemdb_ontology?abbrev=PG 31:4
699.42925	699.4373	.0081	PG O-29:1	C35H69O9P	[M+Cl]-	/resources/tools/chemdb_ontology?abbrev=PG O-29:1
699.42925	699.4243	.0050	PA 33:4	C36H63O8P	[M+Formate]-	/resources/tools/chemdb_ontology?abbrev=PA 33:4
699.42925	699.4243	.0050	PA 32:4	C35H61O8P	[M+OAc]-	/resources/tools/chemdb_ontology?abbrev=PA 32:4
752.55967	752.5600	.0003	PE O-38:4	C43H80NO7P	[M-H]-	/resources/tools/chemdb_ontology?abbrev=PE O-38:4
752.55967	752.5682	.0085	HexCer 37:3;O3	C43H79NO9	[M-H]-	/resources/tools/chemdb_ontology?abbrev=HexCer 37:3;O3
752.55967	752.5600	.0003	PC O-36:4	C44H82NO7P	[M-CH3]-	/resources/tools/chemdb_ontology?abbrev=PC O-36:4
710.4612	710.4533	.0079	PC 28:1	C36H70NO8P	[M+Cl]-	/resources/tools/chemdb_ontology?abbrev=PC 28:1
710.4612	710.4533	.0079	PE 31:1	C36H70NO8P	[M+Cl]-	/resources/tools/chemdb_ontology?abbrev=PE 31:1
710.4612	710.4614	.0002	LPS O-28:1;O	C34H68NO9P	[M+Formate]-	/resources/tools/chemdb_ontology?abbrev=LPS O-28:1;O
710.4612	710.4614	.0002	PS O-28:0	C34H68NO9P	[M+Formate]-	/resources/tools/chemdb_ontology?abbrev=PS O-28:0
710.4612	710.4614	.0002	LPS O-27:1;O	C33H66NO9P	[M+OAc]-	/resources/tools/chemdb_ontology?abbrev=LPS O-27:1;O
730.56601	730.5756	.0096	PE O-36:1	C41H82NO7P	[M-H]-	/resources/tools/chemdb_ontology?abbrev=PE O-36:1
730.56601	730.5756	.0096	PC O-34:1	C42H84NO7P	[M-CH3]-	/resources/tools/chemdb_ontology?abbrev=PC O-34:1
730.56601	730.5625	.0035	CerPE 38:2;O3	C40H79N2O7P	Neutral	/resources/tools/chemdb_ontology?abbrev=CerPE 38:2;O3
820.54682	820.5498	.0030	PS O-40:6	C46H80NO9P	[M-H]-	/resources/tools/chemdb_ontology?abbrev=PS O-40:6
820.54682	820.5498	.0030	PE O-40:7	C45H78NO7P	[M+Formate]-	/resources/tools/chemdb_ontology?abbrev=PE O-40:7
820.54682	820.5466	.0003	PI O-34:2	C43H81O12P	Neutral	/resources/tools/chemdb_ontology?abbrev=PI O-34:2
729.56301	729.5552	.0078	CerPE 38:2;O3	C40H79N2O7P	[M-H]-	/resources/tools/chemdb_ontology?abbrev=CerPE 38:2;O3
729.56301	729.5675	.0045	DG 41:5	C44H76O5	[M+Formate]-	/resources/tools/chemdb_ontology?abbrev=DG 41:5
729.56301	729.5675	.0045	DG 40:5	C43H74O5	[M+OAc]-	/resources/tools/chemdb_ontology?abbrev=DG 40:5
729.56301	729.5672	.0042	PC O-33:2	C41H80NO7P	Neutral	/resources/tools/chemdb_ontology?abbrev=PC O-33:2
729.56301	729.5672	.0042	PE O-36:2	C41H80NO7P	Neutral	/resources/tools/chemdb_ontology?abbrev=PE O-36:2
700.43233	700.4326	.0002	LPS O-28:1;O	C34H68NO9P	[M+Cl]-	/resources/tools/chemdb_ontology?abbrev=LPS O-28:1;O
700.43233	700.4326	.0002	PS O-28:0	C34H68NO9P	[M+Cl]-	/resources/tools/chemdb_ontology?abbrev=PS O-28:0
700.43233	700.4315	.0008	PG 31:4	C37H65O10P	Neutral	/resources/tools/chemdb_ontology?abbrev=PG 31:4
691.39816	691.4061	.0079	PC 26:3;O3	C34H62NO11P	Neutral	/resources/tools/chemdb_ontology?abbrev=PC 26:3;O3
689.40038	689.3955	.0049	PA 33:4	C36H63O8P	[M+Cl]-	/resources/tools/chemdb_ontology?abbrev=PA 33:4
689.40038	689.3904	.0100	PC 26:4;O3	C34H60NO11P	Neutral	/resources/tools/chemdb_ontology?abbrev=PC 26:4;O3
701.42801	701.4268	.0012	PS 30:3	C36H64NO10P	Neutral	/resources/tools/chemdb_ontology?abbrev=PS 30:3
798.60949	798.6018	.0077	PE 40:2	C45H86NO8P	[M-H]-	/resources/tools/chemdb_ontology?abbrev=PE 40:2
798.60949	798.6101	.0006	HexCer 38:2;O2	C44H83NO8	[M+Formate]-	/resources/tools/chemdb_ontology?abbrev=HexCer 38:2;O2
798.60949	798.6101	.0006	HexCer 37:2;O2	C43H81NO8	[M+OAc]-	/resources/tools/chemdb_ontology?abbrev=HexCer 37:2;O2
798.60949	798.6018	.0077	PC 38:2	C46H88NO8P	[M-CH3]-	/resources/tools/chemdb_ontology?abbrev=PC 38:2
798.60949	798.6139	.0044	PA 43:2	C46H87O8P	Neutral	/resources/tools/chemdb_ontology?abbrev=PA 43:2
702.42994	702.4352	.0052	PS 30:2	C36H66NO10P	[M-H]-	/resources/tools/chemdb_ontology?abbrev=PS 30:2
702.42994	702.4352	.0052	PE 30:3	C35H64NO8P	[M+Formate]-	/resources/tools/chemdb_ontology?abbrev=PE 30:3
711.46384	711.4737	.0099	PA 34:0	C37H73O8P	[M+Cl]-	/resources/tools/chemdb_ontology?abbrev=PA 34:0
711.46384	711.4607	.0032	PA O-34:5	C37H65O7P	[M+OAc]-	/resources/tools/chemdb_ontology?abbrev=PA O-34:5
788.58093	788.5811	.0002	PS O-37:1	C43H84NO9P	[M-H]-	/resources/tools/chemdb_ontology?abbrev=PS O-37:1
788.58093	788.5813	.0003	HexCer 38:2;O2	C44H83NO8	[M+Cl]-	/resources/tools/chemdb_ontology?abbrev=HexCer 38:2;O2
788.58093	788.5811	.0002	PC O-34:2	C42H82NO7P	[M+Formate]-	/resources/tools/chemdb_ontology?abbrev=PC O-34:2
788.58093	788.5811	.0002	PE O-37:2	C42H82NO7P	[M+Formate]-	/resources/tools/chemdb_ontology?abbrev=PE O-37:2
788.58093	788.5893	.0084	HexCer 36:1;O3	C42H81NO9	[M+Formate]-	/resources/tools/chemdb_ontology?abbrev=HexCer 36:1;O3
788.58093	788.5811	.0002	PC O-33:2	C41H80NO7P	[M+OAc]-	/resources/tools/chemdb_ontology?abbrev=PC O-33:2
788.58093	788.5811	.0002	PE O-36:2	C41H80NO7P	[M+OAc]-	/resources/tools/chemdb_ontology?abbrev=PE O-36:2
799.61297	799.6222	.0093	PA 43:1	C46H89O8P	[M-H]-	/resources/tools/chemdb_ontology?abbrev=PA 43:1
799.61297	799.6094	.0036	TG 45:5	C48H82O6	[M+Formate]-	/resources/tools/chemdb_ontology?abbrev=TG 45:5
799.61297	799.6094	.0036	TG 44:5	C47H80O6	[M+OAc]-	/resources/tools/chemdb_ontology?abbrev=TG 44:5
799.61297	799.6091	.0039	PC 37:2	C45H86NO8P	Neutral	/resources/tools/chemdb_ontology?abbrev=PC 37:2
799.61297	799.6091	.0039	PE 40:2	C45H86NO8P	Neutral	/resources/tools/chemdb_ontology?abbrev=PE 40:2
855.65877	855.6508	.0079	TG 53:10	C56H88O6	[M-H]-	/resources/tools/chemdb_ontology?abbrev=TG 53:10
855.65877	855.6597	.0009	SM 42:3;O2	C47H91N2O6P	[M+Formate]-	/resources/tools/chemdb_ontology?abbrev=SM 42:3;O2
623.54419	623.5539	.0097	WE 40:2	C40H76O2	[M+Cl]-	/resources/tools/chemdb_ontology?abbrev=WE 40:2
622.54102	622.5416	.0006	Cer 37:2;O2	C37H71NO3	[M+Formate]-	/resources/tools/chemdb_ontology?abbrev=Cer 37:2;O2
622.54102	622.5416	.0006	Cer 36:2;O2	C36H69NO3	[M+OAc]-	/resources/tools/chemdb_ontology?abbrev=Cer 36:2;O2
702.54343	702.5443	.0009	PE O-34:1	C39H78NO7P	[M-H]-	/resources/tools/chemdb_ontology?abbrev=PE O-34:1
702.54343	702.5443	.0009	PC O-32:1	C40H80NO7P	[M-CH3]-	/resources/tools/chemdb_ontology?abbrev=PC O-32:1
704.5503	704.5600	.0097	PE O-34:0	C39H80NO7P	[M-H]-	/resources/tools/chemdb_ontology?abbrev=PE O-34:0
704.5503	704.5600	.0097	PC O-32:0	C40H82NO7P	[M-CH3]-	/resources/tools/chemdb_ontology?abbrev=PC O-32:0
704.5503	704.5468	.0035	CerPE 36:1;O3	C38H77N2O7P	Neutral	/resources/tools/chemdb_ontology?abbrev=CerPE 36:1;O3
770.53114	770.5342	.0030	PS O-36:3	C42H78NO9P	[M-H]-	/resources/tools/chemdb_ontology?abbrev=PS O-36:3
770.53114	770.5342	.0030	PE O-36:4	C41H76NO7P	[M+Formate]-	/resources/tools/chemdb_ontology?abbrev=PE O-36:4
838.51944	838.5159	.0035	PC 38:7	C46H78NO8P	[M+Cl]-	/resources/tools/chemdb_ontology?abbrev=PC 38:7
838.51944	838.5159	.0035	PE 41:7	C46H78NO8P	[M+Cl]-	/resources/tools/chemdb_ontology?abbrev=PE 41:7
838.51944	838.5240	.0045	PS O-38:6	C44H76NO9P	[M+Formate]-	/resources/tools/chemdb_ontology?abbrev=PS O-38:6
838.51944	838.5240	.0045	PE 38:6;O	C43H74NO9P	[M+OAc]-	/resources/tools/chemdb_ontology?abbrev=PE 38:6;O
923.64582	923.6513	.0055	PG 44:1	C50H97O10P	[M+Cl]-	/resources/tools/chemdb_ontology?abbrev=PG 44:1
856.66218	856.6581	.0041	TG 53:10	C56H88O6	Neutral	/resources/tools/chemdb_ontology?abbrev=TG 53:10
676.55572	676.5652	.0095	Cer 39:0;O4	C39H79NO5	[M+Cl]-	/resources/tools/chemdb_ontology?abbrev=Cer 39:0;O4
676.55572	676.5519	.0038	SM 32:0;O2	C37H77N2O6P	Neutral	/resources/tools/chemdb_ontology?abbrev=SM 32:0;O2
707.5464	707.5539	.0075	CE 20:4	C47H76O2	[M+Cl]-	/resources/tools/chemdb_ontology?abbrev=CE 20:4
707.5464	707.5387	.0077	DG 40:4	C43H76O5	[M+Cl]-	/resources/tools/chemdb_ontology?abbrev=DG 40:4
771.57312	771.5658	.0073	SM 36:3;O2	C41H79N2O6P	[M+Formate]-	/resources/tools/chemdb_ontology?abbrev=SM 36:3;O2
771.57312	771.5658	.0073	CerPE 38:3;O2	C40H77N2O6P	[M+OAc]-	/resources/tools/chemdb_ontology?abbrev=CerPE 38:3;O2
771.57312	771.5727	.0004	CL 78:2	C87H166O17P2	[M-2H]2-	/resources/tools/chemdb_ontology?abbrev=CL 78:2
771.57312	771.5778	.0047	PC 35:2	C43H82NO8P	Neutral	/resources/tools/chemdb_ontology?abbrev=PC 35:2
771.57312	771.5778	.0047	PE 38:2	C43H82NO8P	Neutral	/resources/tools/chemdb_ontology?abbrev=PE 38:2
743.56984	743.5709	.0010	CerPE 39:2;O3	C41H81N2O7P	[M-H]-	/resources/tools/chemdb_ontology?abbrev=CerPE 39:2;O3
767.44178	767.4424	.0006	PA 39:7	C42H69O8P	[M+Cl]-	/resources/tools/chemdb_ontology?abbrev=PA 39:7
640.55133	640.5441	.0072	Cer 39:2;O2	C39H75NO3	[M+Cl]-	/resources/tools/chemdb_ontology?abbrev=Cer 39:2;O2
640.55133	640.5522	.0008	Cer 36:1;O3	C36H71NO4	[M+OAc]-	/resources/tools/chemdb_ontology?abbrev=Cer 36:1;O3
757.41299	757.4145	.0015	PI 25:0	C34H65O13P	[M+Formate]-	/resources/tools/chemdb_ontology?abbrev=PI 25:0
757.41299	757.4145	.0015	PI 24:0	C33H63O13P	[M+OAc]-	/resources/tools/chemdb_ontology?abbrev=PI 24:0
770.56992	770.5705	.0006	PE 38:2	C43H82NO8P	[M-H]-	/resources/tools/chemdb_ontology?abbrev=PE 38:2
770.56992	770.5707	.0008	DGTS 34:2	C44H81NO7	[M+Cl]-	/resources/tools/chemdb_ontology?abbrev=DGTS 34:2
770.56992	770.5788	.0089	HexCer 36:2;O2	C42H79NO8	[M+Formate]-	/resources/tools/chemdb_ontology?abbrev=HexCer 36:2;O2
770.56992	770.5788	.0089	HexCer 35:2;O2	C41H77NO8	[M+OAc]-	/resources/tools/chemdb_ontology?abbrev=HexCer 35:2;O2
770.56992	770.5705	.0006	PC 36:2	C44H84NO8P	[M-CH3]-	/resources/tools/chemdb_ontology?abbrev=PC 36:2
833.61024	833.6146	.0043	PS 39:0	C45H88NO10P	Neutral	/resources/tools/chemdb_ontology?abbrev=PS 39:0
900.59409	900.5971	.0031	PS 41:3	C47H86NO10P	[M+Formate]-	/resources/tools/chemdb_ontology?abbrev=PS 41:3
900.59409	900.5971	.0031	PS 40:3	C46H84NO10P	[M+OAc]-	/resources/tools/chemdb_ontology?abbrev=PS 40:3
777.47036	777.4712	.0009	PG 37:7	C43H71O10P	[M-H]-	/resources/tools/chemdb_ontology?abbrev=PG 37:7
777.47036	777.4712	.0009	PA 39:7	C42H69O8P	[M+Formate]-	/resources/tools/chemdb_ontology?abbrev=PA 39:7
777.47036	777.4712	.0009	PA 38:7	C41H67O8P	[M+OAc]-	/resources/tools/chemdb_ontology?abbrev=PA 38:7
758.4159	758.4250	.0091	PS 31:4	C37H64NO10P	[M+Formate]-	/resources/tools/chemdb_ontology?abbrev=PS 31:4
758.4159	758.4250	.0091	PS 30:4	C36H62NO10P	[M+OAc]-	/resources/tools/chemdb_ontology?abbrev=PS 30:4
768.44474	768.4377	.0071	PE 36:7	C41H68NO8P	[M+Cl]-	/resources/tools/chemdb_ontology?abbrev=PE 36:7
692.33979	692.3417	.0019	PS 26:3;O3	C32H56NO13P	[M-H]-	/resources/tools/chemdb_ontology?abbrev=PS 26:3;O3
692.33979	692.3417	.0019	PE 26:4;O3	C31H54NO11P	[M+Formate]-	/resources/tools/chemdb_ontology?abbrev=PE 26:4;O3
692.33979	692.3417	.0019	PE 25:4;O3	C30H52NO11P	[M+OAc]-	/resources/tools/chemdb_ontology?abbrev=PE 25:4;O3
832.6069	832.6073	.0004	PS 39:0	C45H88NO10P	[M-H]-	/resources/tools/chemdb_ontology?abbrev=PS 39:0
832.6069	832.6075	.0006	HexCer 40:2;O3	C46H87NO9	[M+Cl]-	/resources/tools/chemdb_ontology?abbrev=HexCer 40:2;O3
832.6069	832.5992	.0077	PC O-38:3	C46H88NO7P	[M+Cl]-	/resources/tools/chemdb_ontology?abbrev=PC O-38:3
832.6069	832.6073	.0004	PC 36:1	C44H86NO8P	[M+Formate]-	/resources/tools/chemdb_ontology?abbrev=PC 36:1
832.6069	832.6073	.0004	PE 39:1	C44H86NO8P	[M+Formate]-	/resources/tools/chemdb_ontology?abbrev=PE 39:1
832.6069	832.6156	.0087	HexCer 38:1;O4	C44H85NO10	[M+Formate]-	/resources/tools/chemdb_ontology?abbrev=HexCer 38:1;O4
832.6069	832.6073	.0004	PC 35:1	C43H84NO8P	[M+OAc]-	/resources/tools/chemdb_ontology?abbrev=PC 35:1
832.6069	832.6073	.0004	PE 38:1	C43H84NO8P	[M+OAc]-	/resources/tools/chemdb_ontology?abbrev=PE 38:1
606.54604	606.5467	.0007	Cer 38:2;O3	C38H73NO4	[M-H]-	/resources/tools/chemdb_ontology?abbrev=Cer 38:2;O3
653.55477	653.5514	.0033	CE 15:1	C42H72O2	[M+Formate]-	/resources/tools/chemdb_ontology?abbrev=CE 15:1
653.55477	653.5514	.0033	CE 14:1	C41H70O2	[M+OAc]-	/resources/tools/chemdb_ontology?abbrev=CE 14:1
815.54956	815.5444	.0052	PG O-36:4	C42H77O9P	[M+OAc]-	/resources/tools/chemdb_ontology?abbrev=PG O-36:4
815.54956	815.5465	.0031	PC 39:8	C47H78NO8P	Neutral	/resources/tools/chemdb_ontology?abbrev=PC 39:8
815.54956	815.5465	.0031	PE 42:8	C47H78NO8P	Neutral	/resources/tools/chemdb_ontology?abbrev=PE 42:8
718.56149	718.5625	.0010	CerPE 37:1;O3	C39H79N2O7P	Neutral	/resources/tools/chemdb_ontology?abbrev=CerPE 37:1;O3
718.56149	718.5536	.0079	DG 44:9	C47H74O5	Neutral	/resources/tools/chemdb_ontology?abbrev=DG 44:9
239.05944	239.0692	.0097	FA 9:1;O3	C9H16O5	[M+Cl]-	/resources/tools/chemdb_ontology?abbrev=FA 9:1;O3
239.05944	239.0561	.0033	FA 10:5;O2	C10H10O4	[M+Formate]-	/resources/tools/chemdb_ontology?abbrev=FA 10:5;O2
718.53868	718.5392	.0006	PE 34:0	C39H78NO8P	[M-H]-	/resources/tools/chemdb_ontology?abbrev=PE 34:0
718.53868	718.5392	.0006	CerP 38:1;O2	C38H76NO6P	[M+Formate]-	/resources/tools/chemdb_ontology?abbrev=CerP 38:1;O2
718.53868	718.5475	.0088	HexCer 32:0;O2	C38H75NO8	[M+Formate]-	/resources/tools/chemdb_ontology?abbrev=HexCer 32:0;O2
718.53868	718.5392	.0006	PC 32:0	C40H80NO8P	[M-CH3]-	/resources/tools/chemdb_ontology?abbrev=PC 32:0
784.56521	784.5580	.0072	HexCer 35:3;O3	C41H75NO9	[M+OAc]-	/resources/tools/chemdb_ontology?abbrev=HexCer 35:3;O3
784.56521	784.5618	.0034	PG O-38:4	C44H81O9P	Neutral	/resources/tools/chemdb_ontology?abbrev=PG O-38:4
816.55275	816.5549	.0021	PE 42:7	C47H80NO8P	[M-H]-	/resources/tools/chemdb_ontology?abbrev=PE 42:7
816.55275	816.5549	.0021	PC 40:7	C48H82NO8P	[M-CH3]-	/resources/tools/chemdb_ontology?abbrev=PC 40:7
814.54795	814.5392	.0087	PE 42:8	C47H78NO8P	[M-H]-	/resources/tools/chemdb_ontology?abbrev=PE 42:8
814.54795	814.5523	.0043	PE O-40:5	C45H82NO7P	[M+Cl]-	/resources/tools/chemdb_ontology?abbrev=PE O-40:5
814.54795	814.5392	.0087	PC 40:8	C48H80NO8P	[M-CH3]-	/resources/tools/chemdb_ontology?abbrev=PC 40:8
165.04073	165.0324	.0083	FA 6:1;O	C6H10O3	[M+Cl]-	/resources/tools/chemdb_ontology?abbrev=FA 6:1;O
165.04073	165.0405	.0003	FA 4:0;O2	C4H8O4	[M+Formate]-	/resources/tools/chemdb_ontology?abbrev=FA 4:0;O2
719.54181	719.5387	.0031	DG 41:5	C44H76O5	[M+Cl]-	/resources/tools/chemdb_ontology?abbrev=DG 41:5
719.54181	719.5345	.0073	CerPE 35:1;O2	C37H75N2O6P	[M+Formate]-	/resources/tools/chemdb_ontology?abbrev=CerPE 35:1;O2
719.54181	719.5345	.0073	SM 32:1;O2	C37H75N2O6P	[M+Formate]-	/resources/tools/chemdb_ontology?abbrev=SM 32:1;O2
719.54181	719.5345	.0073	CerPE 34:1;O2	C36H73N2O6P	[M+OAc]-	/resources/tools/chemdb_ontology?abbrev=CerPE 34:1;O2
719.54181	719.5465	.0047	PC 31:0	C39H78NO8P	Neutral	/resources/tools/chemdb_ontology?abbrev=PC 31:0
719.54181	719.5465	.0047	PE 34:0	C39H78NO8P	Neutral	/resources/tools/chemdb_ontology?abbrev=PE 34:0
1050.30032	1050.3067	.0064	CoA 16:1;O3	C37H64N7O20P3S	[M-H]-	/resources/tools/chemdb_ontology?abbrev=CoA 16:1;O3
1050.30032	1050.3067	.0064	CoA 15:1;O	C36H62N7O18P3S	[M+Formate]-	/resources/tools/chemdb_ontology?abbrev=CoA 15:1;O
1050.30032	1050.3067	.0064	CoA 14:1;O	C35H60N7O18P3S	[M+OAc]-	/resources/tools/chemdb_ontology?abbrev=CoA 14:1;O
642.5227	642.5234	.0007	Cer 38:2;O3	C38H73NO4	[M+Cl]-	/resources/tools/chemdb_ontology?abbrev=Cer 38:2;O3
642.5227	642.5314	.0087	Cer 36:1;O4	C36H71NO5	[M+Formate]-	/resources/tools/chemdb_ontology?abbrev=Cer 36:1;O4
642.5227	642.5223	.0004	DG 38:5	C41H70O5	Neutral	/resources/tools/chemdb_ontology?abbrev=DG 38:5
745.61523	745.6117	.0036	PA O-40:0	C43H87O7P	[M-H]-	/resources/tools/chemdb_ontology?abbrev=PA O-40:0
745.61523	745.6140	.0012	CE 22:4	C49H80O2	[M+Formate]-	/resources/tools/chemdb_ontology?abbrev=CE 22:4
745.61523	745.6229	.0077	SM 38:0;O2	C43H89N2O6P	[M-CH3]-	/resources/tools/chemdb_ontology?abbrev=SM 38:0;O2
829.53085	829.5236	.0072	PG 37:4	C43H77O10P	[M+Formate]-	/resources/tools/chemdb_ontology?abbrev=PG 37:4
829.53085	829.5236	.0072	PG 36:4	C42H75O10P	[M+OAc]-	/resources/tools/chemdb_ontology?abbrev=PG 36:4
1239.27784	1239.2786	.0008	FA 84:1;O2	C84H166O4	Neutral	/resources/tools/chemdb_ontology?abbrev=FA 84:1;O2
745.55796	745.5543	.0036	DG 43:6	C46H78O5	[M+Cl]-	/resources/tools/chemdb_ontology?abbrev=DG 43:6
745.55796	745.5501	.0078	CerPE 37:2;O2	C39H77N2O6P	[M+Formate]-	/resources/tools/chemdb_ontology?abbrev=CerPE 37:2;O2
745.55796	745.5501	.0078	SM 34:2;O2	C39H77N2O6P	[M+Formate]-	/resources/tools/chemdb_ontology?abbrev=SM 34:2;O2
745.55796	745.5501	.0078	CerPE 36:2;O2	C38H75N2O6P	[M+OAc]-	/resources/tools/chemdb_ontology?abbrev=CerPE 36:2;O2
745.55796	745.5501	.0078	SM 33:2;O2	C38H75N2O6P	[M+OAc]-	/resources/tools/chemdb_ontology?abbrev=SM 33:2;O2
745.55796	745.5571	.0009	CL 74:0	C83H162O17P2	[M-2H]2-	/resources/tools/chemdb_ontology?abbrev=CL 74:0
745.55796	745.5622	.0042	PC 33:1	C41H80NO8P	Neutral	/resources/tools/chemdb_ontology?abbrev=PC 33:1
745.55796	745.5622	.0042	PE 36:1	C41H80NO8P	Neutral	/resources/tools/chemdb_ontology?abbrev=PE 36:1
744.61125	744.6145	.0033	CerPE 40:1;O2	C42H85N2O6P	Neutral	/resources/tools/chemdb_ontology?abbrev=CerPE 40:1;O2
744.61125	744.6145	.0033	SM 37:1;O2	C42H85N2O6P	Neutral	/resources/tools/chemdb_ontology?abbrev=SM 37:1;O2
744.61125	744.6033	.0080	PA O-40:1	C43H85O7P	Neutral	/resources/tools/chemdb_ontology?abbrev=PA O-40:1
747.56361	747.5546	.0091	PG O-35:1	C41H81O9P	[M-H]-	/resources/tools/chemdb_ontology?abbrev=PG O-35:1
747.56361	747.5700	.0064	DG 43:5	C46H80O5	[M+Cl]-	/resources/tools/chemdb_ontology?abbrev=DG 43:5
747.56361	747.5658	.0022	CerPE 37:1;O2	C39H79N2O6P	[M+Formate]-	/resources/tools/chemdb_ontology?abbrev=CerPE 37:1;O2
747.56361	747.5658	.0022	SM 34:1;O2	C39H79N2O6P	[M+Formate]-	/resources/tools/chemdb_ontology?abbrev=SM 34:1;O2
747.56361	747.5546	.0091	PA O-37:1	C40H79O7P	[M+Formate]-	/resources/tools/chemdb_ontology?abbrev=PA O-37:1
747.56361	747.5658	.0022	CerPE 36:1;O2	C38H77N2O6P	[M+OAc]-	/resources/tools/chemdb_ontology?abbrev=CerPE 36:1;O2
747.56361	747.5658	.0022	SM 33:1;O2	C38H77N2O6P	[M+OAc]-	/resources/tools/chemdb_ontology?abbrev=SM 33:1;O2
747.56361	747.5546	.0091	PA O-36:1	C39H77O7P	[M+OAc]-	/resources/tools/chemdb_ontology?abbrev=PA O-36:1
669.54142	669.5464	.0049	DG 40:5	C43H74O5	[M-H]-	/resources/tools/chemdb_ontology?abbrev=DG 40:5
880.52925	880.5345	.0053	PS 40:6	C46H78NO10P	[M+Formate]-	/resources/tools/chemdb_ontology?abbrev=PS 40:6
880.52925	880.5345	.0053	PS 39:6	C45H76NO10P	[M+OAc]-	/resources/tools/chemdb_ontology?abbrev=PS 39:6
812.54191	812.5447	.0028	PS 38:3	C44H80NO10P	[M-H]-	/resources/tools/chemdb_ontology?abbrev=PS 38:3
812.54191	812.5366	.0053	PE O-40:6	C45H80NO7P	[M+Cl]-	/resources/tools/chemdb_ontology?abbrev=PE O-40:6
812.54191	812.5447	.0028	PC 35:4	C43H78NO8P	[M+Formate]-	/resources/tools/chemdb_ontology?abbrev=PC 35:4
812.54191	812.5447	.0028	PE 38:4	C43H78NO8P	[M+Formate]-	/resources/tools/chemdb_ontology?abbrev=PE 38:4
812.54191	812.5447	.0028	PE O-38:5;O	C43H78NO8P	[M+Formate]-	/resources/tools/chemdb_ontology?abbrev=PE O-38:5;O
812.54191	812.5447	.0028	PC 34:4	C42H76NO8P	[M+OAc]-	/resources/tools/chemdb_ontology?abbrev=PC 34:4
812.54191	812.5447	.0028	PE 37:4	C42H76NO8P	[M+OAc]-	/resources/tools/chemdb_ontology?abbrev=PE 37:4
717.56341	717.5552	.0082	CerPE 37:1;O3	C39H79N2O7P	[M-H]-	/resources/tools/chemdb_ontology?abbrev=CerPE 37:1;O3
717.56341	717.5675	.0041	DG 40:4	C43H76O5	[M+Formate]-	/resources/tools/chemdb_ontology?abbrev=DG 40:4
717.56341	717.5675	.0041	DG 39:4	C42H74O5	[M+OAc]-	/resources/tools/chemdb_ontology?abbrev=DG 39:4
717.56341	717.5672	.0038	PC O-32:1	C40H80NO7P	Neutral	/resources/tools/chemdb_ontology?abbrev=PC O-32:1
717.56341	717.5672	.0038	PE O-35:1	C40H80NO7P	Neutral	/resources/tools/chemdb_ontology?abbrev=PE O-35:1
314.07893	314.0764	.0026	CoA 12:2	C33H54N7O17P3S	[M-3H]3-	/resources/tools/chemdb_ontology?abbrev=CoA 12:2
813.54524	813.5418	.0034	PG 36:0	C42H83O10P	[M+Cl]-	/resources/tools/chemdb_ontology?abbrev=PG 36:0
813.54524	813.5520	.0067	PS 38:3	C44H80NO10P	Neutral	/resources/tools/chemdb_ontology?abbrev=PS 38:3
813.54524	813.5367	.0085	IPC 34:0;O4	C40H80NO13P	Neutral	/resources/tools/chemdb_ontology?abbrev=IPC 34:0;O4
315.0757	315.0794	.0037	FA 18:10;O	C18H16O3	[M+Cl]-	/resources/tools/chemdb_ontology?abbrev=FA 18:10;O
746.56101	746.5705	.0095	PE 36:0	C41H82NO8P	[M-H]-	/resources/tools/chemdb_ontology?abbrev=PE 36:0
746.56101	746.5707	.0097	DGTS 32:0	C42H81NO7	[M+Cl]-	/resources/tools/chemdb_ontology?abbrev=DGTS 32:0
746.56101	746.5705	.0095	CerP 40:1;O2	C40H80NO6P	[M+Formate]-	/resources/tools/chemdb_ontology?abbrev=CerP 40:1;O2
746.56101	746.5705	.0095	PC 34:0	C42H84NO8P	[M-CH3]-	/resources/tools/chemdb_ontology?abbrev=PC 34:0
881.53242	881.5316	.0008	PI O-36:3	C45H83O12P	[M+Cl]-	/resources/tools/chemdb_ontology?abbrev=PI O-36:3
881.53242	881.5397	.0073	PI 34:1	C43H81O13P	[M+Formate]-	/resources/tools/chemdb_ontology?abbrev=PI 34:1
881.53242	881.5397	.0073	PI 33:1	C42H79O13P	[M+OAc]-	/resources/tools/chemdb_ontology?abbrev=PI 33:1
927.52448	927.5240	.0004	PI 38:6	C47H79O13P	[M+Formate]-	/resources/tools/chemdb_ontology?abbrev=PI 38:6
927.52448	927.5240	.0004	PI 37:6	C46H77O13P	[M+OAc]-	/resources/tools/chemdb_ontology?abbrev=PI 37:6
716.57832	716.5832	.0049	CerPE 38:1;O2	C40H81N2O6P	Neutral	/resources/tools/chemdb_ontology?abbrev=CerPE 38:1;O2
716.57832	716.5832	.0049	SM 35:1;O2	C40H81N2O6P	Neutral	/resources/tools/chemdb_ontology?abbrev=SM 35:1;O2
716.57832	716.5720	.0063	PA O-38:1	C41H81O7P	Neutral	/resources/tools/chemdb_ontology?abbrev=PA O-38:1
715.5756	715.5760	.0004	CerPE 38:1;O2	C40H81N2O6P	[M-H]-	/resources/tools/chemdb_ontology?abbrev=CerPE 38:1;O2
715.5756	715.5671	.0085	CE 20:5	C47H74O2	[M+Formate]-	/resources/tools/chemdb_ontology?abbrev=CE 20:5
715.5756	715.5760	.0004	SM 36:1;O2	C41H83N2O6P	[M-CH3]-	/resources/tools/chemdb_ontology?abbrev=SM 36:1;O2
783.56275	783.5546	.0082	PG O-38:4	C44H81O9P	[M-H]-	/resources/tools/chemdb_ontology?abbrev=PG O-38:4
783.56275	783.5546	.0082	PA O-40:4	C43H79O7P	[M+Formate]-	/resources/tools/chemdb_ontology?abbrev=PA O-40:4
716.55952	716.5600	.0005	PE O-35:1	C40H80NO7P	[M-H]-	/resources/tools/chemdb_ontology?abbrev=PE O-35:1
716.55952	716.5682	.0087	HexCer 34:0;O3	C40H79NO9	[M-H]-	/resources/tools/chemdb_ontology?abbrev=HexCer 34:0;O3
716.55952	716.5600	.0005	PC O-33:1	C41H82NO7P	[M-CH3]-	/resources/tools/chemdb_ontology?abbrev=PC O-33:1
785.55059	785.5469	.0037	PG O-35:0	C41H83O9P	[M+Cl]-	/resources/tools/chemdb_ontology?abbrev=PG O-35:0
785.55059	785.5571	.0065	PS O-37:3	C43H80NO9P	Neutral	/resources/tools/chemdb_ontology?abbrev=PS O-37:3
890.48204	890.4744	.0076	PS 42:10	C48H74NO10P	[M+Cl]-	/resources/tools/chemdb_ontology?abbrev=PS 42:10
858.53454	858.5291	.0055	PS 42:8	C48H78NO10P	[M-H]-	/resources/tools/chemdb_ontology?abbrev=PS 42:8
858.53454	858.5421	.0076	PS O-40:5	C46H82NO9P	[M+Cl]-	/resources/tools/chemdb_ontology?abbrev=PS O-40:5
858.53454	858.5349	.0004	IPC 34:0;O4	C40H80NO13P	[M+Formate]-	/resources/tools/chemdb_ontology?abbrev=IPC 34:0;O4
858.53454	858.5291	.0055	PE 42:9	C47H76NO8P	[M+Formate]-	/resources/tools/chemdb_ontology?abbrev=PE 42:9
858.53454	858.5291	.0055	PC 38:9	C46H74NO8P	[M+OAc]-	/resources/tools/chemdb_ontology?abbrev=PC 38:9
858.53454	858.5258	.0087	PI 36:4	C45H79O13P	Neutral	/resources/tools/chemdb_ontology?abbrev=PI 36:4
803.62778	803.6195	.0083	TG 49:8	C52H84O6	[M-H]-	/resources/tools/chemdb_ontology?abbrev=TG 49:8
803.62778	803.6284	.0006	SM 38:1;O2	C43H87N2O6P	[M+Formate]-	/resources/tools/chemdb_ontology?abbrev=SM 38:1;O2
803.62778	803.6284	.0006	CerPE 40:1;O2	C42H85N2O6P	[M+OAc]-	/resources/tools/chemdb_ontology?abbrev=CerPE 40:1;O2
803.62778	803.6284	.0006	SM 37:1;O2	C42H85N2O6P	[M+OAc]-	/resources/tools/chemdb_ontology?abbrev=SM 37:1;O2
600.51248	600.5128	.0003	Cer 36:1;O2	C36H71NO3	[M+Cl]-	/resources/tools/chemdb_ontology?abbrev=Cer 36:1;O2
600.51248	600.5209	.0084	Cer 34:0;O3	C34H69NO4	[M+Formate]-	/resources/tools/chemdb_ontology?abbrev=Cer 34:0;O3
797.55016	797.5469	.0033	PG O-36:1	C42H83O9P	[M+Cl]-	/resources/tools/chemdb_ontology?abbrev=PG O-36:1
797.55016	797.5571	.0069	PC 36:4;O	C44H80NO9P	Neutral	/resources/tools/chemdb_ontology?abbrev=PC 36:4;O
797.55016	797.5571	.0069	PS O-38:4	C44H80NO9P	Neutral	/resources/tools/chemdb_ontology?abbrev=PS O-38:4
797.55016	797.5418	.0083	IPC 34:0;O3	C40H80NO12P	Neutral	/resources/tools/chemdb_ontology?abbrev=IPC 34:0;O3
864.53496	864.5316	.0034	PC 40:8	C48H80NO8P	[M+Cl]-	/resources/tools/chemdb_ontology?abbrev=PC 40:8
864.53496	864.5396	.0047	PS O-40:7	C46H78NO9P	[M+Formate]-	/resources/tools/chemdb_ontology?abbrev=PS O-40:7
627.53161	627.5358	.0042	CE 12:0	C39H68O2	[M+OAc]-	/resources/tools/chemdb_ontology?abbrev=CE 12:0
709.45787	709.4581	.0002	PA 34:1	C37H71O8P	[M+Cl]-	/resources/tools/chemdb_ontology?abbrev=PA 34:1
709.45787	709.4661	.0083	PG O-29:1	C35H69O9P	[M+Formate]-	/resources/tools/chemdb_ontology?abbrev=PG O-29:1
709.45787	709.4661	.0083	PG O-28:1	C34H67O9P	[M+OAc]-	/resources/tools/chemdb_ontology?abbrev=PG O-28:1
728.55963	728.5600	.0003	PE O-36:2	C41H80NO7P	[M-H]-	/resources/tools/chemdb_ontology?abbrev=PE O-36:2
728.55963	728.5600	.0003	PC O-34:2	C42H82NO7P	[M-CH3]-	/resources/tools/chemdb_ontology?abbrev=PC O-34:2
610.5406	610.5416	.0010	Cer 36:1;O2	C36H71NO3	[M+Formate]-	/resources/tools/chemdb_ontology?abbrev=Cer 36:1;O2
610.5406	610.5416	.0010	Cer 35:1;O2	C35H69NO3	[M+OAc]-	/resources/tools/chemdb_ontology?abbrev=Cer 35:1;O2
800.6247	800.6175	.0072	PE 40:1	C45H88NO8P	[M-H]-	/resources/tools/chemdb_ontology?abbrev=PE 40:1
800.6247	800.6257	.0010	HexCer 38:1;O2	C44H85NO8	[M+Formate]-	/resources/tools/chemdb_ontology?abbrev=HexCer 38:1;O2
800.6247	800.6175	.0072	CerP 44:2;O2	C44H86NO6P	[M+Formate]-	/resources/tools/chemdb_ontology?abbrev=CerP 44:2;O2
800.6247	800.6257	.0010	HexCer 37:1;O2	C43H83NO8	[M+OAc]-	/resources/tools/chemdb_ontology?abbrev=HexCer 37:1;O2
800.6247	800.6175	.0072	PC 38:1	C46H90NO8P	[M-CH3]-	/resources/tools/chemdb_ontology?abbrev=PC 38:1
800.6247	800.6295	.0048	PA 43:1	C46H89O8P	Neutral	/resources/tools/chemdb_ontology?abbrev=PA 43:1
796.54788	796.5498	.0019	PS O-38:4	C44H80NO9P	[M-H]-	/resources/tools/chemdb_ontology?abbrev=PS O-38:4
796.54788	796.5498	.0019	PE O-38:5	C43H78NO7P	[M+Formate]-	/resources/tools/chemdb_ontology?abbrev=PE O-38:5
796.54788	796.5498	.0019	PC O-34:5	C42H76NO7P	[M+OAc]-	/resources/tools/chemdb_ontology?abbrev=PC O-34:5
796.54788	796.5466	.0013	PI O-32:0	C41H81O12P	Neutral	/resources/tools/chemdb_ontology?abbrev=PI O-32:0
742.5749	742.5756	.0007	PE O-37:2	C42H82NO7P	[M-H]-	/resources/tools/chemdb_ontology?abbrev=PE O-37:2
742.5749	742.5839	.0090	HexCer 36:1;O3	C42H81NO9	[M-H]-	/resources/tools/chemdb_ontology?abbrev=HexCer 36:1;O3
742.5749	742.5756	.0007	PC O-35:2	C43H84NO7P	[M-CH3]-	/resources/tools/chemdb_ontology?abbrev=PC O-35:2
903.75816	903.7659	.0077	TG 52:2	C55H102O6	[M+Formate]-	/resources/tools/chemdb_ontology?abbrev=TG 52:2
903.75816	903.7536	.0046	SM 44:0;O2	C49H101N2O6P	[M+OAc]-	/resources/tools/chemdb_ontology?abbrev=SM 44:0;O2
903.75816	903.7659	.0077	TG 51:2	C54H100O6	[M+OAc]-	/resources/tools/chemdb_ontology?abbrev=TG 51:2
676.55644	676.5652	.0088	Cer 39:0;O4	C39H79NO5	[M+Cl]-	/resources/tools/chemdb_ontology?abbrev=Cer 39:0;O4
676.55644	676.5519	.0045	SM 32:0;O2	C37H77N2O6P	Neutral	/resources/tools/chemdb_ontology?abbrev=SM 32:0;O2
875.7271	875.7346	.0075	TG 50:2	C53H98O6	[M+Formate]-	/resources/tools/chemdb_ontology?abbrev=TG 50:2
875.7271	875.7223	.0048	SM 42:0;O2	C47H97N2O6P	[M+OAc]-	/resources/tools/chemdb_ontology?abbrev=SM 42:0;O2
875.7271	875.7346	.0075	TG 49:2	C52H96O6	[M+OAc]-	/resources/tools/chemdb_ontology?abbrev=TG 49:2
622.53453	622.5416	.0071	Cer 37:2;O2	C37H71NO3	[M+Formate]-	/resources/tools/chemdb_ontology?abbrev=Cer 37:2;O2
622.53453	622.5416	.0071	Cer 36:2;O2	C36H69NO3	[M+OAc]-	/resources/tools/chemdb_ontology?abbrev=Cer 36:2;O2
610.56068	610.5536	.0071	DG 35:0	C38H74O5	Neutral	/resources/tools/chemdb_ontology?abbrev=DG 35:0
610.56068	610.5689	.0082	CE 15:0	C42H74O2	Neutral	/resources/tools/chemdb_ontology?abbrev=CE 15:0
611.56381	611.5539	.0099	WE 39:1	C39H76O2	[M+Cl]-	/resources/tools/chemdb_ontology?abbrev=WE 39:1
611.56381	611.5620	.0018	FA 37:0;O	C37H74O3	[M+Formate]-	/resources/tools/chemdb_ontology?abbrev=FA 37:0;O
611.56381	611.5620	.0018	FA 36:0;O	C36H72O3	[M+OAc]-	/resources/tools/chemdb_ontology?abbrev=FA 36:0;O
609.55741	609.5616	.0042	CE 15:0	C42H74O2	[M-H]-	/resources/tools/chemdb_ontology?abbrev=CE 15:0
628.55375	628.5441	.0096	Cer 38:1;O2	C38H75NO3	[M+Cl]-	/resources/tools/chemdb_ontology?abbrev=Cer 38:1;O2
628.55375	628.5522	.0016	Cer 36:0;O3	C36H73NO4	[M+Formate]-	/resources/tools/chemdb_ontology?abbrev=Cer 36:0;O3
628.55375	628.5522	.0016	Cer 35:0;O3	C35H71NO4	[M+OAc]-	/resources/tools/chemdb_ontology?abbrev=Cer 35:0;O3
602.5292	602.5285	.0007	Cer 36:0;O2	C36H73NO3	[M+Cl]-	/resources/tools/chemdb_ontology?abbrev=Cer 36:0;O2
643.47775	643.4821	.0043	CerPE 33:2;O2	C35H69N2O6P	[M-H]-	/resources/tools/chemdb_ontology?abbrev=CerPE 33:2;O2
643.47775	643.4708	.0069	PA O-33:2	C36H69O7P	[M-H]-	/resources/tools/chemdb_ontology?abbrev=PA O-33:2
603.53195	603.5358	.0038	WE 38:3	C38H70O2	[M+Formate]-	/resources/tools/chemdb_ontology?abbrev=WE 38:3
644.481	644.4781	.0029	PA O-33:2	C36H69O7P	Neutral	/resources/tools/chemdb_ontology?abbrev=PA O-33:2
644.481	644.4893	.0083	CerPE 33:2;O2	C35H69N2O6P	Neutral	/resources/tools/chemdb_ontology?abbrev=CerPE 33:2;O2
770.56959	770.5705	.0009	PE 38:2	C43H82NO8P	[M-H]-	/resources/tools/chemdb_ontology?abbrev=PE 38:2
770.56959	770.5707	.0011	DGTS 34:2	C44H81NO7	[M+Cl]-	/resources/tools/chemdb_ontology?abbrev=DGTS 34:2
770.56959	770.5788	.0092	HexCer 36:2;O2	C42H79NO8	[M+Formate]-	/resources/tools/chemdb_ontology?abbrev=HexCer 36:2;O2
770.56959	770.5788	.0092	HexCer 35:2;O2	C41H77NO8	[M+OAc]-	/resources/tools/chemdb_ontology?abbrev=HexCer 35:2;O2
770.56959	770.5705	.0009	PC 36:2	C44H84NO8P	[M-CH3]-	/resources/tools/chemdb_ontology?abbrev=PC 36:2
1238.27965	1238.2713	.0083	FA 84:1;O2	C84H166O4	[M-H]-	/resources/tools/chemdb_ontology?abbrev=FA 84:1;O2
624.55644	624.5573	.0008	Cer 38:1;O4	C38H75NO5	[M-H]-	/resources/tools/chemdb_ontology?abbrev=Cer 38:1;O4
624.55644	624.5573	.0008	Cer 37:1;O2	C37H73NO3	[M+Formate]-	/resources/tools/chemdb_ontology?abbrev=Cer 37:1;O2
624.55644	624.5573	.0008	Cer 36:1;O2	C36H71NO3	[M+OAc]-	/resources/tools/chemdb_ontology?abbrev=Cer 36:1;O2
646.47898	646.4817	.0027	PE O-30:1	C35H70NO7P	[M-H]-	/resources/tools/chemdb_ontology?abbrev=PE O-30:1
646.47898	646.4817	.0027	PC O-28:1	C36H72NO7P	[M-CH3]-	/resources/tools/chemdb_ontology?abbrev=PC O-28:1
629.55229	629.5514	.0008	WE 40:4	C40H72O2	[M+Formate]-	/resources/tools/chemdb_ontology?abbrev=WE 40:4
613.56134	613.5696	.0082	FA 39:0	C39H78O2	[M+Cl]-	/resources/tools/chemdb_ontology?abbrev=FA 39:0
613.56134	613.5696	.0082	WE 39:0	C39H78O2	[M+Cl]-	/resources/tools/chemdb_ontology?abbrev=WE 39:0
613.56134	613.5645	.0032	Cer 37:0;O4	C37H75NO5	Neutral	/resources/tools/chemdb_ontology?abbrev=Cer 37:0;O4
716.55934	716.5600	.0006	PE O-35:1	C40H80NO7P	[M-H]-	/resources/tools/chemdb_ontology?abbrev=PE O-35:1
716.55934	716.5682	.0089	HexCer 34:0;O3	C40H79NO9	[M-H]-	/resources/tools/chemdb_ontology?abbrev=HexCer 34:0;O3
716.55934	716.5600	.0006	PC O-33:1	C41H82NO7P	[M-CH3]-	/resources/tools/chemdb_ontology?abbrev=PC O-33:1
652.5517	652.5522	.0005	Cer 38:2;O3	C38H73NO4	[M+Formate]-	/resources/tools/chemdb_ontology?abbrev=Cer 38:2;O3
652.5517	652.5522	.0005	Cer 37:2;O3	C37H71NO4	[M+OAc]-	/resources/tools/chemdb_ontology?abbrev=Cer 37:2;O3
717.56261	717.5552	.0074	CerPE 37:1;O3	C39H79N2O7P	[M-H]-	/resources/tools/chemdb_ontology?abbrev=CerPE 37:1;O3
717.56261	717.5675	.0049	DG 40:4	C43H76O5	[M+Formate]-	/resources/tools/chemdb_ontology?abbrev=DG 40:4
717.56261	717.5675	.0049	DG 39:4	C42H74O5	[M+OAc]-	/resources/tools/chemdb_ontology?abbrev=DG 39:4
717.56261	717.5672	.0046	PC O-32:1	C40H80NO7P	Neutral	/resources/tools/chemdb_ontology?abbrev=PC O-32:1
717.56261	717.5672	.0046	PE O-35:1	C40H80NO7P	Neutral	/resources/tools/chemdb_ontology?abbrev=PE O-35:1
707.57661	707.5831	.0065	DG 39:2	C42H78O5	[M+Formate]-	/resources/tools/chemdb_ontology?abbrev=DG 39:2
707.57661	707.5831	.0065	DG 38:2	C41H76O5	[M+OAc]-	/resources/tools/chemdb_ontology?abbrev=DG 38:2
744.55457	744.5549	.0003	PE 36:1	C41H80NO8P	[M-H]-	/resources/tools/chemdb_ontology?abbrev=PE 36:1
744.55457	744.5631	.0086	HexCer 34:1;O2	C40H77NO8	[M+Formate]-	/resources/tools/chemdb_ontology?abbrev=HexCer 34:1;O2
744.55457	744.5631	.0086	HexCer 33:1;O2	C39H75NO8	[M+OAc]-	/resources/tools/chemdb_ontology?abbrev=HexCer 33:1;O2
744.55457	744.5549	.0003	PC 34:1	C42H82NO8P	[M-CH3]-	/resources/tools/chemdb_ontology?abbrev=PC 34:1
812.54212	812.5447	.0026	PS 38:3	C44H80NO10P	[M-H]-	/resources/tools/chemdb_ontology?abbrev=PS 38:3
812.54212	812.5366	.0055	PE O-40:6	C45H80NO7P	[M+Cl]-	/resources/tools/chemdb_ontology?abbrev=PE O-40:6
812.54212	812.5447	.0026	PC 35:4	C43H78NO8P	[M+Formate]-	/resources/tools/chemdb_ontology?abbrev=PC 35:4
812.54212	812.5447	.0026	PE 38:4	C43H78NO8P	[M+Formate]-	/resources/tools/chemdb_ontology?abbrev=PE 38:4
812.54212	812.5447	.0026	PE O-38:5;O	C43H78NO8P	[M+Formate]-	/resources/tools/chemdb_ontology?abbrev=PE O-38:5;O
812.54212	812.5447	.0026	PC 34:4	C42H76NO8P	[M+OAc]-	/resources/tools/chemdb_ontology?abbrev=PC 34:4
812.54212	812.5447	.0026	PE 37:4	C42H76NO8P	[M+OAc]-	/resources/tools/chemdb_ontology?abbrev=PE 37:4
717.58104	717.5804	.0007	PA O-38:0	C41H83O7P	[M-H]-	/resources/tools/chemdb_ontology?abbrev=PA O-38:0
717.58104	717.5827	.0017	CE 20:4	C47H76O2	[M+Formate]-	/resources/tools/chemdb_ontology?abbrev=CE 20:4
717.58104	717.5755	.0056	HexCer 34:0;O3	C40H79NO9	Neutral	/resources/tools/chemdb_ontology?abbrev=HexCer 34:0;O3
911.64587	911.6513	.0055	PG 43:0	C49H97O10P	[M+Cl]-	/resources/tools/chemdb_ontology?abbrev=PG 43:0
911.64587	911.6407	.0052	TG 54:12	C57H86O6	[M+Formate]-	/resources/tools/chemdb_ontology?abbrev=TG 54:12
844.6622	844.6581	.0041	TG 52:9	C55H88O6	Neutral	/resources/tools/chemdb_ontology?abbrev=TG 52:9
844.6622	844.6557	.0065	PG O-42:2	C48H93O9P	Neutral	/resources/tools/chemdb_ontology?abbrev=PG O-42:2
843.65887	843.6508	.0080	TG 52:9	C55H88O6	[M-H]-	/resources/tools/chemdb_ontology?abbrev=TG 52:9
843.65887	843.6597	.0008	SM 41:2;O2	C46H91N2O6P	[M+Formate]-	/resources/tools/chemdb_ontology?abbrev=SM 41:2;O2
843.65887	843.6597	.0008	SM 40:2;O2	C45H89N2O6P	[M+OAc]-	/resources/tools/chemdb_ontology?abbrev=SM 40:2;O2
939.7215	939.7214	.0001	TG 56:7	C59H100O6	[M+Cl]-	/resources/tools/chemdb_ontology?abbrev=TG 56:7
938.7199	938.7220	.0021	PC O-44:4	C52H98NO7P	[M+OAc]-	/resources/tools/chemdb_ontology?abbrev=PC O-44:4
587.52316	587.5176	.0056	FA 36:0;O	C36H72O3	[M+Cl]-	/resources/tools/chemdb_ontology?abbrev=FA 36:0;O
784.44227	784.4406	.0016	PS 33:5	C39H66NO10P	[M+Formate]-	/resources/tools/chemdb_ontology?abbrev=PS 33:5
784.44227	784.4406	.0016	PS 32:5	C38H64NO10P	[M+OAc]-	/resources/tools/chemdb_ontology?abbrev=PS 32:5
696.49511	696.4974	.0023	PE O-34:4	C39H72NO7P	[M-H]-	/resources/tools/chemdb_ontology?abbrev=PE O-34:4
677.54452	677.5362	.0083	DG 37:3	C40H72O5	[M+Formate]-	/resources/tools/chemdb_ontology?abbrev=DG 37:3
677.54452	677.5514	.0069	CE 16:3	C43H70O2	[M+OAc]-	/resources/tools/chemdb_ontology?abbrev=CE 16:3
677.54452	677.5362	.0083	DG 36:3	C39H70O5	[M+OAc]-	/resources/tools/chemdb_ontology?abbrev=DG 36:3
677.54452	677.5359	.0086	PC O-29:0	C37H76NO7P	Neutral	/resources/tools/chemdb_ontology?abbrev=PC O-29:0
677.54452	677.5359	.0086	PE O-32:0	C37H76NO7P	Neutral	/resources/tools/chemdb_ontology?abbrev=PE O-32:0
614.52784	614.5285	.0006	Cer 37:1;O2	C37H73NO3	[M+Cl]-	/resources/tools/chemdb_ontology?abbrev=Cer 37:1;O2
614.52784	614.5365	.0087	Cer 35:0;O3	C35H71NO4	[M+Formate]-	/resources/tools/chemdb_ontology?abbrev=Cer 35:0;O3
614.52784	614.5365	.0087	Cer 34:0;O3	C34H69NO4	[M+OAc]-	/resources/tools/chemdb_ontology?abbrev=Cer 34:0;O3
641.54673	641.5514	.0047	CE 14:0	C41H72O2	[M+Formate]-	/resources/tools/chemdb_ontology?abbrev=CE 14:0
625.5601	625.5696	.0095	WE 40:1	C40H78O2	[M+Cl]-	/resources/tools/chemdb_ontology?abbrev=WE 40:1
625.5601	625.5645	.0044	Cer 38:1;O4	C38H75NO5	Neutral	/resources/tools/chemdb_ontology?abbrev=Cer 38:1;O4
624.55685	624.5573	.0004	Cer 38:1;O4	C38H75NO5	[M-H]-	/resources/tools/chemdb_ontology?abbrev=Cer 38:1;O4
624.55685	624.5573	.0004	Cer 37:1;O2	C37H73NO3	[M+Formate]-	/resources/tools/chemdb_ontology?abbrev=Cer 37:1;O2
624.55685	624.5573	.0004	Cer 36:1;O2	C36H71NO3	[M+OAc]-	/resources/tools/chemdb_ontology?abbrev=Cer 36:1;O2
695.49193	695.4900	.0019	CerPE 34:1;O2	C36H73N2O6P	[M+Cl]-	/resources/tools/chemdb_ontology?abbrev=CerPE 34:1;O2
695.49193	695.4892	.0027	DG 39:8	C42H66O5	[M+Formate]-	/resources/tools/chemdb_ontology?abbrev=DG 39:8
695.49193	695.4892	.0027	DG 38:8	C41H64O5	[M+OAc]-	/resources/tools/chemdb_ontology?abbrev=DG 38:8
695.49193	695.4890	.0029	PE O-34:5	C39H70NO7P	Neutral	/resources/tools/chemdb_ontology?abbrev=PE O-34:5
601.52728	601.5332	.0059	FA 37:0;O	C37H74O3	[M+Cl]-	/resources/tools/chemdb_ontology?abbrev=FA 37:0;O
601.52728	601.5201	.0071	FA 38:4	C38H68O2	[M+Formate]-	/resources/tools/chemdb_ontology?abbrev=FA 38:4
645.47623	645.4736	.0026	DG 35:5	C38H64O5	[M+Formate]-	/resources/tools/chemdb_ontology?abbrev=DG 35:5
645.47623	645.4736	.0026	DG 34:5	C37H62O5	[M+OAc]-	/resources/tools/chemdb_ontology?abbrev=DG 34:5
645.47623	645.4733	.0029	PE O-30:2	C35H68NO7P	Neutral	/resources/tools/chemdb_ontology?abbrev=PE O-30:2
612.56125	612.5573	.0040	Cer 37:0;O4	C37H75NO5	[M-H]-	/resources/tools/chemdb_ontology?abbrev=Cer 37:0;O4
612.56125	612.5573	.0040	Cer 36:0;O2	C36H73NO3	[M+Formate]-	/resources/tools/chemdb_ontology?abbrev=Cer 36:0;O2
612.56125	612.5573	.0040	Cer 35:0;O2	C35H71NO3	[M+OAc]-	/resources/tools/chemdb_ontology?abbrev=Cer 35:0;O2
609.55724	609.5616	.0044	CE 15:0	C42H74O2	[M-H]-	/resources/tools/chemdb_ontology?abbrev=CE 15:0
886.6146	886.6098	.0048	PC 41:4	C49H90NO8P	[M+Cl]-	/resources/tools/chemdb_ontology?abbrev=PC 41:4
886.6146	886.6098	.0048	PE 44:4	C49H90NO8P	[M+Cl]-	/resources/tools/chemdb_ontology?abbrev=PE 44:4
886.6146	886.6179	.0033	PS O-40:3	C46H86NO9P	[M+OAc]-	/resources/tools/chemdb_ontology?abbrev=PS O-40:3
610.56058	610.5536	.0070	DG 35:0	C38H74O5	Neutral	/resources/tools/chemdb_ontology?abbrev=DG 35:0
610.56058	610.5689	.0083	CE 15:0	C42H74O2	Neutral	/resources/tools/chemdb_ontology?abbrev=CE 15:0
653.54704	653.5514	.0044	CE 15:1	C42H72O2	[M+Formate]-	/resources/tools/chemdb_ontology?abbrev=CE 15:1
653.54704	653.5514	.0044	CE 14:1	C41H70O2	[M+OAc]-	/resources/tools/chemdb_ontology?abbrev=CE 14:1
626.52797	626.5285	.0005	Cer 38:2;O2	C38H73NO3	[M+Cl]-	/resources/tools/chemdb_ontology?abbrev=Cer 38:2;O2
626.52797	626.5365	.0086	Cer 36:1;O3	C36H71NO4	[M+Formate]-	/resources/tools/chemdb_ontology?abbrev=Cer 36:1;O3
636.55691	636.5573	.0003	Cer 38:2;O2	C38H73NO3	[M+Formate]-	/resources/tools/chemdb_ontology?abbrev=Cer 38:2;O2
636.55691	636.5573	.0003	Cer 37:2;O2	C37H71NO3	[M+OAc]-	/resources/tools/chemdb_ontology?abbrev=Cer 37:2;O2
627.53129	627.5358	.0045	CE 12:0	C39H68O2	[M+OAc]-	/resources/tools/chemdb_ontology?abbrev=CE 12:0
582.52933	582.5223	.0070	DG 33:0	C36H70O5	Neutral	/resources/tools/chemdb_ontology?abbrev=DG 33:0
611.56357	611.5539	.0096	WE 39:1	C39H76O2	[M+Cl]-	/resources/tools/chemdb_ontology?abbrev=WE 39:1
611.56357	611.5620	.0016	FA 37:0;O	C37H74O3	[M+Formate]-	/resources/tools/chemdb_ontology?abbrev=FA 37:0;O
611.56357	611.5620	.0016	FA 36:0;O	C36H72O3	[M+OAc]-	/resources/tools/chemdb_ontology?abbrev=FA 36:0;O
735.47343	735.4737	.0003	PA 36:2	C39H73O8P	[M+Cl]-	/resources/tools/chemdb_ontology?abbrev=PA 36:2
735.47343	735.4818	.0084	PG O-31:2	C37H71O9P	[M+Formate]-	/resources/tools/chemdb_ontology?abbrev=PG O-31:2
735.47343	735.4818	.0084	PG O-30:2	C36H69O9P	[M+OAc]-	/resources/tools/chemdb_ontology?abbrev=PG O-30:2
654.56619	654.5598	.0064	Cer 40:2;O2	C40H77NO3	[M+Cl]-	/resources/tools/chemdb_ontology?abbrev=Cer 40:2;O2
654.56619	654.5678	.0016	Cer 38:1;O3	C38H75NO4	[M+Formate]-	/resources/tools/chemdb_ontology?abbrev=Cer 38:1;O3
667.57034	667.5671	.0032	CE 16:1	C43H74O2	[M+Formate]-	/resources/tools/chemdb_ontology?abbrev=CE 16:1
667.57034	667.5671	.0032	CE 15:1	C42H72O2	[M+OAc]-	/resources/tools/chemdb_ontology?abbrev=CE 15:1
1232.16134	1232.1647	.0033	FA 80:2;O3	C80H156O5	[M+Cl]-	/resources/tools/chemdb_ontology?abbrev=FA 80:2;O3
666.56716	666.5678	.0007	Cer 38:2;O3	C38H73NO4	[M+OAc]-	/resources/tools/chemdb_ontology?abbrev=Cer 38:2;O3
684.53062	684.5206	.0100	CerPE 36:3;O2	C38H73N2O6P	Neutral	/resources/tools/chemdb_ontology?abbrev=CerPE 36:3;O2
755.48882	755.4869	.0020	PG 35:4	C41H73O10P	[M-H]-	/resources/tools/chemdb_ontology?abbrev=PG 35:4
755.48882	755.4869	.0020	PA 37:4	C40H71O8P	[M+Formate]-	/resources/tools/chemdb_ontology?abbrev=PA 37:4
755.48882	755.4869	.0020	PA 36:4	C39H69O8P	[M+OAc]-	/resources/tools/chemdb_ontology?abbrev=PA 36:4
774.41365	774.4118	.0018	PS 33:5	C39H66NO10P	[M+Cl]-	/resources/tools/chemdb_ontology?abbrev=PS 33:5
557.45727	557.4575	.0003	FA 34:5	C34H58O2	[M+OAc]-	/resources/tools/chemdb_ontology?abbrev=FA 34:5
557.45727	557.4575	.0003	WE 34:5	C34H58O2	[M+OAc]-	/resources/tools/chemdb_ontology?abbrev=WE 34:5
679.49701	679.4920	.0051	PG O-30:0	C36H73O9P	[M-H]-	/resources/tools/chemdb_ontology?abbrev=PG O-30:0
679.49701	679.4920	.0051	PA O-32:0	C35H71O7P	[M+Formate]-	/resources/tools/chemdb_ontology?abbrev=PA O-32:0
679.49701	679.4920	.0051	PA O-31:0	C34H69O7P	[M+OAc]-	/resources/tools/chemdb_ontology?abbrev=PA O-31:0
775.4168	775.4170	.0002	PI 27:0	C36H69O13P	[M+Cl]-	/resources/tools/chemdb_ontology?abbrev=PI 27:0
775.4168	775.4111	.0057	PA 40:10	C43H65O8P	[M+Cl]-	/resources/tools/chemdb_ontology?abbrev=PA 40:10
800.42906	800.4275	.0016	PS 35:6	C41H68NO10P	[M+Cl]-	/resources/tools/chemdb_ontology?abbrev=PS 35:6
810.45777	810.4563	.0015	PS 35:6	C41H68NO10P	[M+Formate]-	/resources/tools/chemdb_ontology?abbrev=PS 35:6
810.45777	810.4563	.0015	PS 34:6	C40H66NO10P	[M+OAc]-	/resources/tools/chemdb_ontology?abbrev=PS 34:6
801.43229	801.4326	.0004	PI 29:1	C38H71O13P	[M+Cl]-	/resources/tools/chemdb_ontology?abbrev=PI 29:1
801.43229	801.4350	.0027	MGDG 36:10	C45H66O10	[M+Cl]-	/resources/tools/chemdb_ontology?abbrev=MGDG 36:10
801.43229	801.4268	.0055	PA 42:11	C45H67O8P	[M+Cl]-	/resources/tools/chemdb_ontology?abbrev=PA 42:11
777.4145	777.4196	.0051	PG 30:4;O2	C36H63O12P	[M+OAc]-	/resources/tools/chemdb_ontology?abbrev=PG 30:4;O2
785.44549	785.4458	.0003	PI 27:0	C36H69O13P	[M+Formate]-	/resources/tools/chemdb_ontology?abbrev=PI 27:0
785.44549	785.4399	.0056	PA 40:10	C43H65O8P	[M+Formate]-	/resources/tools/chemdb_ontology?abbrev=PA 40:10
785.44549	785.4458	.0003	PI 26:0	C35H67O13P	[M+OAc]-	/resources/tools/chemdb_ontology?abbrev=PI 26:0
819.6308	819.6275	.0033	TG 47:4	C50H88O6	[M+Cl]-	/resources/tools/chemdb_ontology?abbrev=TG 47:4
819.6308	819.6233	.0075	CerPE 40:1;O3	C42H85N2O7P	[M+OAc]-	/resources/tools/chemdb_ontology?abbrev=CerPE 40:1;O3
819.6308	819.6353	.0045	PS O-39:0	C45H90NO9P	Neutral	/resources/tools/chemdb_ontology?abbrev=PS O-39:0
558.46062	558.4659	.0052	Cer 33:1;O2	C33H65NO3	[M+Cl]-	/resources/tools/chemdb_ontology?abbrev=Cer 33:1;O2
792.39852	792.3941	.0044	PS 30:4;O3	C36H62NO13P	[M+Formate]-	/resources/tools/chemdb_ontology?abbrev=PS 30:4;O3
798.49412	798.4846	.0095	PC 35:6	C43H74NO8P	[M+Cl]-	/resources/tools/chemdb_ontology?abbrev=PC 35:6
798.49412	798.4846	.0095	PE 38:6	C43H74NO8P	[M+Cl]-	/resources/tools/chemdb_ontology?abbrev=PE 38:6
798.49412	798.4846	.0095	PE O-38:7;O	C43H74NO8P	[M+Cl]-	/resources/tools/chemdb_ontology?abbrev=PE O-38:7;O
798.49412	798.4927	.0014	PS O-34:5	C40H70NO9P	[M+OAc]-	/resources/tools/chemdb_ontology?abbrev=PS O-34:5
788.46537	788.4719	.0066	PS 33:3	C39H70NO10P	[M+Formate]-	/resources/tools/chemdb_ontology?abbrev=PS 33:3
788.46537	788.4719	.0066	PC 30:4;O2	C38H68NO10P	[M+OAc]-	/resources/tools/chemdb_ontology?abbrev=PC 30:4;O2
788.46537	788.4719	.0066	PS 32:3	C38H68NO10P	[M+OAc]-	/resources/tools/chemdb_ontology?abbrev=PS 32:3
788.46537	788.4628	.0025	PG 38:9	C44H69O10P	Neutral	/resources/tools/chemdb_ontology?abbrev=PG 38:9
730.5745	730.5756	.0011	PE O-36:1	C41H82NO7P	[M-H]-	/resources/tools/chemdb_ontology?abbrev=PE O-36:1
730.5745	730.5756	.0011	PC O-34:1	C42H84NO7P	[M-CH3]-	/resources/tools/chemdb_ontology?abbrev=PC O-34:1
766.38287	766.3784	.0044	PS 28:3;O3	C34H60NO13P	[M+Formate]-	/resources/tools/chemdb_ontology?abbrev=PS 28:3;O3
696.56473	696.5693	.0045	DG 42:6	C45H76O5	Neutral	/resources/tools/chemdb_ontology?abbrev=DG 42:6
728.55927	728.5600	.0007	PE O-36:2	C41H80NO7P	[M-H]-	/resources/tools/chemdb_ontology?abbrev=PE O-36:2
728.55927	728.5600	.0007	PC O-34:2	C42H82NO7P	[M-CH3]-	/resources/tools/chemdb_ontology?abbrev=PC O-34:2
695.56122	695.5620	.0008	DG 42:6	C45H76O5	[M-H]-	/resources/tools/chemdb_ontology?abbrev=DG 42:6
818.62763	818.6281	.0004	PS O-39:0	C45H90NO9P	[M-H]-	/resources/tools/chemdb_ontology?abbrev=PS O-39:0
818.62763	818.6282	.0006	HexCer 40:1;O2	C46H89NO8	[M+Cl]-	/resources/tools/chemdb_ontology?abbrev=HexCer 40:1;O2
818.62763	818.6281	.0004	PC O-36:1	C44H88NO7P	[M+Formate]-	/resources/tools/chemdb_ontology?abbrev=PC O-36:1
818.62763	818.6281	.0004	PE O-39:1	C44H88NO7P	[M+Formate]-	/resources/tools/chemdb_ontology?abbrev=PE O-39:1
818.62763	818.6363	.0087	HexCer 38:0;O3	C44H87NO9	[M+Formate]-	/resources/tools/chemdb_ontology?abbrev=HexCer 38:0;O3
818.62763	818.6281	.0004	PC O-35:1	C43H86NO7P	[M+OAc]-	/resources/tools/chemdb_ontology?abbrev=PC O-35:1
818.62763	818.6281	.0004	PE O-38:1	C43H86NO7P	[M+OAc]-	/resources/tools/chemdb_ontology?abbrev=PE O-38:1
532.44477	532.4502	.0054	Cer 31:0;O2	C31H63NO3	[M+Cl]-	/resources/tools/chemdb_ontology?abbrev=Cer 31:0;O2
532.44477	532.4492	.0044	FAHFA 34:3;O	C34H60O4	Neutral	/resources/tools/chemdb_ontology?abbrev=FAHFA 34:3;O
1168.19411	1168.1931	.0010	FA 79:1;O2	C79H156O4	[M-H]-	/resources/tools/chemdb_ontology?abbrev=FA 79:1;O2
1169.19449	1169.2004	.0059	FA 79:1;O2	C79H156O4	Neutral	/resources/tools/chemdb_ontology?abbrev=FA 79:1;O2
531.44159	531.4419	.0003	FAHFA 34:3;O	C34H60O4	[M-H]-	/resources/tools/chemdb_ontology?abbrev=FAHFA 34:3;O
531.44159	531.4419	.0003	FA 32:4	C32H56O2	[M+OAc]-	/resources/tools/chemdb_ontology?abbrev=FA 32:4
531.44159	531.4419	.0003	WE 32:4	C32H56O2	[M+OAc]-	/resources/tools/chemdb_ontology?abbrev=WE 32:4
683.52765	683.5336	.0060	HexCer 33:2;O2	C39H73NO8	Neutral	/resources/tools/chemdb_ontology?abbrev=HexCer 33:2;O2
935.54091	935.5422	.0013	PI 39:4	C48H85O13P	[M+Cl]-	/resources/tools/chemdb_ontology?abbrev=PI 39:4
165.04073	165.0324	.0083	FA 6:1;O	C6H10O3	[M+Cl]-	/resources/tools/chemdb_ontology?abbrev=FA 6:1;O
165.04073	165.0405	.0003	FA 4:0;O2	C4H8O4	[M+Formate]-	/resources/tools/chemdb_ontology?abbrev=FA 4:0;O2
239.05951	239.0692	.0097	FA 9:1;O3	C9H16O5	[M+Cl]-	/resources/tools/chemdb_ontology?abbrev=FA 9:1;O3
239.05951	239.0561	.0034	FA 10:5;O2	C10H10O4	[M+Formate]-	/resources/tools/chemdb_ontology?abbrev=FA 10:5;O2
610.56022	610.5536	.0066	DG 35:0	C38H74O5	Neutral	/resources/tools/chemdb_ontology?abbrev=DG 35:0
610.56022	610.5689	.0087	CE 15:0	C42H74O2	Neutral	/resources/tools/chemdb_ontology?abbrev=CE 15:0
314.07899	314.0764	.0026	CoA 12:2	C33H54N7O17P3S	[M-3H]3-	/resources/tools/chemdb_ontology?abbrev=CoA 12:2
636.55737	636.5573	.0001	Cer 38:2;O2	C38H73NO3	[M+Formate]-	/resources/tools/chemdb_ontology?abbrev=Cer 38:2;O2
636.55737	636.5573	.0001	Cer 37:2;O2	C37H71NO3	[M+OAc]-	/resources/tools/chemdb_ontology?abbrev=Cer 37:2;O2
705.5627	705.5552	.0075	CerPE 36:0;O3	C38H79N2O7P	[M-H]-	/resources/tools/chemdb_ontology?abbrev=CerPE 36:0;O3
705.5627	705.5675	.0048	DG 39:3	C42H76O5	[M+Formate]-	/resources/tools/chemdb_ontology?abbrev=DG 39:3
705.5627	705.5675	.0048	DG 38:3	C41H74O5	[M+OAc]-	/resources/tools/chemdb_ontology?abbrev=DG 38:3
705.5627	705.5672	.0045	PC O-31:0	C39H80NO7P	Neutral	/resources/tools/chemdb_ontology?abbrev=PC O-31:0
705.5627	705.5672	.0045	PE O-34:0	C39H80NO7P	Neutral	/resources/tools/chemdb_ontology?abbrev=PE O-34:0
826.64022	826.6331	.0071	PE 42:2	C47H90NO8P	[M-H]-	/resources/tools/chemdb_ontology?abbrev=PE 42:2
826.64022	826.6414	.0012	HexCer 40:2;O2	C46H87NO8	[M+Formate]-	/resources/tools/chemdb_ontology?abbrev=HexCer 40:2;O2
826.64022	826.6414	.0012	HexCer 39:2;O2	C45H85NO8	[M+OAc]-	/resources/tools/chemdb_ontology?abbrev=HexCer 39:2;O2
826.64022	826.6331	.0071	PC 40:2	C48H92NO8P	[M-CH3]-	/resources/tools/chemdb_ontology?abbrev=PC 40:2
624.57591	624.5693	.0066	DG 36:0	C39H76O5	Neutral	/resources/tools/chemdb_ontology?abbrev=DG 36:0
624.57591	624.5845	.0086	CE 16:0	C43H76O2	Neutral	/resources/tools/chemdb_ontology?abbrev=CE 16:0
867.55298	867.5604	.0074	PI O-34:1	C43H83O12P	[M+Formate]-	/resources/tools/chemdb_ontology?abbrev=PI O-34:1
867.55298	867.5604	.0074	PI O-33:1	C42H81O12P	[M+OAc]-	/resources/tools/chemdb_ontology?abbrev=PI O-33:1
861.64082	861.6459	.0051	PS 41:0	C47H92NO10P	Neutral	/resources/tools/chemdb_ontology?abbrev=PS 41:0
799.56587	799.5625	.0033	PG O-36:0	C42H85O9P	[M+Cl]-	/resources/tools/chemdb_ontology?abbrev=PG O-36:0
799.56587	799.5577	.0082	MGDG 34:2	C43H78O10	[M+Formate]-	/resources/tools/chemdb_ontology?abbrev=MGDG 34:2
799.56587	799.5727	.0069	PS O-38:3	C44H82NO9P	Neutral	/resources/tools/chemdb_ontology?abbrev=PS O-38:3
732.58167	732.5913	.0096	PE O-36:0	C41H84NO7P	[M-H]-	/resources/tools/chemdb_ontology?abbrev=PE O-36:0
732.58167	732.5913	.0096	PC O-34:0	C42H86NO7P	[M-CH3]-	/resources/tools/chemdb_ontology?abbrev=PC O-34:0
732.58167	732.5781	.0035	CerPE 38:1;O3	C40H81N2O7P	Neutral	/resources/tools/chemdb_ontology?abbrev=CerPE 38:1;O3
730.57529	730.5756	.0003	PE O-36:1	C41H82NO7P	[M-H]-	/resources/tools/chemdb_ontology?abbrev=PE O-36:1
730.57529	730.5756	.0003	PC O-34:1	C42H84NO7P	[M-CH3]-	/resources/tools/chemdb_ontology?abbrev=PC O-34:1
638.57207	638.5729	.0008	Cer 38:1;O2	C38H75NO3	[M+Formate]-	/resources/tools/chemdb_ontology?abbrev=Cer 38:1;O2
638.57207	638.5729	.0008	Cer 37:1;O2	C37H73NO3	[M+OAc]-	/resources/tools/chemdb_ontology?abbrev=Cer 37:1;O2
623.5726	623.5773	.0047	CE 16:0	C43H76O2	[M-H]-	/resources/tools/chemdb_ontology?abbrev=CE 16:0
927.66833	927.6720	.0036	TG 55:11	C58H90O6	[M+Formate]-	/resources/tools/chemdb_ontology?abbrev=TG 55:11
927.66833	927.6720	.0036	TG 54:11	C57H88O6	[M+OAc]-	/resources/tools/chemdb_ontology?abbrev=TG 54:11
731.57867	731.5709	.0078	CerPE 38:1;O3	C40H81N2O7P	[M-H]-	/resources/tools/chemdb_ontology?abbrev=CerPE 38:1;O3
731.57867	731.5831	.0045	DG 41:4	C44H78O5	[M+Formate]-	/resources/tools/chemdb_ontology?abbrev=DG 41:4
731.57867	731.5831	.0045	DG 40:4	C43H76O5	[M+OAc]-	/resources/tools/chemdb_ontology?abbrev=DG 40:4
731.57867	731.5829	.0042	PC O-33:1	C41H82NO7P	Neutral	/resources/tools/chemdb_ontology?abbrev=PC O-33:1
731.57867	731.5829	.0042	PE O-36:1	C41H82NO7P	Neutral	/resources/tools/chemdb_ontology?abbrev=PE O-36:1
609.55715	609.5616	.0045	CE 15:0	C42H74O2	[M-H]-	/resources/tools/chemdb_ontology?abbrev=CE 15:0
860.63749	860.6386	.0011	PS 41:0	C47H92NO10P	[M-H]-	/resources/tools/chemdb_ontology?abbrev=PS 41:0
860.63749	860.6388	.0013	HexCer 36:1;O	C48H91NO9	[M+Cl]-	/resources/tools/chemdb_ontology?abbrev=HexCer 36:1;O
860.63749	860.6388	.0013	HexCer 42:2;O3	C48H91NO9	[M+Cl]-	/resources/tools/chemdb_ontology?abbrev=HexCer 42:2;O3
860.63749	860.6305	.0069	PC O-40:3	C48H92NO7P	[M+Cl]-	/resources/tools/chemdb_ontology?abbrev=PC O-40:3
860.63749	860.6386	.0011	PC 38:1	C46H90NO8P	[M+Formate]-	/resources/tools/chemdb_ontology?abbrev=PC 38:1
860.63749	860.6386	.0011	PE 41:1	C46H90NO8P	[M+Formate]-	/resources/tools/chemdb_ontology?abbrev=PE 41:1
860.63749	860.6469	.0094	HexCer 40:1;O4	C46H89NO10	[M+Formate]-	/resources/tools/chemdb_ontology?abbrev=HexCer 40:1;O4
860.63749	860.6386	.0011	PC 37:1	C45H88NO8P	[M+OAc]-	/resources/tools/chemdb_ontology?abbrev=PC 37:1
860.63749	860.6386	.0011	PE 40:1	C45H88NO8P	[M+OAc]-	/resources/tools/chemdb_ontology?abbrev=PE 40:1
860.68351	860.6750	.0085	PS O-42:0	C48H96NO9P	[M-H]-	/resources/tools/chemdb_ontology?abbrev=PS O-42:0
860.68351	860.6750	.0085	PC O-39:1	C47H94NO7P	[M+Formate]-	/resources/tools/chemdb_ontology?abbrev=PC O-39:1
860.68351	860.6750	.0085	PE O-42:1	C47H94NO7P	[M+Formate]-	/resources/tools/chemdb_ontology?abbrev=PE O-42:1
860.68351	860.6750	.0085	PC O-38:1	C46H92NO7P	[M+OAc]-	/resources/tools/chemdb_ontology?abbrev=PC O-38:1
860.68351	860.6750	.0085	PE O-41:1	C46H92NO7P	[M+OAc]-	/resources/tools/chemdb_ontology?abbrev=PE O-41:1
860.68351	860.6894	.0059	TG 53:8	C56H92O6	Neutral	/resources/tools/chemdb_ontology?abbrev=TG 53:8
1062.63925	1062.6347	.0045	MIPC 36:0;O4	C48H94NO18P	[M+OAc]-	/resources/tools/chemdb_ontology?abbrev=MIPC 36:0;O4
857.67496	857.6665	.0085	TG 53:9	C56H90O6	[M-H]-	/resources/tools/chemdb_ontology?abbrev=TG 53:9
857.67496	857.6753	.0004	SM 42:2;O2	C47H93N2O6P	[M+Formate]-	/resources/tools/chemdb_ontology?abbrev=SM 42:2;O2
857.67496	857.6753	.0004	SM 41:2;O2	C46H91N2O6P	[M+OAc]-	/resources/tools/chemdb_ontology?abbrev=SM 41:2;O2
847.64565	847.6434	.0023	PG 41:0	C47H93O10P	[M-H]-	/resources/tools/chemdb_ontology?abbrev=PG 41:0
847.64565	847.6465	.0009	SM 42:2;O2	C47H93N2O6P	[M+Cl]-	/resources/tools/chemdb_ontology?abbrev=SM 42:2;O2
847.64565	847.6434	.0023	PA 43:0	C46H91O8P	[M+Formate]-	/resources/tools/chemdb_ontology?abbrev=PA 43:0
847.64565	847.6434	.0023	PA 42:0	C45H89O8P	[M+OAc]-	/resources/tools/chemdb_ontology?abbrev=PA 42:0
847.64565	847.6455	.0002	PC O-42:6	C50H90NO7P	Neutral	/resources/tools/chemdb_ontology?abbrev=PC O-42:6
925.66217	925.6670	.0048	PG 44:0	C50H99O10P	[M+Cl]-	/resources/tools/chemdb_ontology?abbrev=PG 44:0
925.66217	925.6563	.0059	TG 54:12	C57H86O6	[M+OAc]-	/resources/tools/chemdb_ontology?abbrev=TG 54:12
925.66217	925.6619	.0002	IPC 42:0;O4	C48H96NO13P	Neutral	/resources/tools/chemdb_ontology?abbrev=IPC 42:0;O4
829.61323	829.6119	.0014	TG 48:6	C51H86O6	[M+Cl]-	/resources/tools/chemdb_ontology?abbrev=TG 48:6
829.61323	829.6197	.0064	PS O-40:2	C46H88NO9P	Neutral	/resources/tools/chemdb_ontology?abbrev=PS O-40:2
858.67831	858.6737	.0046	TG 53:9	C56H90O6	Neutral	/resources/tools/chemdb_ontology?abbrev=TG 53:9
859.68118	859.6821	.0009	TG 53:8	C56H92O6	[M-H]-	/resources/tools/chemdb_ontology?abbrev=TG 53:8
859.68118	859.6910	.0098	SM 42:1;O2	C47H95N2O6P	[M+Formate]-	/resources/tools/chemdb_ontology?abbrev=SM 42:1;O2
859.68118	859.6910	.0098	SM 41:1;O2	C46H93N2O6P	[M+OAc]-	/resources/tools/chemdb_ontology?abbrev=SM 41:1;O2
830.61682	830.6069	.0099	PC O-42:7	C50H88NO7P	[M-CH3]-	/resources/tools/chemdb_ontology?abbrev=PC O-42:7
971.65456	971.6594	.0049	PI 44:3	C53H97O13P	[M-H]-	/resources/tools/chemdb_ontology?abbrev=PI 44:3
601.52689	601.5332	.0063	FA 37:0;O	C37H74O3	[M+Cl]-	/resources/tools/chemdb_ontology?abbrev=FA 37:0;O
601.52689	601.5201	.0067	FA 38:4	C38H68O2	[M+Formate]-	/resources/tools/chemdb_ontology?abbrev=FA 38:4
874.66443	874.6544	.0100	HexCer 43:2;O3	C49H93NO9	[M+Cl]-	/resources/tools/chemdb_ontology?abbrev=HexCer 43:2;O3
874.66443	874.6625	.0019	HexCer 40:1;O4	C46H89NO10	[M+OAc]-	/resources/tools/chemdb_ontology?abbrev=HexCer 40:1;O4
874.66443	874.6663	.0019	PG 43:1	C49H95O10P	Neutral	/resources/tools/chemdb_ontology?abbrev=PG 43:1
720.37108	720.3730	.0019	PS 28:3;O3	C34H60NO13P	[M-H]-	/resources/tools/chemdb_ontology?abbrev=PS 28:3;O3
720.37108	720.3730	.0019	PC 25:4;O3	C33H58NO11P	[M+Formate]-	/resources/tools/chemdb_ontology?abbrev=PC 25:4;O3
721.37426	721.3802	.0060	PS 28:3;O3	C34H60NO13P	Neutral	/resources/tools/chemdb_ontology?abbrev=PS 28:3;O3
953.73739	953.7371	.0003	TG 57:7	C60H102O6	[M+Cl]-	/resources/tools/chemdb_ontology?abbrev=TG 57:7
798.56261	798.5655	.0028	PS O-38:3	C44H82NO9P	[M-H]-	/resources/tools/chemdb_ontology?abbrev=PS O-38:3
798.56261	798.5655	.0028	PC O-35:4	C43H80NO7P	[M+Formate]-	/resources/tools/chemdb_ontology?abbrev=PC O-35:4
798.56261	798.5655	.0028	PE O-38:4	C43H80NO7P	[M+Formate]-	/resources/tools/chemdb_ontology?abbrev=PE O-38:4
798.56261	798.5655	.0028	PC O-34:4	C42H78NO7P	[M+OAc]-	/resources/tools/chemdb_ontology?abbrev=PC O-34:4
704.55948	704.5600	.0005	PE O-34:0	C39H80NO7P	[M-H]-	/resources/tools/chemdb_ontology?abbrev=PE O-34:0
704.55948	704.5600	.0005	PC O-32:0	C40H82NO7P	[M-CH3]-	/resources/tools/chemdb_ontology?abbrev=PC O-32:0
866.54986	866.5472	.0026	PC 40:7	C48H82NO8P	[M+Cl]-	/resources/tools/chemdb_ontology?abbrev=PC 40:7
866.54986	866.5553	.0054	PS O-40:6	C46H80NO9P	[M+Formate]-	/resources/tools/chemdb_ontology?abbrev=PS O-40:6
866.54986	866.5553	.0054	PE 40:6;O	C45H78NO9P	[M+OAc]-	/resources/tools/chemdb_ontology?abbrev=PE 40:6;O
656.56593	656.5754	.0095	Cer 40:1;O2	C40H79NO3	[M+Cl]-	/resources/tools/chemdb_ontology?abbrev=Cer 40:1;O2
629.54696	629.5514	.0045	WE 40:4	C40H72O2	[M+Formate]-	/resources/tools/chemdb_ontology?abbrev=WE 40:4
899.64619	899.6407	.0055	TG 54:11;O2	C57H88O8	[M-H]-	/resources/tools/chemdb_ontology?abbrev=TG 54:11;O2
899.64619	899.6383	.0079	PG O-42:4	C48H89O9P	[M+OAc]-	/resources/tools/chemdb_ontology?abbrev=PG O-42:4
639.57591	639.5852	.0093	WE 41:1	C41H80O2	[M+Cl]-	/resources/tools/chemdb_ontology?abbrev=WE 41:1
831.65893	831.6508	.0081	TG 51:8	C54H88O6	[M-H]-	/resources/tools/chemdb_ontology?abbrev=TG 51:8
831.65893	831.6597	.0008	SM 40:1;O2	C45H91N2O6P	[M+Formate]-	/resources/tools/chemdb_ontology?abbrev=SM 40:1;O2
831.65893	831.6597	.0008	SM 39:1;O2	C44H89N2O6P	[M+OAc]-	/resources/tools/chemdb_ontology?abbrev=SM 39:1;O2
832.66201	832.6581	.0039	TG 51:8	C54H88O6	Neutral	/resources/tools/chemdb_ontology?abbrev=TG 51:8
832.66201	832.6557	.0063	PG O-41:1	C47H93O9P	Neutral	/resources/tools/chemdb_ontology?abbrev=PG O-41:1
737.48918	737.4894	.0002	PA 36:1	C39H75O8P	[M+Cl]-	/resources/tools/chemdb_ontology?abbrev=PA 36:1
737.48918	737.4974	.0083	PG O-31:1	C37H73O9P	[M+Formate]-	/resources/tools/chemdb_ontology?abbrev=PG O-31:1
737.48918	737.4974	.0083	PG O-30:1	C36H71O9P	[M+OAc]-	/resources/tools/chemdb_ontology?abbrev=PG O-30:1
727.46039	727.4556	.0048	PG 33:4	C39H69O10P	[M-H]-	/resources/tools/chemdb_ontology?abbrev=PG 33:4
727.46039	727.4686	.0082	PG O-31:1	C37H73O9P	[M+Cl]-	/resources/tools/chemdb_ontology?abbrev=PG O-31:1
727.46039	727.4556	.0048	PA 35:4	C38H67O8P	[M+Formate]-	/resources/tools/chemdb_ontology?abbrev=PA 35:4
727.46039	727.4556	.0048	PA 34:4	C37H65O8P	[M+OAc]-	/resources/tools/chemdb_ontology?abbrev=PA 34:4
728.46347	728.4639	.0004	PS O-30:0	C36H72NO9P	[M+Cl]-	/resources/tools/chemdb_ontology?abbrev=PS O-30:0
728.46347	728.4628	.0006	PG 33:4	C39H69O10P	Neutral	/resources/tools/chemdb_ontology?abbrev=PG 33:4
738.49231	738.4846	.0077	PC 30:1	C38H74NO8P	[M+Cl]-	/resources/tools/chemdb_ontology?abbrev=PC 30:1
738.49231	738.4846	.0077	PE 33:1	C38H74NO8P	[M+Cl]-	/resources/tools/chemdb_ontology?abbrev=PE 33:1
738.49231	738.4927	.0004	PS O-30:0	C36H72NO9P	[M+Formate]-	/resources/tools/chemdb_ontology?abbrev=PS O-30:0
738.49231	738.4927	.0004	LPS O-29:1;O	C35H70NO9P	[M+OAc]-	/resources/tools/chemdb_ontology?abbrev=LPS O-29:1;O
738.49231	738.4927	.0004	PS O-29:0	C35H70NO9P	[M+OAc]-	/resources/tools/chemdb_ontology?abbrev=PS O-29:0
769.62218	769.6229	.0007	SM 40:2;O2	C45H89N2O6P	[M-CH3]-	/resources/tools/chemdb_ontology?abbrev=SM 40:2;O2
423.42042	423.4208	.0003	FA 28:0	C28H56O2	[M-H]-	/resources/tools/chemdb_ontology?abbrev=FA 28:0
423.42042	423.4208	.0003	SFE 28:0	C28H56O2	[M-H]-	/resources/tools/chemdb_ontology?abbrev=SFE 28:0
423.42042	423.4208	.0003	WE 28:0	C28H56O2	[M-H]-	/resources/tools/chemdb_ontology?abbrev=WE 28:0
773.58888	773.5937	.0048	TG 43:4	C46H80O6	[M+Formate]-	/resources/tools/chemdb_ontology?abbrev=TG 43:4
773.58888	773.5814	.0074	CerPE 39:2;O2	C41H81N2O6P	[M+Formate]-	/resources/tools/chemdb_ontology?abbrev=CerPE 39:2;O2
773.58888	773.5814	.0074	SM 36:2;O2	C41H81N2O6P	[M+Formate]-	/resources/tools/chemdb_ontology?abbrev=SM 36:2;O2
773.58888	773.5937	.0048	TG 42:4	C45H78O6	[M+OAc]-	/resources/tools/chemdb_ontology?abbrev=TG 42:4
773.58888	773.5814	.0074	CerPE 38:2;O2	C40H79N2O6P	[M+OAc]-	/resources/tools/chemdb_ontology?abbrev=CerPE 38:2;O2
773.58888	773.5884	.0005	CL 78:0	C87H170O17P2	[M-2H]2-	/resources/tools/chemdb_ontology?abbrev=CL 78:0
773.58888	773.5935	.0046	PC 35:1	C43H84NO8P	Neutral	/resources/tools/chemdb_ontology?abbrev=PC 35:1
773.58888	773.5935	.0046	PE 38:1	C43H84NO8P	Neutral	/resources/tools/chemdb_ontology?abbrev=PE 38:1
773.58888	773.5806	.0083	DGCC 36:5	C46H79NO8	Neutral	/resources/tools/chemdb_ontology?abbrev=DGCC 36:5
772.58568	772.5862	.0005	PE 38:1	C43H84NO8P	[M-H]-	/resources/tools/chemdb_ontology?abbrev=PE 38:1
772.58568	772.5862	.0005	CerP 42:2;O2	C42H82NO6P	[M+Formate]-	/resources/tools/chemdb_ontology?abbrev=CerP 42:2;O2
772.58568	772.5944	.0088	DGCC 32:0	C42H81NO8	[M+Formate]-	/resources/tools/chemdb_ontology?abbrev=DGCC 32:0
772.58568	772.5944	.0088	HexCer 36:1;O2	C42H81NO8	[M+Formate]-	/resources/tools/chemdb_ontology?abbrev=HexCer 36:1;O2
772.58568	772.5944	.0088	HexCer 35:1;O2	C41H79NO8	[M+OAc]-	/resources/tools/chemdb_ontology?abbrev=HexCer 35:1;O2
772.58568	772.5862	.0005	PC 36:1	C44H86NO8P	[M-CH3]-	/resources/tools/chemdb_ontology?abbrev=PC 36:1
798.56334	798.5655	.0021	PS O-38:3	C44H82NO9P	[M-H]-	/resources/tools/chemdb_ontology?abbrev=PS O-38:3
798.56334	798.5655	.0021	PC O-35:4	C43H80NO7P	[M+Formate]-	/resources/tools/chemdb_ontology?abbrev=PC O-35:4
798.56334	798.5655	.0021	PE O-38:4	C43H80NO7P	[M+Formate]-	/resources/tools/chemdb_ontology?abbrev=PE O-38:4
798.56334	798.5655	.0021	PC O-34:4	C42H78NO7P	[M+OAc]-	/resources/tools/chemdb_ontology?abbrev=PC O-34:4
638.57257	638.5729	.0003	Cer 38:1;O2	C38H75NO3	[M+Formate]-	/resources/tools/chemdb_ontology?abbrev=Cer 38:1;O2
638.57257	638.5729	.0003	Cer 37:1;O2	C37H73NO3	[M+OAc]-	/resources/tools/chemdb_ontology?abbrev=Cer 37:1;O2
979.70267	979.7033	.0006	TG 59:13	C62H94O6	[M+Formate]-	/resources/tools/chemdb_ontology?abbrev=TG 59:13
979.70267	979.7033	.0006	TG 58:13	C61H92O6	[M+OAc]-	/resources/tools/chemdb_ontology?abbrev=TG 58:13
640.57887	640.5886	.0097	Cer 39:0;O4	C39H79NO5	[M-H]-	/resources/tools/chemdb_ontology?abbrev=Cer 39:0;O4
640.57887	640.5805	.0016	Cer 40:1;O	C40H79NO2	[M+Cl]-	/resources/tools/chemdb_ontology?abbrev=Cer 40:1;O
640.57887	640.5886	.0097	Cer 38:0;O2	C38H77NO3	[M+Formate]-	/resources/tools/chemdb_ontology?abbrev=Cer 38:0;O2
730.5757	730.5756	.0001	PE O-36:1	C41H82NO7P	[M-H]-	/resources/tools/chemdb_ontology?abbrev=PE O-36:1
730.5757	730.5756	.0001	PC O-34:1	C42H84NO7P	[M-CH3]-	/resources/tools/chemdb_ontology?abbrev=PC O-34:1
743.60649	743.6073	.0008	CerPE 40:1;O2	C42H85N2O6P	[M-H]-	/resources/tools/chemdb_ontology?abbrev=CerPE 40:1;O2
743.60649	743.5984	.0081	CE 22:5	C49H78O2	[M+Formate]-	/resources/tools/chemdb_ontology?abbrev=CE 22:5
743.60649	743.6073	.0008	SM 38:1;O2	C43H87N2O6P	[M-CH3]-	/resources/tools/chemdb_ontology?abbrev=SM 38:1;O2
655.56262	655.5671	.0045	CE 15:0	C42H74O2	[M+Formate]-	/resources/tools/chemdb_ontology?abbrev=CE 15:0
655.56262	655.5671	.0045	CE 14:0	C41H72O2	[M+OAc]-	/resources/tools/chemdb_ontology?abbrev=CE 14:0
628.54375	628.5441	.0004	Cer 38:1;O2	C38H75NO3	[M+Cl]-	/resources/tools/chemdb_ontology?abbrev=Cer 38:1;O2
628.54375	628.5522	.0084	Cer 36:0;O3	C36H73NO4	[M+Formate]-	/resources/tools/chemdb_ontology?abbrev=Cer 36:0;O3
628.54375	628.5522	.0084	Cer 35:0;O3	C35H71NO4	[M+OAc]-	/resources/tools/chemdb_ontology?abbrev=Cer 35:0;O3
936.70416	936.7063	.0021	PC O-44:5	C52H96NO7P	[M+OAc]-	/resources/tools/chemdb_ontology?abbrev=PC O-44:5
936.70416	936.7031	.0011	PI O-42:0	C51H101O12P	Neutral	/resources/tools/chemdb_ontology?abbrev=PI O-42:0
858.67783	858.6737	.0041	TG 53:9	C56H90O6	Neutral	/resources/tools/chemdb_ontology?abbrev=TG 53:9
937.70585	937.7058	.0001	TG 56:8	C59H98O6	[M+Cl]-	/resources/tools/chemdb_ontology?abbrev=TG 56:8
937.70585	937.6983	.0075	IPC 44:0;O3	C50H100NO12P	Neutral	/resources/tools/chemdb_ontology?abbrev=IPC 44:0;O3
623.4289	623.4294	.0005	PA O-28:0	C31H63O7P	[M+Formate]-	/resources/tools/chemdb_ontology?abbrev=PA O-28:0
857.67452	857.6665	.0080	TG 53:9	C56H90O6	[M-H]-	/resources/tools/chemdb_ontology?abbrev=TG 53:9
857.67452	857.6753	.0008	SM 42:2;O2	C47H93N2O6P	[M+Formate]-	/resources/tools/chemdb_ontology?abbrev=SM 42:2;O2
857.67452	857.6753	.0008	SM 41:2;O2	C46H91N2O6P	[M+OAc]-	/resources/tools/chemdb_ontology?abbrev=SM 41:2;O2
640.41876	640.4114	.0073	LPC 24:1	C32H64NO7P	[M+Cl]-	/resources/tools/chemdb_ontology?abbrev=LPC 24:1
640.41876	640.4114	.0073	LPE O-27:2;O	C32H64NO7P	[M+Cl]-	/resources/tools/chemdb_ontology?abbrev=LPE O-27:2;O
640.41876	640.4104	.0084	PA 32:4	C35H61O8P	Neutral	/resources/tools/chemdb_ontology?abbrev=PA 32:4
555.44122	555.4419	.0007	FA 34:6	C34H56O2	[M+OAc]-	/resources/tools/chemdb_ontology?abbrev=FA 34:6
949.71671	949.7114	.0053	PG 44:0	C50H99O10P	[M+OAc]-	/resources/tools/chemdb_ontology?abbrev=PG 44:0
967.75267	967.7527	.0000	TG 58:7	C61H104O6	[M+Cl]-	/resources/tools/chemdb_ontology?abbrev=TG 58:7
859.68996	859.6821	.0078	TG 53:8	C56H92O6	[M-H]-	/resources/tools/chemdb_ontology?abbrev=TG 53:8
859.68996	859.6910	.0010	SM 42:1;O2	C47H95N2O6P	[M+Formate]-	/resources/tools/chemdb_ontology?abbrev=SM 42:1;O2
859.68996	859.6910	.0010	SM 41:1;O2	C46H93N2O6P	[M+OAc]-	/resources/tools/chemdb_ontology?abbrev=SM 41:1;O2
860.6932	860.6894	.0038	TG 53:8	C56H92O6	Neutral	/resources/tools/chemdb_ontology?abbrev=TG 53:8
720.37128	720.3730	.0017	PS 28:3;O3	C34H60NO13P	[M-H]-	/resources/tools/chemdb_ontology?abbrev=PS 28:3;O3
720.37128	720.3730	.0017	PC 25:4;O3	C33H58NO11P	[M+Formate]-	/resources/tools/chemdb_ontology?abbrev=PC 25:4;O3
751.56537	751.5649	.0005	TG 42:3	C45H80O6	[M+Cl]-	/resources/tools/chemdb_ontology?abbrev=TG 42:3
751.56537	751.5607	.0047	CerPE 36:0;O3	C38H79N2O7P	[M+Formate]-	/resources/tools/chemdb_ontology?abbrev=CerPE 36:0;O3
628.54388	628.5441	.0002	Cer 38:1;O2	C38H75NO3	[M+Cl]-	/resources/tools/chemdb_ontology?abbrev=Cer 38:1;O2
628.54388	628.5522	.0083	Cer 36:0;O3	C36H73NO4	[M+Formate]-	/resources/tools/chemdb_ontology?abbrev=Cer 36:0;O3
628.54388	628.5522	.0083	Cer 35:0;O3	C35H71NO4	[M+OAc]-	/resources/tools/chemdb_ontology?abbrev=Cer 35:0;O3
638.5729	638.5729	.0000	Cer 38:1;O2	C38H75NO3	[M+Formate]-	/resources/tools/chemdb_ontology?abbrev=Cer 38:1;O2
638.5729	638.5729	.0000	Cer 37:1;O2	C37H73NO3	[M+OAc]-	/resources/tools/chemdb_ontology?abbrev=Cer 37:1;O2
935.70095	935.6958	.0052	PI O-42:0	C51H101O12P	[M-H]-	/resources/tools/chemdb_ontology?abbrev=PI O-42:0
935.70095	935.6958	.0052	PG 44:0	C50H99O10P	[M+Formate]-	/resources/tools/chemdb_ontology?abbrev=PG 44:0
935.70095	935.6958	.0052	PG 43:0	C49H97O10P	[M+OAc]-	/resources/tools/chemdb_ontology?abbrev=PG 43:0
951.72385	951.7214	.0025	TG 57:8	C60H100O6	[M+Cl]-	/resources/tools/chemdb_ontology?abbrev=TG 57:8
650.56562	650.5729	.0073	Cer 39:2;O2	C39H75NO3	[M+Formate]-	/resources/tools/chemdb_ontology?abbrev=Cer 39:2;O2
650.56562	650.5729	.0073	Cer 38:2;O2	C38H73NO3	[M+OAc]-	/resources/tools/chemdb_ontology?abbrev=Cer 38:2;O2
638.64512	638.6477	.0026	FA 87:2;O2	C87H170O4	[M-2H]2-	/resources/tools/chemdb_ontology?abbrev=FA 87:2;O2
638.59194	638.5849	.0070	DG 37:0	C40H78O5	Neutral	/resources/tools/chemdb_ontology?abbrev=DG 37:0
638.59194	638.6002	.0082	CE 17:0	C44H78O2	Neutral	/resources/tools/chemdb_ontology?abbrev=CE 17:0
705.57574	705.5675	.0083	DG 39:3	C42H76O5	[M+Formate]-	/resources/tools/chemdb_ontology?abbrev=DG 39:3
705.57574	705.5827	.0070	CE 18:3	C45H74O2	[M+OAc]-	/resources/tools/chemdb_ontology?abbrev=CE 18:3
705.57574	705.5675	.0083	DG 38:3	C41H74O5	[M+OAc]-	/resources/tools/chemdb_ontology?abbrev=DG 38:3
705.57574	705.5672	.0085	PC O-31:0	C39H80NO7P	Neutral	/resources/tools/chemdb_ontology?abbrev=PC O-31:0
705.57574	705.5672	.0085	PE O-34:0	C39H80NO7P	Neutral	/resources/tools/chemdb_ontology?abbrev=PE O-34:0
629.55863	629.5645	.0059	FA 39:0;O	C39H78O3	[M+Cl]-	/resources/tools/chemdb_ontology?abbrev=FA 39:0;O
629.55863	629.5514	.0072	WE 40:4	C40H72O2	[M+Formate]-	/resources/tools/chemdb_ontology?abbrev=WE 40:4
639.59503	639.5852	.0098	WE 41:1	C41H80O2	[M+Cl]-	/resources/tools/chemdb_ontology?abbrev=WE 41:1
639.59503	639.5933	.0017	FA 39:0;O	C39H78O3	[M+Formate]-	/resources/tools/chemdb_ontology?abbrev=FA 39:0;O
641.59191	641.6009	.0090	WE 41:0	C41H82O2	[M+Cl]-	/resources/tools/chemdb_ontology?abbrev=WE 41:0
641.59191	641.5958	.0039	Cer 39:0;O4	C39H79NO5	Neutral	/resources/tools/chemdb_ontology?abbrev=Cer 39:0;O4
656.58491	656.5754	.0095	Cer 40:1;O2	C40H79NO3	[M+Cl]-	/resources/tools/chemdb_ontology?abbrev=Cer 40:1;O2
656.58491	656.5835	.0014	Cer 38:0;O3	C38H77NO4	[M+Formate]-	/resources/tools/chemdb_ontology?abbrev=Cer 38:0;O3
671.50886	671.5134	.0045	CerPE 35:2;O2	C37H73N2O6P	[M-H]-	/resources/tools/chemdb_ontology?abbrev=CerPE 35:2;O2
671.50886	671.5021	.0067	PA O-35:2	C38H73O7P	[M-H]-	/resources/tools/chemdb_ontology?abbrev=PA O-35:2
671.50886	671.5134	.0045	SM 33:2;O2	C38H75N2O6P	[M-CH3]-	/resources/tools/chemdb_ontology?abbrev=SM 33:2;O2
673.50739	673.5049	.0025	DG 37:5	C40H68O5	[M+Formate]-	/resources/tools/chemdb_ontology?abbrev=DG 37:5
673.50739	673.5049	.0025	DG 36:5	C39H66O5	[M+OAc]-	/resources/tools/chemdb_ontology?abbrev=DG 36:5
673.50739	673.5046	.0027	PE O-32:2	C37H72NO7P	Neutral	/resources/tools/chemdb_ontology?abbrev=PE O-32:2
630.56039	630.5598	.0006	Cer 38:0;O2	C38H77NO3	[M+Cl]-	/resources/tools/chemdb_ontology?abbrev=Cer 38:0;O2
872.69335	872.6894	.0040	TG 54:9	C57H92O6	Neutral	/resources/tools/chemdb_ontology?abbrev=TG 54:9
674.51016	674.5130	.0029	PE O-32:1	C37H74NO7P	[M-H]-	/resources/tools/chemdb_ontology?abbrev=PE O-32:1
674.51016	674.5130	.0029	PC O-30:1	C38H76NO7P	[M-CH3]-	/resources/tools/chemdb_ontology?abbrev=PC O-30:1
631.5631	631.5671	.0040	WE 40:3	C40H74O2	[M+Formate]-	/resources/tools/chemdb_ontology?abbrev=WE 40:3
871.69006	871.6821	.0079	TG 54:9	C57H92O6	[M-H]-	/resources/tools/chemdb_ontology?abbrev=TG 54:9
871.69006	871.6910	.0009	SM 43:2;O2	C48H95N2O6P	[M+Formate]-	/resources/tools/chemdb_ontology?abbrev=SM 43:2;O2
871.69006	871.6910	.0009	SM 42:2;O2	C47H93N2O6P	[M+OAc]-	/resources/tools/chemdb_ontology?abbrev=SM 42:2;O2
239.05943	239.0692	.0098	FA 9:1;O3	C9H16O5	[M+Cl]-	/resources/tools/chemdb_ontology?abbrev=FA 9:1;O3
239.05943	239.0561	.0033	FA 10:5;O2	C10H10O4	[M+Formate]-	/resources/tools/chemdb_ontology?abbrev=FA 10:5;O2
165.04074	165.0324	.0083	FA 6:1;O	C6H10O3	[M+Cl]-	/resources/tools/chemdb_ontology?abbrev=FA 6:1;O
165.04074	165.0405	.0003	FA 4:0;O2	C4H8O4	[M+Formate]-	/resources/tools/chemdb_ontology?abbrev=FA 4:0;O2
652.58782	652.5886	.0007	Cer 39:1;O2	C39H77NO3	[M+Formate]-	/resources/tools/chemdb_ontology?abbrev=Cer 39:1;O2
652.58782	652.5886	.0007	Cer 38:1;O2	C38H75NO3	[M+OAc]-	/resources/tools/chemdb_ontology?abbrev=Cer 38:1;O2
265.14778	265.1576	.0098	FA 13:0;O	C13H26O3	[M+Cl]-	/resources/tools/chemdb_ontology?abbrev=FA 13:0;O
265.14778	265.1445	.0032	FA 14:4	C14H20O2	[M+Formate]-	/resources/tools/chemdb_ontology?abbrev=FA 14:4
265.14778	265.1445	.0032	FA 13:4	C13H18O2	[M+OAc]-	/resources/tools/chemdb_ontology?abbrev=FA 13:4
265.14778	265.1445	.0032	SFE 13:4	C13H18O2	[M+OAc]-	/resources/tools/chemdb_ontology?abbrev=SFE 13:4
265.14778	265.1462	.0016	ST 27:0;O5;S	C27H48O8S	[M-2H]2-	/resources/tools/chemdb_ontology?abbrev=ST 27:0;O5;S
265.14778	265.1445	.0032	ST 30:5;O8	C30H44O8	[M-2H]2-	/resources/tools/chemdb_ontology?abbrev=ST 30:5;O8
640.5922	640.5886	.0036	Cer 39:0;O4	C39H79NO5	[M-H]-	/resources/tools/chemdb_ontology?abbrev=Cer 39:0;O4
640.5922	640.5886	.0036	Cer 38:0;O2	C38H77NO3	[M+Formate]-	/resources/tools/chemdb_ontology?abbrev=Cer 38:0;O2
913.66158	913.6563	.0053	TG 54:11	C57H88O6	[M+Formate]-	/resources/tools/chemdb_ontology?abbrev=TG 54:11
637.58859	637.5929	.0043	CE 17:0	C44H78O2	[M-H]-	/resources/tools/chemdb_ontology?abbrev=CE 17:0
846.67778	846.6737	.0040	TG 52:8	C55H90O6	Neutral	/resources/tools/chemdb_ontology?abbrev=TG 52:8
846.67778	846.6714	.0064	PG O-42:1	C48H95O9P	Neutral	/resources/tools/chemdb_ontology?abbrev=PG O-42:1
845.67441	845.6665	.0079	TG 52:8	C55H90O6	[M-H]-	/resources/tools/chemdb_ontology?abbrev=TG 52:8
845.67441	845.6753	.0009	SM 41:1;O2	C46H93N2O6P	[M+Formate]-	/resources/tools/chemdb_ontology?abbrev=SM 41:1;O2
845.67441	845.6753	.0009	SM 40:1;O2	C45H91N2O6P	[M+OAc]-	/resources/tools/chemdb_ontology?abbrev=SM 40:1;O2
664.58758	664.5886	.0010	Cer 40:2;O2	C40H77NO3	[M+Formate]-	/resources/tools/chemdb_ontology?abbrev=Cer 40:2;O2
664.58758	664.5886	.0010	Cer 39:2;O2	C39H75NO3	[M+OAc]-	/resources/tools/chemdb_ontology?abbrev=Cer 39:2;O2
587.49507	587.5045	.0094	FAHFA 38:3;O	C38H68O4	[M-H]-	/resources/tools/chemdb_ontology?abbrev=FAHFA 38:3;O
587.49507	587.5045	.0094	FA 36:4	C36H64O2	[M+OAc]-	/resources/tools/chemdb_ontology?abbrev=FA 36:4
587.49507	587.5045	.0094	WE 36:4	C36H64O2	[M+OAc]-	/resources/tools/chemdb_ontology?abbrev=WE 36:4
601.52724	601.5332	.0060	FA 37:0;O	C37H74O3	[M+Cl]-	/resources/tools/chemdb_ontology?abbrev=FA 37:0;O
601.52724	601.5201	.0071	FA 38:4	C38H68O2	[M+Formate]-	/resources/tools/chemdb_ontology?abbrev=FA 38:4
599.55548	599.5539	.0015	FA 38:0	C38H76O2	[M+Cl]-	/resources/tools/chemdb_ontology?abbrev=FA 38:0
599.55548	599.5539	.0015	WE 38:0	C38H76O2	[M+Cl]-	/resources/tools/chemdb_ontology?abbrev=WE 38:0
599.55548	599.5489	.0066	Cer 36:0;O4	C36H73NO5	Neutral	/resources/tools/chemdb_ontology?abbrev=Cer 36:0;O4
794.414	794.4097	.0043	PS 30:3;O3	C36H64NO13P	[M+Formate]-	/resources/tools/chemdb_ontology?abbrev=PS 30:3;O3
585.48864	585.4888	.0002	FA 36:5	C36H62O2	[M+OAc]-	/resources/tools/chemdb_ontology?abbrev=FA 36:5
585.48864	585.4888	.0002	WE 36:5	C36H62O2	[M+OAc]-	/resources/tools/chemdb_ontology?abbrev=WE 36:5
610.56099	610.5536	.0074	DG 35:0	C38H74O5	Neutral	/resources/tools/chemdb_ontology?abbrev=DG 35:0
610.56099	610.5689	.0079	CE 15:0	C42H74O2	Neutral	/resources/tools/chemdb_ontology?abbrev=CE 15:0
802.44464	802.4431	.0015	PS 35:5	C41H70NO10P	[M+Cl]-	/resources/tools/chemdb_ontology?abbrev=PS 35:5
586.49201	586.4972	.0051	Cer 35:1;O2	C35H69NO3	[M+Cl]-	/resources/tools/chemdb_ontology?abbrev=Cer 35:1;O2
803.62759	803.6195	.0081	TG 49:8	C52H84O6	[M-H]-	/resources/tools/chemdb_ontology?abbrev=TG 49:8
803.62759	803.6284	.0008	SM 38:1;O2	C43H87N2O6P	[M+Formate]-	/resources/tools/chemdb_ontology?abbrev=SM 38:1;O2
803.62759	803.6284	.0008	CerPE 40:1;O2	C42H85N2O6P	[M+OAc]-	/resources/tools/chemdb_ontology?abbrev=CerPE 40:1;O2
803.62759	803.6284	.0008	SM 37:1;O2	C42H85N2O6P	[M+OAc]-	/resources/tools/chemdb_ontology?abbrev=SM 37:1;O2
949.71613	949.7114	.0047	PG 44:0	C50H99O10P	[M+OAc]-	/resources/tools/chemdb_ontology?abbrev=PG 44:0
637.58839	637.5929	.0045	CE 17:0	C44H78O2	[M-H]-	/resources/tools/chemdb_ontology?abbrev=CE 17:0
609.55678	609.5616	.0048	CE 15:0	C42H74O2	[M-H]-	/resources/tools/chemdb_ontology?abbrev=CE 15:0
1022.74147	1022.7363	.0051	TG 66:18	C69H98O6	Neutral	/resources/tools/chemdb_ontology?abbrev=TG 66:18
981.76868	981.7684	.0003	TG 59:7	C62H106O6	[M+Cl]-	/resources/tools/chemdb_ontology?abbrev=TG 59:7
560.47613	560.4815	.0054	Cer 33:0;O2	C33H67NO3	[M+Cl]-	/resources/tools/chemdb_ontology?abbrev=Cer 33:0;O2
560.47613	560.4805	.0043	FAHFA 36:3;O	C36H64O4	Neutral	/resources/tools/chemdb_ontology?abbrev=FAHFA 36:3;O
559.4728	559.4732	.0004	FAHFA 36:3;O	C36H64O4	[M-H]-	/resources/tools/chemdb_ontology?abbrev=FAHFA 36:3;O
559.4728	559.4732	.0004	FA 34:4	C34H60O2	[M+OAc]-	/resources/tools/chemdb_ontology?abbrev=FA 34:4
559.4728	559.4732	.0004	WE 34:4	C34H60O2	[M+OAc]-	/resources/tools/chemdb_ontology?abbrev=WE 34:4
758.60595	758.6069	.0010	PE O-38:1	C43H86NO7P	[M-H]-	/resources/tools/chemdb_ontology?abbrev=PE O-38:1
758.60595	758.6069	.0010	PC O-36:1	C44H88NO7P	[M-CH3]-	/resources/tools/chemdb_ontology?abbrev=PC O-36:1
949.71717	949.7114	.0057	PG 44:0	C50H99O10P	[M+OAc]-	/resources/tools/chemdb_ontology?abbrev=PG 44:0
888.6694	888.6699	.0005	PS 43:0	C49H96NO10P	[M-H]-	/resources/tools/chemdb_ontology?abbrev=PS 43:0
888.6694	888.6618	.0076	PC O-42:3	C50H96NO7P	[M+Cl]-	/resources/tools/chemdb_ontology?abbrev=PC O-42:3
888.6694	888.6699	.0005	PC 40:1	C48H94NO8P	[M+Formate]-	/resources/tools/chemdb_ontology?abbrev=PC 40:1
888.6694	888.6699	.0005	PE 43:1	C48H94NO8P	[M+Formate]-	/resources/tools/chemdb_ontology?abbrev=PE 43:1
888.6694	888.6782	.0088	HexCer 42:1;O4	C48H93NO10	[M+Formate]-	/resources/tools/chemdb_ontology?abbrev=HexCer 42:1;O4
888.6694	888.6699	.0005	PC 39:1	C47H92NO8P	[M+OAc]-	/resources/tools/chemdb_ontology?abbrev=PC 39:1
888.6694	888.6699	.0005	PE 42:1	C47H92NO8P	[M+OAc]-	/resources/tools/chemdb_ontology?abbrev=PE 42:1
637.58826	637.5929	.0047	CE 17:0	C44H78O2	[M-H]-	/resources/tools/chemdb_ontology?abbrev=CE 17:0
638.59152	638.5849	.0066	DG 37:0	C40H78O5	Neutral	/resources/tools/chemdb_ontology?abbrev=DG 37:0
638.59152	638.6002	.0087	CE 17:0	C44H78O2	Neutral	/resources/tools/chemdb_ontology?abbrev=CE 17:0
582.52938	582.5223	.0071	DG 33:0	C36H70O5	Neutral	/resources/tools/chemdb_ontology?abbrev=DG 33:0
889.67279	889.6772	.0044	PS 43:0	C49H96NO10P	Neutral	/resources/tools/chemdb_ontology?abbrev=PS 43:0
886.70913	886.7050	.0041	TG 55:9	C58H94O6	Neutral	/resources/tools/chemdb_ontology?abbrev=TG 55:9
885.70581	885.6978	.0080	TG 55:9	C58H94O6	[M-H]-	/resources/tools/chemdb_ontology?abbrev=TG 55:9
885.70581	885.7066	.0008	SM 44:2;O2	C49H97N2O6P	[M+Formate]-	/resources/tools/chemdb_ontology?abbrev=SM 44:2;O2
885.70581	885.7066	.0008	SM 43:2;O2	C48H95N2O6P	[M+OAc]-	/resources/tools/chemdb_ontology?abbrev=SM 43:2;O2
709.60935	709.6140	.0047	CE 18:1	C45H78O2	[M+OAc]-	/resources/tools/chemdb_ontology?abbrev=CE 18:1
692.61928	692.6199	.0006	Cer 42:2;O2	C42H81NO3	[M+Formate]-	/resources/tools/chemdb_ontology?abbrev=Cer 42:2;O2
692.61928	692.6199	.0006	Cer 41:2;O2	C41H79NO3	[M+OAc]-	/resources/tools/chemdb_ontology?abbrev=Cer 41:2;O2
682.59026	682.5911	.0008	Cer 42:2;O2	C42H81NO3	[M+Cl]-	/resources/tools/chemdb_ontology?abbrev=Cer 42:2;O2
682.59026	682.5991	.0089	Cer 40:1;O3	C40H79NO4	[M+Formate]-	/resources/tools/chemdb_ontology?abbrev=Cer 40:1;O3
748.40237	748.4043	.0019	PS 30:3;O3	C36H64NO13P	[M-H]-	/resources/tools/chemdb_ontology?abbrev=PS 30:3;O3
748.40237	748.3962	.0062	PS 31:4	C37H64NO10P	[M+Cl]-	/resources/tools/chemdb_ontology?abbrev=PS 31:4
748.40237	748.4043	.0019	PE 30:4;O3	C35H62NO11P	[M+Formate]-	/resources/tools/chemdb_ontology?abbrev=PE 30:4;O3
748.40237	748.4043	.0019	PC 26:4;O3	C34H60NO11P	[M+OAc]-	/resources/tools/chemdb_ontology?abbrev=PC 26:4;O3
749.40551	749.4115	.0060	PS 30:3;O3	C36H64NO13P	Neutral	/resources/tools/chemdb_ontology?abbrev=PS 30:3;O3
927.67754	927.6720	.0056	TG 55:11	C58H90O6	[M+Formate]-	/resources/tools/chemdb_ontology?abbrev=TG 55:11
927.67754	927.6720	.0056	TG 54:11	C57H88O6	[M+OAc]-	/resources/tools/chemdb_ontology?abbrev=TG 54:11
859.69035	859.6821	.0082	TG 53:8	C56H92O6	[M-H]-	/resources/tools/chemdb_ontology?abbrev=TG 53:8
859.69035	859.6910	.0006	SM 42:1;O2	C47H95N2O6P	[M+Formate]-	/resources/tools/chemdb_ontology?abbrev=SM 42:1;O2
859.69035	859.6910	.0006	SM 41:1;O2	C46H93N2O6P	[M+OAc]-	/resources/tools/chemdb_ontology?abbrev=SM 41:1;O2
239.05941	239.0692	.0098	FA 9:1;O3	C9H16O5	[M+Cl]-	/resources/tools/chemdb_ontology?abbrev=FA 9:1;O3
239.05941	239.0561	.0033	FA 10:5;O2	C10H10O4	[M+Formate]-	/resources/tools/chemdb_ontology?abbrev=FA 10:5;O2
666.60364	666.5961	.0075	Cer 42:2;O	C42H81NO2	[M+Cl]-	/resources/tools/chemdb_ontology?abbrev=Cer 42:2;O
666.60364	666.6042	.0006	Cer 40:1;O2	C40H79NO3	[M+Formate]-	/resources/tools/chemdb_ontology?abbrev=Cer 40:1;O2
666.60364	666.6042	.0006	Cer 39:1;O2	C39H77NO3	[M+OAc]-	/resources/tools/chemdb_ontology?abbrev=Cer 39:1;O2
860.69365	860.6894	.0043	TG 53:8	C56H92O6	Neutral	/resources/tools/chemdb_ontology?abbrev=TG 53:8
165.04068	165.0324	.0083	FA 6:1;O	C6H10O3	[M+Cl]-	/resources/tools/chemdb_ontology?abbrev=FA 6:1;O
165.04068	165.0405	.0002	FA 4:0;O2	C4H8O4	[M+Formate]-	/resources/tools/chemdb_ontology?abbrev=FA 4:0;O2
861.6967	861.6978	.0011	TG 53:7	C56H94O6	[M-H]-	/resources/tools/chemdb_ontology?abbrev=TG 53:7
861.6967	861.7066	.0099	SM 42:0;O2	C47H97N2O6P	[M+Formate]-	/resources/tools/chemdb_ontology?abbrev=SM 42:0;O2
694.6347	694.6274	.0073	Cer 44:2;O	C44H85NO2	[M+Cl]-	/resources/tools/chemdb_ontology?abbrev=Cer 44:2;O
694.6347	694.6355	.0008	Cer 42:1;O2	C42H83NO3	[M+Formate]-	/resources/tools/chemdb_ontology?abbrev=Cer 42:1;O2
694.6347	694.6355	.0008	Cer 41:1;O2	C41H81NO3	[M+OAc]-	/resources/tools/chemdb_ontology?abbrev=Cer 41:1;O2
979.75481	979.7527	.0021	TG 59:8	C62H104O6	[M+Cl]-	/resources/tools/chemdb_ontology?abbrev=TG 59:8
451.45163	451.4521	.0004	FA 30:0	C30H60O2	[M-H]-	/resources/tools/chemdb_ontology?abbrev=FA 30:0
451.45163	451.4521	.0004	WE 30:0	C30H60O2	[M-H]-	/resources/tools/chemdb_ontology?abbrev=WE 30:0
440.31512	440.3102	.0049	PG 44:4	C50H91O10P	[M-2H]2-	/resources/tools/chemdb_ontology?abbrev=PG 44:4
651.46002	651.4607	.0006	PG O-28:0	C34H69O9P	[M-H]-	/resources/tools/chemdb_ontology?abbrev=PG O-28:0
651.46002	651.4607	.0006	PA O-30:0	C33H67O7P	[M+Formate]-	/resources/tools/chemdb_ontology?abbrev=PA O-30:0
651.46002	651.4607	.0006	PA O-29:0	C32H65O7P	[M+OAc]-	/resources/tools/chemdb_ontology?abbrev=PA O-29:0
668.44993	668.4427	.0072	LPE O-29:2;O	C34H68NO7P	[M+Cl]-	/resources/tools/chemdb_ontology?abbrev=LPE O-29:2;O
668.44993	668.4427	.0072	PE O-29:1	C34H68NO7P	[M+Cl]-	/resources/tools/chemdb_ontology?abbrev=PE O-29:1
668.44993	668.4417	.0082	PA 34:4	C37H65O8P	Neutral	/resources/tools/chemdb_ontology?abbrev=PA 34:4
583.47267	583.4732	.0005	FA 37:6	C37H62O2	[M+Formate]-	/resources/tools/chemdb_ontology?abbrev=FA 37:6
583.47267	583.4732	.0005	FA 36:6	C36H60O2	[M+OAc]-	/resources/tools/chemdb_ontology?abbrev=FA 36:6
583.47267	583.4732	.0005	WE 36:6	C36H60O2	[M+OAc]-	/resources/tools/chemdb_ontology?abbrev=WE 36:6
873.7056	873.6978	.0078	TG 54:8	C57H94O6	[M-H]-	/resources/tools/chemdb_ontology?abbrev=TG 54:8
873.7056	873.7066	.0010	SM 43:1;O2	C48H97N2O6P	[M+Formate]-	/resources/tools/chemdb_ontology?abbrev=SM 43:1;O2
873.7056	873.7066	.0010	SM 42:1;O2	C47H95N2O6P	[M+OAc]-	/resources/tools/chemdb_ontology?abbrev=SM 42:1;O2
637.58839	637.5929	.0045	CE 17:0	C44H78O2	[M-H]-	/resources/tools/chemdb_ontology?abbrev=CE 17:0
609.55674	609.5616	.0049	CE 15:0	C42H74O2	[M-H]-	/resources/tools/chemdb_ontology?abbrev=CE 15:0
665.6195	665.6242	.0047	CE 19:0	C46H82O2	[M-H]-	/resources/tools/chemdb_ontology?abbrev=CE 19:0
666.62295	666.6162	.0067	DG 39:0	C42H82O5	Neutral	/resources/tools/chemdb_ontology?abbrev=DG 39:0
666.62295	666.6315	.0085	CE 19:0	C46H82O2	Neutral	/resources/tools/chemdb_ontology?abbrev=CE 19:0
1025.7605	1025.7604	.0001	TG 66:16	C69H102O6	[M-H]-	/resources/tools/chemdb_ontology?abbrev=TG 66:16
1024.75725	1024.7520	.0053	TG 66:17	C69H100O6	Neutral	/resources/tools/chemdb_ontology?abbrev=TG 66:17
265.14778	265.1576	.0098	FA 13:0;O	C13H26O3	[M+Cl]-	/resources/tools/chemdb_ontology?abbrev=FA 13:0;O
265.14778	265.1445	.0032	FA 14:4	C14H20O2	[M+Formate]-	/resources/tools/chemdb_ontology?abbrev=FA 14:4
265.14778	265.1445	.0032	FA 13:4	C13H18O2	[M+OAc]-	/resources/tools/chemdb_ontology?abbrev=FA 13:4
265.14778	265.1445	.0032	SFE 13:4	C13H18O2	[M+OAc]-	/resources/tools/chemdb_ontology?abbrev=SFE 13:4
265.14778	265.1462	.0016	ST 27:0;O5;S	C27H48O8S	[M-2H]2-	/resources/tools/chemdb_ontology?abbrev=ST 27:0;O5;S
265.14778	265.1445	.0032	ST 30:5;O8	C30H44O8	[M-2H]2-	/resources/tools/chemdb_ontology?abbrev=ST 30:5;O8
998.74192	998.7513	.0094	Hex2Cer 44:2;O2	C56H105NO13	[M-H]-	/resources/tools/chemdb_ontology?abbrev=Hex2Cer 44:2;O2
998.74192	998.7350	.0069	PE 52:4	C57H106NO8P	[M+Cl]-	/resources/tools/chemdb_ontology?abbrev=PE 52:4
998.74192	998.7363	.0056	TG 64:16	C67H98O6	Neutral	/resources/tools/chemdb_ontology?abbrev=TG 64:16
680.61902	680.6199	.0008	Cer 42:1;O4	C42H83NO5	[M-H]-	/resources/tools/chemdb_ontology?abbrev=Cer 42:1;O4
680.61902	680.6199	.0008	Cer 41:1;O2	C41H81NO3	[M+Formate]-	/resources/tools/chemdb_ontology?abbrev=Cer 41:1;O2
680.61902	680.6199	.0008	Cer 40:1;O2	C40H79NO3	[M+OAc]-	/resources/tools/chemdb_ontology?abbrev=Cer 40:1;O2
573.49565	573.4888	.0068	FAHFA 37:3;O	C37H66O4	[M-H]-	/resources/tools/chemdb_ontology?abbrev=FAHFA 37:3;O
573.49565	573.4888	.0068	FA 36:4	C36H64O2	[M+Formate]-	/resources/tools/chemdb_ontology?abbrev=FA 36:4
573.49565	573.4888	.0068	WE 36:4	C36H64O2	[M+Formate]-	/resources/tools/chemdb_ontology?abbrev=WE 36:4
805.4637	805.4663	.0026	MGDG 36:8	C45H70O10	[M+Cl]-	/resources/tools/chemdb_ontology?abbrev=MGDG 36:8
805.4637	805.4581	.0056	PA 42:9	C45H71O8P	[M+Cl]-	/resources/tools/chemdb_ontology?abbrev=PA 42:9
804.46041	804.4588	.0016	PS 35:4	C41H72NO10P	[M+Cl]-	/resources/tools/chemdb_ontology?abbrev=PS 35:4
804.46041	804.4669	.0065	PC 30:4;O3	C38H68NO11P	[M+OAc]-	/resources/tools/chemdb_ontology?abbrev=PC 30:4;O3
919.706	919.7033	.0027	TG 54:8	C57H94O6	[M+Formate]-	/resources/tools/chemdb_ontology?abbrev=TG 54:8
919.706	919.7033	.0027	TG 53:8	C56H92O6	[M+OAc]-	/resources/tools/chemdb_ontology?abbrev=TG 53:8
239.0595	239.0692	.0097	FA 9:1;O3	C9H16O5	[M+Cl]-	/resources/tools/chemdb_ontology?abbrev=FA 9:1;O3
239.0595	239.0561	.0034	FA 10:5;O2	C10H10O4	[M+Formate]-	/resources/tools/chemdb_ontology?abbrev=FA 10:5;O2
165.04076	165.0324	.0084	FA 6:1;O	C6H10O3	[M+Cl]-	/resources/tools/chemdb_ontology?abbrev=FA 6:1;O
165.04076	165.0405	.0003	FA 4:0;O2	C4H8O4	[M+Formate]-	/resources/tools/chemdb_ontology?abbrev=FA 4:0;O2
314.07891	314.0764	.0026	CoA 12:2	C33H54N7O17P3S	[M-3H]3-	/resources/tools/chemdb_ontology?abbrev=CoA 12:2
315.07559	315.0794	.0038	FA 18:10;O	C18H16O3	[M+Cl]-	/resources/tools/chemdb_ontology?abbrev=FA 18:10;O
645.51243	645.5097	.0027	CerP 36:1;O2	C36H72NO6P	Neutral	/resources/tools/chemdb_ontology?abbrev=CerP 36:1;O2
613.5199	613.5201	.0002	CE 12:0	C39H68O2	[M+Formate]-	/resources/tools/chemdb_ontology?abbrev=CE 12:0
613.5199	613.5201	.0002	FA 38:5	C38H66O2	[M+OAc]-	/resources/tools/chemdb_ontology?abbrev=FA 38:5
613.5199	613.5201	.0002	WE 38:5	C38H66O2	[M+OAc]-	/resources/tools/chemdb_ontology?abbrev=WE 38:5
615.52642	615.5358	.0094	FA 38:4	C38H68O2	[M+OAc]-	/resources/tools/chemdb_ontology?abbrev=FA 38:4
643.51388	643.5074	.0065	DG 35:1	C38H72O5	[M+Cl]-	/resources/tools/chemdb_ontology?abbrev=DG 35:1
643.51388	643.5226	.0088	CE 15:1	C42H72O2	[M+Cl]-	/resources/tools/chemdb_ontology?abbrev=CE 15:1
614.52328	614.5285	.0052	Cer 37:1;O2	C37H73NO3	[M+Cl]-	/resources/tools/chemdb_ontology?abbrev=Cer 37:1;O2
627.58687	627.5852	.0016	FA 40:0	C40H80O2	[M+Cl]-	/resources/tools/chemdb_ontology?abbrev=FA 40:0
627.58687	627.5852	.0016	WE 40:0	C40H80O2	[M+Cl]-	/resources/tools/chemdb_ontology?abbrev=WE 40:0
627.58687	627.5802	.0067	Cer 38:0;O4	C38H77NO5	Neutral	/resources/tools/chemdb_ontology?abbrev=Cer 38:0;O4
916.70021	916.6931	.0071	PC O-44:3	C52H100NO7P	[M+Cl]-	/resources/tools/chemdb_ontology?abbrev=PC O-44:3
916.70021	916.7012	.0010	PC 42:1	C50H98NO8P	[M+Formate]-	/resources/tools/chemdb_ontology?abbrev=PC 42:1
916.70021	916.7095	.0093	HexCer 44:1;O4	C50H97NO10	[M+Formate]-	/resources/tools/chemdb_ontology?abbrev=HexCer 44:1;O4
916.70021	916.7012	.0010	PC 41:1	C49H96NO8P	[M+OAc]-	/resources/tools/chemdb_ontology?abbrev=PC 41:1
916.70021	916.7012	.0010	PE 44:1	C49H96NO8P	[M+OAc]-	/resources/tools/chemdb_ontology?abbrev=PE 44:1
916.70021	916.7095	.0093	HexCer 43:1;O4	C49H95NO10	[M+OAc]-	/resources/tools/chemdb_ontology?abbrev=HexCer 43:1;O4
921.71585	921.7189	.0031	TG 54:7	C57H96O6	[M+Formate]-	/resources/tools/chemdb_ontology?abbrev=TG 54:7
921.71585	921.7189	.0031	TG 53:7	C56H94O6	[M+OAc]-	/resources/tools/chemdb_ontology?abbrev=TG 53:7
609.55708	609.5616	.0045	CE 15:0	C42H74O2	[M-H]-	/resources/tools/chemdb_ontology?abbrev=CE 15:0
935.73168	935.7346	.0029	TG 55:7	C58H98O6	[M+Formate]-	/resources/tools/chemdb_ontology?abbrev=TG 55:7
935.73168	935.7346	.0029	TG 54:7	C57H96O6	[M+OAc]-	/resources/tools/chemdb_ontology?abbrev=TG 54:7
587.50418	587.5045	.0003	FAHFA 38:3;O	C38H68O4	[M-H]-	/resources/tools/chemdb_ontology?abbrev=FAHFA 38:3;O
587.50418	587.5045	.0003	FA 36:4	C36H64O2	[M+OAc]-	/resources/tools/chemdb_ontology?abbrev=FA 36:4
587.50418	587.5045	.0003	WE 36:4	C36H64O2	[M+OAc]-	/resources/tools/chemdb_ontology?abbrev=WE 36:4
588.50748	588.4997	.0077	Cer 37:4;O3	C37H67NO4	[M-H]-	/resources/tools/chemdb_ontology?abbrev=Cer 37:4;O3
588.50748	588.5128	.0053	Cer 35:0;O2	C35H71NO3	[M+Cl]-	/resources/tools/chemdb_ontology?abbrev=Cer 35:0;O2
588.50748	588.5118	.0043	FAHFA 38:3;O	C38H68O4	Neutral	/resources/tools/chemdb_ontology?abbrev=FAHFA 38:3;O
722.71047	722.7032	.0073	Cer 46:0;O3	C46H93NO4	[M-H]-	/resources/tools/chemdb_ontology?abbrev=Cer 46:0;O3
722.71047	722.7032	.0073	Cer 44:0;O	C44H89NO2	[M+OAc]-	/resources/tools/chemdb_ontology?abbrev=Cer 44:0;O
721.70716	721.7079	.0008	FA 46:0	C46H92O2	[M+Formate]-	/resources/tools/chemdb_ontology?abbrev=FA 46:0
721.70716	721.7079	.0008	FA 45:0	C45H90O2	[M+OAc]-	/resources/tools/chemdb_ontology?abbrev=FA 45:0
933.72183	933.7189	.0029	TG 55:8	C58H96O6	[M+Formate]-	/resources/tools/chemdb_ontology?abbrev=TG 55:8
933.72183	933.7189	.0029	TG 54:8	C57H94O6	[M+OAc]-	/resources/tools/chemdb_ontology?abbrev=TG 54:8
776.43357	776.4275	.0061	PS 33:4	C39H68NO10P	[M+Cl]-	/resources/tools/chemdb_ontology?abbrev=PS 33:4
628.55404	628.5441	.0099	Cer 38:1;O2	C38H75NO3	[M+Cl]-	/resources/tools/chemdb_ontology?abbrev=Cer 38:1;O2
628.55404	628.5522	.0019	Cer 36:0;O3	C36H73NO4	[M+Formate]-	/resources/tools/chemdb_ontology?abbrev=Cer 36:0;O3
628.55404	628.5522	.0019	Cer 35:0;O3	C35H71NO4	[M+OAc]-	/resources/tools/chemdb_ontology?abbrev=Cer 35:0;O3
637.58847	637.5929	.0044	CE 17:0	C44H78O2	[M-H]-	/resources/tools/chemdb_ontology?abbrev=CE 17:0
694.63492	694.6274	.0075	Cer 44:2;O	C44H85NO2	[M+Cl]-	/resources/tools/chemdb_ontology?abbrev=Cer 44:2;O
694.63492	694.6355	.0006	Cer 42:1;O2	C42H83NO3	[M+Formate]-	/resources/tools/chemdb_ontology?abbrev=Cer 42:1;O2
694.63492	694.6355	.0006	Cer 41:1;O2	C41H81NO3	[M+OAc]-	/resources/tools/chemdb_ontology?abbrev=Cer 41:1;O2
601.52704	601.5332	.0062	FA 37:0;O	C37H74O3	[M+Cl]-	/resources/tools/chemdb_ontology?abbrev=FA 37:0;O
601.52704	601.5201	.0069	FA 38:4	C38H68O2	[M+Formate]-	/resources/tools/chemdb_ontology?abbrev=FA 38:4
609.557	609.5616	.0046	CE 15:0	C42H74O2	[M-H]-	/resources/tools/chemdb_ontology?abbrev=CE 15:0
239.05947	239.0692	.0097	FA 9:1;O3	C9H16O5	[M+Cl]-	/resources/tools/chemdb_ontology?abbrev=FA 9:1;O3
239.05947	239.0561	.0034	FA 10:5;O2	C10H10O4	[M+Formate]-	/resources/tools/chemdb_ontology?abbrev=FA 10:5;O2
165.04078	165.0324	.0084	FA 6:1;O	C6H10O3	[M+Cl]-	/resources/tools/chemdb_ontology?abbrev=FA 6:1;O
165.04078	165.0405	.0003	FA 4:0;O2	C4H8O4	[M+Formate]-	/resources/tools/chemdb_ontology?abbrev=FA 4:0;O2
314.0789	314.0764	.0025	CoA 12:2	C33H54N7O17P3S	[M-3H]3-	/resources/tools/chemdb_ontology?abbrev=CoA 12:2
315.07576	315.0794	.0036	FA 18:10;O	C18H16O3	[M+Cl]-	/resources/tools/chemdb_ontology?abbrev=FA 18:10;O
933.72189	933.7189	.0030	TG 55:8	C58H96O6	[M+Formate]-	/resources/tools/chemdb_ontology?abbrev=TG 55:8
933.72189	933.7189	.0030	TG 54:8	C57H94O6	[M+OAc]-	/resources/tools/chemdb_ontology?abbrev=TG 54:8
823.77509	823.7680	.0071	FA 53:1;O	C53H104O3	[M+Cl]-	/resources/tools/chemdb_ontology?abbrev=FA 53:1;O
479.48287	479.4834	.0005	FA 32:0	C32H64O2	[M-H]-	/resources/tools/chemdb_ontology?abbrev=FA 32:0
479.48287	479.4834	.0005	WE 32:0	C32H64O2	[M-H]-	/resources/tools/chemdb_ontology?abbrev=WE 32:0
636.37383	636.3639	.0100	PA 28:2;O3	C31H57O11P	Neutral	/resources/tools/chemdb_ontology?abbrev=PA 28:2;O3
582.52944	582.5223	.0071	DG 33:0	C36H70O5	Neutral	/resources/tools/chemdb_ontology?abbrev=DG 33:0
1026.77305	1026.7676	.0054	TG 66:16	C69H102O6	Neutral	/resources/tools/chemdb_ontology?abbrev=TG 66:16
610.56051	610.5536	.0069	DG 35:0	C38H74O5	Neutral	/resources/tools/chemdb_ontology?abbrev=DG 35:0
610.56051	610.5689	.0084	CE 15:0	C42H74O2	Neutral	/resources/tools/chemdb_ontology?abbrev=CE 15:0
609.55674	609.5616	.0049	CE 15:0	C42H74O2	[M-H]-	/resources/tools/chemdb_ontology?abbrev=CE 15:0
353.20003	353.1970	.0031	FA 19:4;O4	C19H30O6	[M-H]-	/resources/tools/chemdb_ontology?abbrev=FA 19:4;O4
353.20003	353.1970	.0031	FA 18:4;O2	C18H28O4	[M+Formate]-	/resources/tools/chemdb_ontology?abbrev=FA 18:4;O2
265.14772	265.1576	.0099	FA 13:0;O	C13H26O3	[M+Cl]-	/resources/tools/chemdb_ontology?abbrev=FA 13:0;O
265.14772	265.1445	.0032	FA 14:4	C14H20O2	[M+Formate]-	/resources/tools/chemdb_ontology?abbrev=FA 14:4
265.14772	265.1445	.0032	FA 13:4	C13H18O2	[M+OAc]-	/resources/tools/chemdb_ontology?abbrev=FA 13:4
265.14772	265.1445	.0032	SFE 13:4	C13H18O2	[M+OAc]-	/resources/tools/chemdb_ontology?abbrev=SFE 13:4
265.14772	265.1462	.0015	ST 27:0;O5;S	C27H48O8S	[M-2H]2-	/resources/tools/chemdb_ontology?abbrev=ST 27:0;O5;S
265.14772	265.1445	.0032	ST 30:5;O8	C30H44O8	[M-2H]2-	/resources/tools/chemdb_ontology?abbrev=ST 30:5;O8
947.73672	947.7346	.0022	TG 56:8	C59H98O6	[M+Formate]-	/resources/tools/chemdb_ontology?abbrev=TG 56:8
947.73672	947.7346	.0022	TG 55:8	C58H96O6	[M+OAc]-	/resources/tools/chemdb_ontology?abbrev=TG 55:8
947.73672	947.7273	.0094	Hex2Cer 40:0;O2	C52H101NO13	Neutral	/resources/tools/chemdb_ontology?abbrev=Hex2Cer 40:0;O2
735.72293	735.7236	.0007	FA 46:0	C46H92O2	[M+OAc]-	/resources/tools/chemdb_ontology?abbrev=FA 46:0
629.55807	629.5645	.0064	FA 39:0;O	C39H78O3	[M+Cl]-	/resources/tools/chemdb_ontology?abbrev=FA 39:0;O
629.55807	629.5514	.0066	WE 40:4	C40H72O2	[M+Formate]-	/resources/tools/chemdb_ontology?abbrev=WE 40:4
637.58818	637.5929	.0047	CE 17:0	C44H78O2	[M-H]-	/resources/tools/chemdb_ontology?abbrev=CE 17:0
963.76307	963.7659	.0028	TG 57:7	C60H102O6	[M+Formate]-	/resources/tools/chemdb_ontology?abbrev=TG 57:7
963.76307	963.7659	.0028	TG 56:7	C59H100O6	[M+OAc]-	/resources/tools/chemdb_ontology?abbrev=TG 56:7
963.76307	963.7656	.0025	PE 52:4	C57H106NO8P	Neutral	/resources/tools/chemdb_ontology?abbrev=PE 52:4
962.75575	962.7583	.0026	PE 52:4	C57H106NO8P	[M-H]-	/resources/tools/chemdb_ontology?abbrev=PE 52:4
314.079	314.0764	.0026	CoA 12:2	C33H54N7O17P3S	[M-3H]3-	/resources/tools/chemdb_ontology?abbrev=CoA 12:2
961.75255	961.7502	.0023	TG 57:8	C60H100O6	[M+Formate]-	/resources/tools/chemdb_ontology?abbrev=TG 57:8
961.75255	961.7502	.0023	TG 56:8	C59H98O6	[M+OAc]-	/resources/tools/chemdb_ontology?abbrev=TG 56:8
639.59496	639.5852	.0097	WE 41:1	C41H80O2	[M+Cl]-	/resources/tools/chemdb_ontology?abbrev=WE 41:1
639.59496	639.5933	.0017	FA 39:0;O	C39H78O3	[M+Formate]-	/resources/tools/chemdb_ontology?abbrev=FA 39:0;O
239.0595	239.0692	.0097	FA 9:1;O3	C9H16O5	[M+Cl]-	/resources/tools/chemdb_ontology?abbrev=FA 9:1;O3
239.0595	239.0561	.0034	FA 10:5;O2	C10H10O4	[M+Formate]-	/resources/tools/chemdb_ontology?abbrev=FA 10:5;O2
165.04076	165.0324	.0084	FA 6:1;O	C6H10O3	[M+Cl]-	/resources/tools/chemdb_ontology?abbrev=FA 6:1;O
165.04076	165.0405	.0003	FA 4:0;O2	C4H8O4	[M+Formate]-	/resources/tools/chemdb_ontology?abbrev=FA 4:0;O2
315.0758	315.0794	.0036	FA 18:10;O	C18H16O3	[M+Cl]-	/resources/tools/chemdb_ontology?abbrev=FA 18:10;O
642.55455	642.5598	.0052	Cer 39:1;O2	C39H77NO3	[M+Cl]-	/resources/tools/chemdb_ontology?abbrev=Cer 39:1;O2
641.55117	641.5514	.0003	CE 14:0	C41H72O2	[M+Formate]-	/resources/tools/chemdb_ontology?abbrev=CE 14:0
643.55766	643.5671	.0094	WE 40:4	C40H72O2	[M+OAc]-	/resources/tools/chemdb_ontology?abbrev=WE 40:4
609.55694	609.5616	.0047	CE 15:0	C42H74O2	[M-H]-	/resources/tools/chemdb_ontology?abbrev=CE 15:0
409.2778	409.2748	.0030	ST 27:5;O3	C27H38O3	[M-H]-	/resources/tools/chemdb_ontology?abbrev=ST 27:5;O3
466.34373	466.3453	.0015	TG 59:13	C62H94O6	[M-2H]2-	/resources/tools/chemdb_ontology?abbrev=TG 59:13
684.45424	684.4610	.0067	PE 32:3	C37H68NO8P	[M-H]-	/resources/tools/chemdb_ontology?abbrev=PE 32:3
684.45424	684.4457	.0085	LPS O-25:0;O	C31H64NO9P	[M+OAc]-	/resources/tools/chemdb_ontology?abbrev=LPS O-25:0;O
684.45424	684.4610	.0067	PC 30:3	C38H70NO8P	[M-CH3]-	/resources/tools/chemdb_ontology?abbrev=PC 30:3
451.3248	451.3194	.0054	LPA O-20:0	C23H49O6P	[M-H]-	/resources/tools/chemdb_ontology?abbrev=LPA O-20:0
479.3561	479.3531	.0030	TG 61:14	C64H96O6	[M-2H]2-	/resources/tools/chemdb_ontology?abbrev=TG 61:14
437.30911	437.3061	.0030	ST 27:5;O	C27H38O	[M+OAc]-	/resources/tools/chemdb_ontology?abbrev=ST 27:5;O
437.30911	437.3141	.0050	CAR 18:3;O	C25H43NO5	Neutral	/resources/tools/chemdb_ontology?abbrev=CAR 18:3;O
480.35941	480.3609	.0015	TG 61:13	C64H98O6	[M-2H]2-	/resources/tools/chemdb_ontology?abbrev=TG 61:13
494.37493	494.3766	.0016	TG 63:13	C66H102O6	[M-2H]2-	/resources/tools/chemdb_ontology?abbrev=TG 63:13
615.53547	615.5358	.0003	FA 38:4	C38H68O2	[M+OAc]-	/resources/tools/chemdb_ontology?abbrev=FA 38:4
749.73845	749.7392	.0008	FA 48:0	C48H96O2	[M+Formate]-	/resources/tools/chemdb_ontology?abbrev=FA 48:0
465.34049	465.3505	.0100	FA 29:4	C29H50O2	[M+Cl]-	/resources/tools/chemdb_ontology?abbrev=FA 29:4
465.34049	465.3505	.0100	ST 29:1;O2	C29H50O2	[M+Cl]-	/resources/tools/chemdb_ontology?abbrev=ST 29:1;O2
423.29342	423.2905	.0029	ST 28:5;O3	C28H40O3	[M-H]-	/resources/tools/chemdb_ontology?abbrev=ST 28:5;O3
423.29342	423.2881	.0053	LPA O-18:0	C21H45O6P	[M-H]-	/resources/tools/chemdb_ontology?abbrev=LPA O-18:0
423.29342	423.2905	.0029	ST 27:5;O	C27H38O	[M+Formate]-	/resources/tools/chemdb_ontology?abbrev=ST 27:5;O
637.58812	637.5929	.0048	CE 17:0	C44H78O2	[M-H]-	/resources/tools/chemdb_ontology?abbrev=CE 17:0
804.46494	804.4588	.0061	PS 35:4	C41H72NO10P	[M+Cl]-	/resources/tools/chemdb_ontology?abbrev=PS 35:4
804.46494	804.4669	.0019	PC 30:4;O3	C38H68NO11P	[M+OAc]-	/resources/tools/chemdb_ontology?abbrev=PC 30:4;O3
805.46825	805.4663	.0019	MGDG 36:8	C45H70O10	[M+Cl]-	/resources/tools/chemdb_ontology?abbrev=MGDG 36:8
806.46905	806.4744	.0054	PS 35:3	C41H74NO10P	[M+Cl]-	/resources/tools/chemdb_ontology?abbrev=PS 35:3
805.62247	805.6197	.0028	PS O-38:0	C44H88NO9P	Neutral	/resources/tools/chemdb_ontology?abbrev=PS O-38:0
1447.96225	1447.9650	.0027	CL 72:8	C81H142O17P2	[M-H]-	/resources/tools/chemdb_ontology?abbrev=CL 72:8
239.0694	239.0692	.0002	FA 9:1;O3	C9H16O5	[M+Cl]-	/resources/tools/chemdb_ontology?abbrev=FA 9:1;O3
239.0694	239.0773	.0079	FA 6:0;O4	C6H12O6	[M+OAc]-	/resources/tools/chemdb_ontology?abbrev=FA 6:0;O4
314.07903	314.0764	.0027	CoA 12:2	C33H54N7O17P3S	[M-3H]3-	/resources/tools/chemdb_ontology?abbrev=CoA 12:2
239.05949	239.0692	.0097	FA 9:1;O3	C9H16O5	[M+Cl]-	/resources/tools/chemdb_ontology?abbrev=FA 9:1;O3
239.05949	239.0561	.0034	FA 10:5;O2	C10H10O4	[M+Formate]-	/resources/tools/chemdb_ontology?abbrev=FA 10:5;O2
165.04074	165.0324	.0083	FA 6:1;O	C6H10O3	[M+Cl]-	/resources/tools/chemdb_ontology?abbrev=FA 6:1;O
165.04074	165.0405	.0003	FA 4:0;O2	C4H8O4	[M+Formate]-	/resources/tools/chemdb_ontology?abbrev=FA 4:0;O2
1448.96579	1448.9722	.0064	CL 72:8	C81H142O17P2	Neutral	/resources/tools/chemdb_ontology?abbrev=CL 72:8
315.07588	315.0794	.0035	FA 18:10;O	C18H16O3	[M+Cl]-	/resources/tools/chemdb_ontology?abbrev=FA 18:10;O
583.53191	583.5226	.0093	WE 37:1	C37H72O2	[M+Cl]-	/resources/tools/chemdb_ontology?abbrev=WE 37:1
583.53191	583.5307	.0012	FA 34:0;O	C34H68O3	[M+OAc]-	/resources/tools/chemdb_ontology?abbrev=FA 34:0;O
862.68353	862.6907	.0071	PC O-39:0	C47H96NO7P	[M+Formate]-	/resources/tools/chemdb_ontology?abbrev=PC O-39:0
862.68353	862.6907	.0071	PE O-42:0	C47H96NO7P	[M+Formate]-	/resources/tools/chemdb_ontology?abbrev=PE O-42:0
862.68353	862.6907	.0071	PC O-38:0	C46H94NO7P	[M+OAc]-	/resources/tools/chemdb_ontology?abbrev=PC O-38:0
862.68353	862.6907	.0071	PE O-41:0	C46H94NO7P	[M+OAc]-	/resources/tools/chemdb_ontology?abbrev=PE O-41:0
863.68685	863.6901	.0033	TG 50:3	C53H96O6	[M+Cl]-	/resources/tools/chemdb_ontology?abbrev=TG 50:3
863.68685	863.6778	.0090	SM 43:1;O2	C48H97N2O6P	[M+Cl]-	/resources/tools/chemdb_ontology?abbrev=SM 43:1;O2
844.73868	844.7397	.0010	SM 44:0;O2	C49H101N2O6P	Neutral	/resources/tools/chemdb_ontology?abbrev=SM 44:0;O2
637.58821	637.5929	.0047	CE 17:0	C44H78O2	[M-H]-	/resources/tools/chemdb_ontology?abbrev=CE 17:0