Input Mass	Matched Mass	Delta	Name	Formula	Ion	LMSD Examples
1007.33002	1007.3241	.0059	CoA 15:0;O	C36H64N7O18P3S	Neutral	/resources/tools/chemdb_ontology?abbrev=CoA 15:0;O
215.86837	215.8665	.0019	WD 42:0	C42H82O4	[M-3H]3-	/resources/tools/chemdb_ontology?abbrev=WD 42:0
425.1298	425.1276	.0022	ST 19:4;O3;S	C19H24O6S	[M+Formate]-	/resources/tools/chemdb_ontology?abbrev=ST 19:4;O3;S
425.1298	425.1276	.0022	ST 18:4;O3;S	C18H22O6S	[M+OAc]-	/resources/tools/chemdb_ontology?abbrev=ST 18:4;O3;S
504.31758	504.3096	.0080	LPC 17:2	C25H48NO7P	[M-H]-	/resources/tools/chemdb_ontology?abbrev=LPC 17:2
504.31758	504.3096	.0080	LPE 20:2	C25H48NO7P	[M-H]-	/resources/tools/chemdb_ontology?abbrev=LPE 20:2
205.83965	205.8387	.0009	DG 36:2	C39H72O5	[M-3H]3-	/resources/tools/chemdb_ontology?abbrev=DG 36:2
405.1513	405.1508	.0005	ST 19:1;O2;S	C19H30O5S	[M+Cl]-	/resources/tools/chemdb_ontology?abbrev=ST 19:1;O2;S
400.13522	400.1378	.0026	PC 4:0	C12H24NO8P	[M+OAc]-	/resources/tools/chemdb_ontology?abbrev=PC 4:0
185.01238	185.0092	.0032	FA 7:4;O4	C7H6O6	[M-H]-	/resources/tools/chemdb_ontology?abbrev=FA 7:4;O4
185.01238	185.0222	.0099	FA 5:0;O3	C5H10O5	[M+Cl]-	/resources/tools/chemdb_ontology?abbrev=FA 5:0;O3
387.36638	387.3632	.0031	ST 27:0;O	C27H48O	[M-H]-	/resources/tools/chemdb_ontology?abbrev=ST 27:0;O
383.11912	383.1267	.0076	ST 19:4;O6	C19H24O6	[M+Cl]-	/resources/tools/chemdb_ontology?abbrev=ST 19:4;O6
316.92076	316.9198	.0010	PC 48:2	C56H108NO8P	[M-3H]3-	/resources/tools/chemdb_ontology?abbrev=PC 48:2
486.87564	486.8720	.0036	Hex2Cer 42:0;O2	C54H105NO13	[M-2H]2-	/resources/tools/chemdb_ontology?abbrev=Hex2Cer 42:0;O2
87.00331	87.0088	.0055	FA 3:1;O	C3H4O3	[M-H]-	/resources/tools/chemdb_ontology?abbrev=FA 3:1;O
146.99309	146.9935	.0004	FA 4:2;O4	C4H4O6	[M-H]-	/resources/tools/chemdb_ontology?abbrev=FA 4:2;O4
217.0483	217.0506	.0023	FA 11:7	C11H8O2	[M+Formate]-	/resources/tools/chemdb_ontology?abbrev=FA 11:7
217.0483	217.0506	.0023	SFE 11:7	C11H8O2	[M+Formate]-	/resources/tools/chemdb_ontology?abbrev=SFE 11:7
217.0483	217.0506	.0023	FA 10:7	C10H6O2	[M+OAc]-	/resources/tools/chemdb_ontology?abbrev=FA 10:7
503.21004	503.2182	.0082	LPG 15:1	C21H41O9P	[M+Cl]-	/resources/tools/chemdb_ontology?abbrev=LPG 15:1
127.00136	127.0037	.0023	FA 5:3;O2	C5H4O4	[M-H]-	/resources/tools/chemdb_ontology?abbrev=FA 5:3;O2
199.03398	199.0248	.0092	FA 8:4;O4	C8H8O6	[M-H]-	/resources/tools/chemdb_ontology?abbrev=FA 8:4;O4
199.03398	199.0379	.0039	FA 6:0;O3	C6H12O5	[M+Cl]-	/resources/tools/chemdb_ontology?abbrev=FA 6:0;O3
163.05001	163.0401	.0099	FA 9:5;O	C9H8O3	[M-H]-	/resources/tools/chemdb_ontology?abbrev=FA 9:5;O
163.05001	163.0531	.0031	FA 7:1	C7H12O2	[M+Cl]-	/resources/tools/chemdb_ontology?abbrev=FA 7:1
163.05001	163.0531	.0031	SFE 7:1	C7H12O2	[M+Cl]-	/resources/tools/chemdb_ontology?abbrev=SFE 7:1
217.02978	217.0354	.0056	FA 6:3;O3	C6H6O5	[M+OAc]-	/resources/tools/chemdb_ontology?abbrev=FA 6:3;O3
215.042	215.0481	.0061	SFE 10:4;O	C10H12O3	[M+Cl]-	/resources/tools/chemdb_ontology?abbrev=SFE 10:4;O
215.042	215.0328	.0092	FA 6:0;O4	C6H12O6	[M+Cl]-	/resources/tools/chemdb_ontology?abbrev=FA 6:0;O4
203.05596	203.0481	.0079	WE 9:3;O	C9H12O3	[M+Cl]-	/resources/tools/chemdb_ontology?abbrev=WE 9:3;O
203.05596	203.0561	.0002	FA 7:2;O2	C7H10O4	[M+Formate]-	/resources/tools/chemdb_ontology?abbrev=FA 7:2;O2
203.05596	203.0561	.0002	FA 6:2;O2	C6H8O4	[M+OAc]-	/resources/tools/chemdb_ontology?abbrev=FA 6:2;O2
203.05596	203.0561	.0002	SFE 6:2;O2	C6H8O4	[M+OAc]-	/resources/tools/chemdb_ontology?abbrev=SFE 6:2;O2
229.03292	229.0273	.0056	FA 10:5;O2	C10H10O4	[M+Cl]-	/resources/tools/chemdb_ontology?abbrev=FA 10:5;O2
194.04913	194.0427	.0065	FOH 6:2;O6	C6H10O7	Neutral	/resources/tools/chemdb_ontology?abbrev=FOH 6:2;O6
194.04913	194.0579	.0088	FA 10:5;O2	C10H10O4	Neutral	/resources/tools/chemdb_ontology?abbrev=FA 10:5;O2
217.06214	217.0637	.0016	FA 10:3;O	C10H14O3	[M+Cl]-	/resources/tools/chemdb_ontology?abbrev=FA 10:3;O
217.06214	217.0637	.0016	WE 10:3;O	C10H14O3	[M+Cl]-	/resources/tools/chemdb_ontology?abbrev=WE 10:3;O
217.06214	217.0718	.0096	FA 8:2;O2	C8H12O4	[M+Formate]-	/resources/tools/chemdb_ontology?abbrev=FA 8:2;O2
217.06214	217.0718	.0096	FA 7:2;O2	C7H10O4	[M+OAc]-	/resources/tools/chemdb_ontology?abbrev=FA 7:2;O2
221.06654	221.0667	.0001	FA 7:1;O3	C7H12O5	[M+Formate]-	/resources/tools/chemdb_ontology?abbrev=FA 7:1;O3
221.06654	221.0667	.0001	FA 6:1;O3	C6H10O5	[M+OAc]-	/resources/tools/chemdb_ontology?abbrev=FA 6:1;O3
387.09491	387.1039	.0089	ST 18:3;O2;S	C18H24O5S	[M+Cl]-	/resources/tools/chemdb_ontology?abbrev=ST 18:3;O2;S
233.06647	233.0667	.0002	FA 7:2;O3	C7H10O5	[M+OAc]-	/resources/tools/chemdb_ontology?abbrev=FA 7:2;O3
221.07625	221.0819	.0057	FA 12:5;O2	C12H14O4	[M-H]-	/resources/tools/chemdb_ontology?abbrev=FA 12:5;O2
221.07625	221.0819	.0057	SFE 11:5	C11H12O2	[M+Formate]-	/resources/tools/chemdb_ontology?abbrev=SFE 11:5
221.07625	221.0667	.0096	FA 7:1;O3	C7H12O5	[M+Formate]-	/resources/tools/chemdb_ontology?abbrev=FA 7:1;O3
221.07625	221.0819	.0057	FA 10:5	C10H10O2	[M+OAc]-	/resources/tools/chemdb_ontology?abbrev=FA 10:5
221.07625	221.0667	.0096	FA 6:1;O3	C6H10O5	[M+OAc]-	/resources/tools/chemdb_ontology?abbrev=FA 6:1;O3
341.12007	341.1242	.0041	FA 14:5;O4	C14H18O6	[M+OAc]-	/resources/tools/chemdb_ontology?abbrev=FA 14:5;O4
341.12007	341.1240	.0039	PC 4:0	C12H24NO8P	Neutral	/resources/tools/chemdb_ontology?abbrev=PC 4:0
397.21484	397.2151	.0003	FA 22:5;O2	C22H34O4	[M+Cl]-	/resources/tools/chemdb_ontology?abbrev=FA 22:5;O2
397.21484	397.2232	.0083	FA 20:4;O3	C20H32O5	[M+Formate]-	/resources/tools/chemdb_ontology?abbrev=FA 20:4;O3
397.21484	397.2232	.0083	ST 19:1;O5	C19H30O5	[M+OAc]-	/resources/tools/chemdb_ontology?abbrev=ST 19:1;O5
397.21484	397.2229	.0081	LPC 9:0	C17H36NO7P	Neutral	/resources/tools/chemdb_ontology?abbrev=LPC 9:0
397.21484	397.2229	.0081	LPE 12:0	C17H36NO7P	Neutral	/resources/tools/chemdb_ontology?abbrev=LPE 12:0
209.06721	209.0586	.0086	FA 8:1;O2	C8H14O4	[M+Cl]-	/resources/tools/chemdb_ontology?abbrev=FA 8:1;O2
209.06721	209.0667	.0005	FA 6:0;O3	C6H12O5	[M+Formate]-	/resources/tools/chemdb_ontology?abbrev=FA 6:0;O3
209.06721	209.0667	.0005	FA 5:0;O3	C5H10O5	[M+OAc]-	/resources/tools/chemdb_ontology?abbrev=FA 5:0;O3
388.23381	388.2341	.0003	CAR 10:1;O	C17H31NO5	[M+OAc]-	/resources/tools/chemdb_ontology?abbrev=CAR 10:1;O
388.23381	388.2320	.0018	PG 37:7	C43H71O10P	[M-2H]2-	/resources/tools/chemdb_ontology?abbrev=PG 37:7
388.23381	388.2250	.0088	FA 23:7;O3	C23H32O5	Neutral	/resources/tools/chemdb_ontology?abbrev=FA 23:7;O3
388.23381	388.2250	.0088	ST 23:4;O5	C23H32O5	Neutral	/resources/tools/chemdb_ontology?abbrev=ST 23:4;O5
211.09747	211.0976	.0001	FA 10:3	C10H14O2	[M+Formate]-	/resources/tools/chemdb_ontology?abbrev=FA 10:3
211.09747	211.0976	.0001	FA 9:3	C9H12O2	[M+OAc]-	/resources/tools/chemdb_ontology?abbrev=FA 9:3
211.09747	211.0976	.0001	WE 9:3	C9H12O2	[M+OAc]-	/resources/tools/chemdb_ontology?abbrev=WE 9:3
211.09747	211.0976	.0001	FA 22:6;O6	C22H32O8	[M-2H]2-	/resources/tools/chemdb_ontology?abbrev=FA 22:6;O6
372.2388	372.2392	.0004	CAR 12:1;O2	C19H35NO6	[M-H]-	/resources/tools/chemdb_ontology?abbrev=CAR 12:1;O2
372.2388	372.2392	.0004	CAR 10:1	C17H31NO4	[M+OAc]-	/resources/tools/chemdb_ontology?abbrev=CAR 10:1
372.2388	372.2371	.0017	PA 40:7	C43H71O8P	[M-2H]2-	/resources/tools/chemdb_ontology?abbrev=PA 40:7
372.2388	372.2412	.0024	MGDG 34:6	C43H70O10	[M-2H]2-	/resources/tools/chemdb_ontology?abbrev=MGDG 34:6
584.29163	584.2994	.0078	LPE 22:6	C27H44NO7P	[M+OAc]-	/resources/tools/chemdb_ontology?abbrev=LPE 22:6
584.29163	584.2962	.0045	LPI 17:1	C26H49O12P	Neutral	/resources/tools/chemdb_ontology?abbrev=LPI 17:1
584.29163	584.2962	.0045	PG 20:1;O2	C26H49O12P	Neutral	/resources/tools/chemdb_ontology?abbrev=PG 20:1;O2
422.23909	422.2313	.0078	LPE 14:1	C19H38NO7P	[M-H]-	/resources/tools/chemdb_ontology?abbrev=LPE 14:1
422.23909	422.2313	.0078	PC O-12:1	C20H40NO7P	[M-CH3]-	/resources/tools/chemdb_ontology?abbrev=PC O-12:1
422.23909	422.2433	.0043	LPA 17:1	C20H39O7P	Neutral	/resources/tools/chemdb_ontology?abbrev=LPA 17:1
271.14854	271.1470	.0015	SFE 15:3	C15H24O2	[M+Cl]-	/resources/tools/chemdb_ontology?abbrev=SFE 15:3
271.14854	271.1470	.0015	WE 15:3	C15H24O2	[M+Cl]-	/resources/tools/chemdb_ontology?abbrev=WE 15:3
271.14854	271.1551	.0066	FA 12:2;O	C12H20O3	[M+OAc]-	/resources/tools/chemdb_ontology?abbrev=FA 12:2;O
271.14854	271.1551	.0066	SFE 12:2;O	C12H20O3	[M+OAc]-	/resources/tools/chemdb_ontology?abbrev=SFE 12:2;O
242.18611	242.1882	.0021	FA 14:1;O	C14H26O3	Neutral	/resources/tools/chemdb_ontology?abbrev=FA 14:1;O
242.17604	242.1671	.0090	FA 17:6;O	C17H22O	Neutral	/resources/tools/chemdb_ontology?abbrev=FA 17:6;O
224.12928	224.1301	.0008	LPA 19:1	C22H43O7P	[M-2H]2-	/resources/tools/chemdb_ontology?abbrev=LPA 19:1
224.12928	224.1298	.0005	PC 26:3;O2	C34H62NO10P	[M-3H]3-	/resources/tools/chemdb_ontology?abbrev=PC 26:3;O2
224.12928	224.1298	.0005	PS 28:2	C34H62NO10P	[M-3H]3-	/resources/tools/chemdb_ontology?abbrev=PS 28:2
145.08694	145.0870	.0001	FA 7:0;O	C7H14O3	[M-H]-	/resources/tools/chemdb_ontology?abbrev=FA 7:0;O
145.08694	145.0870	.0001	SFE 7:0;O	C7H14O3	[M-H]-	/resources/tools/chemdb_ontology?abbrev=SFE 7:0;O
145.08694	145.0843	.0027	LPA 18:0	C21H43O7P	[M-3H]3-	/resources/tools/chemdb_ontology?abbrev=LPA 18:0
239.12872	239.1289	.0002	FA 12:3	C12H18O2	[M+Formate]-	/resources/tools/chemdb_ontology?abbrev=FA 12:3
239.12872	239.1289	.0002	FA 11:3	C11H16O2	[M+OAc]-	/resources/tools/chemdb_ontology?abbrev=FA 11:3
239.12872	239.1289	.0002	SFE 11:3	C11H16O2	[M+OAc]-	/resources/tools/chemdb_ontology?abbrev=SFE 11:3
508.26783	508.2681	.0003	LPS 17:1	C23H44NO9P	[M-H]-	/resources/tools/chemdb_ontology?abbrev=LPS 17:1
508.26783	508.2681	.0003	LPE 17:2	C22H42NO7P	[M+Formate]-	/resources/tools/chemdb_ontology?abbrev=LPE 17:2
225.06147	225.0688	.0073	FA 12:5	C12H14O2	[M+Cl]-	/resources/tools/chemdb_ontology?abbrev=FA 12:5
225.06147	225.0535	.0079	FA 8:1;O3	C8H14O5	[M+Cl]-	/resources/tools/chemdb_ontology?abbrev=FA 8:1;O3
225.06147	225.0616	.0001	FA 6:0;O4	C6H12O6	[M+Formate]-	/resources/tools/chemdb_ontology?abbrev=FA 6:0;O4
269.13914	269.1314	.0078	FA 15:4	C15H22O2	[M+Cl]-	/resources/tools/chemdb_ontology?abbrev=FA 15:4
269.13914	269.1314	.0078	WE 15:4	C15H22O2	[M+Cl]-	/resources/tools/chemdb_ontology?abbrev=WE 15:4
269.13914	269.1395	.0003	FA 13:3;O	C13H20O3	[M+Formate]-	/resources/tools/chemdb_ontology?abbrev=FA 13:3;O
269.13914	269.1395	.0003	WE 13:3;O	C13H20O3	[M+Formate]-	/resources/tools/chemdb_ontology?abbrev=WE 13:3;O
269.13914	269.1395	.0003	FA 12:3;O	C12H18O3	[M+OAc]-	/resources/tools/chemdb_ontology?abbrev=FA 12:3;O
269.13914	269.1395	.0003	WE 12:3;O	C12H18O3	[M+OAc]-	/resources/tools/chemdb_ontology?abbrev=WE 12:3;O
301.88039	301.8833	.0029	PI O-40:0	C49H97O12P	[M-3H]3-	/resources/tools/chemdb_ontology?abbrev=PI O-40:0
211.08774	211.0976	.0099	FA 10:3	C10H14O2	[M+Formate]-	/resources/tools/chemdb_ontology?abbrev=FA 10:3
211.08774	211.0976	.0099	FA 9:3	C9H12O2	[M+OAc]-	/resources/tools/chemdb_ontology?abbrev=FA 9:3
211.08774	211.0976	.0099	WE 9:3	C9H12O2	[M+OAc]-	/resources/tools/chemdb_ontology?abbrev=WE 9:3
255.15354	255.1602	.0067	FA 13:2	C13H22O2	[M+Formate]-	/resources/tools/chemdb_ontology?abbrev=FA 13:2
255.15354	255.1602	.0067	SFE 13:2	C13H22O2	[M+Formate]-	/resources/tools/chemdb_ontology?abbrev=SFE 13:2
255.15354	255.1602	.0067	WE 13:2	C13H22O2	[M+Formate]-	/resources/tools/chemdb_ontology?abbrev=WE 13:2
255.15354	255.1602	.0067	FA 12:2	C12H20O2	[M+OAc]-	/resources/tools/chemdb_ontology?abbrev=FA 12:2
255.15354	255.1602	.0067	SFE 12:2	C12H20O2	[M+OAc]-	/resources/tools/chemdb_ontology?abbrev=SFE 12:2
255.15354	255.1602	.0067	WE 12:2	C12H20O2	[M+OAc]-	/resources/tools/chemdb_ontology?abbrev=WE 12:2
255.15354	255.1531	.0004	MGDG 36:9	C45H68O10	[M-3H]3-	/resources/tools/chemdb_ontology?abbrev=MGDG 36:9
255.15354	255.1523	.0012	PI 29:0	C38H73O13P	[M-3H]3-	/resources/tools/chemdb_ontology?abbrev=PI 29:0
255.15354	255.1504	.0032	PA 42:10	C45H69O8P	[M-3H]3-	/resources/tools/chemdb_ontology?abbrev=PA 42:10
301.15853	301.1576	.0009	FA 16:3;O	C16H26O3	[M+Cl]-	/resources/tools/chemdb_ontology?abbrev=FA 16:3;O
221.0818	221.0819	.0001	FA 12:5;O2	C12H14O4	[M-H]-	/resources/tools/chemdb_ontology?abbrev=FA 12:5;O2
221.0818	221.0819	.0001	SFE 11:5	C11H12O2	[M+Formate]-	/resources/tools/chemdb_ontology?abbrev=SFE 11:5
221.0818	221.0819	.0001	FA 10:5	C10H10O2	[M+OAc]-	/resources/tools/chemdb_ontology?abbrev=FA 10:5
447.21792	447.2236	.0057	FA 20:3;O6	C20H34O8	[M+Formate]-	/resources/tools/chemdb_ontology?abbrev=FA 20:3;O6
447.21792	447.2236	.0057	FA 19:3;O6	C19H32O8	[M+OAc]-	/resources/tools/chemdb_ontology?abbrev=FA 19:3;O6
294.13433	294.1355	.0012	PA 25:4;O3	C28H47O11P	[M-2H]2-	/resources/tools/chemdb_ontology?abbrev=PA 25:4;O3
337.18633	337.1787	.0076	FA 16:1;O3	C16H30O5	[M+Cl]-	/resources/tools/chemdb_ontology?abbrev=FA 16:1;O3
337.18633	337.1940	.0077	FA 20:5	C20H30O2	[M+Cl]-	/resources/tools/chemdb_ontology?abbrev=FA 20:5
337.18633	337.1940	.0077	ST 20:2;O2	C20H30O2	[M+Cl]-	/resources/tools/chemdb_ontology?abbrev=ST 20:2;O2
241.14435	241.1445	.0002	FA 12:2	C12H20O2	[M+Formate]-	/resources/tools/chemdb_ontology?abbrev=FA 12:2
241.14435	241.1445	.0002	SFE 12:2	C12H20O2	[M+Formate]-	/resources/tools/chemdb_ontology?abbrev=SFE 12:2
241.14435	241.1445	.0002	WE 12:2	C12H20O2	[M+Formate]-	/resources/tools/chemdb_ontology?abbrev=WE 12:2
241.14435	241.1445	.0002	FA 11:2	C11H18O2	[M+OAc]-	/resources/tools/chemdb_ontology?abbrev=FA 11:2
241.14435	241.1445	.0002	SFE 11:2	C11H18O2	[M+OAc]-	/resources/tools/chemdb_ontology?abbrev=SFE 11:2
241.14435	241.1445	.0002	WE 11:2	C11H18O2	[M+OAc]-	/resources/tools/chemdb_ontology?abbrev=WE 11:2
241.14435	241.1418	.0026	PG 33:5	C39H67O10P	[M-3H]3-	/resources/tools/chemdb_ontology?abbrev=PG 33:5
431.17099	431.1665	.0045	ST 21:2;O2;S	C21H32O5S	[M+Cl]-	/resources/tools/chemdb_ontology?abbrev=ST 21:2;O2;S
569.29121	569.2887	.0025	ST 30:4;O8	C30H46O8	[M+Cl]-	/resources/tools/chemdb_ontology?abbrev=ST 30:4;O8
581.29108	581.2965	.0054	PS 20:1;O	C26H48NO11P	Neutral	/resources/tools/chemdb_ontology?abbrev=PS 20:1;O
376.2701	376.2624	.0077	Cer 20:1;O2	C20H39NO3	[M+Cl]-	/resources/tools/chemdb_ontology?abbrev=Cer 20:1;O2
376.2701	376.2684	.0017	PA 40:3	C43H79O8P	[M-2H]2-	/resources/tools/chemdb_ontology?abbrev=PA 40:3
376.2701	376.2725	.0024	MGDG 34:2	C43H78O10	[M-2H]2-	/resources/tools/chemdb_ontology?abbrev=MGDG 34:2
376.2701	376.2614	.0087	MG 20:5	C23H36O4	Neutral	/resources/tools/chemdb_ontology?abbrev=MG 20:5
295.15484	295.1551	.0003	FA 16:4;O3	C16H24O5	[M-H]-	/resources/tools/chemdb_ontology?abbrev=FA 16:4;O3
295.15484	295.1470	.0078	FA 17:5	C17H24O2	[M+Cl]-	/resources/tools/chemdb_ontology?abbrev=FA 17:5
295.15484	295.1551	.0003	FA 15:4;O	C15H22O3	[M+Formate]-	/resources/tools/chemdb_ontology?abbrev=FA 15:4;O
295.15484	295.1551	.0003	FA 14:4;O	C14H20O3	[M+OAc]-	/resources/tools/chemdb_ontology?abbrev=FA 14:4;O
464.27665	464.2783	.0016	LPC 14:1	C22H44NO7P	[M-H]-	/resources/tools/chemdb_ontology?abbrev=LPC 14:1
464.27665	464.2783	.0016	LPE 17:1	C22H44NO7P	[M-H]-	/resources/tools/chemdb_ontology?abbrev=LPE 17:1
464.27665	464.2784	.0018	CAR 16:1;O2	C23H43NO6	[M+Cl]-	/resources/tools/chemdb_ontology?abbrev=CAR 16:1;O2
348.23079	348.2301	.0007	FA 21:5;O2	C21H32O4	Neutral	/resources/tools/chemdb_ontology?abbrev=FA 21:5;O2
348.23079	348.2301	.0007	ST 21:2;O4	C21H32O4	Neutral	/resources/tools/chemdb_ontology?abbrev=ST 21:2;O4
358.25962	358.2599	.0003	CAR 12:0;O	C19H37NO5	[M-H]-	/resources/tools/chemdb_ontology?abbrev=CAR 12:0;O
358.25962	358.2518	.0078	NAE 18:2	C20H37NO2	[M+Cl]-	/resources/tools/chemdb_ontology?abbrev=NAE 18:2
433.20747	433.2079	.0005	FA 19:3;O6	C19H32O8	[M+Formate]-	/resources/tools/chemdb_ontology?abbrev=FA 19:3;O6
413.22204	413.2181	.0039	FA 21:4;O6	C21H34O8	[M-H]-	/resources/tools/chemdb_ontology?abbrev=FA 21:4;O6
413.22204	413.2181	.0039	FA 20:4;O4	C20H32O6	[M+Formate]-	/resources/tools/chemdb_ontology?abbrev=FA 20:4;O4
413.22204	413.2181	.0039	FA 19:4;O4	C19H30O6	[M+OAc]-	/resources/tools/chemdb_ontology?abbrev=FA 19:4;O4
651.2861	651.2787	.0074	LPI 18:4	C27H45O12P	[M+OAc]-	/resources/tools/chemdb_ontology?abbrev=LPI 18:4
364.22553	364.2258	.0003	SPBP 17:1;O2	C17H36NO5P	[M-H]-	/resources/tools/chemdb_ontology?abbrev=SPBP 17:1;O2
364.22553	364.2260	.0005	CAR 11:0	C18H35NO4	[M+Cl]-	/resources/tools/chemdb_ontology?abbrev=CAR 11:0
364.22553	364.2214	.0041	PA 39:8	C42H67O8P	[M-2H]2-	/resources/tools/chemdb_ontology?abbrev=PA 39:8
364.22553	364.2250	.0006	ST 21:2;O5	C21H32O5	Neutral	/resources/tools/chemdb_ontology?abbrev=ST 21:2;O5
72.99295	72.9931	.0002	FA 4:2;O4	C4H4O6	[M-2H]2-	/resources/tools/chemdb_ontology?abbrev=FA 4:2;O4
421.29798	421.2960	.0020	ST 25:1;O5	C25H42O5	[M-H]-	/resources/tools/chemdb_ontology?abbrev=ST 25:1;O5
421.29798	421.2960	.0020	MG O-21:5	C24H40O3	[M+Formate]-	/resources/tools/chemdb_ontology?abbrev=MG O-21:5
421.29798	421.2960	.0020	ST 24:1;O3	C24H40O3	[M+Formate]-	/resources/tools/chemdb_ontology?abbrev=ST 24:1;O3
421.29798	421.2960	.0020	MG O-20:5	C23H38O3	[M+OAc]-	/resources/tools/chemdb_ontology?abbrev=MG O-20:5
421.29798	421.2960	.0020	ST 23:1;O3	C23H38O3	[M+OAc]-	/resources/tools/chemdb_ontology?abbrev=ST 23:1;O3
421.29798	421.3024	.0044	PG 41:2	C47H89O10P	[M-2H]2-	/resources/tools/chemdb_ontology?abbrev=PG 41:2
253.14433	253.1445	.0002	FA 12:3	C12H18O2	[M+OAc]-	/resources/tools/chemdb_ontology?abbrev=FA 12:3
253.14433	253.1418	.0026	PG 36:8	C42H67O10P	[M-3H]3-	/resources/tools/chemdb_ontology?abbrev=PG 36:8
488.23732	488.2444	.0071	ST 24:1;O5;S	C24H40O8S	Neutral	/resources/tools/chemdb_ontology?abbrev=ST 24:1;O5;S
375.25689	375.2541	.0028	MG 20:5	C23H36O4	[M-H]-	/resources/tools/chemdb_ontology?abbrev=MG 20:5
375.25689	375.2541	.0028	FA 22:5	C22H34O2	[M+Formate]-	/resources/tools/chemdb_ontology?abbrev=FA 22:5
375.25689	375.2541	.0028	SFE 22:5	C22H34O2	[M+Formate]-	/resources/tools/chemdb_ontology?abbrev=SFE 22:5
375.25689	375.2541	.0028	FA 21:5	C21H32O2	[M+OAc]-	/resources/tools/chemdb_ontology?abbrev=FA 21:5
375.25689	375.2541	.0028	ST 21:2;O2	C21H32O2	[M+OAc]-	/resources/tools/chemdb_ontology?abbrev=ST 21:2;O2
375.25689	375.2605	.0036	PA 40:4	C43H77O8P	[M-2H]2-	/resources/tools/chemdb_ontology?abbrev=PA 40:4
420.29509	420.2946	.0005	PG 41:3	C47H87O10P	[M-2H]2-	/resources/tools/chemdb_ontology?abbrev=PG 41:3
420.29509	420.2876	.0075	ST 25:2;O5	C25H40O5	Neutral	/resources/tools/chemdb_ontology?abbrev=ST 25:2;O5
374.25406	374.2548	.0008	CAR 11:0	C18H35NO4	[M+Formate]-	/resources/tools/chemdb_ontology?abbrev=CAR 11:0
374.25406	374.2548	.0008	CAR 10:0	C17H33NO4	[M+OAc]-	/resources/tools/chemdb_ontology?abbrev=CAR 10:0
374.25406	374.2527	.0014	PA 40:5	C43H75O8P	[M-2H]2-	/resources/tools/chemdb_ontology?abbrev=PA 40:5
374.25406	374.2457	.0083	ST 23:3;O4	C23H34O4	Neutral	/resources/tools/chemdb_ontology?abbrev=ST 23:3;O4
310.17396	310.1780	.0041	FA 17:4;O3	C17H26O5	Neutral	/resources/tools/chemdb_ontology?abbrev=FA 17:4;O3
374.24491	374.2548	.0099	CAR 11:0	C18H35NO4	[M+Formate]-	/resources/tools/chemdb_ontology?abbrev=CAR 11:0
374.24491	374.2548	.0099	CAR 10:0	C17H33NO4	[M+OAc]-	/resources/tools/chemdb_ontology?abbrev=CAR 10:0
374.24491	374.2457	.0008	ST 23:3;O4	C23H34O4	Neutral	/resources/tools/chemdb_ontology?abbrev=ST 23:3;O4
410.26543	410.2633	.0022	PG 40:6	C46H79O10P	[M-2H]2-	/resources/tools/chemdb_ontology?abbrev=PG 40:6
410.26543	410.2668	.0014	FA 23:4;O4	C23H38O6	Neutral	/resources/tools/chemdb_ontology?abbrev=FA 23:4;O4
410.22139	410.2313	.0099	LPC 10:0	C18H38NO7P	[M-H]-	/resources/tools/chemdb_ontology?abbrev=LPC 10:0
410.22139	410.2313	.0099	LPE 13:0	C18H38NO7P	[M-H]-	/resources/tools/chemdb_ontology?abbrev=LPE 13:0
410.22139	410.2313	.0099	SPBP 17:1;O2	C17H36NO5P	[M+Formate]-	/resources/tools/chemdb_ontology?abbrev=SPBP 17:1;O2
410.22139	410.2313	.0099	SPBP 16:1;O2	C16H34NO5P	[M+OAc]-	/resources/tools/chemdb_ontology?abbrev=SPBP 16:1;O2
420.25015	420.2521	.0019	CerP 20:1;O2	C20H40NO6P	[M-H]-	/resources/tools/chemdb_ontology?abbrev=CerP 20:1;O2
420.25015	420.2476	.0025	PG 42:10	C48H75O10P	[M-2H]2-	/resources/tools/chemdb_ontology?abbrev=PG 42:10
309.17071	309.1708	.0000	FA 17:4;O3	C17H26O5	[M-H]-	/resources/tools/chemdb_ontology?abbrev=FA 17:4;O3
309.17071	309.1627	.0080	FA 18:5	C18H26O2	[M+Cl]-	/resources/tools/chemdb_ontology?abbrev=FA 18:5
309.17071	309.1627	.0080	SFE 18:5	C18H26O2	[M+Cl]-	/resources/tools/chemdb_ontology?abbrev=SFE 18:5
309.17071	309.1627	.0080	ST 18:2;O2	C18H26O2	[M+Cl]-	/resources/tools/chemdb_ontology?abbrev=ST 18:2;O2
309.17071	309.1627	.0080	WE 18:5	C18H26O2	[M+Cl]-	/resources/tools/chemdb_ontology?abbrev=WE 18:5
309.17071	309.1708	.0000	FA 16:4;O	C16H24O3	[M+Formate]-	/resources/tools/chemdb_ontology?abbrev=FA 16:4;O
309.17071	309.1708	.0000	FA 15:4;O	C15H22O3	[M+OAc]-	/resources/tools/chemdb_ontology?abbrev=FA 15:4;O
309.17071	309.1707	.0000	DGDG 36:9	C51H78O15	[M-3H]3-	/resources/tools/chemdb_ontology?abbrev=DGDG 36:9
309.17071	309.1680	.0027	PI 42:10	C51H79O13P	[M-3H]3-	/resources/tools/chemdb_ontology?abbrev=PI 42:10
421.25342	421.2596	.0062	ST 24:2;O6	C24H38O6	[M-H]-	/resources/tools/chemdb_ontology?abbrev=ST 24:2;O6
421.25342	421.2596	.0062	MG 20:5	C23H36O4	[M+Formate]-	/resources/tools/chemdb_ontology?abbrev=MG 20:5
421.25342	421.2596	.0062	FA 22:5;O2	C22H34O4	[M+OAc]-	/resources/tools/chemdb_ontology?abbrev=FA 22:5;O2
421.25342	421.2554	.0020	PG 42:9	C48H77O10P	[M-2H]2-	/resources/tools/chemdb_ontology?abbrev=PG 42:9
421.25342	421.2593	.0059	CerP 20:1;O2	C20H40NO6P	Neutral	/resources/tools/chemdb_ontology?abbrev=CerP 20:1;O2
437.24014	437.2464	.0063	MG 22:6	C25H38O4	[M+Cl]-	/resources/tools/chemdb_ontology?abbrev=MG 22:6
437.24014	437.2464	.0063	ST 26:3;O3	C25H38O4	[M+Cl]-	/resources/tools/chemdb_ontology?abbrev=ST 26:3;O3
343.16946	343.1704	.0009	FA 24:12	C24H24O2	[M-H]-	/resources/tools/chemdb_ontology?abbrev=FA 24:12
343.16946	343.1682	.0013	FA 18:4;O2	C18H28O4	[M+Cl]-	/resources/tools/chemdb_ontology?abbrev=FA 18:4;O2
343.16946	343.1762	.0068	FA 16:3;O3	C16H26O5	[M+Formate]-	/resources/tools/chemdb_ontology?abbrev=FA 16:3;O3
438.24361	438.2450	.0014	NAT 19:1	C21H41NO4S	[M+Cl]-	/resources/tools/chemdb_ontology?abbrev=NAT 19:1
438.24361	438.2400	.0036	PI 38:8	C47H75O13P	[M-2H]2-	/resources/tools/chemdb_ontology?abbrev=PI 38:8
411.22478	411.2308	.0060	MG 20:5	C23H36O4	[M+Cl]-	/resources/tools/chemdb_ontology?abbrev=MG 20:5
113.02432	113.0244	.0001	FA 5:2;O	C5H6O3	[M-H]-	/resources/tools/chemdb_ontology?abbrev=FA 5:2;O
431.22156	431.2204	.0011	LPA 18:3	C21H37O7P	[M-H]-	/resources/tools/chemdb_ontology?abbrev=LPA 18:3
431.22156	431.2206	.0010	FA 22:4;O4	C22H36O6	[M+Cl]-	/resources/tools/chemdb_ontology?abbrev=FA 22:4;O4
431.22156	431.2287	.0071	FA 20:3;O5	C20H34O7	[M+Formate]-	/resources/tools/chemdb_ontology?abbrev=FA 20:3;O5
390.24938	390.2476	.0018	PG 37:5	C43H75O10P	[M-2H]2-	/resources/tools/chemdb_ontology?abbrev=PG 37:5
390.24938	390.2406	.0088	FA 23:6;O3	C23H34O5	Neutral	/resources/tools/chemdb_ontology?abbrev=FA 23:6;O3
390.24938	390.2406	.0088	ST 23:3;O5	C23H34O5	Neutral	/resources/tools/chemdb_ontology?abbrev=ST 23:3;O5
436.24481	436.2470	.0022	LPE 15:1	C20H40NO7P	[M-H]-	/resources/tools/chemdb_ontology?abbrev=LPE 15:1
436.24481	436.2471	.0023	CAR 14:1;O2	C21H39NO6	[M+Cl]-	/resources/tools/chemdb_ontology?abbrev=CAR 14:1;O2
436.24481	436.2470	.0022	PC O-13:1	C21H42NO7P	[M-CH3]-	/resources/tools/chemdb_ontology?abbrev=PC O-13:1
239.06724	239.0692	.0019	FA 9:1;O3	C9H16O5	[M+Cl]-	/resources/tools/chemdb_ontology?abbrev=FA 9:1;O3
223.13383	223.1340	.0001	FA 13:3;O	C13H20O3	[M-H]-	/resources/tools/chemdb_ontology?abbrev=FA 13:3;O
223.13383	223.1340	.0001	WE 13:3;O	C13H20O3	[M-H]-	/resources/tools/chemdb_ontology?abbrev=WE 13:3;O
223.13383	223.1340	.0001	FA 11:3;O	C11H16O	[M+OAc]-	/resources/tools/chemdb_ontology?abbrev=FA 11:3;O
223.13383	223.1340	.0001	FA 26:6;O4	C26H40O6	[M-2H]2-	/resources/tools/chemdb_ontology?abbrev=FA 26:6;O4
423.25873	423.2517	.0070	LPA 17:0	C20H41O7P	[M-H]-	/resources/tools/chemdb_ontology?abbrev=LPA 17:0
423.25873	423.2541	.0046	ST 25:6;O2	C25H32O2	[M+OAc]-	/resources/tools/chemdb_ontology?abbrev=ST 25:6;O2
423.25873	423.2635	.0047	PI 35:2	C44H81O13P	[M-2H]2-	/resources/tools/chemdb_ontology?abbrev=PI 35:2
693.3356	693.3257	.0099	LPI 22:4	C31H53O12P	[M+Formate]-	/resources/tools/chemdb_ontology?abbrev=LPI 22:4
693.3356	693.3257	.0099	PG 25:4;O2	C31H53O12P	[M+Formate]-	/resources/tools/chemdb_ontology?abbrev=PG 25:4;O2
715.36441	715.3595	.0049	PG 27:2;O2	C33H61O12P	[M+Cl]-	/resources/tools/chemdb_ontology?abbrev=PG 27:2;O2
351.20221	351.2096	.0074	FA 21:5	C21H32O2	[M+Cl]-	/resources/tools/chemdb_ontology?abbrev=FA 21:5
351.20221	351.2096	.0074	ST 21:2;O2	C21H32O2	[M+Cl]-	/resources/tools/chemdb_ontology?abbrev=ST 21:2;O2
346.21507	346.2235	.0084	CAR 9:0	C16H31NO4	[M+Formate]-	/resources/tools/chemdb_ontology?abbrev=CAR 9:0
346.21507	346.2235	.0084	CAR 8:0	C15H29NO4	[M+OAc]-	/resources/tools/chemdb_ontology?abbrev=CAR 8:0
346.21507	346.2144	.0007	ST 21:3;O4	C21H30O4	Neutral	/resources/tools/chemdb_ontology?abbrev=ST 21:3;O4
325.11914	325.1212	.0021	FA 17:6;O2	C17H22O4	[M+Cl]-	/resources/tools/chemdb_ontology?abbrev=FA 17:6;O2
101.02427	101.0244	.0002	FA 4:1;O	C4H6O3	[M-H]-	/resources/tools/chemdb_ontology?abbrev=FA 4:1;O
101.02427	101.0244	.0002	FAL 4:1;O2	C4H6O3	[M-H]-	/resources/tools/chemdb_ontology?abbrev=FAL 4:1;O2
309.20749	309.2071	.0003	FA 18:3;O2	C18H30O4	[M-H]-	/resources/tools/chemdb_ontology?abbrev=FA 18:3;O2
309.20749	309.1991	.0084	ST 19:1;O	C19H30O	[M+Cl]-	/resources/tools/chemdb_ontology?abbrev=ST 19:1;O
309.20749	309.2071	.0004	FA 17:3	C17H28O2	[M+Formate]-	/resources/tools/chemdb_ontology?abbrev=FA 17:3
309.20749	309.2071	.0004	SFE 17:3	C17H28O2	[M+Formate]-	/resources/tools/chemdb_ontology?abbrev=SFE 17:3
309.20749	309.2071	.0004	FA 16:3	C16H26O2	[M+OAc]-	/resources/tools/chemdb_ontology?abbrev=FA 16:3
309.20749	309.2071	.0004	SFE 16:3	C16H26O2	[M+OAc]-	/resources/tools/chemdb_ontology?abbrev=SFE 16:3
309.20749	309.2071	.0004	WE 16:3	C16H26O2	[M+OAc]-	/resources/tools/chemdb_ontology?abbrev=WE 16:3
429.15029	429.1589	.0086	ST 19:2;O3;S	C19H28O6S	[M+Formate]-	/resources/tools/chemdb_ontology?abbrev=ST 19:2;O3;S
837.43744	837.4326	.0048	PI 32:4	C41H71O13P	[M+Cl]-	/resources/tools/chemdb_ontology?abbrev=PI 32:4
473.23865	473.2440	.0054	LPA 18:0	C21H43O7P	[M+Cl]-	/resources/tools/chemdb_ontology?abbrev=LPA 18:0
473.23865	473.2392	.0006	FA 21:4;O6	C21H34O8	[M+OAc]-	/resources/tools/chemdb_ontology?abbrev=FA 21:4;O6
609.33959	609.3409	.0013	LPG 22:2	C28H53O9P	[M+Formate]-	/resources/tools/chemdb_ontology?abbrev=LPG 22:2
609.33959	609.3409	.0013	PA 25:1;O	C28H53O9P	[M+Formate]-	/resources/tools/chemdb_ontology?abbrev=PA 25:1;O
293.21357	293.2122	.0013	FA 18:3;O	C18H30O3	[M-H]-	/resources/tools/chemdb_ontology?abbrev=FA 18:3;O
361.16272	361.1657	.0030	ST 19:4;O4	C19H24O4	[M+Formate]-	/resources/tools/chemdb_ontology?abbrev=ST 19:4;O4
361.16272	361.1657	.0030	ST 18:4;O4	C18H22O4	[M+OAc]-	/resources/tools/chemdb_ontology?abbrev=ST 18:4;O4
361.16272	361.1645	.0018	PI 24:3;O2	C33H57O15P	[M-2H]2-	/resources/tools/chemdb_ontology?abbrev=PI 24:3;O2
293.18617	293.1889	.0027	FA 15:0;O	C15H30O3	[M+Cl]-	/resources/tools/chemdb_ontology?abbrev=FA 15:0;O
293.18617	293.1823	.0039	PA 28:2	C31H57O8P	[M-2H]2-	/resources/tools/chemdb_ontology?abbrev=PA 28:2
293.17564	293.1758	.0002	FA 16:4	C16H24O2	[M+Formate]-	/resources/tools/chemdb_ontology?abbrev=FA 16:4
293.17564	293.1758	.0002	SFE 16:4	C16H24O2	[M+Formate]-	/resources/tools/chemdb_ontology?abbrev=SFE 16:4
293.17564	293.1758	.0002	FA 15:4	C15H22O2	[M+OAc]-	/resources/tools/chemdb_ontology?abbrev=FA 15:4
293.17564	293.1758	.0002	WE 15:4	C15H22O2	[M+OAc]-	/resources/tools/chemdb_ontology?abbrev=WE 15:4
293.17564	293.1758	.0002	ST 28:3;O2;GlcA	C34H52O8	[M-2H]2-	/resources/tools/chemdb_ontology?abbrev=ST 28:3;O2;GlcA
635.29135	635.2969	.0055	LPI 18:0	C27H53O12P	[M+Cl]-	/resources/tools/chemdb_ontology?abbrev=LPI 18:0
635.29135	635.2838	.0075	PA 25:4;O3	C28H47O11P	[M+Formate]-	/resources/tools/chemdb_ontology?abbrev=PA 25:4;O3
849.43775	849.4326	.0051	PI 33:5	C42H71O13P	[M+Cl]-	/resources/tools/chemdb_ontology?abbrev=PI 33:5
459.20186	459.1920	.0098	PA 16:0	C19H37O8P	[M+Cl]-	/resources/tools/chemdb_ontology?abbrev=PA 16:0
239.12868	239.1289	.0002	FA 12:3	C12H18O2	[M+Formate]-	/resources/tools/chemdb_ontology?abbrev=FA 12:3
239.12868	239.1289	.0002	FA 11:3	C11H16O2	[M+OAc]-	/resources/tools/chemdb_ontology?abbrev=FA 11:3
239.12868	239.1289	.0002	SFE 11:3	C11H16O2	[M+OAc]-	/resources/tools/chemdb_ontology?abbrev=SFE 11:3
838.44091	838.4431	.0022	PS 38:8	C44H70NO10P	[M+Cl]-	/resources/tools/chemdb_ontology?abbrev=PS 38:8
356.244	356.2443	.0003	CAR 12:1;O	C19H35NO5	[M-H]-	/resources/tools/chemdb_ontology?abbrev=CAR 12:1;O
356.244	356.2362	.0078	NAE 18:3	C20H35NO2	[M+Cl]-	/resources/tools/chemdb_ontology?abbrev=NAE 18:3
356.244	356.2351	.0089	ST 23:4;O3	C23H32O3	Neutral	/resources/tools/chemdb_ontology?abbrev=ST 23:4;O3
484.26779	484.2681	.0003	LPS O-15:0;O	C21H44NO9P	[M-H]-	/resources/tools/chemdb_ontology?abbrev=LPS O-15:0;O
484.26779	484.2681	.0003	LPC 12:0	C20H42NO7P	[M+Formate]-	/resources/tools/chemdb_ontology?abbrev=LPC 12:0
484.26779	484.2681	.0003	LPE 15:0	C20H42NO7P	[M+Formate]-	/resources/tools/chemdb_ontology?abbrev=LPE 15:0
484.26779	484.2681	.0003	LPE O-15:1;O	C20H42NO7P	[M+Formate]-	/resources/tools/chemdb_ontology?abbrev=LPE O-15:1;O
484.26779	484.2681	.0003	LPC 11:0	C19H40NO7P	[M+OAc]-	/resources/tools/chemdb_ontology?abbrev=LPC 11:0
484.26779	484.2681	.0003	LPE 14:0	C19H40NO7P	[M+OAc]-	/resources/tools/chemdb_ontology?abbrev=LPE 14:0
484.26779	484.2672	.0006	ST 19:0;O3;GlcA	C25H40O9	Neutral	/resources/tools/chemdb_ontology?abbrev=ST 19:0;O3;GlcA
297.16377	297.1708	.0070	FA 16:3;O3	C16H26O5	[M-H]-	/resources/tools/chemdb_ontology?abbrev=FA 16:3;O3
297.16377	297.1627	.0011	FA 17:4	C17H26O2	[M+Cl]-	/resources/tools/chemdb_ontology?abbrev=FA 17:4
297.16377	297.1708	.0070	FA 15:3;O	C15H24O3	[M+Formate]-	/resources/tools/chemdb_ontology?abbrev=FA 15:3;O
297.16377	297.1708	.0070	FA 14:3;O	C14H22O3	[M+OAc]-	/resources/tools/chemdb_ontology?abbrev=FA 14:3;O
297.16377	297.1708	.0070	SFE 14:3;O	C14H22O3	[M+OAc]-	/resources/tools/chemdb_ontology?abbrev=SFE 14:3;O
239.15863	239.1653	.0066	FA 14:2;O	C14H24O3	[M-H]-	/resources/tools/chemdb_ontology?abbrev=FA 14:2;O
239.15863	239.1574	.0012	PG 32:1	C38H73O10P	[M-3H]3-	/resources/tools/chemdb_ontology?abbrev=PG 32:1
421.15491	421.1635	.0086	FA 19:4;O6	C19H30O8	[M+Cl]-	/resources/tools/chemdb_ontology?abbrev=FA 19:4;O6
431.18374	431.1923	.0085	FA 19:4;O6	C19H30O8	[M+Formate]-	/resources/tools/chemdb_ontology?abbrev=FA 19:4;O6
311.22253	311.2228	.0003	FA 18:2;O2	C18H32O4	[M-H]-	/resources/tools/chemdb_ontology?abbrev=FA 18:2;O2
311.22253	311.2147	.0078	ST 19:0;O	C19H32O	[M+Cl]-	/resources/tools/chemdb_ontology?abbrev=ST 19:0;O
311.22253	311.2228	.0003	FA 17:2	C17H30O2	[M+Formate]-	/resources/tools/chemdb_ontology?abbrev=FA 17:2
311.22253	311.2228	.0003	SFE 17:2	C17H30O2	[M+Formate]-	/resources/tools/chemdb_ontology?abbrev=SFE 17:2
311.22253	311.2228	.0003	WE 17:2	C17H30O2	[M+Formate]-	/resources/tools/chemdb_ontology?abbrev=WE 17:2
311.22253	311.2228	.0003	FA 16:2	C16H28O2	[M+OAc]-	/resources/tools/chemdb_ontology?abbrev=FA 16:2
311.22253	311.2228	.0003	SFE 16:2	C16H28O2	[M+OAc]-	/resources/tools/chemdb_ontology?abbrev=SFE 16:2
311.22253	311.2228	.0003	WE 16:2	C16H28O2	[M+OAc]-	/resources/tools/chemdb_ontology?abbrev=WE 16:2
285.16402	285.1627	.0013	FA 16:3	C16H26O2	[M+Cl]-	/resources/tools/chemdb_ontology?abbrev=FA 16:3
285.16402	285.1627	.0013	SFE 16:3	C16H26O2	[M+Cl]-	/resources/tools/chemdb_ontology?abbrev=SFE 16:3
285.16402	285.1627	.0013	WE 16:3	C16H26O2	[M+Cl]-	/resources/tools/chemdb_ontology?abbrev=WE 16:3
285.16402	285.1708	.0067	FA 14:2;O	C14H24O3	[M+Formate]-	/resources/tools/chemdb_ontology?abbrev=FA 14:2;O
239.16835	239.1653	.0031	FA 14:2;O	C14H24O3	[M-H]-	/resources/tools/chemdb_ontology?abbrev=FA 14:2;O
239.16835	239.1653	.0031	ST 28:1;O6	C28H48O6	[M-2H]2-	/resources/tools/chemdb_ontology?abbrev=ST 28:1;O6
239.16835	239.1695	.0012	PG O-33:1	C39H77O9P	[M-3H]3-	/resources/tools/chemdb_ontology?abbrev=PG O-33:1
275.13526	275.1420	.0067	FA 14:2;O	C14H24O3	[M+Cl]-	/resources/tools/chemdb_ontology?abbrev=FA 14:2;O
275.13526	275.1289	.0064	FA 15:6	C15H18O2	[M+Formate]-	/resources/tools/chemdb_ontology?abbrev=FA 15:6
275.13526	275.1289	.0064	WE 15:6	C15H18O2	[M+Formate]-	/resources/tools/chemdb_ontology?abbrev=WE 15:6
275.13526	275.1289	.0064	FA 14:6	C14H16O2	[M+OAc]-	/resources/tools/chemdb_ontology?abbrev=FA 14:6
275.13526	275.1369	.0016	CAR 5:1;O2	C12H21NO6	Neutral	/resources/tools/chemdb_ontology?abbrev=CAR 5:1;O2
287.16016	287.1653	.0051	FA 18:5;O	C18H24O3	[M-H]-	/resources/tools/chemdb_ontology?abbrev=FA 18:5;O
287.16016	287.1653	.0051	FA 18:6;O	C18H24O3	[M-H]-	/resources/tools/chemdb_ontology?abbrev=FA 18:6;O
287.16016	287.1653	.0051	ST 18:3;O3	C18H24O3	[M-H]-	/resources/tools/chemdb_ontology?abbrev=ST 18:3;O3
287.16016	287.1653	.0051	FA 17:6;O	C17H22O	[M+Formate]-	/resources/tools/chemdb_ontology?abbrev=FA 17:6;O
432.18714	432.1923	.0052	LPC 9:0	C17H36NO7P	[M+Cl]-	/resources/tools/chemdb_ontology?abbrev=LPC 9:0
432.18714	432.1923	.0052	LPE 12:0	C17H36NO7P	[M+Cl]-	/resources/tools/chemdb_ontology?abbrev=LPE 12:0
365.21781	365.2253	.0075	FA 22:5	C22H34O2	[M+Cl]-	/resources/tools/chemdb_ontology?abbrev=FA 22:5
365.21781	365.2253	.0075	SFE 22:5	C22H34O2	[M+Cl]-	/resources/tools/chemdb_ontology?abbrev=SFE 22:5
365.21781	365.2100	.0078	FA 18:1;O3	C18H34O5	[M+Cl]-	/resources/tools/chemdb_ontology?abbrev=FA 18:1;O3
427.19132	427.1893	.0020	FA 22:6;O4	C22H32O6	[M+Cl]-	/resources/tools/chemdb_ontology?abbrev=FA 22:6;O4
427.19132	427.1974	.0060	FA 20:5;O5	C20H30O7	[M+Formate]-	/resources/tools/chemdb_ontology?abbrev=FA 20:5;O5
390.23971	390.2400	.0003	PI 30:0	C39H75O13P	[M-2H]2-	/resources/tools/chemdb_ontology?abbrev=PI 30:0
390.23971	390.2406	.0009	FA 23:6;O3	C23H34O5	Neutral	/resources/tools/chemdb_ontology?abbrev=FA 23:6;O3
390.23971	390.2406	.0009	ST 23:3;O5	C23H34O5	Neutral	/resources/tools/chemdb_ontology?abbrev=ST 23:3;O5
358.25967	358.2599	.0002	CAR 12:0;O	C19H37NO5	[M-H]-	/resources/tools/chemdb_ontology?abbrev=CAR 12:0;O
358.25967	358.2518	.0078	NAE 18:2	C20H37NO2	[M+Cl]-	/resources/tools/chemdb_ontology?abbrev=NAE 18:2
293.13927	293.1314	.0079	FA 17:6	C17H22O2	[M+Cl]-	/resources/tools/chemdb_ontology?abbrev=FA 17:6
618.27613	618.2805	.0044	LPI 20:5	C29H47O12P	Neutral	/resources/tools/chemdb_ontology?abbrev=LPI 20:5
617.2728	617.2732	.0004	LPI 20:5	C29H47O12P	[M-H]-	/resources/tools/chemdb_ontology?abbrev=LPI 20:5
239.06719	239.0692	.0020	FA 9:1;O3	C9H16O5	[M+Cl]-	/resources/tools/chemdb_ontology?abbrev=FA 9:1;O3
350.24641	350.2468	.0003	SPB 18:1;O3	C18H37NO3	[M+Cl]-	/resources/tools/chemdb_ontology?abbrev=SPB 18:1;O3
350.24641	350.2457	.0007	FA 21:4;O2	C21H34O4	Neutral	/resources/tools/chemdb_ontology?abbrev=FA 21:4;O2
350.24641	350.2457	.0007	ST 21:1;O4	C21H34O4	Neutral	/resources/tools/chemdb_ontology?abbrev=ST 21:1;O4
360.27526	360.2675	.0078	NAE 18:1	C20H39NO2	[M+Cl]-	/resources/tools/chemdb_ontology?abbrev=NAE 18:1
360.27526	360.2756	.0003	SPB 18:1;O3	C18H37NO3	[M+Formate]-	/resources/tools/chemdb_ontology?abbrev=SPB 18:1;O3
360.27526	360.2664	.0088	FA 23:5;O	C23H36O3	Neutral	/resources/tools/chemdb_ontology?abbrev=FA 23:5;O
510.28329	510.2838	.0005	LPS 17:0	C23H46NO9P	[M-H]-	/resources/tools/chemdb_ontology?abbrev=LPS 17:0
510.28329	510.2838	.0005	LPS O-17:1;O	C23H46NO9P	[M-H]-	/resources/tools/chemdb_ontology?abbrev=LPS O-17:1;O
510.28329	510.2838	.0005	LPC 14:1	C22H44NO7P	[M+Formate]-	/resources/tools/chemdb_ontology?abbrev=LPC 14:1
510.28329	510.2838	.0005	LPE 17:1	C22H44NO7P	[M+Formate]-	/resources/tools/chemdb_ontology?abbrev=LPE 17:1
510.28329	510.2838	.0005	LPE 16:1	C21H42NO7P	[M+OAc]-	/resources/tools/chemdb_ontology?abbrev=LPE 16:1
510.28329	510.2838	.0005	PC O-13:1	C21H42NO7P	[M+OAc]-	/resources/tools/chemdb_ontology?abbrev=PC O-13:1
542.2519	542.2525	.0006	LPS 20:5	C26H42NO9P	[M-H]-	/resources/tools/chemdb_ontology?abbrev=LPS 20:5
542.2519	542.2492	.0027	LPI 14:1	C23H43O12P	Neutral	/resources/tools/chemdb_ontology?abbrev=LPI 14:1
435.19613	435.1944	.0017	ST 24:5;O5	C24H32O5	[M+Cl]-	/resources/tools/chemdb_ontology?abbrev=ST 24:5;O5
435.19613	435.1872	.0089	FA 18:3;O7	C18H30O9	[M+Formate]-	/resources/tools/chemdb_ontology?abbrev=FA 18:3;O7
435.19613	435.2025	.0063	ST 21:4;O6	C21H28O6	[M+OAc]-	/resources/tools/chemdb_ontology?abbrev=ST 21:4;O6
309.20694	309.2071	.0002	FA 18:3;O2	C18H30O4	[M-H]-	/resources/tools/chemdb_ontology?abbrev=FA 18:3;O2
309.20694	309.1991	.0079	ST 19:1;O	C19H30O	[M+Cl]-	/resources/tools/chemdb_ontology?abbrev=ST 19:1;O
309.20694	309.2071	.0002	FA 17:3	C17H28O2	[M+Formate]-	/resources/tools/chemdb_ontology?abbrev=FA 17:3
309.20694	309.2071	.0002	SFE 17:3	C17H28O2	[M+Formate]-	/resources/tools/chemdb_ontology?abbrev=SFE 17:3
309.20694	309.2071	.0002	FA 16:3	C16H26O2	[M+OAc]-	/resources/tools/chemdb_ontology?abbrev=FA 16:3
309.20694	309.2071	.0002	SFE 16:3	C16H26O2	[M+OAc]-	/resources/tools/chemdb_ontology?abbrev=SFE 16:3
309.20694	309.2071	.0002	WE 16:3	C16H26O2	[M+OAc]-	/resources/tools/chemdb_ontology?abbrev=WE 16:3
593.2726	593.2732	.0006	LPI 18:3	C27H47O12P	[M-H]-	/resources/tools/chemdb_ontology?abbrev=LPI 18:3
593.2726	593.2732	.0006	PA 23:3;O2	C26H45O10P	[M+Formate]-	/resources/tools/chemdb_ontology?abbrev=PA 23:3;O2
309.15277	309.1474	.0053	FA 14:1;O3	C14H26O5	[M+Cl]-	/resources/tools/chemdb_ontology?abbrev=FA 14:1;O3
309.15277	309.1627	.0099	FA 18:5	C18H26O2	[M+Cl]-	/resources/tools/chemdb_ontology?abbrev=FA 18:5
309.15277	309.1627	.0099	SFE 18:5	C18H26O2	[M+Cl]-	/resources/tools/chemdb_ontology?abbrev=SFE 18:5
309.15277	309.1627	.0099	ST 18:2;O2	C18H26O2	[M+Cl]-	/resources/tools/chemdb_ontology?abbrev=ST 18:2;O2
309.15277	309.1627	.0099	WE 18:5	C18H26O2	[M+Cl]-	/resources/tools/chemdb_ontology?abbrev=WE 18:5
267.14408	267.1391	.0050	FA 18:8	C18H20O2	[M-H]-	/resources/tools/chemdb_ontology?abbrev=FA 18:8
267.14408	267.1391	.0050	ST 18:5;O2	C18H20O2	[M-H]-	/resources/tools/chemdb_ontology?abbrev=ST 18:5;O2
267.14408	267.1484	.0044	LPG 20:2	C26H49O9P	[M-2H]2-	/resources/tools/chemdb_ontology?abbrev=LPG 20:2
390.17066	390.1702	.0004	CoA 28:0	C49H90N7O17P3S	[M-3H]3-	/resources/tools/chemdb_ontology?abbrev=CoA 28:0
591.357	591.3539	.0031	ST 27:3;O4;Hex	C33H52O9	[M-H]-	/resources/tools/chemdb_ontology?abbrev=ST 27:3;O4;Hex
297.15279	297.1627	.0099	FA 17:4	C17H26O2	[M+Cl]-	/resources/tools/chemdb_ontology?abbrev=FA 17:4
265.15811	265.1576	.0005	FA 13:0;O	C13H26O3	[M+Cl]-	/resources/tools/chemdb_ontology?abbrev=FA 13:0;O
265.14774	265.1576	.0099	FA 13:0;O	C13H26O3	[M+Cl]-	/resources/tools/chemdb_ontology?abbrev=FA 13:0;O
265.14774	265.1445	.0032	FA 14:4	C14H20O2	[M+Formate]-	/resources/tools/chemdb_ontology?abbrev=FA 14:4
265.14774	265.1445	.0032	FA 13:4	C13H18O2	[M+OAc]-	/resources/tools/chemdb_ontology?abbrev=FA 13:4
265.14774	265.1445	.0032	SFE 13:4	C13H18O2	[M+OAc]-	/resources/tools/chemdb_ontology?abbrev=SFE 13:4
265.14774	265.1462	.0015	ST 27:0;O5;S	C27H48O8S	[M-2H]2-	/resources/tools/chemdb_ontology?abbrev=ST 27:0;O5;S
265.14774	265.1445	.0032	ST 30:5;O8	C30H44O8	[M-2H]2-	/resources/tools/chemdb_ontology?abbrev=ST 30:5;O8
365.13995	365.1373	.0027	FA 16:3;O5	C16H26O7	[M+Cl]-	/resources/tools/chemdb_ontology?abbrev=FA 16:3;O5
531.30342	531.2997	.0037	ST 27:0;O5;S	C27H48O8S	[M-H]-	/resources/tools/chemdb_ontology?abbrev=ST 27:0;O5;S
531.30342	531.2964	.0071	ST 30:5;O8	C30H44O8	[M-H]-	/resources/tools/chemdb_ontology?abbrev=ST 30:5;O8
531.30342	531.2964	.0071	ST 29:5;O6	C29H42O6	[M+Formate]-	/resources/tools/chemdb_ontology?abbrev=ST 29:5;O6
553.28534	553.2938	.0084	ST 30:4;O7	C30H46O7	[M+Cl]-	/resources/tools/chemdb_ontology?abbrev=ST 30:4;O7
553.28534	553.2783	.0070	LPG 18:2	C24H45O9P	[M+Formate]-	/resources/tools/chemdb_ontology?abbrev=LPG 18:2
553.28534	553.2783	.0070	PA 21:1;O	C24H45O9P	[M+Formate]-	/resources/tools/chemdb_ontology?abbrev=PA 21:1;O
553.28534	553.2783	.0070	LPG 17:2	C23H43O9P	[M+OAc]-	/resources/tools/chemdb_ontology?abbrev=LPG 17:2
553.28534	553.2783	.0070	PA 20:1;O	C23H43O9P	[M+OAc]-	/resources/tools/chemdb_ontology?abbrev=PA 20:1;O
589.35652	589.3511	.0054	PA 27:2;O	C30H55O9P	[M-H]-	/resources/tools/chemdb_ontology?abbrev=PA 27:2;O
913.56519	913.5578	.0074	PI 37:1	C46H87O13P	[M+Cl]-	/resources/tools/chemdb_ontology?abbrev=PI 37:1
913.56519	913.5731	.0079	PG 44:6	C50H87O10P	[M+Cl]-	/resources/tools/chemdb_ontology?abbrev=PG 44:6
915.56644	915.5735	.0071	PI 37:0	C46H89O13P	[M+Cl]-	/resources/tools/chemdb_ontology?abbrev=PI 37:0
915.56644	915.5604	.0060	PI O-38:5	C47H83O12P	[M+Formate]-	/resources/tools/chemdb_ontology?abbrev=PI O-38:5
560.29886	560.2994	.0005	LPC 18:4	C26H46NO7P	[M+Formate]-	/resources/tools/chemdb_ontology?abbrev=LPC 18:4
560.29886	560.2899	.0090	ST 24:1;O4;Tau	C26H45NO7S	[M+Formate]-	/resources/tools/chemdb_ontology?abbrev=ST 24:1;O4;Tau
560.29886	560.2994	.0005	LPE 20:4	C25H44NO7P	[M+OAc]-	/resources/tools/chemdb_ontology?abbrev=LPE 20:4
385.18019	385.1868	.0066	FA 19:4;O6	C19H30O8	[M-H]-	/resources/tools/chemdb_ontology?abbrev=FA 19:4;O6
385.18019	385.1787	.0015	FA 20:5;O3	C20H30O5	[M+Cl]-	/resources/tools/chemdb_ontology?abbrev=FA 20:5;O3
385.18019	385.1868	.0066	FA 18:4;O4	C18H28O6	[M+Formate]-	/resources/tools/chemdb_ontology?abbrev=FA 18:4;O4
348.23077	348.2301	.0007	FA 21:5;O2	C21H32O4	Neutral	/resources/tools/chemdb_ontology?abbrev=FA 21:5;O2
348.23077	348.2301	.0007	ST 21:2;O4	C21H32O4	Neutral	/resources/tools/chemdb_ontology?abbrev=ST 21:2;O4
422.23091	422.2313	.0004	LPE 14:1	C19H38NO7P	[M-H]-	/resources/tools/chemdb_ontology?abbrev=LPE 14:1
422.23091	422.2313	.0004	PC O-12:1	C20H40NO7P	[M-CH3]-	/resources/tools/chemdb_ontology?abbrev=PC O-12:1
422.23091	422.2303	.0006	M(IP)2C 40:0;O2	C58H113NO24P2	[M-3H]3-	/resources/tools/chemdb_ontology?abbrev=M(IP)2C 40:0;O2
529.25665	529.2572	.0006	LPG 20:5	C26H43O9P	[M-H]-	/resources/tools/chemdb_ontology?abbrev=LPG 20:5
529.25665	529.2654	.0088	ST 19:0;O3;GlcA	C25H40O9	[M+Formate]-	/resources/tools/chemdb_ontology?abbrev=ST 19:0;O3;GlcA
277.18143	277.1809	.0005	FA 17:4;O	C17H26O3	[M-H]-	/resources/tools/chemdb_ontology?abbrev=FA 17:4;O
277.18143	277.1801	.0013	PI O-35:2	C44H83O12P	[M-3H]3-	/resources/tools/chemdb_ontology?abbrev=PI O-35:2
317.21208	317.2122	.0001	FA 20:5;O	C20H30O3	[M-H]-	/resources/tools/chemdb_ontology?abbrev=FA 20:5;O
317.21208	317.2122	.0001	ST 19:2;O	C19H28O	[M+Formate]-	/resources/tools/chemdb_ontology?abbrev=ST 19:2;O
481.36413	481.3687	.0046	ST 30:4;O	C30H46O	[M+OAc]-	/resources/tools/chemdb_ontology?abbrev=ST 30:4;O
481.36413	481.3687	.0046	TG 61:12	C64H100O6	[M-2H]2-	/resources/tools/chemdb_ontology?abbrev=TG 61:12
472.24661	472.2470	.0004	LPE 18:4	C23H40NO7P	[M-H]-	/resources/tools/chemdb_ontology?abbrev=LPE 18:4
472.24661	472.2375	.0092	NAT 20:4;O	C22H37NO5S	[M+Formate]-	/resources/tools/chemdb_ontology?abbrev=NAT 20:4;O
472.24661	472.2495	.0029	ST 24:1;O4;S	C24H40O7S	Neutral	/resources/tools/chemdb_ontology?abbrev=ST 24:1;O4;S
293.21208	293.2122	.0001	FA 18:3;O	C18H30O3	[M-H]-	/resources/tools/chemdb_ontology?abbrev=FA 18:3;O
394.23617	394.2364	.0002	LPC O-10:1	C18H38NO6P	[M-H]-	/resources/tools/chemdb_ontology?abbrev=LPC O-10:1
394.23617	394.2366	.0004	CAR 12:0;O	C19H37NO5	[M+Cl]-	/resources/tools/chemdb_ontology?abbrev=CAR 12:0;O
394.23617	394.2320	.0042	PG 38:8	C44H71O10P	[M-2H]2-	/resources/tools/chemdb_ontology?abbrev=PG 38:8
394.23617	394.2355	.0006	FA 22:5;O4	C22H34O6	Neutral	/resources/tools/chemdb_ontology?abbrev=FA 22:5;O4
481.20188	481.1999	.0020	FA 25:8;O5	C25H34O7	[M+Cl]-	/resources/tools/chemdb_ontology?abbrev=FA 25:8;O5
307.15828	307.1682	.0099	FA 15:1;O2	C15H28O4	[M+Cl]-	/resources/tools/chemdb_ontology?abbrev=FA 15:1;O2
428.20773	428.2055	.0022	LPC 8:0	C16H34NO7P	[M+Formate]-	/resources/tools/chemdb_ontology?abbrev=LPC 8:0
428.20773	428.2055	.0022	LPC 7:0	C15H32NO7P	[M+OAc]-	/resources/tools/chemdb_ontology?abbrev=LPC 7:0
428.20773	428.2175	.0098	LPG 12:0	C18H37O9P	Neutral	/resources/tools/chemdb_ontology?abbrev=LPG 12:0
429.21095	429.2048	.0062	LPA 18:4	C21H35O7P	[M-H]-	/resources/tools/chemdb_ontology?abbrev=LPA 18:4
429.21095	429.2049	.0060	FA 22:5;O4	C22H34O6	[M+Cl]-	/resources/tools/chemdb_ontology?abbrev=FA 22:5;O4
429.21095	429.2178	.0069	LPA O-16:1	C19H39O6P	[M+Cl]-	/resources/tools/chemdb_ontology?abbrev=LPA O-16:1
429.21095	429.2130	.0021	FA 20:4;O5	C20H32O7	[M+Formate]-	/resources/tools/chemdb_ontology?abbrev=FA 20:4;O5
379.23349	379.2338	.0003	FA 18:0;O6	C18H36O8	[M-H]-	/resources/tools/chemdb_ontology?abbrev=FA 18:0;O6
379.23349	379.2409	.0074	FA 23:5	C23H36O2	[M+Cl]-	/resources/tools/chemdb_ontology?abbrev=FA 23:5
379.23349	379.2409	.0074	ST 23:2;O2	C23H36O2	[M+Cl]-	/resources/tools/chemdb_ontology?abbrev=ST 23:2;O2
379.23349	379.2257	.0078	FA 19:1;O3	C19H36O5	[M+Cl]-	/resources/tools/chemdb_ontology?abbrev=FA 19:1;O3
379.23349	379.2257	.0078	FOH 19:2;O4	C19H36O5	[M+Cl]-	/resources/tools/chemdb_ontology?abbrev=FOH 19:2;O4
441.18154	441.1895	.0080	PG 12:0	C18H35O10P	[M-H]-	/resources/tools/chemdb_ontology?abbrev=PG 12:0
342.26475	342.2650	.0002	CAR 12:0	C19H37NO4	[M-H]-	/resources/tools/chemdb_ontology?abbrev=CAR 12:0
342.26475	342.2650	.0002	NAE 16:1	C18H35NO2	[M+Formate]-	/resources/tools/chemdb_ontology?abbrev=NAE 16:1
342.26475	342.2650	.0002	SPB 18:2;O2	C18H35NO2	[M+Formate]-	/resources/tools/chemdb_ontology?abbrev=SPB 18:2;O2
342.26475	342.2609	.0039	CerPE 36:2;O2	C38H75N2O6P	[M-2H]2-	/resources/tools/chemdb_ontology?abbrev=CerPE 36:2;O2
342.26475	342.2609	.0039	SM 33:2;O2	C38H75N2O6P	[M-2H]2-	/resources/tools/chemdb_ontology?abbrev=SM 33:2;O2
342.26475	342.2559	.0089	FA 23:6	C23H34O2	Neutral	/resources/tools/chemdb_ontology?abbrev=FA 23:6
332.23602	332.2362	.0002	NAE 16:1	C18H35NO2	[M+Cl]-	/resources/tools/chemdb_ontology?abbrev=NAE 16:1
332.23602	332.2362	.0002	SPB 18:2;O2	C18H35NO2	[M+Cl]-	/resources/tools/chemdb_ontology?abbrev=SPB 18:2;O2
332.23602	332.2345	.0015	PG O-29:0	C35H71O9P	[M-2H]2-	/resources/tools/chemdb_ontology?abbrev=PG O-29:0
332.23602	332.2351	.0009	ST 21:2;O3	C21H32O3	Neutral	/resources/tools/chemdb_ontology?abbrev=ST 21:2;O3
570.27613	570.2838	.0076	LPE 22:6	C27H44NO7P	[M+Formate]-	/resources/tools/chemdb_ontology?abbrev=LPE 22:6
570.27613	570.2685	.0076	PS 16:0	C22H42NO10P	[M+OAc]-	/resources/tools/chemdb_ontology?abbrev=PS 16:0
570.27613	570.2805	.0044	LPI 16:1	C25H47O12P	Neutral	/resources/tools/chemdb_ontology?abbrev=LPI 16:1
295.22771	295.2279	.0002	FA 18:2;O	C18H32O3	[M-H]-	/resources/tools/chemdb_ontology?abbrev=FA 18:2;O
295.22771	295.2198	.0079	ST 19:0	C19H32	[M+Cl]-	/resources/tools/chemdb_ontology?abbrev=ST 19:0
569.27283	569.2732	.0004	LPI 16:1	C25H47O12P	[M-H]-	/resources/tools/chemdb_ontology?abbrev=LPI 16:1
569.27283	569.2652	.0077	LPG 20:3	C26H47O9P	[M+Cl]-	/resources/tools/chemdb_ontology?abbrev=LPG 20:3
569.27283	569.2652	.0077	PA 23:2;O	C26H47O9P	[M+Cl]-	/resources/tools/chemdb_ontology?abbrev=PA 23:2;O
569.27283	569.2732	.0004	PA 21:1;O2	C24H45O10P	[M+Formate]-	/resources/tools/chemdb_ontology?abbrev=PA 21:1;O2
569.27283	569.2732	.0004	PA 20:1;O2	C23H43O10P	[M+OAc]-	/resources/tools/chemdb_ontology?abbrev=PA 20:1;O2
569.27283	569.2754	.0025	LPS 22:6	C28H44NO9P	Neutral	/resources/tools/chemdb_ontology?abbrev=LPS 22:6
395.16432	395.1631	.0012	ST 21:4;O5	C21H28O5	[M+Cl]-	/resources/tools/chemdb_ontology?abbrev=ST 21:4;O5
395.16432	395.1712	.0068	ST 19:3;O6	C19H26O6	[M+Formate]-	/resources/tools/chemdb_ontology?abbrev=ST 19:3;O6
395.20773	395.1995	.0083	FA 22:6;O2	C22H32O4	[M+Cl]-	/resources/tools/chemdb_ontology?abbrev=FA 22:6;O2
395.20773	395.2075	.0002	FA 20:5;O3	C20H30O5	[M+Formate]-	/resources/tools/chemdb_ontology?abbrev=FA 20:5;O3
277.18336	277.1809	.0024	FA 17:4;O	C17H26O3	[M-H]-	/resources/tools/chemdb_ontology?abbrev=FA 17:4;O
277.18336	277.1852	.0018	PG O-42:7	C48H83O9P	[M-3H]3-	/resources/tools/chemdb_ontology?abbrev=PG O-42:7
277.18336	277.1801	.0033	PI O-35:2	C44H83O12P	[M-3H]3-	/resources/tools/chemdb_ontology?abbrev=PI O-35:2
494.25172	494.2525	.0007	LPS 16:1	C22H42NO9P	[M-H]-	/resources/tools/chemdb_ontology?abbrev=LPS 16:1
477.15818	477.1662	.0080	PG 12:0	C18H35O10P	[M+Cl]-	/resources/tools/chemdb_ontology?abbrev=PG 12:0
588.32072	588.3307	.0100	LPC 20:4	C28H50NO7P	[M+Formate]-	/resources/tools/chemdb_ontology?abbrev=LPC 20:4
588.32072	588.3307	.0100	LPE 22:4	C27H48NO7P	[M+OAc]-	/resources/tools/chemdb_ontology?abbrev=LPE 22:4
586.36669	586.3645	.0022	LPC 20:0	C28H58NO7P	[M+Cl]-	/resources/tools/chemdb_ontology?abbrev=LPC 20:0
586.36669	586.3645	.0022	PC O-20:0	C28H58NO7P	[M+Cl]-	/resources/tools/chemdb_ontology?abbrev=PC O-20:0
586.31474	586.3151	.0003	LPC 20:5	C28H48NO7P	[M+Formate]-	/resources/tools/chemdb_ontology?abbrev=LPC 20:5
586.31474	586.3151	.0003	LPE 22:5	C27H46NO7P	[M+OAc]-	/resources/tools/chemdb_ontology?abbrev=LPE 22:5
586.31474	586.3118	.0029	LPI 17:0	C26H51O12P	Neutral	/resources/tools/chemdb_ontology?abbrev=LPI 17:0
513.39034	513.3949	.0046	FA 32:6	C32H52O2	[M+Formate]-	/resources/tools/chemdb_ontology?abbrev=FA 32:6
359.26306	359.2592	.0039	FA 23:5;O	C23H36O3	[M-H]-	/resources/tools/chemdb_ontology?abbrev=FA 23:5;O
359.26306	359.2722	.0092	FA 21:1	C21H40O2	[M+Cl]-	/resources/tools/chemdb_ontology?abbrev=FA 21:1
359.26306	359.2722	.0092	SFE 21:1	C21H40O2	[M+Cl]-	/resources/tools/chemdb_ontology?abbrev=SFE 21:1
359.26306	359.2722	.0092	WE 21:1	C21H40O2	[M+Cl]-	/resources/tools/chemdb_ontology?abbrev=WE 21:1
359.26306	359.2592	.0039	ST 21:2;O	C21H32O	[M+OAc]-	/resources/tools/chemdb_ontology?abbrev=ST 21:2;O
359.26306	359.2672	.0041	CAR 12:0;O	C19H37NO5	Neutral	/resources/tools/chemdb_ontology?abbrev=CAR 12:0;O
358.25967	358.2599	.0002	CAR 12:0;O	C19H37NO5	[M-H]-	/resources/tools/chemdb_ontology?abbrev=CAR 12:0;O
358.25967	358.2518	.0078	NAE 18:2	C20H37NO2	[M+Cl]-	/resources/tools/chemdb_ontology?abbrev=NAE 18:2
388.34267	388.3453	.0026	TG 46:0	C49H94O6	[M-2H]2-	/resources/tools/chemdb_ontology?abbrev=TG 46:0
388.34267	388.3341	.0085	FA 26:4	C26H44O2	Neutral	/resources/tools/chemdb_ontology?abbrev=FA 26:4
388.34267	388.3341	.0085	WE 26:4	C26H44O2	Neutral	/resources/tools/chemdb_ontology?abbrev=WE 26:4
309.17382	309.1708	.0031	FA 17:4;O3	C17H26O5	[M-H]-	/resources/tools/chemdb_ontology?abbrev=FA 17:4;O3
309.17382	309.1838	.0100	FA 15:0;O2	C15H30O4	[M+Cl]-	/resources/tools/chemdb_ontology?abbrev=FA 15:0;O2
309.17382	309.1708	.0031	FA 16:4;O	C16H24O3	[M+Formate]-	/resources/tools/chemdb_ontology?abbrev=FA 16:4;O
309.17382	309.1708	.0031	FA 15:4;O	C15H22O3	[M+OAc]-	/resources/tools/chemdb_ontology?abbrev=FA 15:4;O
309.17382	309.1772	.0034	PA 28:2;O2	C31H57O10P	[M-2H]2-	/resources/tools/chemdb_ontology?abbrev=PA 28:2;O2
309.17382	309.1707	.0031	DGDG 36:9	C51H78O15	[M-3H]3-	/resources/tools/chemdb_ontology?abbrev=DGDG 36:9
348.23096	348.2301	.0009	FA 21:5;O2	C21H32O4	Neutral	/resources/tools/chemdb_ontology?abbrev=FA 21:5;O2
348.23096	348.2301	.0009	ST 21:2;O4	C21H32O4	Neutral	/resources/tools/chemdb_ontology?abbrev=ST 21:2;O4
311.16846	311.1783	.0099	FA 18:4	C18H28O2	[M+Cl]-	/resources/tools/chemdb_ontology?abbrev=FA 18:4
311.16846	311.1783	.0099	ST 18:1;O2	C18H28O2	[M+Cl]-	/resources/tools/chemdb_ontology?abbrev=ST 18:1;O2
311.16846	311.1682	.0002	ST 33:2_O7	C33H52O11	[M-2H]2-	/resources/tools/chemdb_ontology?abbrev=ST 33:2_O7
562.31453	562.3151	.0005	PE 22:2;O	C27H50NO9P	[M-H]-	/resources/tools/chemdb_ontology?abbrev=PE 22:2;O
562.31453	562.3151	.0005	LPC 18:3	C26H48NO7P	[M+Formate]-	/resources/tools/chemdb_ontology?abbrev=LPC 18:3
562.31453	562.3151	.0005	LPE 20:3	C25H46NO7P	[M+OAc]-	/resources/tools/chemdb_ontology?abbrev=LPE 20:3
379.15572	379.1470	.0087	FA 24:12	C24H24O2	[M+Cl]-	/resources/tools/chemdb_ontology?abbrev=FA 24:12
619.28844	619.2889	.0005	LPI 20:4	C29H49O12P	[M-H]-	/resources/tools/chemdb_ontology?abbrev=LPI 20:4
619.28844	619.2891	.0006	ST 24:1;O5;GlcA	C30H48O11	[M+Cl]-	/resources/tools/chemdb_ontology?abbrev=ST 24:1;O5;GlcA
619.28844	619.2889	.0005	PA 25:4;O2	C28H47O10P	[M+Formate]-	/resources/tools/chemdb_ontology?abbrev=PA 25:4;O2
526.29331	526.2939	.0006	LPE 22:5	C27H46NO7P	[M-H]-	/resources/tools/chemdb_ontology?abbrev=LPE 22:5
279.16325	279.1602	.0031	FA 16:4;O2	C16H24O4	[M-H]-	/resources/tools/chemdb_ontology?abbrev=FA 16:4;O2
279.16325	279.1602	.0031	FA 15:4	C15H22O2	[M+Formate]-	/resources/tools/chemdb_ontology?abbrev=FA 15:4
279.16325	279.1602	.0031	WE 15:4	C15H22O2	[M+Formate]-	/resources/tools/chemdb_ontology?abbrev=WE 15:4
279.16325	279.1602	.0031	FA 14:4	C14H20O2	[M+OAc]-	/resources/tools/chemdb_ontology?abbrev=FA 14:4
279.16325	279.1602	.0031	ST 32:5;O8	C32H48O8	[M-2H]2-	/resources/tools/chemdb_ontology?abbrev=ST 32:5;O8
279.16325	279.1645	.0012	PI O-36:6	C45H77O12P	[M-3H]3-	/resources/tools/chemdb_ontology?abbrev=PI O-36:6
279.16325	279.1613	.0020	SQDG 38:6	C45H76O12S	[M-3H]3-	/resources/tools/chemdb_ontology?abbrev=SQDG 38:6
317.15446	317.1565	.0020	PG 24:3;O2	C30H53O12P	[M-2H]2-	/resources/tools/chemdb_ontology?abbrev=PG 24:3;O2
620.29171	620.2962	.0045	LPI 20:4	C29H49O12P	Neutral	/resources/tools/chemdb_ontology?abbrev=LPI 20:4
500.26832	500.2783	.0100	LPE 20:4	C25H44NO7P	[M-H]-	/resources/tools/chemdb_ontology?abbrev=LPE 20:4
313.18017	313.1809	.0008	FA 20:7;O	C20H26O3	[M-H]-	/resources/tools/chemdb_ontology?abbrev=FA 20:7;O
583.23946	583.2444	.0050	PA 23:3;O2	C26H45O10P	[M+Cl]-	/resources/tools/chemdb_ontology?abbrev=PA 23:3;O2
544.2675	544.2681	.0006	LPS 20:4	C26H44NO9P	[M-H]-	/resources/tools/chemdb_ontology?abbrev=LPS 20:4
544.2675	544.2681	.0006	LPE 20:5	C25H42NO7P	[M+Formate]-	/resources/tools/chemdb_ontology?abbrev=LPE 20:5
544.2675	544.2649	.0026	LPI 14:0	C23H45O12P	Neutral	/resources/tools/chemdb_ontology?abbrev=LPI 14:0
498.31045	498.3201	.0097	LPC O-14:0	C22H48NO6P	[M+Formate]-	/resources/tools/chemdb_ontology?abbrev=LPC O-14:0
498.31045	498.3201	.0097	LPE O-16:0	C21H46NO6P	[M+OAc]-	/resources/tools/chemdb_ontology?abbrev=LPE O-16:0
567.25286	567.2495	.0033	LPG 20:4	C26H45O9P	[M+Cl]-	/resources/tools/chemdb_ontology?abbrev=LPG 20:4
291.19957	291.1966	.0030	FA 18:4;O	C18H28O3	[M-H]-	/resources/tools/chemdb_ontology?abbrev=FA 18:4;O
481.25681	481.2572	.0004	LPG 16:1	C22H43O9P	[M-H]-	/resources/tools/chemdb_ontology?abbrev=LPG 16:1
481.25681	481.2572	.0004	LPA 18:1	C21H41O7P	[M+Formate]-	/resources/tools/chemdb_ontology?abbrev=LPA 18:1
481.25681	481.2572	.0004	LPA 17:1	C20H39O7P	[M+OAc]-	/resources/tools/chemdb_ontology?abbrev=LPA 17:1
337.20521	337.2021	.0032	ST 19:1;O5	C19H30O5	[M-H]-	/resources/tools/chemdb_ontology?abbrev=ST 19:1;O5
337.20521	337.2151	.0099	FA 17:0;O2	C17H34O4	[M+Cl]-	/resources/tools/chemdb_ontology?abbrev=FA 17:0;O2
337.20521	337.2151	.0099	MG O-14:1;O	C17H34O4	[M+Cl]-	/resources/tools/chemdb_ontology?abbrev=MG O-14:1;O
337.20521	337.2021	.0032	FA 18:4;O	C18H28O3	[M+Formate]-	/resources/tools/chemdb_ontology?abbrev=FA 18:4;O
337.20521	337.2021	.0032	FA 17:4;O	C17H26O3	[M+OAc]-	/resources/tools/chemdb_ontology?abbrev=FA 17:4;O
337.20521	337.2085	.0033	PG 29:2	C35H65O10P	[M-2H]2-	/resources/tools/chemdb_ontology?abbrev=PG 29:2
596.29172	596.2841	.0076	PS 20:1;O2	C26H48NO12P	[M-H]-	/resources/tools/chemdb_ontology?abbrev=PS 20:1;O2
596.29172	596.2962	.0044	LPI 18:2	C27H49O12P	Neutral	/resources/tools/chemdb_ontology?abbrev=LPI 18:2
332.23577	332.2362	.0004	NAE 16:1	C18H35NO2	[M+Cl]-	/resources/tools/chemdb_ontology?abbrev=NAE 16:1
332.23577	332.2362	.0004	SPB 18:2;O2	C18H35NO2	[M+Cl]-	/resources/tools/chemdb_ontology?abbrev=SPB 18:2;O2
332.23577	332.2345	.0013	PG O-29:0	C35H71O9P	[M-2H]2-	/resources/tools/chemdb_ontology?abbrev=PG O-29:0
332.23577	332.2351	.0006	ST 21:2;O3	C21H32O3	Neutral	/resources/tools/chemdb_ontology?abbrev=ST 21:2;O3
542.24951	542.2525	.0029	LPS 20:5	C26H42NO9P	[M-H]-	/resources/tools/chemdb_ontology?abbrev=LPS 20:5
542.24951	542.2492	.0003	LPI 14:1	C23H43O12P	Neutral	/resources/tools/chemdb_ontology?abbrev=LPI 14:1
441.18143	441.1895	.0081	PG 12:0	C18H35O10P	[M-H]-	/resources/tools/chemdb_ontology?abbrev=PG 12:0
342.26472	342.2650	.0003	CAR 12:0	C19H37NO4	[M-H]-	/resources/tools/chemdb_ontology?abbrev=CAR 12:0
342.26472	342.2650	.0003	NAE 16:1	C18H35NO2	[M+Formate]-	/resources/tools/chemdb_ontology?abbrev=NAE 16:1
342.26472	342.2650	.0003	SPB 18:2;O2	C18H35NO2	[M+Formate]-	/resources/tools/chemdb_ontology?abbrev=SPB 18:2;O2
342.26472	342.2609	.0039	CerPE 36:2;O2	C38H75N2O6P	[M-2H]2-	/resources/tools/chemdb_ontology?abbrev=CerPE 36:2;O2
342.26472	342.2609	.0039	SM 33:2;O2	C38H75N2O6P	[M-2H]2-	/resources/tools/chemdb_ontology?abbrev=SM 33:2;O2
342.26472	342.2559	.0088	FA 23:6	C23H34O2	Neutral	/resources/tools/chemdb_ontology?abbrev=FA 23:6
475.26563	475.2701	.0045	FA 26:7;O3	C26H38O5	[M+Formate]-	/resources/tools/chemdb_ontology?abbrev=FA 26:7;O3
475.26563	475.2699	.0043	LPE 18:3	C23H42NO7P	Neutral	/resources/tools/chemdb_ontology?abbrev=LPE 18:3
487.18698	487.1950	.0080	PG 12:0	C18H35O10P	[M+Formate]-	/resources/tools/chemdb_ontology?abbrev=PG 12:0
458.23357	458.2433	.0098	LPA 20:4	C23H39O7P	Neutral	/resources/tools/chemdb_ontology?abbrev=LPA 20:4
489.21348	489.2130	.0005	FA 25:9;O5	C25H32O7	[M+Formate]-	/resources/tools/chemdb_ontology?abbrev=FA 25:9;O5
405.26034	405.2647	.0043	ST 24:2;O5	C24H38O5	[M-H]-	/resources/tools/chemdb_ontology?abbrev=ST 24:2;O5
405.26034	405.2647	.0043	FA 23:5;O	C23H36O3	[M+Formate]-	/resources/tools/chemdb_ontology?abbrev=FA 23:5;O
405.26034	405.2647	.0043	FA 22:5;O	C22H34O3	[M+OAc]-	/resources/tools/chemdb_ontology?abbrev=FA 22:5;O
422.2296	422.2313	.0017	LPE 14:1	C19H38NO7P	[M-H]-	/resources/tools/chemdb_ontology?abbrev=LPE 14:1
422.2296	422.2313	.0017	PC O-12:1	C20H40NO7P	[M-CH3]-	/resources/tools/chemdb_ontology?abbrev=PC O-12:1
422.2296	422.2303	.0007	M(IP)2C 40:0;O2	C58H113NO24P2	[M-3H]3-	/resources/tools/chemdb_ontology?abbrev=M(IP)2C 40:0;O2
421.22631	421.2361	.0098	LPA 17:1	C20H39O7P	[M-H]-	/resources/tools/chemdb_ontology?abbrev=LPA 17:1
421.22631	421.2232	.0031	FA 22:6;O3	C22H32O5	[M+Formate]-	/resources/tools/chemdb_ontology?abbrev=FA 22:6;O3
421.22631	421.2232	.0031	ST 22:3;O5	C22H32O5	[M+Formate]-	/resources/tools/chemdb_ontology?abbrev=ST 22:3;O5
421.22631	421.2232	.0031	ST 21:3;O5	C21H30O5	[M+OAc]-	/resources/tools/chemdb_ontology?abbrev=ST 21:3;O5
411.19677	411.1944	.0024	FA 22:6;O3	C22H32O5	[M+Cl]-	/resources/tools/chemdb_ontology?abbrev=FA 22:6;O3
411.19677	411.1944	.0024	ST 22:3;O5	C22H32O5	[M+Cl]-	/resources/tools/chemdb_ontology?abbrev=ST 22:3;O5
411.19677	411.2025	.0057	FA 20:5;O4	C20H30O6	[M+Formate]-	/resources/tools/chemdb_ontology?abbrev=FA 20:5;O4
411.19677	411.2022	.0054	PE 12:0	C17H34NO8P	Neutral	/resources/tools/chemdb_ontology?abbrev=PE 12:0
295.22761	295.2279	.0003	FA 18:2;O	C18H32O3	[M-H]-	/resources/tools/chemdb_ontology?abbrev=FA 18:2;O
295.22761	295.2198	.0078	ST 19:0	C19H32	[M+Cl]-	/resources/tools/chemdb_ontology?abbrev=ST 19:0
499.26569	499.2597	.0060	LPA 20:1	C23H45O7P	[M+Cl]-	/resources/tools/chemdb_ontology?abbrev=LPA 20:1
499.26569	499.2701	.0044	ST 28:6;O5	C28H38O5	[M+Formate]-	/resources/tools/chemdb_ontology?abbrev=ST 28:6;O5
499.26569	499.2699	.0042	LPE 20:5	C25H42NO7P	Neutral	/resources/tools/chemdb_ontology?abbrev=LPE 20:5
520.26757	520.2681	.0005	LPS 18:2	C24H44NO9P	[M-H]-	/resources/tools/chemdb_ontology?abbrev=LPS 18:2
520.26757	520.2681	.0005	LPE 18:3	C23H42NO7P	[M+Formate]-	/resources/tools/chemdb_ontology?abbrev=LPE 18:3
330.22016	330.2205	.0004	SPB 18:3;O2	C18H33NO2	[M+Cl]-	/resources/tools/chemdb_ontology?abbrev=SPB 18:3;O2
330.22016	330.2195	.0007	ST 21:3;O3	C21H30O3	Neutral	/resources/tools/chemdb_ontology?abbrev=ST 21:3;O3
498.26234	498.2626	.0003	LPE 20:5	C25H42NO7P	[M-H]-	/resources/tools/chemdb_ontology?abbrev=LPE 20:5
498.26234	498.2594	.0030	PG 16:0	C22H43O10P	Neutral	/resources/tools/chemdb_ontology?abbrev=PG 16:0
512.29898	512.2994	.0004	LPS O-17:0;O	C23H48NO9P	[M-H]-	/resources/tools/chemdb_ontology?abbrev=LPS O-17:0;O
512.29898	512.2913	.0076	LPE O-19:2	C24H48NO6P	[M+Cl]-	/resources/tools/chemdb_ontology?abbrev=LPE O-19:2
512.29898	512.2994	.0004	LPC 14:0	C22H46NO7P	[M+Formate]-	/resources/tools/chemdb_ontology?abbrev=LPC 14:0
512.29898	512.2994	.0004	LPE 17:0	C22H46NO7P	[M+Formate]-	/resources/tools/chemdb_ontology?abbrev=LPE 17:0
512.29898	512.2994	.0004	LPE O-17:1;O	C22H46NO7P	[M+Formate]-	/resources/tools/chemdb_ontology?abbrev=LPE O-17:1;O
512.29898	512.2994	.0004	PC O-14:0	C22H46NO7P	[M+Formate]-	/resources/tools/chemdb_ontology?abbrev=PC O-14:0
512.29898	512.2994	.0004	LPC 13:0	C21H44NO7P	[M+OAc]-	/resources/tools/chemdb_ontology?abbrev=LPC 13:0
512.29898	512.2994	.0004	LPE 16:0	C21H44NO7P	[M+OAc]-	/resources/tools/chemdb_ontology?abbrev=LPE 16:0
512.29898	512.2994	.0004	LPE O-16:1;O	C21H44NO7P	[M+OAc]-	/resources/tools/chemdb_ontology?abbrev=LPE O-16:1;O
512.29898	512.2985	.0004	ST 27:2;O9	C27H44O9	Neutral	/resources/tools/chemdb_ontology?abbrev=ST 27:2;O9
293.21216	293.2122	.0001	FA 18:3;O	C18H30O3	[M-H]-	/resources/tools/chemdb_ontology?abbrev=FA 18:3;O
433.18047	433.1787	.0017	ST 24:6;O5	C24H30O5	[M+Cl]-	/resources/tools/chemdb_ontology?abbrev=ST 24:6;O5
353.19994	353.1970	.0030	FA 19:4;O4	C19H30O6	[M-H]-	/resources/tools/chemdb_ontology?abbrev=FA 19:4;O4
353.19994	353.1970	.0030	FA 18:4;O2	C18H28O4	[M+Formate]-	/resources/tools/chemdb_ontology?abbrev=FA 18:4;O2
321.21914	321.2202	.0011	FA 17:0;O	C17H34O3	[M+Cl]-	/resources/tools/chemdb_ontology?abbrev=FA 17:0;O
393.24903	393.2412	.0079	LPA O-16:1	C19H39O6P	[M-H]-	/resources/tools/chemdb_ontology?abbrev=LPA O-16:1
393.24903	393.2566	.0076	FA 24:5	C24H38O2	[M+Cl]-	/resources/tools/chemdb_ontology?abbrev=FA 24:5
393.24903	393.2566	.0076	ST 24:2;O2	C24H38O2	[M+Cl]-	/resources/tools/chemdb_ontology?abbrev=ST 24:2;O2
393.24903	393.2413	.0077	FA 20:1;O3	C20H38O5	[M+Cl]-	/resources/tools/chemdb_ontology?abbrev=FA 20:1;O3
393.24903	393.2494	.0004	FA 18:0;O4	C18H36O6	[M+Formate]-	/resources/tools/chemdb_ontology?abbrev=FA 18:0;O4
474.26228	474.2626	.0003	LPE 18:3	C23H42NO7P	[M-H]-	/resources/tools/chemdb_ontology?abbrev=LPE 18:3
474.26228	474.2651	.0028	ST 24:0;O4;S	C24H42O7S	Neutral	/resources/tools/chemdb_ontology?abbrev=ST 24:0;O4;S
595.28843	595.2889	.0005	LPI 18:2	C27H49O12P	[M-H]-	/resources/tools/chemdb_ontology?abbrev=LPI 18:2
595.28843	595.2808	.0076	LPG 22:4	C28H49O9P	[M+Cl]-	/resources/tools/chemdb_ontology?abbrev=LPG 22:4
595.28843	595.2889	.0005	PA 23:2;O2	C26H47O10P	[M+Formate]-	/resources/tools/chemdb_ontology?abbrev=PA 23:2;O2
595.28843	595.2889	.0005	PA 22:2;O2	C25H45O10P	[M+OAc]-	/resources/tools/chemdb_ontology?abbrev=PA 22:2;O2
397.22591	397.2232	.0027	FA 20:4;O3	C20H32O5	[M+Formate]-	/resources/tools/chemdb_ontology?abbrev=FA 20:4;O3
397.22591	397.2232	.0027	ST 19:1;O5	C19H30O5	[M+OAc]-	/resources/tools/chemdb_ontology?abbrev=ST 19:1;O5
397.22591	397.2229	.0030	LPC 9:0	C17H36NO7P	Neutral	/resources/tools/chemdb_ontology?abbrev=LPC 9:0
397.22591	397.2229	.0030	LPE 12:0	C17H36NO7P	Neutral	/resources/tools/chemdb_ontology?abbrev=LPE 12:0
341.21185	341.2122	.0004	FA 22:7;O	C22H30O3	[M-H]-	/resources/tools/chemdb_ontology?abbrev=FA 22:7;O
508.27581	508.2681	.0077	LPS 17:1	C23H44NO9P	[M-H]-	/resources/tools/chemdb_ontology?abbrev=LPS 17:1
508.27581	508.2681	.0077	LPE 17:2	C22H42NO7P	[M+Formate]-	/resources/tools/chemdb_ontology?abbrev=LPE 17:2
508.27581	508.2801	.0043	LPG 18:2	C24H45O9P	Neutral	/resources/tools/chemdb_ontology?abbrev=LPG 18:2
508.27581	508.2801	.0043	PA 21:1;O	C24H45O9P	Neutral	/resources/tools/chemdb_ontology?abbrev=PA 21:1;O
241.18055	241.1809	.0004	FA 14:1;O	C14H26O3	[M-H]-	/resources/tools/chemdb_ontology?abbrev=FA 14:1;O
241.18055	241.1819	.0013	SM 36:3;O2	C41H79N2O6P	[M-3H]3-	/resources/tools/chemdb_ontology?abbrev=SM 36:3;O2
221.15452	221.1547	.0002	FA 14:3	C14H22O2	[M-H]-	/resources/tools/chemdb_ontology?abbrev=FA 14:3
221.15452	221.1547	.0002	SFE 14:3	C14H22O2	[M-H]-	/resources/tools/chemdb_ontology?abbrev=SFE 14:3
221.15452	221.1547	.0002	ST 28:3;O4	C28H44O4	[M-2H]2-	/resources/tools/chemdb_ontology?abbrev=ST 28:3;O4
221.15452	221.1539	.0006	PG O-29:0	C35H71O9P	[M-3H]3-	/resources/tools/chemdb_ontology?abbrev=PG O-29:0
612.32968	612.3307	.0010	LPC 22:6	C30H50NO7P	[M+Formate]-	/resources/tools/chemdb_ontology?abbrev=LPC 22:6
612.32968	612.3307	.0010	LPE 24:6	C29H48NO7P	[M+OAc]-	/resources/tools/chemdb_ontology?abbrev=LPE 24:6
612.32968	612.3275	.0022	LPI 19:1	C28H53O12P	Neutral	/resources/tools/chemdb_ontology?abbrev=LPI 19:1
291.19961	291.1966	.0030	FA 18:4;O	C18H28O3	[M-H]-	/resources/tools/chemdb_ontology?abbrev=FA 18:4;O
425.25009	425.2545	.0044	FA 23:4;O5	C23H38O7	[M-H]-	/resources/tools/chemdb_ontology?abbrev=FA 23:4;O5
425.25009	425.2464	.0037	ST 24:2;O4	C24H38O4	[M+Cl]-	/resources/tools/chemdb_ontology?abbrev=ST 24:2;O4
425.25009	425.2545	.0044	FA 22:4;O3	C22H36O5	[M+Formate]-	/resources/tools/chemdb_ontology?abbrev=FA 22:4;O3
425.25009	425.2545	.0044	ST 22:1;O5	C22H36O5	[M+Formate]-	/resources/tools/chemdb_ontology?abbrev=ST 22:1;O5
425.25009	425.2545	.0044	FA 21:4;O3	C21H34O5	[M+OAc]-	/resources/tools/chemdb_ontology?abbrev=FA 21:4;O3
425.25009	425.2545	.0044	ST 21:1;O5	C21H34O5	[M+OAc]-	/resources/tools/chemdb_ontology?abbrev=ST 21:1;O5
425.25009	425.2542	.0042	LPC 11:0	C19H40NO7P	Neutral	/resources/tools/chemdb_ontology?abbrev=LPC 11:0
425.25009	425.2542	.0042	LPE 14:0	C19H40NO7P	Neutral	/resources/tools/chemdb_ontology?abbrev=LPE 14:0
1032.63391	1032.6242	.0098	MIPC 36:0;O3	C48H94NO17P	[M+Formate]-	/resources/tools/chemdb_ontology?abbrev=MIPC 36:0;O3
540.32072	540.3307	.0100	LPS O-19:0;O	C25H52NO9P	[M-H]-	/resources/tools/chemdb_ontology?abbrev=LPS O-19:0;O
540.32072	540.3226	.0019	CerP 26:1;O2	C26H52NO6P	[M+Cl]-	/resources/tools/chemdb_ontology?abbrev=CerP 26:1;O2
540.32072	540.3226	.0019	LPC O-18:2	C26H52NO6P	[M+Cl]-	/resources/tools/chemdb_ontology?abbrev=LPC O-18:2
540.32072	540.3307	.0100	LPC 16:0	C24H50NO7P	[M+Formate]-	/resources/tools/chemdb_ontology?abbrev=LPC 16:0
540.32072	540.3307	.0100	LPE 19:0	C24H50NO7P	[M+Formate]-	/resources/tools/chemdb_ontology?abbrev=LPE 19:0
540.32072	540.3307	.0100	LPE O-19:1;O	C24H50NO7P	[M+Formate]-	/resources/tools/chemdb_ontology?abbrev=LPE O-19:1;O
540.32072	540.3307	.0100	PC O-16:0	C24H50NO7P	[M+Formate]-	/resources/tools/chemdb_ontology?abbrev=PC O-16:0
540.32072	540.3307	.0100	LPC 15:0	C23H48NO7P	[M+OAc]-	/resources/tools/chemdb_ontology?abbrev=LPC 15:0
540.32072	540.3307	.0100	LPE 18:0	C23H48NO7P	[M+OAc]-	/resources/tools/chemdb_ontology?abbrev=LPE 18:0
540.32072	540.3307	.0100	LPE O-18:1;O	C23H48NO7P	[M+OAc]-	/resources/tools/chemdb_ontology?abbrev=LPE O-18:1;O
539.31817	539.3226	.0044	ST 28:2;O7	C28H46O7	[M+Formate]-	/resources/tools/chemdb_ontology?abbrev=ST 28:2;O7
539.31817	539.3226	.0044	ST 27:2;O7	C27H44O7	[M+OAc]-	/resources/tools/chemdb_ontology?abbrev=ST 27:2;O7
539.31817	539.3223	.0042	LPS 19:0	C25H50NO9P	Neutral	/resources/tools/chemdb_ontology?abbrev=LPS 19:0
539.31817	539.3223	.0042	LPS O-19:1;O	C25H50NO9P	Neutral	/resources/tools/chemdb_ontology?abbrev=LPS O-19:1;O
607.30531	607.3122	.0068	PE 23:3;O3	C28H50NO11P	Neutral	/resources/tools/chemdb_ontology?abbrev=PE 23:3;O3
607.30531	607.3122	.0068	PS 22:2;O	C28H50NO11P	Neutral	/resources/tools/chemdb_ontology?abbrev=PS 22:2;O
538.36455	538.3702	.0057	NAT 26:0	C28H57NO4S	[M+Cl]-	/resources/tools/chemdb_ontology?abbrev=NAT 26:0
606.30206	606.3049	.0028	PE 23:3;O3	C28H50NO11P	[M-H]-	/resources/tools/chemdb_ontology?abbrev=PE 23:3;O3
606.30206	606.3049	.0028	PS 22:2;O	C28H50NO11P	[M-H]-	/resources/tools/chemdb_ontology?abbrev=PS 22:2;O
606.30206	606.3049	.0028	LPS 20:3	C26H46NO9P	[M+OAc]-	/resources/tools/chemdb_ontology?abbrev=LPS 20:3
538.31481	538.3151	.0002	LPS 19:0	C25H50NO9P	[M-H]-	/resources/tools/chemdb_ontology?abbrev=LPS 19:0
538.31481	538.3151	.0002	LPS O-19:1;O	C25H50NO9P	[M-H]-	/resources/tools/chemdb_ontology?abbrev=LPS O-19:1;O
538.31481	538.3151	.0002	LPC 16:1	C24H48NO7P	[M+Formate]-	/resources/tools/chemdb_ontology?abbrev=LPC 16:1
538.31481	538.3151	.0002	LPE 19:1	C24H48NO7P	[M+Formate]-	/resources/tools/chemdb_ontology?abbrev=LPE 19:1
538.31481	538.3151	.0002	LPC 15:1	C23H46NO7P	[M+OAc]-	/resources/tools/chemdb_ontology?abbrev=LPC 15:1
538.31481	538.3151	.0002	LPE 18:1	C23H46NO7P	[M+OAc]-	/resources/tools/chemdb_ontology?abbrev=LPE 18:1
271.22769	271.2279	.0002	FA 16:0;O	C16H32O3	[M-H]-	/resources/tools/chemdb_ontology?abbrev=FA 16:0;O
271.22769	271.2288	.0012	SM 42:0;O2	C47H97N2O6P	[M-3H]3-	/resources/tools/chemdb_ontology?abbrev=SM 42:0;O2
405.26037	405.2647	.0043	ST 24:2;O5	C24H38O5	[M-H]-	/resources/tools/chemdb_ontology?abbrev=ST 24:2;O5
405.26037	405.2647	.0043	FA 23:5;O	C23H36O3	[M+Formate]-	/resources/tools/chemdb_ontology?abbrev=FA 23:5;O
405.26037	405.2647	.0043	FA 22:5;O	C22H34O3	[M+OAc]-	/resources/tools/chemdb_ontology?abbrev=FA 22:5;O
405.18577	405.1919	.0061	ST 21:4;O5	C21H28O5	[M+Formate]-	/resources/tools/chemdb_ontology?abbrev=ST 21:4;O5
441.25219	441.2494	.0028	FA 22:4;O4	C22H36O6	[M+Formate]-	/resources/tools/chemdb_ontology?abbrev=FA 22:4;O4
325.18408	325.1940	.0099	FA 19:4	C19H30O2	[M+Cl]-	/resources/tools/chemdb_ontology?abbrev=FA 19:4
325.18408	325.1940	.0099	ST 19:1;O2	C19H30O2	[M+Cl]-	/resources/tools/chemdb_ontology?abbrev=ST 19:1;O2
301.1596	301.1576	.0020	FA 16:3;O	C16H26O3	[M+Cl]-	/resources/tools/chemdb_ontology?abbrev=FA 16:3;O
368.21259	368.2079	.0047	CAR 10:3	C17H27NO4	[M+OAc]-	/resources/tools/chemdb_ontology?abbrev=CAR 10:3
368.21259	368.2163	.0037	PG 34:6	C40H67O10P	[M-2H]2-	/resources/tools/chemdb_ontology?abbrev=PG 34:6
368.21259	368.2087	.0039	PI 27:1	C36H67O13P	[M-2H]2-	/resources/tools/chemdb_ontology?abbrev=PI 27:1
368.21259	368.2199	.0073	FA 20:4;O4	C20H32O6	Neutral	/resources/tools/chemdb_ontology?abbrev=FA 20:4;O4
524.27779	524.2783	.0005	LPE 22:6	C27H44NO7P	[M-H]-	/resources/tools/chemdb_ontology?abbrev=LPE 22:6
524.27779	524.2750	.0028	PA 21:1;O2	C24H45O10P	Neutral	/resources/tools/chemdb_ontology?abbrev=PA 21:1;O2
323.1895	323.1864	.0031	FA 18:4;O3	C18H28O5	[M-H]-	/resources/tools/chemdb_ontology?abbrev=FA 18:4;O3
323.1895	323.1995	.0100	FA 16:0;O2	C16H32O4	[M+Cl]-	/resources/tools/chemdb_ontology?abbrev=FA 16:0;O2
323.1895	323.1864	.0031	FA 17:4;O	C17H26O3	[M+Formate]-	/resources/tools/chemdb_ontology?abbrev=FA 17:4;O
323.1895	323.1864	.0031	FA 16:4;O	C16H24O3	[M+OAc]-	/resources/tools/chemdb_ontology?abbrev=FA 16:4;O
451.31005	451.3194	.0094	LPA O-20:0	C23H49O6P	[M-H]-	/resources/tools/chemdb_ontology?abbrev=LPA O-20:0
451.31005	451.3065	.0035	ST 25:1;O4	C25H42O4	[M+Formate]-	/resources/tools/chemdb_ontology?abbrev=ST 25:1;O4
451.31005	451.3065	.0035	ST 24:1;O4	C24H40O4	[M+OAc]-	/resources/tools/chemdb_ontology?abbrev=ST 24:1;O4
451.31005	451.3130	.0029	PI O-40:2	C49H93O12P	[M-2H]2-	/resources/tools/chemdb_ontology?abbrev=PI O-40:2
451.31005	451.3063	.0038	LPC O-14:1	C22H46NO6P	Neutral	/resources/tools/chemdb_ontology?abbrev=LPC O-14:1
453.27079	453.2647	.0061	ST 28:6;O5	C28H38O5	[M-H]-	/resources/tools/chemdb_ontology?abbrev=ST 28:6;O5
453.27079	453.2777	.0069	FA 26:5;O2	C26H42O4	[M+Cl]-	/resources/tools/chemdb_ontology?abbrev=FA 26:5;O2
453.27079	453.2777	.0069	MG O-23:6;O	C26H42O4	[M+Cl]-	/resources/tools/chemdb_ontology?abbrev=MG O-23:6;O
453.27079	453.2777	.0069	ST 26:2;O4	C26H42O4	[M+Cl]-	/resources/tools/chemdb_ontology?abbrev=ST 26:2;O4
453.27079	453.2623	.0085	LPA O-16:1	C19H39O6P	[M+OAc]-	/resources/tools/chemdb_ontology?abbrev=LPA O-16:1
507.27251	507.2729	.0003	LPG 18:2	C24H45O9P	[M-H]-	/resources/tools/chemdb_ontology?abbrev=LPG 18:2
507.27251	507.2729	.0003	PA 21:1;O	C24H45O9P	[M-H]-	/resources/tools/chemdb_ontology?abbrev=PA 21:1;O
507.27251	507.2729	.0003	LPA 20:2	C23H43O7P	[M+Formate]-	/resources/tools/chemdb_ontology?abbrev=LPA 20:2
395.23135	395.2359	.0045	FA 23:5;O	C23H36O3	[M+Cl]-	/resources/tools/chemdb_ontology?abbrev=FA 23:5;O
395.23135	395.2322	.0008	PI 31:2	C40H73O13P	[M-2H]2-	/resources/tools/chemdb_ontology?abbrev=PI 31:2
395.23135	395.2292	.0021	PA 44:12	C47H69O8P	[M-2H]2-	/resources/tools/chemdb_ontology?abbrev=PA 44:12
451.2658	451.2701	.0043	ST 24:2;O5	C24H38O5	[M+Formate]-	/resources/tools/chemdb_ontology?abbrev=ST 24:2;O5
451.2658	451.2699	.0041	LPE 16:1	C21H42NO7P	Neutral	/resources/tools/chemdb_ontology?abbrev=LPE 16:1
451.2658	451.2699	.0041	PC O-13:1	C21H42NO7P	Neutral	/resources/tools/chemdb_ontology?abbrev=PC O-13:1
297.24328	297.2435	.0002	FA 18:1;O	C18H34O3	[M-H]-	/resources/tools/chemdb_ontology?abbrev=FA 18:1;O
517.23796	517.2339	.0041	LPG 16:1	C22H43O9P	[M+Cl]-	/resources/tools/chemdb_ontology?abbrev=LPG 16:1
517.23796	517.2477	.0097	ST 24:1;O4;S	C24H40O7S	[M+Formate]-	/resources/tools/chemdb_ontology?abbrev=ST 24:1;O4;S
517.23796	517.2441	.0061	LPS 18:4	C24H40NO9P	Neutral	/resources/tools/chemdb_ontology?abbrev=LPS 18:4
925.51414	925.5084	.0057	PI 38:7	C47H77O13P	[M+Formate]-	/resources/tools/chemdb_ontology?abbrev=PI 38:7
925.51414	925.5084	.0057	PI 37:7	C46H75O13P	[M+OAc]-	/resources/tools/chemdb_ontology?abbrev=PI 37:7
925.51414	925.5236	.0095	PG 44:12	C50H75O10P	[M+OAc]-	/resources/tools/chemdb_ontology?abbrev=PG 44:12
293.17843	293.1758	.0026	FA 16:4	C16H24O2	[M+Formate]-	/resources/tools/chemdb_ontology?abbrev=FA 16:4
293.17843	293.1758	.0026	SFE 16:4	C16H24O2	[M+Formate]-	/resources/tools/chemdb_ontology?abbrev=SFE 16:4
293.17843	293.1758	.0026	FA 15:4	C15H22O2	[M+OAc]-	/resources/tools/chemdb_ontology?abbrev=FA 15:4
293.17843	293.1758	.0026	WE 15:4	C15H22O2	[M+OAc]-	/resources/tools/chemdb_ontology?abbrev=WE 15:4
293.17843	293.1758	.0026	ST 28:3;O2;GlcA	C34H52O8	[M-2H]2-	/resources/tools/chemdb_ontology?abbrev=ST 28:3;O2;GlcA
293.17843	293.1823	.0039	PA 28:2	C31H57O8P	[M-2H]2-	/resources/tools/chemdb_ontology?abbrev=PA 28:2
924.51713	924.5129	.0042	CL 36:4	C45H82O15P2	Neutral	/resources/tools/chemdb_ontology?abbrev=CL 36:4
901.53207	901.5236	.0084	PG 42:10	C48H75O10P	[M+OAc]-	/resources/tools/chemdb_ontology?abbrev=PG 42:10
903.53794	903.5393	.0014	PG 42:9	C48H77O10P	[M+OAc]-	/resources/tools/chemdb_ontology?abbrev=PG 42:9
513.24246	513.2470	.0046	LPG 15:1	C21H41O9P	[M+Formate]-	/resources/tools/chemdb_ontology?abbrev=LPG 15:1
513.24246	513.2470	.0046	LPG 14:1	C20H39O9P	[M+OAc]-	/resources/tools/chemdb_ontology?abbrev=LPG 14:1
923.51388	923.5056	.0083	CL 36:4	C45H82O15P2	[M-H]-	/resources/tools/chemdb_ontology?abbrev=CL 36:4
450.26255	450.2626	.0001	LPE 16:1	C21H42NO7P	[M-H]-	/resources/tools/chemdb_ontology?abbrev=LPE 16:1
450.26255	450.2616	.0010	M(IP)2C 46:0;O2	C64H125NO24P2	[M-3H]3-	/resources/tools/chemdb_ontology?abbrev=M(IP)2C 46:0;O2
518.24977	518.2525	.0027	LPS 18:3	C24H42NO9P	[M-H]-	/resources/tools/chemdb_ontology?abbrev=LPS 18:3
518.24977	518.2525	.0027	LPE 18:4	C23H40NO7P	[M+Formate]-	/resources/tools/chemdb_ontology?abbrev=LPE 18:4
587.24018	587.2474	.0072	LPI 14:1	C23H43O12P	[M+Formate]-	/resources/tools/chemdb_ontology?abbrev=LPI 14:1
305.21523	305.2122	.0030	FA 19:4;O	C19H30O3	[M-H]-	/resources/tools/chemdb_ontology?abbrev=FA 19:4;O
305.21523	305.2122	.0030	ST 19:1;O3	C19H30O3	[M-H]-	/resources/tools/chemdb_ontology?abbrev=ST 19:1;O3
305.21523	305.2173	.0021	TG 58:14	C61H90O6	[M-3H]3-	/resources/tools/chemdb_ontology?abbrev=TG 58:14
424.24667	424.2470	.0003	LPC 11:0	C19H40NO7P	[M-H]-	/resources/tools/chemdb_ontology?abbrev=LPC 11:0
424.24667	424.2470	.0003	LPE 14:0	C19H40NO7P	[M-H]-	/resources/tools/chemdb_ontology?abbrev=LPE 14:0
424.24667	424.2470	.0003	SPBP 18:1;O2	C18H38NO5P	[M+Formate]-	/resources/tools/chemdb_ontology?abbrev=SPBP 18:1;O2
424.24667	424.2470	.0003	SPBP 17:1;O2	C17H36NO5P	[M+OAc]-	/resources/tools/chemdb_ontology?abbrev=SPBP 17:1;O2
424.24667	424.2461	.0006	FOH 23:6;O6	C23H36O7	Neutral	/resources/tools/chemdb_ontology?abbrev=FOH 23:6;O6
589.33357	589.3278	.0058	LPG 21:0	C27H55O9P	[M+Cl]-	/resources/tools/chemdb_ontology?abbrev=LPG 21:0
379.24481	379.2490	.0042	FA 22:4;O3	C22H36O5	[M-H]-	/resources/tools/chemdb_ontology?abbrev=FA 22:4;O3
379.24481	379.2490	.0042	ST 22:1;O5	C22H36O5	[M-H]-	/resources/tools/chemdb_ontology?abbrev=ST 22:1;O5
379.24481	379.2409	.0039	FA 23:5	C23H36O2	[M+Cl]-	/resources/tools/chemdb_ontology?abbrev=FA 23:5
379.24481	379.2409	.0039	ST 23:2;O2	C23H36O2	[M+Cl]-	/resources/tools/chemdb_ontology?abbrev=ST 23:2;O2
379.24481	379.2490	.0042	FA 21:4;O	C21H34O3	[M+Formate]-	/resources/tools/chemdb_ontology?abbrev=FA 21:4;O
379.24481	379.2490	.0042	ST 21:1;O3	C21H34O3	[M+Formate]-	/resources/tools/chemdb_ontology?abbrev=ST 21:1;O3
379.24481	379.2490	.0042	FA 20:4;O	C20H32O3	[M+OAc]-	/resources/tools/chemdb_ontology?abbrev=FA 20:4;O
379.24481	379.2449	.0001	PA 41:7	C44H73O8P	[M-2H]2-	/resources/tools/chemdb_ontology?abbrev=PA 41:7
379.24481	379.2488	.0040	SPBP 18:1;O2	C18H38NO5P	Neutral	/resources/tools/chemdb_ontology?abbrev=SPBP 18:1;O2
539.31801	539.3226	.0046	ST 28:2;O7	C28H46O7	[M+Formate]-	/resources/tools/chemdb_ontology?abbrev=ST 28:2;O7
539.31801	539.3226	.0046	ST 27:2;O7	C27H44O7	[M+OAc]-	/resources/tools/chemdb_ontology?abbrev=ST 27:2;O7
539.31801	539.3223	.0043	LPS 19:0	C25H50NO9P	Neutral	/resources/tools/chemdb_ontology?abbrev=LPS 19:0
539.31801	539.3223	.0043	LPS O-19:1;O	C25H50NO9P	Neutral	/resources/tools/chemdb_ontology?abbrev=LPS O-19:1;O
606.30182	606.3049	.0031	PE 23:3;O3	C28H50NO11P	[M-H]-	/resources/tools/chemdb_ontology?abbrev=PE 23:3;O3
606.30182	606.3049	.0031	PS 22:2;O	C28H50NO11P	[M-H]-	/resources/tools/chemdb_ontology?abbrev=PS 22:2;O
606.30182	606.3049	.0031	LPS 20:3	C26H46NO9P	[M+OAc]-	/resources/tools/chemdb_ontology?abbrev=LPS 20:3
538.31473	538.3151	.0003	LPS 19:0	C25H50NO9P	[M-H]-	/resources/tools/chemdb_ontology?abbrev=LPS 19:0
538.31473	538.3151	.0003	LPS O-19:1;O	C25H50NO9P	[M-H]-	/resources/tools/chemdb_ontology?abbrev=LPS O-19:1;O
538.31473	538.3151	.0003	LPC 16:1	C24H48NO7P	[M+Formate]-	/resources/tools/chemdb_ontology?abbrev=LPC 16:1
538.31473	538.3151	.0003	LPE 19:1	C24H48NO7P	[M+Formate]-	/resources/tools/chemdb_ontology?abbrev=LPE 19:1
538.31473	538.3151	.0003	LPC 15:1	C23H46NO7P	[M+OAc]-	/resources/tools/chemdb_ontology?abbrev=LPC 15:1
538.31473	538.3151	.0003	LPE 18:1	C23H46NO7P	[M+OAc]-	/resources/tools/chemdb_ontology?abbrev=LPE 18:1
249.14944	249.1496	.0002	FA 15:4;O	C15H22O3	[M-H]-	/resources/tools/chemdb_ontology?abbrev=FA 15:4;O
249.14944	249.1496	.0002	ST 30:5;O6	C30H44O6	[M-2H]2-	/resources/tools/chemdb_ontology?abbrev=ST 30:5;O6
378.24134	378.2415	.0002	SPBP 18:1;O2	C18H38NO5P	[M-H]-	/resources/tools/chemdb_ontology?abbrev=SPBP 18:1;O2
378.24134	378.2417	.0003	CAR 12:0	C19H37NO4	[M+Cl]-	/resources/tools/chemdb_ontology?abbrev=CAR 12:0
378.24134	378.2406	.0007	FA 22:5;O3	C22H34O5	Neutral	/resources/tools/chemdb_ontology?abbrev=FA 22:5;O3
380.23862	380.2362	.0024	NAE 20:5	C22H35NO2	[M+Cl]-	/resources/tools/chemdb_ontology?abbrev=NAE 20:5
380.23862	380.2410	.0024	FA 18:0;O6	C18H36O8	Neutral	/resources/tools/chemdb_ontology?abbrev=FA 18:0;O6
279.23272	279.2330	.0002	FA 18:2	C18H32O2	[M-H]-	/resources/tools/chemdb_ontology?abbrev=FA 18:2
279.23272	279.2330	.0002	SFE 18:2	C18H32O2	[M-H]-	/resources/tools/chemdb_ontology?abbrev=SFE 18:2
279.23272	279.2330	.0002	WE 18:2	C18H32O2	[M-H]-	/resources/tools/chemdb_ontology?abbrev=WE 18:2
279.23272	279.2330	.0002	FAHFA 36:3;O	C36H64O4	[M-2H]2-	/resources/tools/chemdb_ontology?abbrev=FAHFA 36:3;O
279.23272	279.2329	.0002	TG 51:4	C54H96O6	[M-3H]3-	/resources/tools/chemdb_ontology?abbrev=TG 51:4
564.3816	564.3791	.0025	PA 26:0	C29H57O8P	Neutral	/resources/tools/chemdb_ontology?abbrev=PA 26:0
501.2813	501.2811	.0002	ST 27:1;O;S	C27H46O4S	[M+Cl]-	/resources/tools/chemdb_ontology?abbrev=ST 27:1;O;S
501.2813	501.2753	.0060	LPA 20:0	C23H47O7P	[M+Cl]-	/resources/tools/chemdb_ontology?abbrev=LPA 20:0
501.2813	501.2858	.0045	ST 28:5;O5	C28H40O5	[M+Formate]-	/resources/tools/chemdb_ontology?abbrev=ST 28:5;O5
501.2813	501.2855	.0042	LPE 20:4	C25H44NO7P	Neutral	/resources/tools/chemdb_ontology?abbrev=LPE 20:4
564.3304	564.3307	.0003	LPC 18:2	C26H50NO7P	[M+Formate]-	/resources/tools/chemdb_ontology?abbrev=LPC 18:2
564.3304	564.3307	.0003	LPC 17:2	C25H48NO7P	[M+OAc]-	/resources/tools/chemdb_ontology?abbrev=LPC 17:2
564.3304	564.3307	.0003	LPE 20:2	C25H48NO7P	[M+OAc]-	/resources/tools/chemdb_ontology?abbrev=LPE 20:2
564.3304	564.3307	.0003	PC 20:1;O	C28H54NO9P	[M-CH3]-	/resources/tools/chemdb_ontology?abbrev=PC 20:1;O
632.31758	632.3205	.0030	PE 25:4;O3	C30H52NO11P	[M-H]-	/resources/tools/chemdb_ontology?abbrev=PE 25:4;O3
632.31758	632.3205	.0030	LPS 22:4	C28H48NO9P	[M+OAc]-	/resources/tools/chemdb_ontology?abbrev=LPS 22:4
565.33375	565.3382	.0045	ST 30:3;O7	C30H48O7	[M+Formate]-	/resources/tools/chemdb_ontology?abbrev=ST 30:3;O7
565.33375	565.3382	.0045	ST 29:3;O7	C29H46O7	[M+OAc]-	/resources/tools/chemdb_ontology?abbrev=ST 29:3;O7
571.28826	571.2889	.0006	LPI 16:0	C25H49O12P	[M-H]-	/resources/tools/chemdb_ontology?abbrev=LPI 16:0
571.28826	571.2808	.0074	LPG 20:2	C26H49O9P	[M+Cl]-	/resources/tools/chemdb_ontology?abbrev=LPG 20:2
571.28826	571.2946	.0064	ST 27:2;O4;S	C27H44O7S	[M+OAc]-	/resources/tools/chemdb_ontology?abbrev=ST 27:2;O4;S
568.26503	568.2681	.0031	LPS 22:6	C28H44NO9P	[M-H]-	/resources/tools/chemdb_ontology?abbrev=LPS 22:6
452.26834	452.2783	.0099	LPC 13:0	C21H44NO7P	[M-H]-	/resources/tools/chemdb_ontology?abbrev=LPC 13:0
452.26834	452.2783	.0099	LPE 16:0	C21H44NO7P	[M-H]-	/resources/tools/chemdb_ontology?abbrev=LPE 16:0
452.26834	452.2783	.0099	LPE O-16:1;O	C21H44NO7P	[M-H]-	/resources/tools/chemdb_ontology?abbrev=LPE O-16:1;O
452.26834	452.2607	.0077	NAT 20:1	C22H43NO4S	[M+Cl]-	/resources/tools/chemdb_ontology?abbrev=NAT 20:1
452.26834	452.2783	.0099	SPBP 19:1;O2	C19H40NO5P	[M+OAc]-	/resources/tools/chemdb_ontology?abbrev=SPBP 19:1;O2
452.26834	452.2783	.0099	PC O-14:0	C22H46NO7P	[M-CH3]-	/resources/tools/chemdb_ontology?abbrev=PC O-14:0
438.26219	438.2626	.0004	LPC 12:0	C20H42NO7P	[M-H]-	/resources/tools/chemdb_ontology?abbrev=LPC 12:0
438.26219	438.2626	.0004	LPE 15:0	C20H42NO7P	[M-H]-	/resources/tools/chemdb_ontology?abbrev=LPE 15:0
438.26219	438.2626	.0004	LPE O-15:1;O	C20H42NO7P	[M-H]-	/resources/tools/chemdb_ontology?abbrev=LPE O-15:1;O
438.26219	438.2626	.0004	SPBP 19:1;O2	C19H40NO5P	[M+Formate]-	/resources/tools/chemdb_ontology?abbrev=SPBP 19:1;O2
438.26219	438.2626	.0004	SPBP 18:1;O2	C18H38NO5P	[M+OAc]-	/resources/tools/chemdb_ontology?abbrev=SPBP 18:1;O2
519.25309	519.2495	.0036	LPG 16:0	C22H45O9P	[M+Cl]-	/resources/tools/chemdb_ontology?abbrev=LPG 16:0
519.25309	519.2597	.0066	LPS 18:3	C24H42NO9P	Neutral	/resources/tools/chemdb_ontology?abbrev=LPS 18:3
575.28462	575.2862	.0016	ST 29:6;O8	C29H40O8	[M+OAc]-	/resources/tools/chemdb_ontology?abbrev=ST 29:6;O8
923.51321	923.5056	.0076	CL 36:4	C45H82O15P2	[M-H]-	/resources/tools/chemdb_ontology?abbrev=CL 36:4
588.33031	588.3307	.0004	LPC 20:4	C28H50NO7P	[M+Formate]-	/resources/tools/chemdb_ontology?abbrev=LPC 20:4
588.33031	588.3307	.0004	LPE 22:4	C27H48NO7P	[M+OAc]-	/resources/tools/chemdb_ontology?abbrev=LPE 22:4
901.53134	901.5236	.0077	PG 42:10	C48H75O10P	[M+OAc]-	/resources/tools/chemdb_ontology?abbrev=PG 42:10
450.30864	450.2990	.0096	LPC O-14:1	C22H46NO6P	[M-H]-	/resources/tools/chemdb_ontology?abbrev=LPC O-14:1
450.30864	450.2992	.0095	CAR 16:0;O	C23H45NO5	[M+Cl]-	/resources/tools/chemdb_ontology?abbrev=CAR 16:0;O
450.30864	450.3051	.0035	PI O-40:3	C49H91O12P	[M-2H]2-	/resources/tools/chemdb_ontology?abbrev=PI O-40:3
450.30864	450.3110	.0024	LPA O-20:1	C23H47O6P	Neutral	/resources/tools/chemdb_ontology?abbrev=LPA O-20:1
450.26238	450.2626	.0002	LPE 16:1	C21H42NO7P	[M-H]-	/resources/tools/chemdb_ontology?abbrev=LPE 16:1
450.26238	450.2616	.0008	M(IP)2C 46:0;O2	C64H125NO24P2	[M-3H]3-	/resources/tools/chemdb_ontology?abbrev=M(IP)2C 46:0;O2
451.26575	451.2701	.0044	ST 24:2;O5	C24H38O5	[M+Formate]-	/resources/tools/chemdb_ontology?abbrev=ST 24:2;O5
451.26575	451.2699	.0041	LPE 16:1	C21H42NO7P	Neutral	/resources/tools/chemdb_ontology?abbrev=LPE 16:1
451.26575	451.2699	.0041	PC O-13:1	C21H42NO7P	Neutral	/resources/tools/chemdb_ontology?abbrev=PC O-13:1
518.24968	518.2525	.0028	LPS 18:3	C24H42NO9P	[M-H]-	/resources/tools/chemdb_ontology?abbrev=LPS 18:3
518.24968	518.2525	.0028	LPE 18:4	C23H40NO7P	[M+Formate]-	/resources/tools/chemdb_ontology?abbrev=LPE 18:4
951.50468	951.5005	.0041	PIP 37:4	C46H82O16P2	[M-H]-	/resources/tools/chemdb_ontology?abbrev=PIP 37:4
504.30912	504.3096	.0005	LPC 17:2	C25H48NO7P	[M-H]-	/resources/tools/chemdb_ontology?abbrev=LPC 17:2
504.30912	504.3096	.0005	LPE 20:2	C25H48NO7P	[M-H]-	/resources/tools/chemdb_ontology?abbrev=LPE 20:2
601.30002	601.2995	.0006	LPI O-16:1	C25H49O11P	[M+Formate]-	/resources/tools/chemdb_ontology?abbrev=LPI O-16:1
601.30002	601.3018	.0018	ST 32:7;O8	C32H44O8	[M+Formate]-	/resources/tools/chemdb_ontology?abbrev=ST 32:7;O8
593.25022	593.2499	.0003	LPI 15:0	C24H47O12P	[M+Cl]-	/resources/tools/chemdb_ontology?abbrev=LPI 15:0
477.32834	477.3222	.0062	ST 27:2;O4	C27H44O4	[M+Formate]-	/resources/tools/chemdb_ontology?abbrev=ST 27:2;O4
477.32834	477.3222	.0062	ST 28:1;O4	C27H44O4	[M+Formate]-	/resources/tools/chemdb_ontology?abbrev=ST 28:1;O4
477.32834	477.3222	.0062	FA 26:5;O2	C26H42O4	[M+OAc]-	/resources/tools/chemdb_ontology?abbrev=FA 26:5;O2
477.32834	477.3222	.0062	MG O-23:6;O	C26H42O4	[M+OAc]-	/resources/tools/chemdb_ontology?abbrev=MG O-23:6;O
477.32834	477.3222	.0062	ST 26:2;O4	C26H42O4	[M+OAc]-	/resources/tools/chemdb_ontology?abbrev=ST 26:2;O4
477.32834	477.3219	.0064	LPE O-19:2	C24H48NO6P	Neutral	/resources/tools/chemdb_ontology?abbrev=LPE O-19:2
545.26862	545.2652	.0034	LPG 18:1	C24H47O9P	[M+Cl]-	/resources/tools/chemdb_ontology?abbrev=LPG 18:1
545.26862	545.2756	.0070	ST 28:6;O7	C28H38O7	[M+OAc]-	/resources/tools/chemdb_ontology?abbrev=ST 28:6;O7
545.26862	545.2754	.0068	LPS 20:4	C26H44NO9P	Neutral	/resources/tools/chemdb_ontology?abbrev=LPS 20:4
476.27806	476.2783	.0002	LPE 18:2	C23H44NO7P	[M-H]-	/resources/tools/chemdb_ontology?abbrev=LPE 18:2
477.28139	477.2855	.0042	LPE 18:2	C23H44NO7P	Neutral	/resources/tools/chemdb_ontology?abbrev=LPE 18:2
544.26535	544.2681	.0028	LPS 20:4	C26H44NO9P	[M-H]-	/resources/tools/chemdb_ontology?abbrev=LPS 20:4
544.26535	544.2681	.0028	LPE 20:5	C25H42NO7P	[M+Formate]-	/resources/tools/chemdb_ontology?abbrev=LPE 20:5
544.26535	544.2649	.0005	LPI 14:0	C23H45O12P	Neutral	/resources/tools/chemdb_ontology?abbrev=LPI 14:0
478.28407	478.2939	.0099	LPC 15:1	C23H46NO7P	[M-H]-	/resources/tools/chemdb_ontology?abbrev=LPC 15:1
478.28407	478.2939	.0099	LPE 18:1	C23H46NO7P	[M-H]-	/resources/tools/chemdb_ontology?abbrev=LPE 18:1
564.25173	564.2579	.0062	LPS 18:3	C24H42NO9P	[M+Formate]-	/resources/tools/chemdb_ontology?abbrev=LPS 18:3
500.27794	500.2783	.0003	LPE 20:4	C25H44NO7P	[M-H]-	/resources/tools/chemdb_ontology?abbrev=LPE 20:4
500.27794	500.2784	.0005	ST 24:1;O4;Gly	C26H43NO6	[M+Cl]-	/resources/tools/chemdb_ontology?abbrev=ST 24:1;O4;Gly
562.37028	562.3635	.0068	PA 26:1	C29H55O8P	Neutral	/resources/tools/chemdb_ontology?abbrev=PA 26:1
597.30417	597.3045	.0004	LPI 18:1	C27H51O12P	[M-H]-	/resources/tools/chemdb_ontology?abbrev=LPI 18:1
597.30417	597.3045	.0004	PG 21:1;O2	C27H51O12P	[M-H]-	/resources/tools/chemdb_ontology?abbrev=PG 21:1;O2
598.30755	598.3151	.0075	LPE 24:6	C29H48NO7P	[M+Formate]-	/resources/tools/chemdb_ontology?abbrev=LPE 24:6
598.30755	598.2998	.0078	PE 20:1;O2	C25H48NO10P	[M+Formate]-	/resources/tools/chemdb_ontology?abbrev=PE 20:1;O2
598.30755	598.3118	.0043	LPI 18:1	C27H51O12P	Neutral	/resources/tools/chemdb_ontology?abbrev=LPI 18:1
598.30755	598.3118	.0043	PG 21:1;O2	C27H51O12P	Neutral	/resources/tools/chemdb_ontology?abbrev=PG 21:1;O2
564.33023	564.3307	.0005	LPC 18:2	C26H50NO7P	[M+Formate]-	/resources/tools/chemdb_ontology?abbrev=LPC 18:2
564.33023	564.3307	.0005	LPC 17:2	C25H48NO7P	[M+OAc]-	/resources/tools/chemdb_ontology?abbrev=LPC 17:2
564.33023	564.3307	.0005	LPE 20:2	C25H48NO7P	[M+OAc]-	/resources/tools/chemdb_ontology?abbrev=LPE 20:2
564.33023	564.3307	.0005	PC 20:1;O	C28H54NO9P	[M-CH3]-	/resources/tools/chemdb_ontology?abbrev=PC 20:1;O
545.37997	545.3848	.0048	ST 27:2;O;Hex	C33H54O6	[M-H]-	/resources/tools/chemdb_ontology?abbrev=ST 27:2;O;Hex
545.37997	545.3848	.0048	FA 32:6;O2	C32H52O4	[M+Formate]-	/resources/tools/chemdb_ontology?abbrev=FA 32:6;O2
565.33351	565.3382	.0047	ST 30:3;O7	C30H48O7	[M+Formate]-	/resources/tools/chemdb_ontology?abbrev=ST 30:3;O7
565.33351	565.3382	.0047	ST 29:3;O7	C29H46O7	[M+OAc]-	/resources/tools/chemdb_ontology?abbrev=ST 29:3;O7
535.31187	535.3042	.0077	LPG 20:2	C26H49O9P	[M-H]-	/resources/tools/chemdb_ontology?abbrev=LPG 20:2
535.31187	535.3043	.0075	ST 27:0;O8	C27H48O8	[M+Cl]-	/resources/tools/chemdb_ontology?abbrev=ST 27:0;O8
535.31187	535.3042	.0077	LPA 22:2	C25H47O7P	[M+Formate]-	/resources/tools/chemdb_ontology?abbrev=LPA 22:2
523.28667	523.2910	.0044	LPS 18:1	C24H46NO9P	Neutral	/resources/tools/chemdb_ontology?abbrev=LPS 18:1
293.15788	293.1525	.0054	FA 14:1;O2	C14H26O4	[M+Cl]-	/resources/tools/chemdb_ontology?abbrev=FA 14:1;O2
339.19973	339.1944	.0053	FA 16:0;O3	C16H32O5	[M+Cl]-	/resources/tools/chemdb_ontology?abbrev=FA 16:0;O3
339.19973	339.2096	.0099	FA 20:4	C20H32O2	[M+Cl]-	/resources/tools/chemdb_ontology?abbrev=FA 20:4
339.19973	339.2096	.0099	ST 20:1;O2	C20H32O2	[M+Cl]-	/resources/tools/chemdb_ontology?abbrev=ST 20:1;O2
544.26526	544.2681	.0028	LPS 20:4	C26H44NO9P	[M-H]-	/resources/tools/chemdb_ontology?abbrev=LPS 20:4
544.26526	544.2681	.0028	LPE 20:5	C25H42NO7P	[M+Formate]-	/resources/tools/chemdb_ontology?abbrev=LPE 20:5
544.26526	544.2649	.0004	LPI 14:0	C23H45O12P	Neutral	/resources/tools/chemdb_ontology?abbrev=LPI 14:0
476.27799	476.2783	.0003	LPE 18:2	C23H44NO7P	[M-H]-	/resources/tools/chemdb_ontology?abbrev=LPE 18:2
477.28133	477.2855	.0042	LPE 18:2	C23H44NO7P	Neutral	/resources/tools/chemdb_ontology?abbrev=LPE 18:2
545.26845	545.2652	.0033	LPG 18:1	C24H47O9P	[M+Cl]-	/resources/tools/chemdb_ontology?abbrev=LPG 18:1
545.26845	545.2756	.0072	ST 28:6;O7	C28H38O7	[M+OAc]-	/resources/tools/chemdb_ontology?abbrev=ST 28:6;O7
545.26845	545.2754	.0069	LPS 20:4	C26H44NO9P	Neutral	/resources/tools/chemdb_ontology?abbrev=LPS 20:4
337.2052	337.2021	.0031	ST 19:1;O5	C19H30O5	[M-H]-	/resources/tools/chemdb_ontology?abbrev=ST 19:1;O5
337.2052	337.2151	.0099	FA 17:0;O2	C17H34O4	[M+Cl]-	/resources/tools/chemdb_ontology?abbrev=FA 17:0;O2
337.2052	337.2151	.0099	MG O-14:1;O	C17H34O4	[M+Cl]-	/resources/tools/chemdb_ontology?abbrev=MG O-14:1;O
337.2052	337.2021	.0031	FA 18:4;O	C18H28O3	[M+Formate]-	/resources/tools/chemdb_ontology?abbrev=FA 18:4;O
337.2052	337.2021	.0031	FA 17:4;O	C17H26O3	[M+OAc]-	/resources/tools/chemdb_ontology?abbrev=FA 17:4;O
337.2052	337.2085	.0033	PG 29:2	C35H65O10P	[M-2H]2-	/resources/tools/chemdb_ontology?abbrev=PG 29:2
516.3319	516.3226	.0093	LPC O-16:0	C24H52NO6P	[M+Cl]-	/resources/tools/chemdb_ontology?abbrev=LPC O-16:0
516.3319	516.3331	.0012	CAR 22:6	C29H45NO4	[M+Formate]-	/resources/tools/chemdb_ontology?abbrev=CAR 22:6
516.3319	516.3298	.0021	ST 27:0;O9	C27H48O9	Neutral	/resources/tools/chemdb_ontology?abbrev=ST 27:0;O9
299.259	299.2592	.0002	FA 18:0;O	C18H36O3	[M-H]-	/resources/tools/chemdb_ontology?abbrev=FA 18:0;O
307.19451	307.1915	.0030	FA 18:4;O2	C18H28O4	[M-H]-	/resources/tools/chemdb_ontology?abbrev=FA 18:4;O2
307.19451	307.1915	.0030	FA 17:4	C17H26O2	[M+Formate]-	/resources/tools/chemdb_ontology?abbrev=FA 17:4
307.19451	307.1915	.0030	FA 16:4	C16H24O2	[M+OAc]-	/resources/tools/chemdb_ontology?abbrev=FA 16:4
307.19451	307.1915	.0030	SFE 16:4	C16H24O2	[M+OAc]-	/resources/tools/chemdb_ontology?abbrev=SFE 16:4
307.19451	307.1979	.0034	PA 30:2	C33H61O8P	[M-2H]2-	/resources/tools/chemdb_ontology?abbrev=PA 30:2
307.19451	307.1958	.0012	PI O-42:6	C51H89O12P	[M-3H]3-	/resources/tools/chemdb_ontology?abbrev=PI O-42:6
443.34868	443.3531	.0044	ST 29:2;O3	C29H48O3	[M-H]-	/resources/tools/chemdb_ontology?abbrev=ST 29:2;O3
443.34868	443.3531	.0044	ST 28:2;O	C28H46O	[M+Formate]-	/resources/tools/chemdb_ontology?abbrev=ST 28:2;O
443.34868	443.3531	.0044	ST 27:2;O	C27H44O	[M+OAc]-	/resources/tools/chemdb_ontology?abbrev=ST 27:2;O
443.34868	443.3531	.0044	TG 55:8	C58H96O6	[M-2H]2-	/resources/tools/chemdb_ontology?abbrev=TG 55:8
597.30379	597.3045	.0008	LPI 18:1	C27H51O12P	[M-H]-	/resources/tools/chemdb_ontology?abbrev=LPI 18:1
597.30379	597.3045	.0008	PG 21:1;O2	C27H51O12P	[M-H]-	/resources/tools/chemdb_ontology?abbrev=PG 21:1;O2
415.2279	415.2257	.0022	FA 22:4;O3	C22H36O5	[M+Cl]-	/resources/tools/chemdb_ontology?abbrev=FA 22:4;O3
415.2279	415.2257	.0022	ST 22:1;O5	C22H36O5	[M+Cl]-	/resources/tools/chemdb_ontology?abbrev=ST 22:1;O5
415.2279	415.2338	.0059	FA 20:3;O4	C20H34O6	[M+Formate]-	/resources/tools/chemdb_ontology?abbrev=FA 20:3;O4
415.2279	415.2338	.0059	FA 19:3;O4	C19H32O6	[M+OAc]-	/resources/tools/chemdb_ontology?abbrev=FA 19:3;O4
509.28819	509.2885	.0003	LPG 18:1	C24H47O9P	[M-H]-	/resources/tools/chemdb_ontology?abbrev=LPG 18:1
509.28819	509.2885	.0003	LPA 20:1	C23H45O7P	[M+Formate]-	/resources/tools/chemdb_ontology?abbrev=LPA 20:1
509.28819	509.2885	.0003	LPA 19:1	C22H43O7P	[M+OAc]-	/resources/tools/chemdb_ontology?abbrev=LPA 19:1
510.29142	510.2838	.0077	LPS 17:0	C23H46NO9P	[M-H]-	/resources/tools/chemdb_ontology?abbrev=LPS 17:0
510.29142	510.2838	.0077	LPS O-17:1;O	C23H46NO9P	[M-H]-	/resources/tools/chemdb_ontology?abbrev=LPS O-17:1;O
510.29142	510.2838	.0077	LPC 14:1	C22H44NO7P	[M+Formate]-	/resources/tools/chemdb_ontology?abbrev=LPC 14:1
510.29142	510.2838	.0077	LPE 17:1	C22H44NO7P	[M+Formate]-	/resources/tools/chemdb_ontology?abbrev=LPE 17:1
510.29142	510.2838	.0077	LPE 16:1	C21H42NO7P	[M+OAc]-	/resources/tools/chemdb_ontology?abbrev=LPE 16:1
510.29142	510.2838	.0077	PC O-13:1	C21H42NO7P	[M+OAc]-	/resources/tools/chemdb_ontology?abbrev=PC O-13:1
510.29142	510.2958	.0044	LPG 18:1	C24H47O9P	Neutral	/resources/tools/chemdb_ontology?abbrev=LPG 18:1
305.21539	305.2122	.0032	FA 19:4;O	C19H30O3	[M-H]-	/resources/tools/chemdb_ontology?abbrev=FA 19:4;O
305.21539	305.2122	.0032	ST 19:1;O3	C19H30O3	[M-H]-	/resources/tools/chemdb_ontology?abbrev=ST 19:1;O3
305.21539	305.2253	.0099	FA 17:0	C17H34O2	[M+Cl]-	/resources/tools/chemdb_ontology?abbrev=FA 17:0
305.21539	305.2253	.0099	SFE 17:0	C17H34O2	[M+Cl]-	/resources/tools/chemdb_ontology?abbrev=SFE 17:0
305.21539	305.2253	.0099	WE 17:0	C17H34O2	[M+Cl]-	/resources/tools/chemdb_ontology?abbrev=WE 17:0
305.21539	305.2173	.0019	TG 58:14	C61H90O6	[M-3H]3-	/resources/tools/chemdb_ontology?abbrev=TG 58:14
186.11349	186.1156	.0021	ST 23:3;O4	C23H34O4	[M-2H]2-	/resources/tools/chemdb_ontology?abbrev=ST 23:3;O4
347.17118	347.1783	.0072	ST 21:4;O2	C21H28O2	[M+Cl]-	/resources/tools/chemdb_ontology?abbrev=ST 21:4;O2
347.17118	347.1631	.0081	FA 17:3;O3	C17H28O5	[M+Cl]-	/resources/tools/chemdb_ontology?abbrev=FA 17:3;O3
347.17118	347.1670	.0042	PI 23:2;O	C32H57O14P	[M-2H]2-	/resources/tools/chemdb_ontology?abbrev=PI 23:2;O
264.16026	264.1610	.0008	PS 37:5	C43H74NO10P	[M-3H]3-	/resources/tools/chemdb_ontology?abbrev=PS 37:5
522.2834	522.2838	.0004	LPS 18:1	C24H46NO9P	[M-H]-	/resources/tools/chemdb_ontology?abbrev=LPS 18:1
522.2834	522.2838	.0004	LPE 18:2	C23H44NO7P	[M+Formate]-	/resources/tools/chemdb_ontology?abbrev=LPE 18:2
522.2834	522.2838	.0004	LPE 17:2	C22H42NO7P	[M+OAc]-	/resources/tools/chemdb_ontology?abbrev=LPE 17:2
464.27786	464.2783	.0004	LPC 14:1	C22H44NO7P	[M-H]-	/resources/tools/chemdb_ontology?abbrev=LPC 14:1
464.27786	464.2783	.0004	LPE 17:1	C22H44NO7P	[M-H]-	/resources/tools/chemdb_ontology?abbrev=LPE 17:1
464.27786	464.2784	.0006	CAR 16:1;O2	C23H43NO6	[M+Cl]-	/resources/tools/chemdb_ontology?abbrev=CAR 16:1;O2
432.26222	432.2603	.0019	CAR 12:1;O2	C19H35NO6	[M+OAc]-	/resources/tools/chemdb_ontology?abbrev=CAR 12:1;O2
432.26222	432.2582	.0040	PI O-38:7	C47H79O12P	[M-2H]2-	/resources/tools/chemdb_ontology?abbrev=PI O-38:7
425.12526	425.1276	.0023	ST 19:4;O3;S	C19H24O6S	[M+Formate]-	/resources/tools/chemdb_ontology?abbrev=ST 19:4;O3;S
425.12526	425.1276	.0023	ST 18:4;O3;S	C18H22O6S	[M+OAc]-	/resources/tools/chemdb_ontology?abbrev=ST 18:4;O3;S
431.25884	431.2570	.0019	FA 23:3;O3	C23H40O5	[M+Cl]-	/resources/tools/chemdb_ontology?abbrev=FA 23:3;O3
431.25884	431.2570	.0019	ST 23:0;O5	C23H40O5	[M+Cl]-	/resources/tools/chemdb_ontology?abbrev=ST 23:0;O5
431.25884	431.2651	.0062	FA 20:2;O4	C20H36O6	[M+OAc]-	/resources/tools/chemdb_ontology?abbrev=FA 20:2;O4
676.30481	676.3104	.0056	PS 25:4;O3	C31H52NO13P	[M-H]-	/resources/tools/chemdb_ontology?abbrev=PS 25:4;O3
421.2169	421.2151	.0018	ST 24:4;O4	C24H34O4	[M+Cl]-	/resources/tools/chemdb_ontology?abbrev=ST 24:4;O4
421.2169	421.2232	.0063	FA 22:6;O3	C22H32O5	[M+Formate]-	/resources/tools/chemdb_ontology?abbrev=FA 22:6;O3
421.2169	421.2232	.0063	ST 22:3;O5	C22H32O5	[M+Formate]-	/resources/tools/chemdb_ontology?abbrev=ST 22:3;O5
421.2169	421.2232	.0063	ST 21:3;O5	C21H30O5	[M+OAc]-	/resources/tools/chemdb_ontology?abbrev=ST 21:3;O5
469.36418	469.3687	.0045	ST 30:3;O	C30H48O	[M+Formate]-	/resources/tools/chemdb_ontology?abbrev=ST 30:3;O
469.36418	469.3687	.0045	ST 29:3;O	C29H46O	[M+OAc]-	/resources/tools/chemdb_ontology?abbrev=ST 29:3;O
469.36418	469.3687	.0045	TG 59:10	C62H100O6	[M-2H]2-	/resources/tools/chemdb_ontology?abbrev=TG 59:10
381.23122	381.2283	.0029	FA 20:4;O2	C20H32O4	[M+Formate]-	/resources/tools/chemdb_ontology?abbrev=FA 20:4;O2
381.23122	381.2283	.0029	ST 19:1;O4	C19H30O4	[M+OAc]-	/resources/tools/chemdb_ontology?abbrev=ST 19:1;O4
381.23122	381.2347	.0035	PI O-30:2	C39H73O12P	[M-2H]2-	/resources/tools/chemdb_ontology?abbrev=PI O-30:2
541.33377	541.3380	.0042	LPS O-19:0;O	C25H52NO9P	Neutral	/resources/tools/chemdb_ontology?abbrev=LPS O-19:0;O
541.33377	541.3437	.0099	ST 27:1;O3;Tau	C29H51NO6S	Neutral	/resources/tools/chemdb_ontology?abbrev=ST 27:1;O3;Tau
608.31759	608.3205	.0029	PE 23:2;O3	C28H52NO11P	[M-H]-	/resources/tools/chemdb_ontology?abbrev=PE 23:2;O3
608.31759	608.3205	.0029	PE 22:2;O	C27H50NO9P	[M+Formate]-	/resources/tools/chemdb_ontology?abbrev=PE 22:2;O
608.31759	608.3205	.0029	LPS 20:2	C26H48NO9P	[M+OAc]-	/resources/tools/chemdb_ontology?abbrev=LPS 20:2
540.33043	540.3307	.0003	LPS O-19:0;O	C25H52NO9P	[M-H]-	/resources/tools/chemdb_ontology?abbrev=LPS O-19:0;O
540.33043	540.3364	.0060	ST 27:1;O3;Tau	C29H51NO6S	[M-H]-	/resources/tools/chemdb_ontology?abbrev=ST 27:1;O3;Tau
540.33043	540.3226	.0078	CerP 26:1;O2	C26H52NO6P	[M+Cl]-	/resources/tools/chemdb_ontology?abbrev=CerP 26:1;O2
540.33043	540.3226	.0078	LPC O-18:2	C26H52NO6P	[M+Cl]-	/resources/tools/chemdb_ontology?abbrev=LPC O-18:2
540.33043	540.3307	.0003	LPC 16:0	C24H50NO7P	[M+Formate]-	/resources/tools/chemdb_ontology?abbrev=LPC 16:0
540.33043	540.3307	.0003	LPE 19:0	C24H50NO7P	[M+Formate]-	/resources/tools/chemdb_ontology?abbrev=LPE 19:0
540.33043	540.3307	.0003	LPE O-19:1;O	C24H50NO7P	[M+Formate]-	/resources/tools/chemdb_ontology?abbrev=LPE O-19:1;O
540.33043	540.3307	.0003	PC O-16:0	C24H50NO7P	[M+Formate]-	/resources/tools/chemdb_ontology?abbrev=PC O-16:0
540.33043	540.3307	.0003	LPC 15:0	C23H48NO7P	[M+OAc]-	/resources/tools/chemdb_ontology?abbrev=LPC 15:0
540.33043	540.3307	.0003	LPE 18:0	C23H48NO7P	[M+OAc]-	/resources/tools/chemdb_ontology?abbrev=LPE 18:0
540.33043	540.3307	.0003	LPE O-18:1;O	C23H48NO7P	[M+OAc]-	/resources/tools/chemdb_ontology?abbrev=LPE O-18:1;O
542.33623	542.3383	.0021	LPC O-18:1	C26H54NO6P	[M+Cl]-	/resources/tools/chemdb_ontology?abbrev=LPC O-18:1
509.28784	509.2885	.0007	LPG 18:1	C24H47O9P	[M-H]-	/resources/tools/chemdb_ontology?abbrev=LPG 18:1
509.28784	509.2885	.0007	LPA 20:1	C23H45O7P	[M+Formate]-	/resources/tools/chemdb_ontology?abbrev=LPA 20:1
509.28784	509.2885	.0007	LPA 19:1	C22H43O7P	[M+OAc]-	/resources/tools/chemdb_ontology?abbrev=LPA 19:1
186.11345	186.1156	.0021	ST 23:3;O4	C23H34O4	[M-2H]2-	/resources/tools/chemdb_ontology?abbrev=ST 23:3;O4
541.26936	541.2783	.0090	LPG 17:1	C23H45O9P	[M+Formate]-	/resources/tools/chemdb_ontology?abbrev=LPG 17:1
541.26936	541.2654	.0039	ST 19:1;O3;GlcA	C25H38O9	[M+OAc]-	/resources/tools/chemdb_ontology?abbrev=ST 19:1;O3;GlcA
541.26936	541.2783	.0090	LPG 16:1	C22H43O9P	[M+OAc]-	/resources/tools/chemdb_ontology?abbrev=LPG 16:1
473.28233	473.2756	.0067	FA 23:3;O5	C23H40O7	[M+Formate]-	/resources/tools/chemdb_ontology?abbrev=FA 23:3;O5
473.28233	473.2909	.0085	ST 27:4;O4	C27H40O4	[M+Formate]-	/resources/tools/chemdb_ontology?abbrev=ST 27:4;O4
473.28233	473.2909	.0085	ST 28:3;O4	C27H40O4	[M+Formate]-	/resources/tools/chemdb_ontology?abbrev=ST 28:3;O4
473.28233	473.2756	.0067	WE 22:3;O5	C22H38O7	[M+OAc]-	/resources/tools/chemdb_ontology?abbrev=WE 22:3;O5
425.25718	425.2545	.0027	FA 23:4;O5	C23H38O7	[M-H]-	/resources/tools/chemdb_ontology?abbrev=FA 23:4;O5
425.25718	425.2545	.0027	FA 22:4;O3	C22H36O5	[M+Formate]-	/resources/tools/chemdb_ontology?abbrev=FA 22:4;O3
425.25718	425.2545	.0027	ST 22:1;O5	C22H36O5	[M+Formate]-	/resources/tools/chemdb_ontology?abbrev=ST 22:1;O5
425.25718	425.2545	.0027	FA 21:4;O3	C21H34O5	[M+OAc]-	/resources/tools/chemdb_ontology?abbrev=FA 21:4;O3
425.25718	425.2545	.0027	ST 21:1;O5	C21H34O5	[M+OAc]-	/resources/tools/chemdb_ontology?abbrev=ST 21:1;O5
425.25718	425.2542	.0029	LPC 11:0	C19H40NO7P	Neutral	/resources/tools/chemdb_ontology?abbrev=LPC 11:0
425.25718	425.2542	.0029	LPE 14:0	C19H40NO7P	Neutral	/resources/tools/chemdb_ontology?abbrev=LPE 14:0
641.37689	641.3671	.0097	LPI 21:0	C30H59O12P	[M-H]-	/resources/tools/chemdb_ontology?abbrev=LPI 21:0
572.38334	572.3852	.0019	LPC O-20:0	C28H60NO6P	[M+Cl]-	/resources/tools/chemdb_ontology?abbrev=LPC O-20:0
588.25235	588.2579	.0056	LPS 20:5	C26H42NO9P	[M+Formate]-	/resources/tools/chemdb_ontology?abbrev=LPS 20:5
281.24835	281.2486	.0003	FA 18:1	C18H34O2	[M-H]-	/resources/tools/chemdb_ontology?abbrev=FA 18:1
281.24835	281.2486	.0003	SFE 18:1	C18H34O2	[M-H]-	/resources/tools/chemdb_ontology?abbrev=SFE 18:1
281.24835	281.2486	.0003	FAHFA 36:1;O	C36H68O4	[M-2H]2-	/resources/tools/chemdb_ontology?abbrev=FAHFA 36:1;O
281.24835	281.2486	.0002	TG 51:1	C54H102O6	[M-3H]3-	/resources/tools/chemdb_ontology?abbrev=TG 51:1
453.32726	453.3222	.0051	ST 26:0;O6	C26H46O6	[M-H]-	/resources/tools/chemdb_ontology?abbrev=ST 26:0;O6
453.32726	453.3222	.0051	ST 24:0;O4	C24H42O4	[M+OAc]-	/resources/tools/chemdb_ontology?abbrev=ST 24:0;O4
453.32726	453.3286	.0014	PI O-40:0	C49H97O12P	[M-2H]2-	/resources/tools/chemdb_ontology?abbrev=PI O-40:0
453.32726	453.3219	.0053	LPC O-14:0	C22H48NO6P	Neutral	/resources/tools/chemdb_ontology?abbrev=LPC O-14:0
435.23215	435.2308	.0014	ST 26:4;O3	C25H36O4	[M+Cl]-	/resources/tools/chemdb_ontology?abbrev=ST 26:4;O3
435.23215	435.2388	.0067	FA 23:6;O3	C23H34O5	[M+Formate]-	/resources/tools/chemdb_ontology?abbrev=FA 23:6;O3
435.23215	435.2388	.0067	ST 23:3;O5	C23H34O5	[M+Formate]-	/resources/tools/chemdb_ontology?abbrev=ST 23:3;O5
435.23215	435.2388	.0067	FA 22:6;O3	C22H32O5	[M+OAc]-	/resources/tools/chemdb_ontology?abbrev=FA 22:6;O3
435.23215	435.2388	.0067	ST 22:3;O5	C22H32O5	[M+OAc]-	/resources/tools/chemdb_ontology?abbrev=ST 22:3;O5
435.23215	435.2359	.0037	TG 52:19;O3	C55H68O9	[M-2H]2-	/resources/tools/chemdb_ontology?abbrev=TG 52:19;O3
574.39321	574.3878	.0054	LPC 22:2	C30H58NO7P	[M-H]-	/resources/tools/chemdb_ontology?abbrev=LPC 22:2
299.25897	299.2592	.0002	FA 18:0;O	C18H36O3	[M-H]-	/resources/tools/chemdb_ontology?abbrev=FA 18:0;O
953.53762	953.5397	.0021	PI 40:7	C49H81O13P	[M+Formate]-	/resources/tools/chemdb_ontology?abbrev=PI 40:7
953.53762	953.5397	.0021	PI 39:7	C48H79O13P	[M+OAc]-	/resources/tools/chemdb_ontology?abbrev=PI 39:7
521.26861	521.2675	.0011	ST 29:5;O6	C29H42O6	[M+Cl]-	/resources/tools/chemdb_ontology?abbrev=ST 29:5;O6
521.26861	521.2754	.0068	LPS 18:2	C24H44NO9P	Neutral	/resources/tools/chemdb_ontology?abbrev=LPS 18:2
520.26534	520.2681	.0028	LPS 18:2	C24H44NO9P	[M-H]-	/resources/tools/chemdb_ontology?abbrev=LPS 18:2
520.26534	520.2681	.0028	LPE 18:3	C23H42NO7P	[M+Formate]-	/resources/tools/chemdb_ontology?abbrev=LPE 18:3
452.27804	452.2783	.0002	LPC 13:0	C21H44NO7P	[M-H]-	/resources/tools/chemdb_ontology?abbrev=LPC 13:0
452.27804	452.2783	.0002	LPE 16:0	C21H44NO7P	[M-H]-	/resources/tools/chemdb_ontology?abbrev=LPE 16:0
452.27804	452.2783	.0002	LPE O-16:1;O	C21H44NO7P	[M-H]-	/resources/tools/chemdb_ontology?abbrev=LPE O-16:1;O
452.27804	452.2783	.0002	SPBP 19:1;O2	C19H40NO5P	[M+OAc]-	/resources/tools/chemdb_ontology?abbrev=SPBP 19:1;O2
452.27804	452.2783	.0002	PC O-14:0	C22H46NO7P	[M-CH3]-	/resources/tools/chemdb_ontology?abbrev=PC O-14:0
453.2814	453.2777	.0037	FA 26:5;O2	C26H42O4	[M+Cl]-	/resources/tools/chemdb_ontology?abbrev=FA 26:5;O2
453.2814	453.2777	.0037	MG O-23:6;O	C26H42O4	[M+Cl]-	/resources/tools/chemdb_ontology?abbrev=MG O-23:6;O
453.2814	453.2777	.0037	ST 26:2;O4	C26H42O4	[M+Cl]-	/resources/tools/chemdb_ontology?abbrev=ST 26:2;O4
453.2814	453.2858	.0044	ST 24:1;O5	C24H40O5	[M+Formate]-	/resources/tools/chemdb_ontology?abbrev=ST 24:1;O5
453.2814	453.2858	.0044	MG 20:4;O	C23H38O5	[M+OAc]-	/resources/tools/chemdb_ontology?abbrev=MG 20:4;O
453.2814	453.2858	.0044	ST 23:1;O5	C23H38O5	[M+OAc]-	/resources/tools/chemdb_ontology?abbrev=ST 23:1;O5
453.2814	453.2855	.0041	LPC 13:0	C21H44NO7P	Neutral	/resources/tools/chemdb_ontology?abbrev=LPC 13:0
453.2814	453.2855	.0041	LPE 16:0	C21H44NO7P	Neutral	/resources/tools/chemdb_ontology?abbrev=LPE 16:0
453.2814	453.2855	.0041	LPE O-16:1;O	C21H44NO7P	Neutral	/resources/tools/chemdb_ontology?abbrev=LPE O-16:1;O
452.32406	452.3147	.0094	LPC O-14:0	C22H48NO6P	[M-H]-	/resources/tools/chemdb_ontology?abbrev=LPC O-14:0
452.32406	452.3208	.0033	PI O-40:1	C49H95O12P	[M-2H]2-	/resources/tools/chemdb_ontology?abbrev=PI O-40:1
452.32406	452.3267	.0026	LPA O-20:0	C23H49O6P	Neutral	/resources/tools/chemdb_ontology?abbrev=LPA O-20:0
556.31698	556.3175	.0006	LPC 18:1	C26H52NO7P	[M+Cl]-	/resources/tools/chemdb_ontology?abbrev=LPC 18:1
556.31698	556.3175	.0006	PC O-18:1	C26H52NO7P	[M+Cl]-	/resources/tools/chemdb_ontology?abbrev=PC O-18:1
556.31698	556.3256	.0086	LPS O-18:0	C24H50NO8P	[M+Formate]-	/resources/tools/chemdb_ontology?abbrev=LPS O-18:0
568.35208	568.3620	.0099	LPS O-21:0;O	C27H56NO9P	[M-H]-	/resources/tools/chemdb_ontology?abbrev=LPS O-21:0;O
568.35208	568.3620	.0099	LPC 18:0	C26H54NO7P	[M+Formate]-	/resources/tools/chemdb_ontology?abbrev=LPC 18:0
568.35208	568.3620	.0099	LPE 21:0	C26H54NO7P	[M+Formate]-	/resources/tools/chemdb_ontology?abbrev=LPE 21:0
568.35208	568.3620	.0099	PC O-18:0	C26H54NO7P	[M+Formate]-	/resources/tools/chemdb_ontology?abbrev=PC O-18:0
568.35208	568.3620	.0099	LPC 17:0	C25H52NO7P	[M+OAc]-	/resources/tools/chemdb_ontology?abbrev=LPC 17:0
568.35208	568.3620	.0099	LPE 20:0	C25H52NO7P	[M+OAc]-	/resources/tools/chemdb_ontology?abbrev=LPE 20:0
568.35208	568.3620	.0099	PC O-17:0	C25H52NO7P	[M+OAc]-	/resources/tools/chemdb_ontology?abbrev=PC O-17:0
568.36359	568.3620	.0016	LPS O-21:0;O	C27H56NO9P	[M-H]-	/resources/tools/chemdb_ontology?abbrev=LPS O-21:0;O
568.36359	568.3620	.0016	LPC 18:0	C26H54NO7P	[M+Formate]-	/resources/tools/chemdb_ontology?abbrev=LPC 18:0
568.36359	568.3620	.0016	LPE 21:0	C26H54NO7P	[M+Formate]-	/resources/tools/chemdb_ontology?abbrev=LPE 21:0
568.36359	568.3620	.0016	PC O-18:0	C26H54NO7P	[M+Formate]-	/resources/tools/chemdb_ontology?abbrev=PC O-18:0
568.36359	568.3620	.0016	LPC 17:0	C25H52NO7P	[M+OAc]-	/resources/tools/chemdb_ontology?abbrev=LPC 17:0
568.36359	568.3620	.0016	LPE 20:0	C25H52NO7P	[M+OAc]-	/resources/tools/chemdb_ontology?abbrev=LPE 20:0
568.36359	568.3620	.0016	PC O-17:0	C25H52NO7P	[M+OAc]-	/resources/tools/chemdb_ontology?abbrev=PC O-17:0
454.2839	454.2763	.0076	NAT 20:0	C22H45NO4S	[M+Cl]-	/resources/tools/chemdb_ontology?abbrev=NAT 20:0
367.20139	367.2046	.0032	ST 21:2;O3	C21H32O3	[M+Cl]-	/resources/tools/chemdb_ontology?abbrev=ST 21:2;O3
367.20139	367.2009	.0005	PG 30:3;O3	C36H65O13P	[M-2H]2-	/resources/tools/chemdb_ontology?abbrev=PG 30:3;O3
567.40023	567.3903	.0100	ST 30:1;O6	C30H52O6	[M+OAc]-	/resources/tools/chemdb_ontology?abbrev=ST 30:1;O6
300.2048	300.2083	.0035	PA O-30:2	C33H63O7P	[M-2H]2-	/resources/tools/chemdb_ontology?abbrev=PA O-30:2
300.2048	300.2089	.0041	FA 20:6	C20H28O2	Neutral	/resources/tools/chemdb_ontology?abbrev=FA 20:6
300.2048	300.2089	.0041	ST 20:3;O2	C20H28O2	Neutral	/resources/tools/chemdb_ontology?abbrev=ST 20:3;O2
367.1889	367.1891	.0002	LPA 13:0	C16H33O7P	[M-H]-	/resources/tools/chemdb_ontology?abbrev=LPA 13:0
699.33479	699.3282	.0066	PG 26:3;O2	C32H57O12P	[M+Cl]-	/resources/tools/chemdb_ontology?abbrev=PG 26:3;O2
699.33479	699.3362	.0015	PG 24:2;O3	C30H55O13P	[M+Formate]-	/resources/tools/chemdb_ontology?abbrev=PG 24:2;O3
699.33479	699.3362	.0015	PG 23:2;O3	C29H53O13P	[M+OAc]-	/resources/tools/chemdb_ontology?abbrev=PG 23:2;O3
299.20141	299.2017	.0003	FA 20:6	C20H28O2	[M-H]-	/resources/tools/chemdb_ontology?abbrev=FA 20:6
299.20141	299.2017	.0003	ST 20:3;O2	C20H28O2	[M-H]-	/resources/tools/chemdb_ontology?abbrev=ST 20:3;O2
1088.69674	1088.6868	.0100	MIPC 40:0;O3	C52H102NO17P	[M+Formate]-	/resources/tools/chemdb_ontology?abbrev=MIPC 40:0;O3
566.3461	566.3464	.0003	LPS 21:0	C27H54NO9P	[M-H]-	/resources/tools/chemdb_ontology?abbrev=LPS 21:0
566.3461	566.3464	.0003	LPC 18:1	C26H52NO7P	[M+Formate]-	/resources/tools/chemdb_ontology?abbrev=LPC 18:1
566.3461	566.3464	.0003	PC O-18:1	C26H52NO7P	[M+Formate]-	/resources/tools/chemdb_ontology?abbrev=PC O-18:1
566.3461	566.3464	.0003	LPC 17:1	C25H50NO7P	[M+OAc]-	/resources/tools/chemdb_ontology?abbrev=LPC 17:1
566.3461	566.3464	.0003	LPE 20:1	C25H50NO7P	[M+OAc]-	/resources/tools/chemdb_ontology?abbrev=LPE 20:1
567.34945	567.3539	.0044	ST 29:2;O7	C29H48O7	[M+OAc]-	/resources/tools/chemdb_ontology?abbrev=ST 29:2;O7
567.34945	567.3536	.0042	LPS 21:0	C27H54NO9P	Neutral	/resources/tools/chemdb_ontology?abbrev=LPS 21:0
635.33665	635.3435	.0068	PE 25:3;O3	C30H54NO11P	Neutral	/resources/tools/chemdb_ontology?abbrev=PE 25:3;O3
367.23058	367.2279	.0027	ST 24:5;O3	C24H32O3	[M-H]-	/resources/tools/chemdb_ontology?abbrev=ST 24:5;O3
367.23058	367.2257	.0049	FA 18:0;O3	C18H36O5	[M+Cl]-	/resources/tools/chemdb_ontology?abbrev=FA 18:0;O3
621.39168	621.4008	.0091	ST 27:1;O;GlcA	C33H54O7	[M+OAc]-	/resources/tools/chemdb_ontology?abbrev=ST 27:1;O;GlcA
683.36231	683.3648	.0025	ST 33:2_O7	C33H52O11	[M+OAc]-	/resources/tools/chemdb_ontology?abbrev=ST 33:2_O7
820.54837	820.5498	.0014	PS O-40:6	C46H80NO9P	[M-H]-	/resources/tools/chemdb_ontology?abbrev=PS O-40:6
820.54837	820.5498	.0014	PE O-40:7	C45H78NO7P	[M+Formate]-	/resources/tools/chemdb_ontology?abbrev=PE O-40:7
820.54837	820.5466	.0018	PI O-34:2	C43H81O12P	Neutral	/resources/tools/chemdb_ontology?abbrev=PI O-34:2
943.58298	943.5917	.0087	PI O-40:5	C49H87O12P	[M+Formate]-	/resources/tools/chemdb_ontology?abbrev=PI O-40:5
969.58043	969.5710	.0094	PI 41:6	C50H85O13P	[M+Formate]-	/resources/tools/chemdb_ontology?abbrev=PI 41:6
969.58043	969.5710	.0094	PI 40:6	C49H83O13P	[M+OAc]-	/resources/tools/chemdb_ontology?abbrev=PI 40:6
433.18078	433.1787	.0020	ST 24:6;O5	C24H30O5	[M+Cl]-	/resources/tools/chemdb_ontology?abbrev=ST 24:6;O5
634.33338	634.3362	.0028	PE 25:3;O3	C30H54NO11P	[M-H]-	/resources/tools/chemdb_ontology?abbrev=PE 25:3;O3
634.33338	634.3362	.0028	PC 23:3;O3	C31H56NO11P	[M-CH3]-	/resources/tools/chemdb_ontology?abbrev=PC 23:3;O3
368.19218	368.1844	.0078	LPC 7:0	C15H32NO7P	[M-H]-	/resources/tools/chemdb_ontology?abbrev=LPC 7:0
368.19218	368.1964	.0042	LPA 13:0	C16H33O7P	Neutral	/resources/tools/chemdb_ontology?abbrev=LPA 13:0
569.35445	569.3460	.0084	LPG O-20:1	C26H53O8P	[M+Formate]-	/resources/tools/chemdb_ontology?abbrev=LPG O-20:1
569.35445	569.3481	.0063	LPC 22:5	C30H52NO7P	Neutral	/resources/tools/chemdb_ontology?abbrev=LPC 22:5
469.28329	469.2807	.0026	ST 24:1;O6	C24H40O6	[M+Formate]-	/resources/tools/chemdb_ontology?abbrev=ST 24:1;O6
469.28329	469.2807	.0026	FA 23:4;O4	C23H38O6	[M+OAc]-	/resources/tools/chemdb_ontology?abbrev=FA 23:4;O4
481.16903	481.1635	.0056	ST 18:4;O2;GlcA	C24H30O8	[M+Cl]-	/resources/tools/chemdb_ontology?abbrev=ST 18:4;O2;GlcA
513.30923	513.3067	.0026	LPS O-17:0;O	C23H48NO9P	Neutral	/resources/tools/chemdb_ontology?abbrev=LPS O-17:0;O
430.16555	430.1636	.0019	PC 12:4	C20H32NO8P	[M-CH3]-	/resources/tools/chemdb_ontology?abbrev=PC 12:4
359.16537	359.1631	.0023	FA 18:4;O3	C18H28O5	[M+Cl]-	/resources/tools/chemdb_ontology?abbrev=FA 18:4;O3
387.16021	387.1661	.0059	FA 16:4;O5	C16H24O7	[M+OAc]-	/resources/tools/chemdb_ontology?abbrev=FA 16:4;O5
557.33514	557.3386	.0035	ST 27:1;O4;Tau	C29H51NO7S	Neutral	/resources/tools/chemdb_ontology?abbrev=ST 27:1;O4;Tau
541.33364	541.3380	.0043	LPS O-19:0;O	C25H52NO9P	Neutral	/resources/tools/chemdb_ontology?abbrev=LPS O-19:0;O
540.33035	540.3307	.0004	LPS O-19:0;O	C25H52NO9P	[M-H]-	/resources/tools/chemdb_ontology?abbrev=LPS O-19:0;O
540.33035	540.3364	.0061	ST 27:1;O3;Tau	C29H51NO6S	[M-H]-	/resources/tools/chemdb_ontology?abbrev=ST 27:1;O3;Tau
540.33035	540.3226	.0077	CerP 26:1;O2	C26H52NO6P	[M+Cl]-	/resources/tools/chemdb_ontology?abbrev=CerP 26:1;O2
540.33035	540.3226	.0077	LPC O-18:2	C26H52NO6P	[M+Cl]-	/resources/tools/chemdb_ontology?abbrev=LPC O-18:2
540.33035	540.3307	.0004	LPC 16:0	C24H50NO7P	[M+Formate]-	/resources/tools/chemdb_ontology?abbrev=LPC 16:0
540.33035	540.3307	.0004	LPE 19:0	C24H50NO7P	[M+Formate]-	/resources/tools/chemdb_ontology?abbrev=LPE 19:0
540.33035	540.3307	.0004	LPE O-19:1;O	C24H50NO7P	[M+Formate]-	/resources/tools/chemdb_ontology?abbrev=LPE O-19:1;O
540.33035	540.3307	.0004	PC O-16:0	C24H50NO7P	[M+Formate]-	/resources/tools/chemdb_ontology?abbrev=PC O-16:0
540.33035	540.3307	.0004	LPC 15:0	C23H48NO7P	[M+OAc]-	/resources/tools/chemdb_ontology?abbrev=LPC 15:0
540.33035	540.3307	.0004	LPE 18:0	C23H48NO7P	[M+OAc]-	/resources/tools/chemdb_ontology?abbrev=LPE 18:0
540.33035	540.3307	.0004	LPE O-18:1;O	C23H48NO7P	[M+OAc]-	/resources/tools/chemdb_ontology?abbrev=LPE O-18:1;O
608.31747	608.3205	.0031	PE 23:2;O3	C28H52NO11P	[M-H]-	/resources/tools/chemdb_ontology?abbrev=PE 23:2;O3
608.31747	608.3205	.0031	PE 22:2;O	C27H50NO9P	[M+Formate]-	/resources/tools/chemdb_ontology?abbrev=PE 22:2;O
608.31747	608.3205	.0031	LPS 20:2	C26H48NO9P	[M+OAc]-	/resources/tools/chemdb_ontology?abbrev=LPS 20:2
461.25163	461.2545	.0029	ST 24:4;O5	C24H34O5	[M+OAc]-	/resources/tools/chemdb_ontology?abbrev=ST 24:4;O5
461.25163	461.2492	.0025	CL 36:4	C45H82O15P2	[M-2H]2-	/resources/tools/chemdb_ontology?abbrev=CL 36:4
615.2894	615.2940	.0046	LPG 22:6	C28H45O9P	[M+OAc]-	/resources/tools/chemdb_ontology?abbrev=LPG 22:6
566.26759	566.2736	.0060	LPS 18:2	C24H44NO9P	[M+Formate]-	/resources/tools/chemdb_ontology?abbrev=LPS 18:2
566.26759	566.2736	.0060	LPS 17:2	C23H42NO9P	[M+OAc]-	/resources/tools/chemdb_ontology?abbrev=LPS 17:2
536.25186	536.2549	.0031	LPE 20:4	C25H44NO7P	[M+Cl]-	/resources/tools/chemdb_ontology?abbrev=LPE 20:4
550.31456	550.3151	.0005	LPS 20:1	C26H50NO9P	[M-H]-	/resources/tools/chemdb_ontology?abbrev=LPS 20:1
550.31456	550.3151	.0005	PE 21:1;O	C26H50NO9P	[M-H]-	/resources/tools/chemdb_ontology?abbrev=PE 21:1;O
550.31456	550.3151	.0005	LPC 17:2	C25H48NO7P	[M+Formate]-	/resources/tools/chemdb_ontology?abbrev=LPC 17:2
550.31456	550.3151	.0005	LPE 20:2	C25H48NO7P	[M+Formate]-	/resources/tools/chemdb_ontology?abbrev=LPE 20:2
351.22069	351.2177	.0030	FA 20:4;O3	C20H32O5	[M-H]-	/resources/tools/chemdb_ontology?abbrev=FA 20:4;O3
351.22069	351.2177	.0030	FA 19:4;O	C19H30O3	[M+Formate]-	/resources/tools/chemdb_ontology?abbrev=FA 19:4;O
351.22069	351.2177	.0030	ST 19:1;O3	C19H30O3	[M+Formate]-	/resources/tools/chemdb_ontology?abbrev=ST 19:1;O3
351.22069	351.2177	.0030	FA 18:4;O	C18H28O3	[M+OAc]-	/resources/tools/chemdb_ontology?abbrev=FA 18:4;O
351.22069	351.2241	.0035	PG 31:2	C37H69O10P	[M-2H]2-	/resources/tools/chemdb_ontology?abbrev=PG 31:2
351.22069	351.2175	.0032	SPBP 16:1;O2	C16H34NO5P	Neutral	/resources/tools/chemdb_ontology?abbrev=SPBP 16:1;O2
485.33744	485.3403	.0029	ST 28:0;O4	C28H50O4	[M+Cl]-	/resources/tools/chemdb_ontology?abbrev=ST 28:0;O4
506.32477	506.3252	.0005	LPC 17:1	C25H50NO7P	[M-H]-	/resources/tools/chemdb_ontology?abbrev=LPC 17:1
506.32477	506.3252	.0005	LPE 20:1	C25H50NO7P	[M-H]-	/resources/tools/chemdb_ontology?abbrev=LPE 20:1
506.32477	506.3252	.0005	PC O-18:1	C26H52NO7P	[M-CH3]-	/resources/tools/chemdb_ontology?abbrev=PC O-18:1
506.32477	506.3244	.0004	ST 29:3;O7	C29H46O7	Neutral	/resources/tools/chemdb_ontology?abbrev=ST 29:3;O7
447.275	447.2752	.0002	FA 26:6;O4	C26H40O6	[M-H]-	/resources/tools/chemdb_ontology?abbrev=FA 26:6;O4
447.275	447.2672	.0078	ST 27:4;O3	C27H40O3	[M+Cl]-	/resources/tools/chemdb_ontology?abbrev=ST 27:4;O3
447.275	447.2752	.0002	MG 22:6	C25H38O4	[M+Formate]-	/resources/tools/chemdb_ontology?abbrev=MG 22:6
447.275	447.2752	.0002	ST 26:3;O3	C25H38O4	[M+Formate]-	/resources/tools/chemdb_ontology?abbrev=ST 26:3;O3
447.275	447.2752	.0002	ST 24:3;O4	C24H36O4	[M+OAc]-	/resources/tools/chemdb_ontology?abbrev=ST 24:3;O4
614.26829	614.2736	.0053	LPS 22:6	C28H44NO9P	[M+Formate]-	/resources/tools/chemdb_ontology?abbrev=LPS 22:6
563.27116	563.2627	.0085	PA 23:3;O3	C26H45O11P	[M-H]-	/resources/tools/chemdb_ontology?abbrev=PA 23:3;O3
563.27116	563.2627	.0085	LPG 18:4	C24H41O9P	[M+OAc]-	/resources/tools/chemdb_ontology?abbrev=LPG 18:4
959.60099	959.5946	.0063	MIPC 34:0;O3	C46H90NO17P	Neutral	/resources/tools/chemdb_ontology?abbrev=MIPC 34:0;O3
321.21015	321.2071	.0030	ST 19:1;O4	C19H30O4	[M-H]-	/resources/tools/chemdb_ontology?abbrev=ST 19:1;O4
321.21015	321.2071	.0030	FA 18:4	C18H28O2	[M+Formate]-	/resources/tools/chemdb_ontology?abbrev=FA 18:4
321.21015	321.2071	.0030	ST 18:1;O2	C18H28O2	[M+Formate]-	/resources/tools/chemdb_ontology?abbrev=ST 18:1;O2
321.21015	321.2071	.0030	FA 17:4	C17H26O2	[M+OAc]-	/resources/tools/chemdb_ontology?abbrev=FA 17:4
321.21015	321.2136	.0034	PA 32:2	C35H65O8P	[M-2H]2-	/resources/tools/chemdb_ontology?abbrev=PA 32:2
592.27394	592.2812	.0072	PC 20:4	C28H48NO8P	[M+Cl]-	/resources/tools/chemdb_ontology?abbrev=PC 20:4
592.27394	592.2649	.0091	LPI 18:4	C27H45O12P	Neutral	/resources/tools/chemdb_ontology?abbrev=LPI 18:4
478.27228	478.2713	.0010	PI 44:10	C53H83O13P	[M-2H]2-	/resources/tools/chemdb_ontology?abbrev=PI 44:10
604.3191	604.3256	.0065	PE 24:3;O2	C29H52NO10P	[M-H]-	/resources/tools/chemdb_ontology?abbrev=PE 24:3;O2
604.3191	604.3175	.0016	LPC 22:5	C30H52NO7P	[M+Cl]-	/resources/tools/chemdb_ontology?abbrev=LPC 22:5
981.57835	981.5710	.0074	PI 42:7	C51H85O13P	[M+Formate]-	/resources/tools/chemdb_ontology?abbrev=PI 42:7
981.57835	981.5710	.0074	PI 41:7	C50H83O13P	[M+OAc]-	/resources/tools/chemdb_ontology?abbrev=PI 41:7
547.2844	547.2808	.0036	LPG 18:0	C24H49O9P	[M+Cl]-	/resources/tools/chemdb_ontology?abbrev=LPG 18:0
547.2844	547.2913	.0069	ST 28:5;O7	C28H40O7	[M+OAc]-	/resources/tools/chemdb_ontology?abbrev=ST 28:5;O7
547.2844	547.2910	.0066	LPS 20:3	C26H46NO9P	Neutral	/resources/tools/chemdb_ontology?abbrev=LPS 20:3
957.65812	957.6568	.0013	PI O-41:0	C50H99O12P	[M+Cl]-	/resources/tools/chemdb_ontology?abbrev=PI O-41:0
480.29977	480.3096	.0098	LPC 15:0	C23H48NO7P	[M-H]-	/resources/tools/chemdb_ontology?abbrev=LPC 15:0
480.29977	480.3096	.0098	LPE 18:0	C23H48NO7P	[M-H]-	/resources/tools/chemdb_ontology?abbrev=LPE 18:0
480.29977	480.3096	.0098	LPE O-18:1;O	C23H48NO7P	[M-H]-	/resources/tools/chemdb_ontology?abbrev=LPE O-18:1;O
480.29977	480.2920	.0078	NAT 22:1	C24H47NO4S	[M+Cl]-	/resources/tools/chemdb_ontology?abbrev=NAT 22:1
480.29977	480.3096	.0098	PC O-16:0	C24H50NO7P	[M-CH3]-	/resources/tools/chemdb_ontology?abbrev=PC O-16:0
480.29977	480.3087	.0089	ST 27:2;O7	C27H44O7	Neutral	/resources/tools/chemdb_ontology?abbrev=ST 27:2;O7
564.27438	564.2700	.0044	PA 23:3;O3	C26H45O11P	Neutral	/resources/tools/chemdb_ontology?abbrev=PA 23:3;O3
480.34672	480.3460	.0008	LPC O-16:0	C24H52NO6P	[M-H]-	/resources/tools/chemdb_ontology?abbrev=LPC O-16:0
480.34672	480.3451	.0016	ST 28:1;O6	C28H48O6	Neutral	/resources/tools/chemdb_ontology?abbrev=ST 28:1;O6
478.32162	478.3303	.0087	LPC O-16:1	C24H50NO6P	[M-H]-	/resources/tools/chemdb_ontology?abbrev=LPC O-16:1
478.32162	478.3305	.0089	CAR 18:0;O	C25H49NO5	[M+Cl]-	/resources/tools/chemdb_ontology?abbrev=CAR 18:0;O
478.32162	478.3208	.0008	NAT 21:0	C23H47NO4S	[M+Formate]-	/resources/tools/chemdb_ontology?abbrev=NAT 21:0
478.32162	478.3174	.0042	ST 24:1;O2;Gly	C26H43NO4	[M+Formate]-	/resources/tools/chemdb_ontology?abbrev=ST 24:1;O2;Gly
478.32162	478.3208	.0008	NAT 20:0	C22H45NO4S	[M+OAc]-	/resources/tools/chemdb_ontology?abbrev=NAT 20:0
478.32162	478.3174	.0042	CAR 18:4	C25H41NO4	[M+OAc]-	/resources/tools/chemdb_ontology?abbrev=CAR 18:4
478.32162	478.3117	.0099	ST 28:2;O;S	C28H46O4S	Neutral	/resources/tools/chemdb_ontology?abbrev=ST 28:2;O;S
603.31599	603.3151	.0009	LPI O-16:0	C25H51O11P	[M+Formate]-	/resources/tools/chemdb_ontology?abbrev=LPI O-16:0
603.31599	603.3175	.0015	ST 32:6;O8	C32H46O8	[M+Formate]-	/resources/tools/chemdb_ontology?abbrev=ST 32:6;O8
478.29402	478.2939	.0001	LPC 15:1	C23H46NO7P	[M-H]-	/resources/tools/chemdb_ontology?abbrev=LPC 15:1
478.29402	478.2939	.0001	LPE 18:1	C23H46NO7P	[M-H]-	/resources/tools/chemdb_ontology?abbrev=LPE 18:1
479.34104	479.3378	.0032	ST 28:1;O6	C28H48O6	[M-H]-	/resources/tools/chemdb_ontology?abbrev=ST 28:1;O6
479.34104	479.3378	.0032	ST 27:1;O4	C27H46O4	[M+Formate]-	/resources/tools/chemdb_ontology?abbrev=ST 27:1;O4
479.34104	479.3378	.0032	MG O-23:5;O	C26H44O4	[M+OAc]-	/resources/tools/chemdb_ontology?abbrev=MG O-23:5;O
479.34104	479.3378	.0032	ST 26:1;O4	C26H44O4	[M+OAc]-	/resources/tools/chemdb_ontology?abbrev=ST 26:1;O4
479.34104	479.3376	.0035	LPC O-16:1	C24H50NO6P	Neutral	/resources/tools/chemdb_ontology?abbrev=LPC O-16:1
615.2715	615.2707	.0008	PA 24:2;O3	C27H49O11P	[M+Cl]-	/resources/tools/chemdb_ontology?abbrev=PA 24:2;O3
615.2715	615.2787	.0072	LPI 16:1	C25H47O12P	[M+Formate]-	/resources/tools/chemdb_ontology?abbrev=LPI 16:1
615.2715	615.2787	.0072	LPI 15:1	C24H45O12P	[M+OAc]-	/resources/tools/chemdb_ontology?abbrev=LPI 15:1
481.30231	481.2993	.0030	ST 27:1;O2;S	C27H46O5S	[M-H]-	/resources/tools/chemdb_ontology?abbrev=ST 27:1;O2;S
481.30231	481.3090	.0067	ST 28:2;O4	C28H46O4	[M+Cl]-	/resources/tools/chemdb_ontology?abbrev=ST 28:2;O4
481.30231	481.2960	.0064	ST 28:6;O3	C28H38O3	[M+OAc]-	/resources/tools/chemdb_ontology?abbrev=ST 28:6;O3
481.30231	481.2936	.0087	LPA O-18:1	C21H43O6P	[M+OAc]-	/resources/tools/chemdb_ontology?abbrev=LPA O-18:1
577.20915	577.2186	.0095	LPI 14:1	C23H43O12P	[M+Cl]-	/resources/tools/chemdb_ontology?abbrev=LPI 14:1
479.29719	479.3014	.0042	ST 27:2;O7	C27H44O7	[M-H]-	/resources/tools/chemdb_ontology?abbrev=ST 27:2;O7
479.29719	479.2934	.0038	ST 28:3;O4	C28H44O4	[M+Cl]-	/resources/tools/chemdb_ontology?abbrev=ST 28:3;O4
479.29719	479.3014	.0042	ST 26:2;O5	C26H42O5	[M+Formate]-	/resources/tools/chemdb_ontology?abbrev=ST 26:2;O5
479.29719	479.3014	.0042	ST 25:2;O5	C25H40O5	[M+OAc]-	/resources/tools/chemdb_ontology?abbrev=ST 25:2;O5
479.29719	479.3012	.0040	LPC 15:1	C23H46NO7P	Neutral	/resources/tools/chemdb_ontology?abbrev=LPC 15:1
479.29719	479.3012	.0040	LPE 18:1	C23H46NO7P	Neutral	/resources/tools/chemdb_ontology?abbrev=LPE 18:1
788.50706	788.5003	.0068	PC 34:4	C42H76NO8P	[M+Cl]-	/resources/tools/chemdb_ontology?abbrev=PC 34:4
788.50706	788.5003	.0068	PE 37:4	C42H76NO8P	[M+Cl]-	/resources/tools/chemdb_ontology?abbrev=PE 37:4
788.50706	788.5083	.0013	PS O-34:3	C40H74NO9P	[M+Formate]-	/resources/tools/chemdb_ontology?abbrev=PS O-34:3
788.50706	788.5083	.0013	PS O-33:3	C39H72NO9P	[M+OAc]-	/resources/tools/chemdb_ontology?abbrev=PS O-33:3
1007.6885	1007.6901	.0016	TG 62:15	C65H96O6	[M+Cl]-	/resources/tools/chemdb_ontology?abbrev=TG 62:15
1007.6885	1007.6805	.0080	PI 43:1	C52H99O13P	[M+Formate]-	/resources/tools/chemdb_ontology?abbrev=PI 43:1
1007.6885	1007.6805	.0080	PI 42:1	C51H97O13P	[M+OAc]-	/resources/tools/chemdb_ontology?abbrev=PI 42:1
546.28105	546.2838	.0027	LPS 20:3	C26H46NO9P	[M-H]-	/resources/tools/chemdb_ontology?abbrev=LPS 20:3
546.28105	546.2838	.0027	LPE 20:4	C25H44NO7P	[M+Formate]-	/resources/tools/chemdb_ontology?abbrev=LPE 20:4
1074.67182	1074.6711	.0007	MIPC 38:0;O3	C50H98NO17P	[M+OAc]-	/resources/tools/chemdb_ontology?abbrev=MIPC 38:0;O3
574.39332	574.3878	.0055	LPC 22:2	C30H58NO7P	[M-H]-	/resources/tools/chemdb_ontology?abbrev=LPC 22:2
709.36384	709.3570	.0069	PG 26:3;O2	C32H57O12P	[M+Formate]-	/resources/tools/chemdb_ontology?abbrev=PG 26:3;O2
709.36384	709.3570	.0069	PG 25:3;O2	C31H55O12P	[M+OAc]-	/resources/tools/chemdb_ontology?abbrev=PG 25:3;O2
642.38029	642.3744	.0059	LPI 21:0	C30H59O12P	Neutral	/resources/tools/chemdb_ontology?abbrev=LPI 21:0
573.44131	573.4444	.0031	FA 37:6	C37H62O2	[M+Cl]-	/resources/tools/chemdb_ontology?abbrev=FA 37:6
575.39593	575.3951	.0008	LPC 22:2	C30H58NO7P	Neutral	/resources/tools/chemdb_ontology?abbrev=LPC 22:2
572.38355	572.3852	.0017	LPC O-20:0	C28H60NO6P	[M+Cl]-	/resources/tools/chemdb_ontology?abbrev=LPC O-20:0
452.32415	452.3147	.0095	LPC O-14:0	C22H48NO6P	[M-H]-	/resources/tools/chemdb_ontology?abbrev=LPC O-14:0
452.32415	452.3208	.0034	PI O-40:1	C49H95O12P	[M-2H]2-	/resources/tools/chemdb_ontology?abbrev=PI O-40:1
452.32415	452.3267	.0025	LPA O-20:0	C23H49O6P	Neutral	/resources/tools/chemdb_ontology?abbrev=LPA O-20:0
641.37713	641.3671	.0100	LPI 21:0	C30H59O12P	[M-H]-	/resources/tools/chemdb_ontology?abbrev=LPI 21:0
452.27799	452.2783	.0003	LPC 13:0	C21H44NO7P	[M-H]-	/resources/tools/chemdb_ontology?abbrev=LPC 13:0
452.27799	452.2783	.0003	LPE 16:0	C21H44NO7P	[M-H]-	/resources/tools/chemdb_ontology?abbrev=LPE 16:0
452.27799	452.2783	.0003	LPE O-16:1;O	C21H44NO7P	[M-H]-	/resources/tools/chemdb_ontology?abbrev=LPE O-16:1;O
452.27799	452.2783	.0003	SPBP 19:1;O2	C19H40NO5P	[M+OAc]-	/resources/tools/chemdb_ontology?abbrev=SPBP 19:1;O2
452.27799	452.2783	.0003	PC O-14:0	C22H46NO7P	[M-CH3]-	/resources/tools/chemdb_ontology?abbrev=PC O-14:0
520.26517	520.2681	.0029	LPS 18:2	C24H44NO9P	[M-H]-	/resources/tools/chemdb_ontology?abbrev=LPS 18:2
520.26517	520.2681	.0029	LPE 18:3	C23H42NO7P	[M+Formate]-	/resources/tools/chemdb_ontology?abbrev=LPE 18:3
568.26291	568.2681	.0052	LPS 22:6	C28H44NO9P	[M-H]-	/resources/tools/chemdb_ontology?abbrev=LPS 22:6
453.28132	453.2777	.0036	FA 26:5;O2	C26H42O4	[M+Cl]-	/resources/tools/chemdb_ontology?abbrev=FA 26:5;O2
453.28132	453.2777	.0036	MG O-23:6;O	C26H42O4	[M+Cl]-	/resources/tools/chemdb_ontology?abbrev=MG O-23:6;O
453.28132	453.2777	.0036	ST 26:2;O4	C26H42O4	[M+Cl]-	/resources/tools/chemdb_ontology?abbrev=ST 26:2;O4
453.28132	453.2858	.0045	ST 24:1;O5	C24H40O5	[M+Formate]-	/resources/tools/chemdb_ontology?abbrev=ST 24:1;O5
453.28132	453.2858	.0045	MG 20:4;O	C23H38O5	[M+OAc]-	/resources/tools/chemdb_ontology?abbrev=MG 20:4;O
453.28132	453.2858	.0045	ST 23:1;O5	C23H38O5	[M+OAc]-	/resources/tools/chemdb_ontology?abbrev=ST 23:1;O5
453.28132	453.2855	.0042	LPC 13:0	C21H44NO7P	Neutral	/resources/tools/chemdb_ontology?abbrev=LPC 13:0
453.28132	453.2855	.0042	LPE 16:0	C21H44NO7P	Neutral	/resources/tools/chemdb_ontology?abbrev=LPE 16:0
453.28132	453.2855	.0042	LPE O-16:1;O	C21H44NO7P	Neutral	/resources/tools/chemdb_ontology?abbrev=LPE O-16:1;O
567.3493	567.3539	.0046	ST 29:2;O7	C29H48O7	[M+OAc]-	/resources/tools/chemdb_ontology?abbrev=ST 29:2;O7
567.3493	567.3536	.0043	LPS 21:0	C27H54NO9P	Neutral	/resources/tools/chemdb_ontology?abbrev=LPS 21:0
634.33309	634.3362	.0031	PE 25:3;O3	C30H54NO11P	[M-H]-	/resources/tools/chemdb_ontology?abbrev=PE 25:3;O3
634.33309	634.3362	.0031	PC 23:3;O3	C31H56NO11P	[M-CH3]-	/resources/tools/chemdb_ontology?abbrev=PC 23:3;O3
566.34598	566.3464	.0004	LPS 21:0	C27H54NO9P	[M-H]-	/resources/tools/chemdb_ontology?abbrev=LPS 21:0
566.34598	566.3464	.0004	LPC 18:1	C26H52NO7P	[M+Formate]-	/resources/tools/chemdb_ontology?abbrev=LPC 18:1
566.34598	566.3464	.0004	PC O-18:1	C26H52NO7P	[M+Formate]-	/resources/tools/chemdb_ontology?abbrev=PC O-18:1
566.34598	566.3464	.0004	LPC 17:1	C25H50NO7P	[M+OAc]-	/resources/tools/chemdb_ontology?abbrev=LPC 17:1
566.34598	566.3464	.0004	LPE 20:1	C25H50NO7P	[M+OAc]-	/resources/tools/chemdb_ontology?abbrev=LPE 20:1
635.33609	635.3435	.0074	PE 25:3;O3	C30H54NO11P	Neutral	/resources/tools/chemdb_ontology?abbrev=PE 25:3;O3
359.16548	359.1631	.0024	FA 18:4;O3	C18H28O5	[M+Cl]-	/resources/tools/chemdb_ontology?abbrev=FA 18:4;O3
387.16022	387.1661	.0058	FA 16:4;O5	C16H24O7	[M+OAc]-	/resources/tools/chemdb_ontology?abbrev=FA 16:4;O5
363.23046	363.2330	.0025	ST 25:6;O2	C25H32O2	[M-H]-	/resources/tools/chemdb_ontology?abbrev=ST 25:6;O2
363.23046	363.2308	.0003	FA 19:1;O2	C19H36O4	[M+Cl]-	/resources/tools/chemdb_ontology?abbrev=FA 19:1;O2
363.23046	363.2308	.0003	FOH 19:2;O3	C19H36O4	[M+Cl]-	/resources/tools/chemdb_ontology?abbrev=FOH 19:2;O3
363.23046	363.2388	.0084	FA 16:0;O3	C16H32O5	[M+OAc]-	/resources/tools/chemdb_ontology?abbrev=FA 16:0;O3
443.22283	443.2206	.0022	FA 23:5;O4	C23H36O6	[M+Cl]-	/resources/tools/chemdb_ontology?abbrev=FA 23:5;O4
443.22283	443.2287	.0058	FA 20:4;O5	C20H32O7	[M+OAc]-	/resources/tools/chemdb_ontology?abbrev=FA 20:4;O5
373.25924	373.2596	.0003	FA 19:1;O2	C19H36O4	[M+Formate]-	/resources/tools/chemdb_ontology?abbrev=FA 19:1;O2
373.25924	373.2596	.0003	FOH 19:2;O3	C19H36O4	[M+Formate]-	/resources/tools/chemdb_ontology?abbrev=FOH 19:2;O3
373.25924	373.2596	.0003	FA 18:1;O2	C18H34O4	[M+OAc]-	/resources/tools/chemdb_ontology?abbrev=FA 18:1;O2
373.25924	373.2554	.0038	PG 34:1	C40H77O10P	[M-2H]2-	/resources/tools/chemdb_ontology?abbrev=PG 34:1
325.21711	325.2173	.0002	FA 22:7	C22H30O2	[M-H]-	/resources/tools/chemdb_ontology?abbrev=FA 22:7
325.21711	325.2161	.0010	PA O-34:5	C37H65O7P	[M-2H]2-	/resources/tools/chemdb_ontology?abbrev=PA O-34:5
405.22207	405.2283	.0062	ST 23:3;O6	C23H34O6	[M-H]-	/resources/tools/chemdb_ontology?abbrev=ST 23:3;O6
405.22207	405.2202	.0019	ST 24:4;O3	C24H34O3	[M+Cl]-	/resources/tools/chemdb_ontology?abbrev=ST 24:4;O3
405.22207	405.2283	.0062	FA 22:6;O2	C22H32O4	[M+Formate]-	/resources/tools/chemdb_ontology?abbrev=FA 22:6;O2
405.22207	405.2283	.0062	ST 21:3;O4	C21H30O4	[M+OAc]-	/resources/tools/chemdb_ontology?abbrev=ST 21:3;O4
405.22207	405.2130	.0091	FA 17:2;O5	C17H30O7	[M+OAc]-	/resources/tools/chemdb_ontology?abbrev=FA 17:2;O5
553.32473	553.3171	.0076	ST 31:7;O5	C31H42O5	[M+OAc]-	/resources/tools/chemdb_ontology?abbrev=ST 31:7;O5
553.32473	553.3168	.0079	LPE 24:6	C29H48NO7P	Neutral	/resources/tools/chemdb_ontology?abbrev=LPE 24:6
965.64088	965.6336	.0073	PI 40:1	C49H93O13P	[M+Formate]-	/resources/tools/chemdb_ontology?abbrev=PI 40:1
965.64088	965.6336	.0073	PI 39:1	C48H91O13P	[M+OAc]-	/resources/tools/chemdb_ontology?abbrev=PI 39:1
473.28219	473.2756	.0066	FA 23:3;O5	C23H40O7	[M+Formate]-	/resources/tools/chemdb_ontology?abbrev=FA 23:3;O5
473.28219	473.2909	.0087	ST 27:4;O4	C27H40O4	[M+Formate]-	/resources/tools/chemdb_ontology?abbrev=ST 27:4;O4
473.28219	473.2909	.0087	ST 28:3;O4	C27H40O4	[M+Formate]-	/resources/tools/chemdb_ontology?abbrev=ST 28:3;O4
473.28219	473.2756	.0066	WE 22:3;O5	C22H38O7	[M+OAc]-	/resources/tools/chemdb_ontology?abbrev=WE 22:3;O5
484.33105	484.3280	.0031	CAR 18:2;O	C25H45NO5	[M+Formate]-	/resources/tools/chemdb_ontology?abbrev=CAR 18:2;O
484.33105	484.3400	.0090	ST 27:0;O7	C27H48O7	Neutral	/resources/tools/chemdb_ontology?abbrev=ST 27:0;O7
406.22543	406.2243	.0011	PI 33:5	C42H71O13P	[M-2H]2-	/resources/tools/chemdb_ontology?abbrev=PI 33:5
369.24293	369.2435	.0006	ST 24:4;O3	C24H34O3	[M-H]-	/resources/tools/chemdb_ontology?abbrev=ST 24:4;O3
369.24293	369.2435	.0006	ST 22:4;O	C22H30O	[M+OAc]-	/resources/tools/chemdb_ontology?abbrev=ST 22:4;O
604.31891	604.3256	.0067	PE 24:3;O2	C29H52NO10P	[M-H]-	/resources/tools/chemdb_ontology?abbrev=PE 24:3;O2
604.31891	604.3175	.0014	LPC 22:5	C30H52NO7P	[M+Cl]-	/resources/tools/chemdb_ontology?abbrev=LPC 22:5
466.29355	466.2939	.0004	LPC 14:0	C22H46NO7P	[M-H]-	/resources/tools/chemdb_ontology?abbrev=LPC 14:0
466.29355	466.2939	.0004	LPE 17:0	C22H46NO7P	[M-H]-	/resources/tools/chemdb_ontology?abbrev=LPE 17:0
466.29355	466.2939	.0004	LPE O-17:1;O	C22H46NO7P	[M-H]-	/resources/tools/chemdb_ontology?abbrev=LPE O-17:1;O
485.33753	485.3403	.0028	ST 28:0;O4	C28H50O4	[M+Cl]-	/resources/tools/chemdb_ontology?abbrev=ST 28:0;O4
964.63762	964.6401	.0024	SHexCer 42:2;O3	C48H91NO12S	[M+OAc]-	/resources/tools/chemdb_ontology?abbrev=SHexCer 42:2;O3
486.34087	486.3356	.0053	CAR 20:2	C27H49NO4	[M+Cl]-	/resources/tools/chemdb_ontology?abbrev=CAR 20:2
486.34087	486.3436	.0028	CAR 18:1;O	C25H47NO5	[M+Formate]-	/resources/tools/chemdb_ontology?abbrev=CAR 18:1;O
506.32463	506.3252	.0006	LPC 17:1	C25H50NO7P	[M-H]-	/resources/tools/chemdb_ontology?abbrev=LPC 17:1
506.32463	506.3252	.0006	LPE 20:1	C25H50NO7P	[M-H]-	/resources/tools/chemdb_ontology?abbrev=LPE 20:1
506.32463	506.3252	.0006	PC O-18:1	C26H52NO7P	[M-CH3]-	/resources/tools/chemdb_ontology?abbrev=PC O-18:1
506.32463	506.3244	.0003	ST 29:3;O7	C29H46O7	Neutral	/resources/tools/chemdb_ontology?abbrev=ST 29:3;O7
536.25166	536.2549	.0033	LPE 20:4	C25H44NO7P	[M+Cl]-	/resources/tools/chemdb_ontology?abbrev=LPE 20:4
981.57596	981.5710	.0050	PI 42:7	C51H85O13P	[M+Formate]-	/resources/tools/chemdb_ontology?abbrev=PI 42:7
981.57596	981.5710	.0050	PI 41:7	C50H83O13P	[M+OAc]-	/resources/tools/chemdb_ontology?abbrev=PI 41:7
603.31577	603.3151	.0007	LPI O-16:0	C25H51O11P	[M+Formate]-	/resources/tools/chemdb_ontology?abbrev=LPI O-16:0
603.31577	603.3175	.0017	ST 32:6;O8	C32H46O8	[M+Formate]-	/resources/tools/chemdb_ontology?abbrev=ST 32:6;O8
615.26982	615.2707	.0008	PA 24:2;O3	C27H49O11P	[M+Cl]-	/resources/tools/chemdb_ontology?abbrev=PA 24:2;O3
615.26982	615.2787	.0089	LPI 16:1	C25H47O12P	[M+Formate]-	/resources/tools/chemdb_ontology?abbrev=LPI 16:1
615.26982	615.2787	.0089	LPI 15:1	C24H45O12P	[M+OAc]-	/resources/tools/chemdb_ontology?abbrev=LPI 15:1
655.42069	655.4111	.0096	PA 30:0	C33H65O8P	[M+Cl]-	/resources/tools/chemdb_ontology?abbrev=PA 30:0
655.42069	655.4213	.0006	PE 30:4	C35H62NO8P	Neutral	/resources/tools/chemdb_ontology?abbrev=PE 30:4
395.24689	395.2439	.0030	FA 22:4;O4	C22H36O6	[M-H]-	/resources/tools/chemdb_ontology?abbrev=FA 22:4;O4
395.24689	395.2568	.0099	LPA O-16:0	C19H41O6P	[M-H]-	/resources/tools/chemdb_ontology?abbrev=LPA O-16:0
395.24689	395.2439	.0030	FA 21:4;O2	C21H34O4	[M+Formate]-	/resources/tools/chemdb_ontology?abbrev=FA 21:4;O2
395.24689	395.2439	.0030	ST 21:1;O4	C21H34O4	[M+Formate]-	/resources/tools/chemdb_ontology?abbrev=ST 21:1;O4
395.24689	395.2439	.0030	FA 20:4;O2	C20H32O4	[M+OAc]-	/resources/tools/chemdb_ontology?abbrev=FA 20:4;O2
395.24689	395.2456	.0013	SQDG 32:1	C41H76O12S	[M-2H]2-	/resources/tools/chemdb_ontology?abbrev=SQDG 32:1
395.24689	395.2504	.0035	PI O-32:2	C41H77O12P	[M-2H]2-	/resources/tools/chemdb_ontology?abbrev=PI O-32:2
395.24689	395.2437	.0032	LPC O-10:1	C18H38NO6P	Neutral	/resources/tools/chemdb_ontology?abbrev=LPC O-10:1
547.28434	547.2808	.0035	LPG 18:0	C24H49O9P	[M+Cl]-	/resources/tools/chemdb_ontology?abbrev=LPG 18:0
547.28434	547.2913	.0069	ST 28:5;O7	C28H40O7	[M+OAc]-	/resources/tools/chemdb_ontology?abbrev=ST 28:5;O7
547.28434	547.2910	.0067	LPS 20:3	C26H46NO9P	Neutral	/resources/tools/chemdb_ontology?abbrev=LPS 20:3
564.27425	564.2700	.0043	PA 23:3;O3	C26H45O11P	Neutral	/resources/tools/chemdb_ontology?abbrev=PA 23:3;O3
478.29377	478.2939	.0002	LPC 15:1	C23H46NO7P	[M-H]-	/resources/tools/chemdb_ontology?abbrev=LPC 15:1
478.29377	478.2939	.0002	LPE 18:1	C23H46NO7P	[M-H]-	/resources/tools/chemdb_ontology?abbrev=LPE 18:1
957.65849	957.6568	.0017	PI O-41:0	C50H99O12P	[M+Cl]-	/resources/tools/chemdb_ontology?abbrev=PI O-41:0
563.27101	563.2627	.0083	PA 23:3;O3	C26H45O11P	[M-H]-	/resources/tools/chemdb_ontology?abbrev=PA 23:3;O3
563.27101	563.2627	.0083	LPG 18:4	C24H41O9P	[M+OAc]-	/resources/tools/chemdb_ontology?abbrev=LPG 18:4
479.34405	479.3378	.0062	ST 28:1;O6	C28H48O6	[M-H]-	/resources/tools/chemdb_ontology?abbrev=ST 28:1;O6
479.34405	479.3378	.0062	ST 27:1;O4	C27H46O4	[M+Formate]-	/resources/tools/chemdb_ontology?abbrev=ST 27:1;O4
479.34405	479.3378	.0062	MG O-23:5;O	C26H44O4	[M+OAc]-	/resources/tools/chemdb_ontology?abbrev=MG O-23:5;O
479.34405	479.3378	.0062	ST 26:1;O4	C26H44O4	[M+OAc]-	/resources/tools/chemdb_ontology?abbrev=ST 26:1;O4
479.34405	479.3376	.0065	LPC O-16:1	C24H50NO6P	Neutral	/resources/tools/chemdb_ontology?abbrev=LPC O-16:1
546.28103	546.2838	.0027	LPS 20:3	C26H46NO9P	[M-H]-	/resources/tools/chemdb_ontology?abbrev=LPS 20:3
546.28103	546.2838	.0027	LPE 20:4	C25H44NO7P	[M+Formate]-	/resources/tools/chemdb_ontology?abbrev=LPE 20:4
614.26713	614.2736	.0065	LPS 22:6	C28H44NO9P	[M+Formate]-	/resources/tools/chemdb_ontology?abbrev=LPS 22:6
566.26758	566.2736	.0060	LPS 18:2	C24H44NO9P	[M+Formate]-	/resources/tools/chemdb_ontology?abbrev=LPS 18:2
566.26758	566.2736	.0060	LPS 17:2	C23H42NO9P	[M+OAc]-	/resources/tools/chemdb_ontology?abbrev=LPS 17:2
480.29972	480.3096	.0099	LPC 15:0	C23H48NO7P	[M-H]-	/resources/tools/chemdb_ontology?abbrev=LPC 15:0
480.29972	480.3096	.0099	LPE 18:0	C23H48NO7P	[M-H]-	/resources/tools/chemdb_ontology?abbrev=LPE 18:0
480.29972	480.3096	.0099	LPE O-18:1;O	C23H48NO7P	[M-H]-	/resources/tools/chemdb_ontology?abbrev=LPE O-18:1;O
480.29972	480.2920	.0077	NAT 22:1	C24H47NO4S	[M+Cl]-	/resources/tools/chemdb_ontology?abbrev=NAT 22:1
480.29972	480.3096	.0099	PC O-16:0	C24H50NO7P	[M-CH3]-	/resources/tools/chemdb_ontology?abbrev=PC O-16:0
480.29972	480.3087	.0090	ST 27:2;O7	C27H44O7	Neutral	/resources/tools/chemdb_ontology?abbrev=ST 27:2;O7
592.27385	592.2812	.0073	PC 20:4	C28H48NO8P	[M+Cl]-	/resources/tools/chemdb_ontology?abbrev=PC 20:4
592.27385	592.2649	.0090	LPI 18:4	C27H45O12P	Neutral	/resources/tools/chemdb_ontology?abbrev=LPI 18:4
481.30217	481.2993	.0028	ST 27:1;O2;S	C27H46O5S	[M-H]-	/resources/tools/chemdb_ontology?abbrev=ST 27:1;O2;S
481.30217	481.3090	.0068	ST 28:2;O4	C28H46O4	[M+Cl]-	/resources/tools/chemdb_ontology?abbrev=ST 28:2;O4
481.30217	481.2960	.0062	ST 28:6;O3	C28H38O3	[M+OAc]-	/resources/tools/chemdb_ontology?abbrev=ST 28:6;O3
481.30217	481.2936	.0086	LPA O-18:1	C21H43O6P	[M+OAc]-	/resources/tools/chemdb_ontology?abbrev=LPA O-18:1
637.26762	637.2631	.0045	LPI 18:4	C27H45O12P	[M+Formate]-	/resources/tools/chemdb_ontology?abbrev=LPI 18:4
577.21	577.2186	.0086	LPI 14:1	C23H43O12P	[M+Cl]-	/resources/tools/chemdb_ontology?abbrev=LPI 14:1
479.29705	479.3014	.0044	ST 27:2;O7	C27H44O7	[M-H]-	/resources/tools/chemdb_ontology?abbrev=ST 27:2;O7
479.29705	479.2934	.0037	ST 28:3;O4	C28H44O4	[M+Cl]-	/resources/tools/chemdb_ontology?abbrev=ST 28:3;O4
479.29705	479.3014	.0044	ST 26:2;O5	C26H42O5	[M+Formate]-	/resources/tools/chemdb_ontology?abbrev=ST 26:2;O5
479.29705	479.3014	.0044	ST 25:2;O5	C25H40O5	[M+OAc]-	/resources/tools/chemdb_ontology?abbrev=ST 25:2;O5
479.29705	479.3012	.0041	LPC 15:1	C23H46NO7P	Neutral	/resources/tools/chemdb_ontology?abbrev=LPC 15:1
479.29705	479.3012	.0041	LPE 18:1	C23H46NO7P	Neutral	/resources/tools/chemdb_ontology?abbrev=LPE 18:1
663.50095	663.4994	.0015	DG 40:8	C43H68O5	[M-H]-	/resources/tools/chemdb_ontology?abbrev=DG 40:8
440.22787	440.2281	.0002	TG 53:21;O3	C56H66O9	[M-2H]2-	/resources/tools/chemdb_ontology?abbrev=TG 53:21;O3
306.24848	306.2559	.0074	FA 20:3	C20H34O2	Neutral	/resources/tools/chemdb_ontology?abbrev=FA 20:3
306.24848	306.2559	.0074	SFE 20:3	C20H34O2	Neutral	/resources/tools/chemdb_ontology?abbrev=SFE 20:3
306.24848	306.2559	.0074	WE 20:3	C20H34O2	Neutral	/resources/tools/chemdb_ontology?abbrev=WE 20:3
306.2598	306.2559	.0039	FA 20:3	C20H34O2	Neutral	/resources/tools/chemdb_ontology?abbrev=FA 20:3
306.2598	306.2559	.0039	SFE 20:3	C20H34O2	Neutral	/resources/tools/chemdb_ontology?abbrev=SFE 20:3
306.2598	306.2559	.0039	WE 20:3	C20H34O2	Neutral	/resources/tools/chemdb_ontology?abbrev=WE 20:3
437.19247	437.1948	.0023	FA 20:3;O6	C20H34O8	[M+Cl]-	/resources/tools/chemdb_ontology?abbrev=FA 20:3;O6
369.20445	369.2071	.0027	FA 22:8	C22H28O2	[M+Formate]-	/resources/tools/chemdb_ontology?abbrev=FA 22:8
301.25531	301.2537	.0016	ST 21:1;O	C21H34O	[M-H]-	/resources/tools/chemdb_ontology?abbrev=ST 21:1;O
301.2281	301.2253	.0028	CAR 9:0	C16H31NO4	Neutral	/resources/tools/chemdb_ontology?abbrev=CAR 9:0
301.21713	301.2173	.0002	FA 20:5	C20H30O2	[M-H]-	/resources/tools/chemdb_ontology?abbrev=FA 20:5
301.21713	301.2173	.0002	ST 20:2;O2	C20H30O2	[M-H]-	/resources/tools/chemdb_ontology?abbrev=ST 20:2;O2
301.21713	301.2161	.0010	PA O-30:1	C33H65O7P	[M-2H]2-	/resources/tools/chemdb_ontology?abbrev=PA O-30:1
301.21713	301.2217	.0046	CerPE 30:1;O2	C32H65N2O6P	[M-2H]2-	/resources/tools/chemdb_ontology?abbrev=CerPE 30:1;O2
301.21713	301.2253	.0082	CAR 9:0	C16H31NO4	Neutral	/resources/tools/chemdb_ontology?abbrev=CAR 9:0
302.22052	302.2240	.0034	PA O-30:0	C33H67O7P	[M-2H]2-	/resources/tools/chemdb_ontology?abbrev=PA O-30:0
302.22052	302.2246	.0041	FA 20:5	C20H30O2	Neutral	/resources/tools/chemdb_ontology?abbrev=FA 20:5
302.22052	302.2246	.0041	ST 20:2;O2	C20H30O2	Neutral	/resources/tools/chemdb_ontology?abbrev=ST 20:2;O2
435.19658	435.1944	.0022	ST 24:5;O5	C24H32O5	[M+Cl]-	/resources/tools/chemdb_ontology?abbrev=ST 24:5;O5
435.19658	435.1872	.0094	FA 18:3;O7	C18H30O9	[M+Formate]-	/resources/tools/chemdb_ontology?abbrev=FA 18:3;O7
435.19658	435.2025	.0059	ST 21:4;O6	C21H28O6	[M+OAc]-	/resources/tools/chemdb_ontology?abbrev=ST 21:4;O6
463.19144	463.1974	.0059	ST 18:3;O3;GlcA	C24H32O9	[M-H]-	/resources/tools/chemdb_ontology?abbrev=ST 18:3;O3;GlcA
463.19144	463.1869	.0045	LPG 12:0	C18H37O9P	[M+Cl]-	/resources/tools/chemdb_ontology?abbrev=LPG 12:0
463.19144	463.1974	.0059	ST 22:5;O7	C22H28O7	[M+OAc]-	/resources/tools/chemdb_ontology?abbrev=ST 22:5;O7
762.41552	762.4118	.0037	PS 32:4	C38H66NO10P	[M+Cl]-	/resources/tools/chemdb_ontology?abbrev=PS 32:4
762.41552	762.4199	.0044	PE 30:4;O3	C35H62NO11P	[M+OAc]-	/resources/tools/chemdb_ontology?abbrev=PE 30:4;O3
483.18471	483.1791	.0056	ST 18:3;O2;GlcA	C24H32O8	[M+Cl]-	/resources/tools/chemdb_ontology?abbrev=ST 18:3;O2;GlcA
691.41517	691.4111	.0041	PA 33:3	C36H65O8P	[M+Cl]-	/resources/tools/chemdb_ontology?abbrev=PA 33:3
691.41517	691.4061	.0091	PC 26:3;O3	C34H62NO11P	Neutral	/resources/tools/chemdb_ontology?abbrev=PC 26:3;O3
719.41004	719.4141	.0041	PG 30:3;O2	C36H65O12P	[M-H]-	/resources/tools/chemdb_ontology?abbrev=PG 30:3;O2
439.27254	439.2701	.0024	MG 20:4;O	C23H38O5	[M+Formate]-	/resources/tools/chemdb_ontology?abbrev=MG 20:4;O
439.27254	439.2701	.0024	ST 23:1;O5	C23H38O5	[M+Formate]-	/resources/tools/chemdb_ontology?abbrev=ST 23:1;O5
439.27254	439.2701	.0024	FA 22:4;O3	C22H36O5	[M+OAc]-	/resources/tools/chemdb_ontology?abbrev=FA 22:4;O3
439.27254	439.2701	.0024	ST 22:1;O5	C22H36O5	[M+OAc]-	/resources/tools/chemdb_ontology?abbrev=ST 22:1;O5
439.27254	439.2699	.0027	LPC 12:0	C20H42NO7P	Neutral	/resources/tools/chemdb_ontology?abbrev=LPC 12:0
439.27254	439.2699	.0027	LPE 15:0	C20H42NO7P	Neutral	/resources/tools/chemdb_ontology?abbrev=LPE 15:0
439.27254	439.2699	.0027	LPE O-15:1;O	C20H42NO7P	Neutral	/resources/tools/chemdb_ontology?abbrev=LPE O-15:1;O
431.27983	431.2803	.0005	ST 24:3;O3	C24H36O3	[M+OAc]-	/resources/tools/chemdb_ontology?abbrev=ST 24:3;O3
431.27983	431.2791	.0007	PI 36:1	C45H85O13P	[M-2H]2-	/resources/tools/chemdb_ontology?abbrev=PI 36:1
602.3137	602.3230	.0093	LPS 21:0	C27H54NO9P	[M+Cl]-	/resources/tools/chemdb_ontology?abbrev=LPS 21:0
602.3137	602.3100	.0037	PC 20:4	C28H48NO8P	[M+Formate]-	/resources/tools/chemdb_ontology?abbrev=PC 20:4
601.31007	601.3018	.0082	ST 32:7;O8	C32H44O8	[M+Formate]-	/resources/tools/chemdb_ontology?abbrev=ST 32:7;O8
469.23849	469.2443	.0058	FOH 23:6;O6	C23H36O7	[M+Formate]-	/resources/tools/chemdb_ontology?abbrev=FOH 23:6;O6
469.23849	469.2441	.0056	LPS 14:0	C20H40NO9P	Neutral	/resources/tools/chemdb_ontology?abbrev=LPS 14:0
527.32465	527.3226	.0021	ST 28:1;O9	C28H48O9	[M-H]-	/resources/tools/chemdb_ontology?abbrev=ST 28:1;O9
466.29331	466.2939	.0006	LPC 14:0	C22H46NO7P	[M-H]-	/resources/tools/chemdb_ontology?abbrev=LPC 14:0
466.29331	466.2939	.0006	LPE 17:0	C22H46NO7P	[M-H]-	/resources/tools/chemdb_ontology?abbrev=LPE 17:0
466.29331	466.2939	.0006	LPE O-17:1;O	C22H46NO7P	[M-H]-	/resources/tools/chemdb_ontology?abbrev=LPE O-17:1;O
367.22741	367.2279	.0005	ST 24:5;O3	C24H32O3	[M-H]-	/resources/tools/chemdb_ontology?abbrev=ST 24:5;O3
367.22741	367.2257	.0017	FA 18:0;O3	C18H36O5	[M+Cl]-	/resources/tools/chemdb_ontology?abbrev=FA 18:0;O3
416.2279	416.2338	.0059	SPBP 18:0;O2	C18H40NO5P	[M+Cl]-	/resources/tools/chemdb_ontology?abbrev=SPBP 18:0;O2
416.2279	416.2199	.0080	ST 24:5;O6	C24H32O6	Neutral	/resources/tools/chemdb_ontology?abbrev=ST 24:5;O6
444.22281	444.2148	.0080	FA 25:9;O5	C25H32O7	Neutral	/resources/tools/chemdb_ontology?abbrev=FA 25:9;O5
282.24848	282.2559	.0074	FA 18:1	C18H34O2	Neutral	/resources/tools/chemdb_ontology?abbrev=FA 18:1
282.24848	282.2559	.0074	SFE 18:1	C18H34O2	Neutral	/resources/tools/chemdb_ontology?abbrev=SFE 18:1
487.22809	487.2371	.0090	ST 24:1;O5;S	C24H40O8S	[M-H]-	/resources/tools/chemdb_ontology?abbrev=ST 24:1;O5;S
487.22809	487.2314	.0033	LPG 13:0	C19H39O9P	[M+Formate]-	/resources/tools/chemdb_ontology?abbrev=LPG 13:0
487.22809	487.2338	.0057	ST 26:6;O6	C26H34O6	[M+Formate]-	/resources/tools/chemdb_ontology?abbrev=ST 26:6;O6
487.22809	487.2314	.0033	LPG 12:0	C18H37O9P	[M+OAc]-	/resources/tools/chemdb_ontology?abbrev=LPG 12:0
277.21715	277.2173	.0002	FA 18:3	C18H30O2	[M-H]-	/resources/tools/chemdb_ontology?abbrev=FA 18:3
277.21715	277.2173	.0002	SFE 18:3	C18H30O2	[M-H]-	/resources/tools/chemdb_ontology?abbrev=SFE 18:3
277.21715	277.2173	.0002	ST 18:0;O2	C18H30O2	[M-H]-	/resources/tools/chemdb_ontology?abbrev=ST 18:0;O2
277.21715	277.2173	.0001	TG 51:7	C54H90O6	[M-3H]3-	/resources/tools/chemdb_ontology?abbrev=TG 51:7
277.21715	277.2165	.0007	PG O-41:0	C47H95O9P	[M-3H]3-	/resources/tools/chemdb_ontology?abbrev=PG O-41:0
643.41532	643.4135	.0018	DG 36:8	C39H60O5	[M+Cl]-	/resources/tools/chemdb_ontology?abbrev=DG 36:8
411.19664	411.1944	.0023	FA 22:6;O3	C22H32O5	[M+Cl]-	/resources/tools/chemdb_ontology?abbrev=FA 22:6;O3
411.19664	411.1944	.0023	ST 22:3;O5	C22H32O5	[M+Cl]-	/resources/tools/chemdb_ontology?abbrev=ST 22:3;O5
411.19664	411.2025	.0058	FA 20:5;O4	C20H30O6	[M+Formate]-	/resources/tools/chemdb_ontology?abbrev=FA 20:5;O4
411.19664	411.2022	.0056	PE 12:0	C17H34NO8P	Neutral	/resources/tools/chemdb_ontology?abbrev=PE 12:0
439.19149	439.1893	.0022	ST 23:4;O6	C23H32O6	[M+Cl]-	/resources/tools/chemdb_ontology?abbrev=ST 23:4;O6
489.17379	489.1744	.0006	FA 19:2;O10	C19H34O12	[M+Cl]-	/resources/tools/chemdb_ontology?abbrev=FA 19:2;O10
700.36368	700.3598	.0039	PC 24:2;O3	C32H60NO11P	[M+Cl]-	/resources/tools/chemdb_ontology?abbrev=PC 24:2;O3
671.41017	671.4012	.0090	ST 27:0;O4;GlcA	C33H56O10	[M+OAc]-	/resources/tools/chemdb_ontology?abbrev=ST 27:0;O4;GlcA
714.41556	714.4118	.0037	PS 28:0	C34H66NO10P	[M+Cl]-	/resources/tools/chemdb_ontology?abbrev=PS 28:0
459.18473	459.1791	.0056	FA 22:6;O6	C22H32O8	[M+Cl]-	/resources/tools/chemdb_ontology?abbrev=FA 22:6;O6
459.18473	459.1920	.0073	PA 16:0	C19H37O8P	[M+Cl]-	/resources/tools/chemdb_ontology?abbrev=PA 16:0
933.58532	933.5862	.0009	PG 44:8	C50H83O10P	[M+OAc]-	/resources/tools/chemdb_ontology?abbrev=PG 44:8
554.34571	554.3464	.0006	LPS O-20:0;O	C26H54NO9P	[M-H]-	/resources/tools/chemdb_ontology?abbrev=LPS O-20:0;O
554.34571	554.3383	.0074	LPC O-19:2	C27H54NO6P	[M+Cl]-	/resources/tools/chemdb_ontology?abbrev=LPC O-19:2
554.34571	554.3464	.0006	LPC 17:0	C25H52NO7P	[M+Formate]-	/resources/tools/chemdb_ontology?abbrev=LPC 17:0
554.34571	554.3464	.0006	LPE 20:0	C25H52NO7P	[M+Formate]-	/resources/tools/chemdb_ontology?abbrev=LPE 20:0
554.34571	554.3464	.0006	PC O-17:0	C25H52NO7P	[M+Formate]-	/resources/tools/chemdb_ontology?abbrev=PC O-17:0
554.34571	554.3464	.0006	LPC 16:0	C24H50NO7P	[M+OAc]-	/resources/tools/chemdb_ontology?abbrev=LPC 16:0
554.34571	554.3464	.0006	LPE 19:0	C24H50NO7P	[M+OAc]-	/resources/tools/chemdb_ontology?abbrev=LPE 19:0
554.34571	554.3464	.0006	LPE O-19:1;O	C24H50NO7P	[M+OAc]-	/resources/tools/chemdb_ontology?abbrev=LPE O-19:1;O
554.34571	554.3464	.0006	PC O-16:0	C24H50NO7P	[M+OAc]-	/resources/tools/chemdb_ontology?abbrev=PC O-16:0
373.18719	373.1787	.0085	ST 19:1;O5	C19H30O5	[M+Cl]-	/resources/tools/chemdb_ontology?abbrev=ST 19:1;O5
741.49438	741.4945	.0001	PS O-34:4	C40H72NO9P	Neutral	/resources/tools/chemdb_ontology?abbrev=PS O-34:4
387.15778	387.1661	.0083	FA 16:4;O5	C16H24O7	[M+OAc]-	/resources/tools/chemdb_ontology?abbrev=FA 16:4;O5
263.0874	263.0925	.0051	FA 14:6;O	C13H14O3	[M+Formate]-	/resources/tools/chemdb_ontology?abbrev=FA 14:6;O
263.0874	263.0925	.0051	FA 12:6;O	C12H12O3	[M+OAc]-	/resources/tools/chemdb_ontology?abbrev=FA 12:6;O
342.15265	342.1567	.0040	PI 22:1;O	C30H55O15P	[M-2H]2-	/resources/tools/chemdb_ontology?abbrev=PI 22:1;O
193.09145	193.1001	.0086	FA 9:0	C9H18O2	[M+Cl]-	/resources/tools/chemdb_ontology?abbrev=FA 9:0
193.09145	193.1001	.0086	SFE 9:0	C9H18O2	[M+Cl]-	/resources/tools/chemdb_ontology?abbrev=SFE 9:0
193.09145	193.1001	.0086	WE 9:0	C9H18O2	[M+Cl]-	/resources/tools/chemdb_ontology?abbrev=WE 9:0
233.0766	233.0819	.0053	FA 12:6	C12H12O2	[M+Formate]-	/resources/tools/chemdb_ontology?abbrev=FA 12:6
233.0766	233.0819	.0053	FA 11:6	C11H10O2	[M+OAc]-	/resources/tools/chemdb_ontology?abbrev=FA 11:6
233.0766	233.0667	.0099	FA 7:2;O3	C7H10O5	[M+OAc]-	/resources/tools/chemdb_ontology?abbrev=FA 7:2;O3
239.08719	239.0925	.0053	FA 12:4;O3	C12H16O5	[M-H]-	/resources/tools/chemdb_ontology?abbrev=FA 12:4;O3
239.08719	239.0925	.0053	SFE 10:4;O	C10H12O3	[M+OAc]-	/resources/tools/chemdb_ontology?abbrev=SFE 10:4;O
239.08719	239.0773	.0099	FA 6:0;O4	C6H12O6	[M+OAc]-	/resources/tools/chemdb_ontology?abbrev=FA 6:0;O4
247.04335	247.0531	.0098	FA 14:8	C14H12O2	[M+Cl]-	/resources/tools/chemdb_ontology?abbrev=FA 14:8
247.04335	247.0460	.0026	FA 7:3;O4	C7H8O6	[M+OAc]-	/resources/tools/chemdb_ontology?abbrev=FA 7:3;O4
247.04335	247.0460	.0026	WE 7:3;O4	C7H8O6	[M+OAc]-	/resources/tools/chemdb_ontology?abbrev=WE 7:3;O4
263.09668	263.1056	.0089	FA 12:2;O2	C12H20O4	[M+Cl]-	/resources/tools/chemdb_ontology?abbrev=FA 12:2;O2
263.09668	263.0925	.0042	FA 14:6;O	C13H14O3	[M+Formate]-	/resources/tools/chemdb_ontology?abbrev=FA 14:6;O
263.09668	263.0925	.0042	FA 12:6;O	C12H12O3	[M+OAc]-	/resources/tools/chemdb_ontology?abbrev=FA 12:6;O
554.8891	554.8865	.0026	MIPC 46:0;O2	C58H114NO16P	[M-2H]2-	/resources/tools/chemdb_ontology?abbrev=MIPC 46:0;O2
114.02767	114.0317	.0040	FA 5:2;O	C5H6O3	Neutral	/resources/tools/chemdb_ontology?abbrev=FA 5:2;O
251.07707	251.0844	.0074	FA 14:6	C14H16O2	[M+Cl]-	/resources/tools/chemdb_ontology?abbrev=FA 14:6
387.34535	387.3480	.0026	MG O-20:0;O	C23H48O4	[M-H]-	/resources/tools/chemdb_ontology?abbrev=MG O-20:0;O
181.06052	181.0637	.0032	FA 7:0;O	C7H14O3	[M+Cl]-	/resources/tools/chemdb_ontology?abbrev=FA 7:0;O
181.06052	181.0637	.0032	SFE 7:0;O	C7H14O3	[M+Cl]-	/resources/tools/chemdb_ontology?abbrev=SFE 7:0;O
215.05252	215.0481	.0045	SFE 10:4;O	C10H12O3	[M+Cl]-	/resources/tools/chemdb_ontology?abbrev=SFE 10:4;O
237.09131	237.0899	.0014	FA 10:1;O2	C10H18O4	[M+Cl]-	/resources/tools/chemdb_ontology?abbrev=FA 10:1;O2
237.09131	237.0899	.0014	WE 10:1;O2	C10H18O4	[M+Cl]-	/resources/tools/chemdb_ontology?abbrev=WE 10:1;O2
237.09131	237.0950	.0037	ST 19:4;O3;GlcA	C25H32O9	[M-2H]2-	/resources/tools/chemdb_ontology?abbrev=ST 19:4;O3;GlcA
73.03512	73.0295	.0056	FA 3:0	C3H6O2	[M-H]-	/resources/tools/chemdb_ontology?abbrev=FA 3:0
97.02934	97.0295	.0002	FA 5:2	C5H6O2	[M-H]-	/resources/tools/chemdb_ontology?abbrev=FA 5:2
120.03829	120.0423	.0040	FA 4:0;O2	C4H8O4	Neutral	/resources/tools/chemdb_ontology?abbrev=FA 4:0;O2
162.04887	162.0528	.0040	FA 6:1;O3	C6H10O5	Neutral	/resources/tools/chemdb_ontology?abbrev=FA 6:1;O3
297.09381	297.0980	.0042	FA 12:5;O3	C12H14O5	[M+OAc]-	/resources/tools/chemdb_ontology?abbrev=FA 12:5;O3
102.02765	102.0317	.0040	FA 4:1;O	C4H6O3	Neutral	/resources/tools/chemdb_ontology?abbrev=FA 4:1;O
102.02765	102.0317	.0040	FAL 4:1;O2	C4H6O3	Neutral	/resources/tools/chemdb_ontology?abbrev=FAL 4:1;O2
81.03444	81.0346	.0002	FA 10:4	C10H12O2	[M-2H]2-	/resources/tools/chemdb_ontology?abbrev=FA 10:4
81.03444	81.0346	.0002	SFE 10:4	C10H12O2	[M-2H]2-	/resources/tools/chemdb_ontology?abbrev=SFE 10:4
826.55649	826.5604	.0039	PS 39:3	C45H82NO10P	[M-H]-	/resources/tools/chemdb_ontology?abbrev=PS 39:3
826.55649	826.5523	.0042	PC O-38:6	C46H82NO7P	[M+Cl]-	/resources/tools/chemdb_ontology?abbrev=PC O-38:6
826.55649	826.5604	.0039	PC 36:4	C44H80NO8P	[M+Formate]-	/resources/tools/chemdb_ontology?abbrev=PC 36:4
826.55649	826.5604	.0039	PE 39:4	C44H80NO8P	[M+Formate]-	/resources/tools/chemdb_ontology?abbrev=PE 39:4
826.55649	826.5604	.0039	PC 35:4	C43H78NO8P	[M+OAc]-	/resources/tools/chemdb_ontology?abbrev=PC 35:4
826.55649	826.5604	.0039	PE 38:4	C43H78NO8P	[M+OAc]-	/resources/tools/chemdb_ontology?abbrev=PE 38:4
826.55649	826.5604	.0039	PE O-38:5;O	C43H78NO8P	[M+OAc]-	/resources/tools/chemdb_ontology?abbrev=PE O-38:5;O
684.28282	684.2921	.0093	PS 24:3;O2	C30H52NO12P	[M+Cl]-	/resources/tools/chemdb_ontology?abbrev=PS 24:3;O2
144.0382	144.0423	.0041	FA 6:2;O2	C6H8O4	Neutral	/resources/tools/chemdb_ontology?abbrev=FA 6:2;O2
144.0382	144.0423	.0041	SFE 6:2;O2	C6H8O4	Neutral	/resources/tools/chemdb_ontology?abbrev=SFE 6:2;O2
162.98222	162.9804	.0019	FA 5:3;O2	C5H4O4	[M+Cl]-	/resources/tools/chemdb_ontology?abbrev=FA 5:3;O2
430.15629	430.1636	.0073	PC 12:4	C20H32NO8P	[M-CH3]-	/resources/tools/chemdb_ontology?abbrev=PC 12:4
119.05659	119.0573	.0007	ST 21:4;O5	C21H28O5	[M-3H]3-	/resources/tools/chemdb_ontology?abbrev=ST 21:4;O5
177.04026	177.0405	.0002	FA 6:1;O4	C6H10O6	[M-H]-	/resources/tools/chemdb_ontology?abbrev=FA 6:1;O4
177.04026	177.0324	.0079	FA 7:2;O	C7H10O3	[M+Cl]-	/resources/tools/chemdb_ontology?abbrev=FA 7:2;O
177.04026	177.0405	.0002	FA 5:1;O2	C5H8O4	[M+Formate]-	/resources/tools/chemdb_ontology?abbrev=FA 5:1;O2
177.04026	177.0405	.0002	FA 4:1;O2	C4H6O4	[M+OAc]-	/resources/tools/chemdb_ontology?abbrev=FA 4:1;O2
227.07678	227.0844	.0077	FA 12:4	C12H16O2	[M+Cl]-	/resources/tools/chemdb_ontology?abbrev=FA 12:4
227.07678	227.0844	.0077	SFE 12:4	C12H16O2	[M+Cl]-	/resources/tools/chemdb_ontology?abbrev=SFE 12:4
181.10169	181.1052	.0035	ST 21:2;O5	C21H32O5	[M-2H]2-	/resources/tools/chemdb_ontology?abbrev=ST 21:2;O5
217.07036	217.0637	.0067	FA 10:3;O	C10H14O3	[M+Cl]-	/resources/tools/chemdb_ontology?abbrev=FA 10:3;O
217.07036	217.0637	.0067	WE 10:3;O	C10H14O3	[M+Cl]-	/resources/tools/chemdb_ontology?abbrev=WE 10:3;O
217.07036	217.0718	.0014	FA 8:2;O2	C8H12O4	[M+Formate]-	/resources/tools/chemdb_ontology?abbrev=FA 8:2;O2
217.07036	217.0718	.0014	FA 7:2;O2	C7H10O4	[M+OAc]-	/resources/tools/chemdb_ontology?abbrev=FA 7:2;O2
85.03548	85.0295	.0060	FA 4:1	C4H6O2	[M-H]-	/resources/tools/chemdb_ontology?abbrev=FA 4:1
161.05368	161.0608	.0071	FA 10:5	C10H10O2	[M-H]-	/resources/tools/chemdb_ontology?abbrev=FA 10:5
161.05368	161.0456	.0081	FA 6:1;O3	C6H10O5	[M-H]-	/resources/tools/chemdb_ontology?abbrev=FA 6:1;O3
161.05368	161.0456	.0081	FA 5:1;O	C5H8O3	[M+Formate]-	/resources/tools/chemdb_ontology?abbrev=FA 5:1;O
161.05368	161.0456	.0081	SFE 5:1;O	C5H8O3	[M+Formate]-	/resources/tools/chemdb_ontology?abbrev=SFE 5:1;O
161.05368	161.0456	.0081	FA 4:1;O	C4H6O3	[M+OAc]-	/resources/tools/chemdb_ontology?abbrev=FA 4:1;O
161.05368	161.0456	.0081	FAL 4:1;O2	C4H6O3	[M+OAc]-	/resources/tools/chemdb_ontology?abbrev=FAL 4:1;O2
161.04549	161.0456	.0001	FA 6:1;O3	C6H10O5	[M-H]-	/resources/tools/chemdb_ontology?abbrev=FA 6:1;O3
161.04549	161.0375	.0080	FA 7:2	C7H10O2	[M+Cl]-	/resources/tools/chemdb_ontology?abbrev=FA 7:2
161.04549	161.0375	.0080	SFE 7:2	C7H10O2	[M+Cl]-	/resources/tools/chemdb_ontology?abbrev=SFE 7:2
161.04549	161.0456	.0001	FA 5:1;O	C5H8O3	[M+Formate]-	/resources/tools/chemdb_ontology?abbrev=FA 5:1;O
161.04549	161.0456	.0001	SFE 5:1;O	C5H8O3	[M+Formate]-	/resources/tools/chemdb_ontology?abbrev=SFE 5:1;O
161.04549	161.0456	.0001	FA 4:1;O	C4H6O3	[M+OAc]-	/resources/tools/chemdb_ontology?abbrev=FA 4:1;O
161.04549	161.0456	.0001	FAL 4:1;O2	C4H6O3	[M+OAc]-	/resources/tools/chemdb_ontology?abbrev=FAL 4:1;O2
488.37005	488.3779	.0079	NAT 25:0	C27H55NO4S	[M-H]-	/resources/tools/chemdb_ontology?abbrev=NAT 25:0
471.3799	471.3844	.0045	ST 31:2;O3	C31H52O3	[M-H]-	/resources/tools/chemdb_ontology?abbrev=ST 31:2;O3
471.3799	471.3844	.0045	ST 30:2;O	C30H50O	[M+Formate]-	/resources/tools/chemdb_ontology?abbrev=ST 30:2;O
471.3799	471.3844	.0045	ST 29:2;O	C29H48O	[M+OAc]-	/resources/tools/chemdb_ontology?abbrev=ST 29:2;O
471.3799	471.3844	.0045	TG 59:8	C62H104O6	[M-2H]2-	/resources/tools/chemdb_ontology?abbrev=TG 59:8
456.27384	456.2732	.0007	SPBP 18:0;O3	C18H40NO6P	[M+OAc]-	/resources/tools/chemdb_ontology?abbrev=SPBP 18:0;O3
396.20759	396.2157	.0081	LPC 9:0	C17H36NO7P	[M-H]-	/resources/tools/chemdb_ontology?abbrev=LPC 9:0
396.20759	396.2157	.0081	LPE 12:0	C17H36NO7P	[M-H]-	/resources/tools/chemdb_ontology?abbrev=LPE 12:0
396.20759	396.2157	.0081	SPBP 16:1;O2	C16H34NO5P	[M+Formate]-	/resources/tools/chemdb_ontology?abbrev=SPBP 16:1;O2
396.20759	396.2157	.0081	PC O-10:0	C18H38NO7P	[M-CH3]-	/resources/tools/chemdb_ontology?abbrev=PC O-10:0
327.23267	327.2330	.0003	FA 22:6	C22H32O2	[M-H]-	/resources/tools/chemdb_ontology?abbrev=FA 22:6
327.23267	327.2318	.0009	PA O-34:3	C37H69O7P	[M-2H]2-	/resources/tools/chemdb_ontology?abbrev=PA O-34:3
327.23267	327.2374	.0047	CerPE 34:3;O2	C36H69N2O6P	[M-2H]2-	/resources/tools/chemdb_ontology?abbrev=CerPE 34:3;O2
497.39565	497.4000	.0044	ST 31:3;O	C31H50O	[M+OAc]-	/resources/tools/chemdb_ontology?abbrev=ST 31:3;O
497.39565	497.4000	.0044	TG 63:10	C66H108O6	[M-2H]2-	/resources/tools/chemdb_ontology?abbrev=TG 63:10
487.36679	487.3687	.0019	TG 62:13	C65H100O6	[M-2H]2-	/resources/tools/chemdb_ontology?abbrev=TG 62:13
598.2869	598.2917	.0048	PE 22:2;O	C27H50NO9P	[M+Cl]-	/resources/tools/chemdb_ontology?abbrev=PE 22:2;O
506.27077	506.2702	.0006	ST 28:4;O3;S	C28H42O6S	Neutral	/resources/tools/chemdb_ontology?abbrev=ST 28:4;O3;S
506.27077	506.2645	.0063	LPG 18:3	C24H43O9P	Neutral	/resources/tools/chemdb_ontology?abbrev=LPG 18:3
568.36136	568.3620	.0006	LPS O-21:0;O	C27H56NO9P	[M-H]-	/resources/tools/chemdb_ontology?abbrev=LPS O-21:0;O
568.36136	568.3620	.0006	LPC 18:0	C26H54NO7P	[M+Formate]-	/resources/tools/chemdb_ontology?abbrev=LPC 18:0
568.36136	568.3620	.0006	LPE 21:0	C26H54NO7P	[M+Formate]-	/resources/tools/chemdb_ontology?abbrev=LPE 21:0
568.36136	568.3620	.0006	PC O-18:0	C26H54NO7P	[M+Formate]-	/resources/tools/chemdb_ontology?abbrev=PC O-18:0
568.36136	568.3620	.0006	LPC 17:0	C25H52NO7P	[M+OAc]-	/resources/tools/chemdb_ontology?abbrev=LPC 17:0
568.36136	568.3620	.0006	LPE 20:0	C25H52NO7P	[M+OAc]-	/resources/tools/chemdb_ontology?abbrev=LPE 20:0
568.36136	568.3620	.0006	PC O-17:0	C25H52NO7P	[M+OAc]-	/resources/tools/chemdb_ontology?abbrev=PC O-17:0
600.33223	600.3307	.0015	LPC 20:5	C28H48NO7P	[M+OAc]-	/resources/tools/chemdb_ontology?abbrev=LPC 20:5
600.33223	600.3275	.0048	LPI 18:0	C27H53O12P	Neutral	/resources/tools/chemdb_ontology?abbrev=LPI 18:0
361.18097	361.1787	.0022	FA 18:3;O3	C18H30O5	[M+Cl]-	/resources/tools/chemdb_ontology?abbrev=FA 18:3;O3
361.18097	361.1868	.0058	FOH 16:3;O5	C16H28O6	[M+Formate]-	/resources/tools/chemdb_ontology?abbrev=FOH 16:3;O5
389.17591	389.1817	.0058	FA 18:3;O7	C18H30O9	[M-H]-	/resources/tools/chemdb_ontology?abbrev=FA 18:3;O7
389.17591	389.1736	.0023	FA 19:4;O4	C19H30O6	[M+Cl]-	/resources/tools/chemdb_ontology?abbrev=FA 19:4;O4
389.17591	389.1758	.0001	FA 24:12	C24H24O2	[M+Formate]-	/resources/tools/chemdb_ontology?abbrev=FA 24:12
389.17591	389.1817	.0058	FA 16:3;O5	C16H26O7	[M+OAc]-	/resources/tools/chemdb_ontology?abbrev=FA 16:3;O5
384.26223	384.2675	.0053	NAE 20:3	C22H39NO2	[M+Cl]-	/resources/tools/chemdb_ontology?abbrev=NAE 20:3
398.07172	398.0699	.0018	FA 81:1;O2	C81H160O4	[M-3H]3-	/resources/tools/chemdb_ontology?abbrev=FA 81:1;O2
864.64248	864.6335	.0089	IPC 40:0;O2	C46H92NO11P	[M-H]-	/resources/tools/chemdb_ontology?abbrev=IPC 40:0;O2
864.64248	864.6335	.0089	PS O-39:0	C45H90NO9P	[M+Formate]-	/resources/tools/chemdb_ontology?abbrev=PS O-39:0
864.64248	864.6335	.0089	PS O-38:0	C44H88NO9P	[M+OAc]-	/resources/tools/chemdb_ontology?abbrev=PS O-38:0
864.64248	864.6488	.0063	PC 43:4	C51H94NO8P	[M-CH3]-	/resources/tools/chemdb_ontology?abbrev=PC 43:4
431.31628	431.3167	.0004	ST 27:2;O4	C27H44O4	[M-H]-	/resources/tools/chemdb_ontology?abbrev=ST 27:2;O4
431.31628	431.3167	.0004	ST 28:1;O4	C27H44O4	[M-H]-	/resources/tools/chemdb_ontology?abbrev=ST 28:1;O4
431.31628	431.3086	.0077	ST 28:3;O	C28H44O	[M+Cl]-	/resources/tools/chemdb_ontology?abbrev=ST 28:3;O
431.31628	431.3167	.0004	FA 26:5	C26H42O2	[M+Formate]-	/resources/tools/chemdb_ontology?abbrev=FA 26:5
431.31628	431.3167	.0004	FA 25:5	C25H40O2	[M+OAc]-	/resources/tools/chemdb_ontology?abbrev=FA 25:5
467.29298	467.2934	.0004	ST 27:2;O4	C27H44O4	[M+Cl]-	/resources/tools/chemdb_ontology?abbrev=ST 27:2;O4
467.29298	467.2934	.0004	ST 28:1;O4	C27H44O4	[M+Cl]-	/resources/tools/chemdb_ontology?abbrev=ST 28:1;O4
467.29298	467.3014	.0085	ST 25:1;O5	C25H42O5	[M+Formate]-	/resources/tools/chemdb_ontology?abbrev=ST 25:1;O5
467.29298	467.3014	.0085	ST 24:1;O5	C24H40O5	[M+OAc]-	/resources/tools/chemdb_ontology?abbrev=ST 24:1;O5
467.29298	467.3012	.0082	LPC 14:0	C22H46NO7P	Neutral	/resources/tools/chemdb_ontology?abbrev=LPC 14:0
467.29298	467.3012	.0082	LPE 17:0	C22H46NO7P	Neutral	/resources/tools/chemdb_ontology?abbrev=LPE 17:0
467.29298	467.3012	.0082	LPE O-17:1;O	C22H46NO7P	Neutral	/resources/tools/chemdb_ontology?abbrev=LPE O-17:1;O
467.29298	467.3012	.0082	PC O-14:0	C22H46NO7P	Neutral	/resources/tools/chemdb_ontology?abbrev=PC O-14:0
477.32178	477.3141	.0077	ST 29:3;O3	C29H46O3	[M+Cl]-	/resources/tools/chemdb_ontology?abbrev=ST 29:3;O3
477.32178	477.3222	.0004	ST 27:2;O4	C27H44O4	[M+Formate]-	/resources/tools/chemdb_ontology?abbrev=ST 27:2;O4
477.32178	477.3222	.0004	ST 28:1;O4	C27H44O4	[M+Formate]-	/resources/tools/chemdb_ontology?abbrev=ST 28:1;O4
477.32178	477.3222	.0004	FA 26:5;O2	C26H42O4	[M+OAc]-	/resources/tools/chemdb_ontology?abbrev=FA 26:5;O2
477.32178	477.3222	.0004	MG O-23:6;O	C26H42O4	[M+OAc]-	/resources/tools/chemdb_ontology?abbrev=MG O-23:6;O
477.32178	477.3222	.0004	ST 26:2;O4	C26H42O4	[M+OAc]-	/resources/tools/chemdb_ontology?abbrev=ST 26:2;O4
477.32178	477.3219	.0001	LPE O-19:2	C24H48NO6P	Neutral	/resources/tools/chemdb_ontology?abbrev=LPE O-19:2
632.39264	632.3933	.0007	PE 27:2;O	C32H60NO9P	[M-H]-	/resources/tools/chemdb_ontology?abbrev=PE 27:2;O
478.32513	478.3303	.0052	LPC O-16:1	C24H50NO6P	[M-H]-	/resources/tools/chemdb_ontology?abbrev=LPC O-16:1
478.32513	478.3305	.0054	CAR 18:0;O	C25H49NO5	[M+Cl]-	/resources/tools/chemdb_ontology?abbrev=CAR 18:0;O
478.32513	478.3208	.0043	NAT 21:0	C23H47NO4S	[M+Formate]-	/resources/tools/chemdb_ontology?abbrev=NAT 21:0
478.32513	478.3174	.0077	ST 24:1;O2;Gly	C26H43NO4	[M+Formate]-	/resources/tools/chemdb_ontology?abbrev=ST 24:1;O2;Gly
478.32513	478.3208	.0043	NAT 20:0	C22H45NO4S	[M+OAc]-	/resources/tools/chemdb_ontology?abbrev=NAT 20:0
478.32513	478.3174	.0077	CAR 18:4	C25H41NO4	[M+OAc]-	/resources/tools/chemdb_ontology?abbrev=CAR 18:4
383.25895	383.2672	.0082	CAR 14:2;O	C21H37NO5	Neutral	/resources/tools/chemdb_ontology?abbrev=CAR 14:2;O
863.64	863.6407	.0007	TG 50:8	C53H86O6	[M+Formate]-	/resources/tools/chemdb_ontology?abbrev=TG 50:8
863.64	863.6383	.0017	PG O-40:1	C46H91O9P	[M+Formate]-	/resources/tools/chemdb_ontology?abbrev=PG O-40:1
863.64	863.6407	.0007	TG 49:8	C52H84O6	[M+OAc]-	/resources/tools/chemdb_ontology?abbrev=TG 49:8
863.64	863.6383	.0017	PG O-39:1	C45H89O9P	[M+OAc]-	/resources/tools/chemdb_ontology?abbrev=PG O-39:1
863.64	863.6404	.0004	PC 42:5	C50H90NO8P	Neutral	/resources/tools/chemdb_ontology?abbrev=PC 42:5
863.64	863.6334	.0066	Hex2Cer 34:0;O2	C46H89NO13	Neutral	/resources/tools/chemdb_ontology?abbrev=Hex2Cer 34:0;O2
379.27012	379.2621	.0081	FA 20:0;O2	C20H40O4	[M+Cl]-	/resources/tools/chemdb_ontology?abbrev=FA 20:0;O2
379.27012	379.2621	.0081	MG 17:0	C20H40O4	[M+Cl]-	/resources/tools/chemdb_ontology?abbrev=MG 17:0
379.27012	379.2621	.0081	MG O-17:1;O	C20H40O4	[M+Cl]-	/resources/tools/chemdb_ontology?abbrev=MG O-17:1;O
379.27012	379.2736	.0035	PG O-36:2	C42H81O9P	[M-2H]2-	/resources/tools/chemdb_ontology?abbrev=PG O-36:2
312.28643	312.2908	.0044	NAE 17:0	C19H39NO2	[M-H]-	/resources/tools/chemdb_ontology?abbrev=NAE 17:0
339.25389	339.2541	.0002	FA 20:2;O2	C20H36O4	[M-H]-	/resources/tools/chemdb_ontology?abbrev=FA 20:2;O2
339.25389	339.2541	.0002	FOH 20:2;O3	C20H36O4	[M-H]-	/resources/tools/chemdb_ontology?abbrev=FOH 20:2;O3
339.25389	339.2460	.0079	ST 21:0;O	C21H36O	[M+Cl]-	/resources/tools/chemdb_ontology?abbrev=ST 21:0;O
339.25389	339.2541	.0002	FA 19:2	C19H34O2	[M+Formate]-	/resources/tools/chemdb_ontology?abbrev=FA 19:2
339.25389	339.2541	.0002	WE 19:2	C19H34O2	[M+Formate]-	/resources/tools/chemdb_ontology?abbrev=WE 19:2
339.25389	339.2541	.0002	FA 18:2	C18H32O2	[M+OAc]-	/resources/tools/chemdb_ontology?abbrev=FA 18:2
339.25389	339.2541	.0002	SFE 18:2	C18H32O2	[M+OAc]-	/resources/tools/chemdb_ontology?abbrev=SFE 18:2
339.25389	339.2541	.0002	WE 18:2	C18H32O2	[M+OAc]-	/resources/tools/chemdb_ontology?abbrev=WE 18:2
311.28284	311.2850	.0022	CE 16:0	C43H76O2	[M-2H]2-	/resources/tools/chemdb_ontology?abbrev=CE 16:0
311.28284	311.2824	.0004	SPB 19:2;O2	C19H37NO2	Neutral	/resources/tools/chemdb_ontology?abbrev=SPB 19:2;O2
918.64762	918.6441	.0035	PS 42:1	C48H92NO10P	[M+Formate]-	/resources/tools/chemdb_ontology?abbrev=PS 42:1
918.64762	918.6441	.0035	PS 41:1	C47H90NO10P	[M+OAc]-	/resources/tools/chemdb_ontology?abbrev=PS 41:1
710.42906	710.4250	.0041	PC 25:1;O2	C33H64NO10P	[M+Formate]-	/resources/tools/chemdb_ontology?abbrev=PC 25:1;O2
710.42906	710.4250	.0041	PS 27:0	C33H64NO10P	[M+Formate]-	/resources/tools/chemdb_ontology?abbrev=PS 27:0
710.42906	710.4250	.0041	PS 26:0	C32H62NO10P	[M+OAc]-	/resources/tools/chemdb_ontology?abbrev=PS 26:0
309.2703	309.2799	.0096	FA 20:1	C20H38O2	[M-H]-	/resources/tools/chemdb_ontology?abbrev=FA 20:1
309.2703	309.2799	.0096	SFE 20:1	C20H38O2	[M-H]-	/resources/tools/chemdb_ontology?abbrev=SFE 20:1
309.2703	309.2799	.0096	WE 20:1	C20H38O2	[M-H]-	/resources/tools/chemdb_ontology?abbrev=WE 20:1
309.2703	309.2693	.0010	CE 16:2	C43H72O2	[M-2H]2-	/resources/tools/chemdb_ontology?abbrev=CE 16:2
309.2703	309.2668	.0035	SPB 19:3;O2	C19H35NO2	Neutral	/resources/tools/chemdb_ontology?abbrev=SPB 19:3;O2
310.2766	310.2752	.0014	SPB 19:2;O2	C19H37NO2	[M-H]-	/resources/tools/chemdb_ontology?abbrev=SPB 19:2;O2
310.2766	310.2772	.0006	CE 16:1	C43H74O2	[M-2H]2-	/resources/tools/chemdb_ontology?abbrev=CE 16:1
624.4137	624.4165	.0028	CerP 32:1;O2	C32H64NO6P	[M+Cl]-	/resources/tools/chemdb_ontology?abbrev=CerP 32:1;O2
803.63423	803.6284	.0058	SM 38:1;O2	C43H87N2O6P	[M+Formate]-	/resources/tools/chemdb_ontology?abbrev=SM 38:1;O2
803.63423	803.6407	.0064	TG 45:3	C48H86O6	[M+Formate]-	/resources/tools/chemdb_ontology?abbrev=TG 45:3
803.63423	803.6284	.0058	CerPE 40:1;O2	C42H85N2O6P	[M+OAc]-	/resources/tools/chemdb_ontology?abbrev=CerPE 40:1;O2
803.63423	803.6284	.0058	SM 37:1;O2	C42H85N2O6P	[M+OAc]-	/resources/tools/chemdb_ontology?abbrev=SM 37:1;O2
803.63423	803.6407	.0064	TG 44:3	C47H84O6	[M+OAc]-	/resources/tools/chemdb_ontology?abbrev=TG 44:3
803.63423	803.6404	.0062	PC 37:0	C45H90NO8P	Neutral	/resources/tools/chemdb_ontology?abbrev=PC 37:0
803.63423	803.6404	.0062	PE 40:0	C45H90NO8P	Neutral	/resources/tools/chemdb_ontology?abbrev=PE 40:0
311.29407	311.2956	.0015	FA 20:0	C20H40O2	[M-H]-	/resources/tools/chemdb_ontology?abbrev=FA 20:0
311.29407	311.2956	.0015	SFE 20:0	C20H40O2	[M-H]-	/resources/tools/chemdb_ontology?abbrev=SFE 20:0
311.29407	311.2956	.0015	WE 20:0	C20H40O2	[M-H]-	/resources/tools/chemdb_ontology?abbrev=WE 20:0
254.23089	254.2246	.0063	FA 16:1	C16H30O2	Neutral	/resources/tools/chemdb_ontology?abbrev=FA 16:1
254.23089	254.2246	.0063	SFE 16:1	C16H30O2	Neutral	/resources/tools/chemdb_ontology?abbrev=SFE 16:1
254.23089	254.2246	.0063	WE 16:1	C16H30O2	Neutral	/resources/tools/chemdb_ontology?abbrev=WE 16:1
387.19665	387.2025	.0058	FA 19:3;O6	C19H32O8	[M-H]-	/resources/tools/chemdb_ontology?abbrev=FA 19:3;O6
387.19665	387.1944	.0023	FA 20:4;O3	C20H32O5	[M+Cl]-	/resources/tools/chemdb_ontology?abbrev=FA 20:4;O3
387.19665	387.2025	.0058	FA 18:3;O4	C18H30O6	[M+Formate]-	/resources/tools/chemdb_ontology?abbrev=FA 18:3;O4
529.42337	529.4262	.0029	FA 32:5	C32H54O2	[M+OAc]-	/resources/tools/chemdb_ontology?abbrev=FA 32:5
389.19227	389.1970	.0047	ST 21:4;O4	C21H28O4	[M+Formate]-	/resources/tools/chemdb_ontology?abbrev=ST 21:4;O4
389.19227	389.1958	.0035	PI 28:3;O2	C37H65O15P	[M-2H]2-	/resources/tools/chemdb_ontology?abbrev=PI 28:3;O2
831.6293	831.6275	.0018	TG 48:5	C51H88O6	[M+Cl]-	/resources/tools/chemdb_ontology?abbrev=TG 48:5
831.6293	831.6353	.0060	PS O-40:1	C46H90NO9P	Neutral	/resources/tools/chemdb_ontology?abbrev=PS O-40:1
321.20461	321.2071	.0025	ST 19:1;O4	C19H30O4	[M-H]-	/resources/tools/chemdb_ontology?abbrev=ST 19:1;O4
321.20461	321.1991	.0055	ST 20:2;O	C20H30O	[M+Cl]-	/resources/tools/chemdb_ontology?abbrev=ST 20:2;O
321.20461	321.2071	.0025	FA 18:4	C18H28O2	[M+Formate]-	/resources/tools/chemdb_ontology?abbrev=FA 18:4
321.20461	321.2071	.0025	ST 18:1;O2	C18H28O2	[M+Formate]-	/resources/tools/chemdb_ontology?abbrev=ST 18:1;O2
321.20461	321.2071	.0025	FA 17:4	C17H26O2	[M+OAc]-	/resources/tools/chemdb_ontology?abbrev=FA 17:4
253.21723	253.2173	.0001	FA 16:1	C16H30O2	[M-H]-	/resources/tools/chemdb_ontology?abbrev=FA 16:1
253.21723	253.2173	.0001	SFE 16:1	C16H30O2	[M-H]-	/resources/tools/chemdb_ontology?abbrev=SFE 16:1
253.21723	253.2173	.0001	WE 16:1	C16H30O2	[M-H]-	/resources/tools/chemdb_ontology?abbrev=WE 16:1
253.21723	253.2173	.0001	FAHFA 32:1;O	C32H60O4	[M-2H]2-	/resources/tools/chemdb_ontology?abbrev=FAHFA 32:1;O
253.21723	253.2173	.0001	TG 45:1	C48H90O6	[M-3H]3-	/resources/tools/chemdb_ontology?abbrev=TG 45:1
253.22721	253.2173	.0099	FA 16:1	C16H30O2	[M-H]-	/resources/tools/chemdb_ontology?abbrev=FA 16:1
253.22721	253.2173	.0099	SFE 16:1	C16H30O2	[M-H]-	/resources/tools/chemdb_ontology?abbrev=SFE 16:1
253.22721	253.2173	.0099	WE 16:1	C16H30O2	[M-H]-	/resources/tools/chemdb_ontology?abbrev=WE 16:1
832.63237	832.6226	.0098	PC O-42:6	C50H90NO7P	[M-CH3]-	/resources/tools/chemdb_ontology?abbrev=PC O-42:6
997.55997	997.5578	.0021	PI 44:8	C53H87O13P	[M+Cl]-	/resources/tools/chemdb_ontology?abbrev=PI 44:8
623.4105	623.4162	.0057	LPS O-25:1;O	C31H62NO9P	Neutral	/resources/tools/chemdb_ontology?abbrev=LPS O-25:1;O
595.41557	595.4135	.0021	DG 32:4	C35H60O5	[M+Cl]-	/resources/tools/chemdb_ontology?abbrev=DG 32:4
595.41557	595.4216	.0060	ST 27:0;O;Hex	C33H58O6	[M+Formate]-	/resources/tools/chemdb_ontology?abbrev=ST 27:0;O;Hex
652.36394	652.3588	.0052	LPI 22:2	C31H57O12P	Neutral	/resources/tools/chemdb_ontology?abbrev=LPI 22:2
860.58296	860.5779	.0051	PI O-37:3	C46H85O12P	Neutral	/resources/tools/chemdb_ontology?abbrev=PI O-37:3
299.22256	299.2228	.0002	FA 17:1;O2	C17H32O4	[M-H]-	/resources/tools/chemdb_ontology?abbrev=FA 17:1;O2
299.22256	299.2228	.0002	FA 16:1	C16H30O2	[M+Formate]-	/resources/tools/chemdb_ontology?abbrev=FA 16:1
299.22256	299.2228	.0002	SFE 16:1	C16H30O2	[M+Formate]-	/resources/tools/chemdb_ontology?abbrev=SFE 16:1
299.22256	299.2228	.0002	WE 16:1	C16H30O2	[M+Formate]-	/resources/tools/chemdb_ontology?abbrev=WE 16:1
299.22256	299.2228	.0002	FA 15:1	C15H28O2	[M+OAc]-	/resources/tools/chemdb_ontology?abbrev=FA 15:1
299.22256	299.2228	.0002	SFE 15:1	C15H28O2	[M+OAc]-	/resources/tools/chemdb_ontology?abbrev=SFE 15:1
299.22256	299.2228	.0002	WE 15:1	C15H28O2	[M+OAc]-	/resources/tools/chemdb_ontology?abbrev=WE 15:1
667.41913	667.4111	.0080	PA 31:1	C34H65O8P	[M+Cl]-	/resources/tools/chemdb_ontology?abbrev=PA 31:1
861.58609	861.5862	.0002	PI O-37:2	C46H87O12P	[M-H]-	/resources/tools/chemdb_ontology?abbrev=PI O-37:2
861.58609	861.5862	.0002	PG 39:2	C45H85O10P	[M+Formate]-	/resources/tools/chemdb_ontology?abbrev=PG 39:2
861.58609	861.5862	.0002	PG 38:2	C44H83O10P	[M+OAc]-	/resources/tools/chemdb_ontology?abbrev=PG 38:2
875.63788	875.6407	.0028	TG 51:9	C54H86O6	[M+Formate]-	/resources/tools/chemdb_ontology?abbrev=TG 51:9
875.63788	875.6383	.0004	PG O-40:2	C46H89O9P	[M+OAc]-	/resources/tools/chemdb_ontology?abbrev=PG O-40:2
875.63788	875.6407	.0028	TG 50:9	C53H84O6	[M+OAc]-	/resources/tools/chemdb_ontology?abbrev=TG 50:9
875.63788	875.6404	.0025	PC 43:6	C51H90NO8P	Neutral	/resources/tools/chemdb_ontology?abbrev=PC 43:6
254.22059	254.2251	.0045	FA 32:1;O2	C32H62O4	[M-2H]2-	/resources/tools/chemdb_ontology?abbrev=FA 32:1;O2
254.22059	254.2251	.0045	FAHFA 32:0;O	C32H62O4	[M-2H]2-	/resources/tools/chemdb_ontology?abbrev=FAHFA 32:0;O
254.22059	254.2246	.0040	FA 16:1	C16H30O2	Neutral	/resources/tools/chemdb_ontology?abbrev=FA 16:1
254.22059	254.2246	.0040	SFE 16:1	C16H30O2	Neutral	/resources/tools/chemdb_ontology?abbrev=SFE 16:1
254.22059	254.2246	.0040	WE 16:1	C16H30O2	Neutral	/resources/tools/chemdb_ontology?abbrev=WE 16:1
653.36714	653.3671	.0000	LPI 22:1	C31H59O12P	[M-H]-	/resources/tools/chemdb_ontology?abbrev=LPI 22:1
653.36714	653.3671	.0000	PG 25:1;O2	C31H59O12P	[M-H]-	/resources/tools/chemdb_ontology?abbrev=PG 25:1;O2
874.63481	874.6331	.0017	PC 44:6	C52H92NO8P	[M-CH3]-	/resources/tools/chemdb_ontology?abbrev=PC 44:6
253.25245	253.2537	.0012	FA 34:0	C34H68O2	[M-2H]2-	/resources/tools/chemdb_ontology?abbrev=FA 34:0
253.25245	253.2537	.0012	WE 34:0	C34H68O2	[M-2H]2-	/resources/tools/chemdb_ontology?abbrev=WE 34:0
435.18476	435.1944	.0096	ST 24:5;O5	C24H32O5	[M+Cl]-	/resources/tools/chemdb_ontology?abbrev=ST 24:5;O5
435.18476	435.1872	.0024	FA 18:3;O7	C18H30O9	[M+Formate]-	/resources/tools/chemdb_ontology?abbrev=FA 18:3;O7
734.40309	734.4006	.0025	PG 30:4;O3	C36H63O13P	Neutral	/resources/tools/chemdb_ontology?abbrev=PG 30:4;O3
673.39264	673.3853	.0073	PG 26:0	C32H63O10P	[M+Cl]-	/resources/tools/chemdb_ontology?abbrev=PG 26:0
673.39264	673.3934	.0007	LPI O-20:0	C29H59O11P	[M+OAc]-	/resources/tools/chemdb_ontology?abbrev=LPI O-20:0
673.39264	673.3955	.0028	PC 26:4;O2	C34H60NO10P	Neutral	/resources/tools/chemdb_ontology?abbrev=PC 26:4;O2
459.20001	459.1920	.0080	PA 16:0	C19H37O8P	[M+Cl]-	/resources/tools/chemdb_ontology?abbrev=PA 16:0
388.2001	388.2025	.0024	SPBP 16:0;O2	C16H36NO5P	[M+Cl]-	/resources/tools/chemdb_ontology?abbrev=SPBP 16:0;O2
388.2001	388.2097	.0096	FA 19:3;O6	C19H32O8	Neutral	/resources/tools/chemdb_ontology?abbrev=FA 19:3;O6
702.34607	702.3391	.0070	PS 25:1;O2	C31H58NO12P	[M+Cl]-	/resources/tools/chemdb_ontology?abbrev=PS 25:1;O2
1069.80447	1069.7997	.0048	TG 66:12	C69H110O6	[M+Cl]-	/resources/tools/chemdb_ontology?abbrev=TG 66:12
929.57103	929.5761	.0050	PI O-38:5	C47H83O12P	[M+OAc]-	/resources/tools/chemdb_ontology?abbrev=PI O-38:5
255.22356	255.2330	.0094	FA 16:0	C16H32O2	[M-H]-	/resources/tools/chemdb_ontology?abbrev=FA 16:0
255.22356	255.2330	.0094	SFE 16:0	C16H32O2	[M-H]-	/resources/tools/chemdb_ontology?abbrev=SFE 16:0
255.22356	255.2330	.0094	WE 16:0	C16H32O2	[M-H]-	/resources/tools/chemdb_ontology?abbrev=WE 16:0
656.38683	656.3901	.0032	LPI 22:0	C31H61O12P	Neutral	/resources/tools/chemdb_ontology?abbrev=LPI 22:0
654.37004	654.3624	.0076	PC 21:1;O2	C29H56NO10P	[M+Formate]-	/resources/tools/chemdb_ontology?abbrev=PC 21:1;O2
654.37004	654.3624	.0076	PC 20:1;O2	C28H54NO10P	[M+OAc]-	/resources/tools/chemdb_ontology?abbrev=PC 20:1;O2
654.37004	654.3744	.0044	LPI 22:1	C31H59O12P	Neutral	/resources/tools/chemdb_ontology?abbrev=LPI 22:1
654.37004	654.3744	.0044	PG 25:1;O2	C31H59O12P	Neutral	/resources/tools/chemdb_ontology?abbrev=PG 25:1;O2
643.40351	643.4135	.0100	DG 36:8	C39H60O5	[M+Cl]-	/resources/tools/chemdb_ontology?abbrev=DG 36:8
437.18194	437.1736	.0083	ST 23:5;O6	C23H30O6	[M+Cl]-	/resources/tools/chemdb_ontology?abbrev=ST 23:5;O6
401.24788	401.2545	.0066	FA 20:2;O3	C20H36O5	[M+Formate]-	/resources/tools/chemdb_ontology?abbrev=FA 20:2;O3
401.24788	401.2545	.0066	FA 19:2;O3	C19H34O5	[M+OAc]-	/resources/tools/chemdb_ontology?abbrev=FA 19:2;O3
401.24788	401.2504	.0025	PI O-33:3	C42H77O12P	[M-2H]2-	/resources/tools/chemdb_ontology?abbrev=PI O-33:3
721.35279	721.3570	.0042	PG 26:4;O2	C32H55O12P	[M+OAc]-	/resources/tools/chemdb_ontology?abbrev=PG 26:4;O2
367.19728	367.1891	.0082	LPA 13:0	C16H33O7P	[M-H]-	/resources/tools/chemdb_ontology?abbrev=LPA 13:0
367.19728	367.2046	.0073	ST 21:2;O3	C21H32O3	[M+Cl]-	/resources/tools/chemdb_ontology?abbrev=ST 21:2;O3
367.19728	367.2009	.0036	PG 30:3;O3	C36H65O13P	[M-2H]2-	/resources/tools/chemdb_ontology?abbrev=PG 30:3;O3
881.61144	881.6044	.0070	PG 41:1	C47H91O10P	[M+Cl]-	/resources/tools/chemdb_ontology?abbrev=PG 41:1
881.61144	881.6146	.0031	PS 43:4	C49H88NO10P	Neutral	/resources/tools/chemdb_ontology?abbrev=PS 43:4
689.39647	689.3955	.0010	PA 33:4	C36H63O8P	[M+Cl]-	/resources/tools/chemdb_ontology?abbrev=PA 33:4
689.39647	689.3904	.0061	PC 26:4;O3	C34H60NO11P	Neutral	/resources/tools/chemdb_ontology?abbrev=PC 26:4;O3
371.22024	371.2228	.0026	FA 22:7	C22H30O2	[M+Formate]-	/resources/tools/chemdb_ontology?abbrev=FA 22:7
371.22024	371.2228	.0026	ST 21:4;O2	C21H28O2	[M+OAc]-	/resources/tools/chemdb_ontology?abbrev=ST 21:4;O2
304.23617	304.2402	.0041	FA 20:4	C20H32O2	Neutral	/resources/tools/chemdb_ontology?abbrev=FA 20:4
304.23617	304.2402	.0041	ST 20:1;O2	C20H32O2	Neutral	/resources/tools/chemdb_ontology?abbrev=ST 20:1;O2
862.58916	862.5968	.0076	PC O-40:7	C48H84NO7P	[M+Formate]-	/resources/tools/chemdb_ontology?abbrev=PC O-40:7
862.58916	862.5815	.0077	PS 38:1	C44H84NO10P	[M+Formate]-	/resources/tools/chemdb_ontology?abbrev=PS 38:1
862.58916	862.5968	.0076	PE O-42:7	C47H82NO7P	[M+OAc]-	/resources/tools/chemdb_ontology?abbrev=PE O-42:7
862.58916	862.5815	.0077	PS 37:1	C43H82NO10P	[M+OAc]-	/resources/tools/chemdb_ontology?abbrev=PS 37:1
862.58916	862.5935	.0044	PI O-37:2	C46H87O12P	Neutral	/resources/tools/chemdb_ontology?abbrev=PI O-37:2
303.23277	303.2330	.0002	FA 20:4	C20H32O2	[M-H]-	/resources/tools/chemdb_ontology?abbrev=FA 20:4
303.23277	303.2330	.0002	ST 20:1;O2	C20H32O2	[M-H]-	/resources/tools/chemdb_ontology?abbrev=ST 20:1;O2
303.23277	303.2329	.0002	TG 57:10	C60H96O6	[M-3H]3-	/resources/tools/chemdb_ontology?abbrev=TG 57:10
910.59744	910.5931	.0043	SHexCer 38:1;O3	C44H85NO12S	[M+OAc]-	/resources/tools/chemdb_ontology?abbrev=SHexCer 38:1;O3
437.21199	437.2100	.0020	ST 24:4;O5	C24H34O5	[M+Cl]-	/resources/tools/chemdb_ontology?abbrev=ST 24:4;O5
437.21199	437.2181	.0061	FA 22:6;O4	C22H32O6	[M+Formate]-	/resources/tools/chemdb_ontology?abbrev=FA 22:6;O4
437.21199	437.2181	.0061	ST 21:3;O6	C21H30O6	[M+OAc]-	/resources/tools/chemdb_ontology?abbrev=ST 21:3;O6
451.3246	451.3194	.0052	LPA O-20:0	C23H49O6P	[M-H]-	/resources/tools/chemdb_ontology?abbrev=LPA O-20:0
569.36487	569.3693	.0044	LPS O-21:0;O	C27H56NO9P	Neutral	/resources/tools/chemdb_ontology?abbrev=LPS O-21:0;O
448.28785	448.2835	.0043	CAR 16:1;O	C23H43NO5	[M+Cl]-	/resources/tools/chemdb_ontology?abbrev=CAR 16:1;O
448.28785	448.2895	.0016	PI O-40:5	C49H87O12P	[M-2H]2-	/resources/tools/chemdb_ontology?abbrev=PI O-40:5
448.28785	448.2825	.0054	FA 26:6;O4	C26H40O6	Neutral	/resources/tools/chemdb_ontology?abbrev=FA 26:6;O4
349.24155	349.2384	.0031	FA 21:4;O2	C21H34O4	[M-H]-	/resources/tools/chemdb_ontology?abbrev=FA 21:4;O2
349.24155	349.2384	.0031	ST 21:1;O4	C21H34O4	[M-H]-	/resources/tools/chemdb_ontology?abbrev=ST 21:1;O4
349.24155	349.2515	.0100	FA 19:0;O	C19H38O3	[M+Cl]-	/resources/tools/chemdb_ontology?abbrev=FA 19:0;O
349.24155	349.2384	.0031	FA 20:4	C20H32O2	[M+Formate]-	/resources/tools/chemdb_ontology?abbrev=FA 20:4
349.24155	349.2384	.0031	ST 20:1;O2	C20H32O2	[M+Formate]-	/resources/tools/chemdb_ontology?abbrev=ST 20:1;O2
349.24155	349.2384	.0031	FA 19:4	C19H30O2	[M+OAc]-	/resources/tools/chemdb_ontology?abbrev=FA 19:4
349.24155	349.2384	.0031	ST 19:1;O2	C19H30O2	[M+OAc]-	/resources/tools/chemdb_ontology?abbrev=ST 19:1;O2
349.24155	349.2449	.0033	PA 36:2	C39H73O8P	[M-2H]2-	/resources/tools/chemdb_ontology?abbrev=PA 36:2
636.34875	636.3518	.0031	LPS 22:2	C28H52NO9P	[M+OAc]-	/resources/tools/chemdb_ontology?abbrev=LPS 22:2
636.34875	636.3518	.0031	PE 23:2;O	C28H52NO9P	[M+OAc]-	/resources/tools/chemdb_ontology?abbrev=PE 23:2;O
636.34875	636.3518	.0031	PC 23:2;O3	C31H58NO11P	[M-CH3]-	/resources/tools/chemdb_ontology?abbrev=PC 23:2;O3
568.36162	568.3620	.0004	LPS O-21:0;O	C27H56NO9P	[M-H]-	/resources/tools/chemdb_ontology?abbrev=LPS O-21:0;O
568.36162	568.3620	.0004	LPC 18:0	C26H54NO7P	[M+Formate]-	/resources/tools/chemdb_ontology?abbrev=LPC 18:0
568.36162	568.3620	.0004	LPE 21:0	C26H54NO7P	[M+Formate]-	/resources/tools/chemdb_ontology?abbrev=LPE 21:0
568.36162	568.3620	.0004	PC O-18:0	C26H54NO7P	[M+Formate]-	/resources/tools/chemdb_ontology?abbrev=PC O-18:0
568.36162	568.3620	.0004	LPC 17:0	C25H52NO7P	[M+OAc]-	/resources/tools/chemdb_ontology?abbrev=LPC 17:0
568.36162	568.3620	.0004	LPE 20:0	C25H52NO7P	[M+OAc]-	/resources/tools/chemdb_ontology?abbrev=LPE 20:0
568.36162	568.3620	.0004	PC O-17:0	C25H52NO7P	[M+OAc]-	/resources/tools/chemdb_ontology?abbrev=PC O-17:0
439.27013	439.2621	.0081	ST 25:2;O4	C25H40O4	[M+Cl]-	/resources/tools/chemdb_ontology?abbrev=ST 25:2;O4
439.27013	439.2701	.0000	MG 20:4;O	C23H38O5	[M+Formate]-	/resources/tools/chemdb_ontology?abbrev=MG 20:4;O
439.27013	439.2701	.0000	ST 23:1;O5	C23H38O5	[M+Formate]-	/resources/tools/chemdb_ontology?abbrev=ST 23:1;O5
439.27013	439.2701	.0000	FA 22:4;O3	C22H36O5	[M+OAc]-	/resources/tools/chemdb_ontology?abbrev=FA 22:4;O3
439.27013	439.2701	.0000	ST 22:1;O5	C22H36O5	[M+OAc]-	/resources/tools/chemdb_ontology?abbrev=ST 22:1;O5
439.27013	439.2699	.0002	LPC 12:0	C20H42NO7P	Neutral	/resources/tools/chemdb_ontology?abbrev=LPC 12:0
439.27013	439.2699	.0002	LPE 15:0	C20H42NO7P	Neutral	/resources/tools/chemdb_ontology?abbrev=LPE 15:0
439.27013	439.2699	.0002	LPE O-15:1;O	C20H42NO7P	Neutral	/resources/tools/chemdb_ontology?abbrev=LPE O-15:1;O
473.30568	473.3039	.0017	ST 26:0;O5	C26H46O5	[M+Cl]-	/resources/tools/chemdb_ontology?abbrev=ST 26:0;O5
473.30568	473.3120	.0063	WE 24:2;O4	C24H44O6	[M+Formate]-	/resources/tools/chemdb_ontology?abbrev=WE 24:2;O4
437.30905	437.3061	.0029	ST 27:5;O	C27H38O	[M+OAc]-	/resources/tools/chemdb_ontology?abbrev=ST 27:5;O
437.30905	437.3141	.0051	CAR 18:3;O	C25H43NO5	Neutral	/resources/tools/chemdb_ontology?abbrev=CAR 18:3;O
423.29326	423.2905	.0028	ST 28:5;O3	C28H40O3	[M-H]-	/resources/tools/chemdb_ontology?abbrev=ST 28:5;O3
423.29326	423.2881	.0052	LPA O-18:0	C21H45O6P	[M-H]-	/resources/tools/chemdb_ontology?abbrev=LPA O-18:0
423.29326	423.2905	.0028	ST 27:5;O	C27H38O	[M+Formate]-	/resources/tools/chemdb_ontology?abbrev=ST 27:5;O
409.27769	409.2748	.0029	ST 27:5;O3	C27H38O3	[M-H]-	/resources/tools/chemdb_ontology?abbrev=ST 27:5;O3
339.19965	339.1944	.0053	FA 16:0;O3	C16H32O5	[M+Cl]-	/resources/tools/chemdb_ontology?abbrev=FA 16:0;O3
339.19965	339.2096	.0100	FA 20:4	C20H32O2	[M+Cl]-	/resources/tools/chemdb_ontology?abbrev=FA 20:4
339.19965	339.2096	.0100	ST 20:1;O2	C20H32O2	[M+Cl]-	/resources/tools/chemdb_ontology?abbrev=ST 20:1;O2
674.39459	674.4039	.0093	PS 28:2	C34H62NO10P	[M-H]-	/resources/tools/chemdb_ontology?abbrev=PS 28:2
311.16868	311.1783	.0097	FA 18:4	C18H28O2	[M+Cl]-	/resources/tools/chemdb_ontology?abbrev=FA 18:4
311.16868	311.1783	.0097	ST 18:1;O2	C18H28O2	[M+Cl]-	/resources/tools/chemdb_ontology?abbrev=ST 18:1;O2
311.16868	311.1682	.0005	ST 33:2_O7	C33H52O11	[M-2H]2-	/resources/tools/chemdb_ontology?abbrev=ST 33:2_O7
465.17376	465.1814	.0077	LPA 18:4	C21H35O7P	[M+Cl]-	/resources/tools/chemdb_ontology?abbrev=LPA 18:4
329.24837	329.2486	.0002	FA 22:5	C22H34O2	[M-H]-	/resources/tools/chemdb_ontology?abbrev=FA 22:5
329.24837	329.2486	.0002	SFE 22:5	C22H34O2	[M-H]-	/resources/tools/chemdb_ontology?abbrev=SFE 22:5
329.24837	329.2474	.0009	PA O-34:1	C37H73O7P	[M-2H]2-	/resources/tools/chemdb_ontology?abbrev=PA O-34:1
329.24837	329.2530	.0047	CerPE 34:1;O2	C36H73N2O6P	[M-2H]2-	/resources/tools/chemdb_ontology?abbrev=CerPE 34:1;O2
329.24837	329.2486	.0002	TG 63:13	C66H102O6	[M-3H]3-	/resources/tools/chemdb_ontology?abbrev=TG 63:13
329.24837	329.2566	.0082	CAR 11:0	C18H35NO4	Neutral	/resources/tools/chemdb_ontology?abbrev=CAR 11:0
506.32473	506.3252	.0005	LPC 17:1	C25H50NO7P	[M-H]-	/resources/tools/chemdb_ontology?abbrev=LPC 17:1
506.32473	506.3252	.0005	LPE 20:1	C25H50NO7P	[M-H]-	/resources/tools/chemdb_ontology?abbrev=LPE 20:1
506.32473	506.3252	.0005	PC O-18:1	C26H52NO7P	[M-CH3]-	/resources/tools/chemdb_ontology?abbrev=PC O-18:1
506.32473	506.3244	.0004	ST 29:3;O7	C29H46O7	Neutral	/resources/tools/chemdb_ontology?abbrev=ST 29:3;O7
303.19648	303.1966	.0001	ST 19:2;O3	C19H28O3	[M-H]-	/resources/tools/chemdb_ontology?abbrev=ST 19:2;O3
417.26461	417.2566	.0080	ST 26:4;O2	C26H38O2	[M+Cl]-	/resources/tools/chemdb_ontology?abbrev=ST 26:4;O2
417.26461	417.2647	.0000	ST 24:3;O3	C24H36O3	[M+Formate]-	/resources/tools/chemdb_ontology?abbrev=ST 24:3;O3
417.26461	417.2635	.0011	PI 34:1	C43H81O13P	[M-2H]2-	/resources/tools/chemdb_ontology?abbrev=PI 34:1
242.1861	242.1882	.0021	FA 14:1;O	C14H26O3	Neutral	/resources/tools/chemdb_ontology?abbrev=FA 14:1;O
242.176	242.1671	.0089	FA 17:6;O	C17H22O	Neutral	/resources/tools/chemdb_ontology?abbrev=FA 17:6;O
480.14985	480.1560	.0061	PC 12:4	C20H32NO8P	[M+Cl]-	/resources/tools/chemdb_ontology?abbrev=PC 12:4
490.17865	490.1848	.0061	PC 12:4	C20H32NO8P	[M+Formate]-	/resources/tools/chemdb_ontology?abbrev=PC 12:4
471.25406	471.2517	.0023	LPA 21:4	C24H41O7P	[M-H]-	/resources/tools/chemdb_ontology?abbrev=LPA 21:4
471.25406	471.2600	.0059	FA 23:4;O5	C23H38O7	[M+Formate]-	/resources/tools/chemdb_ontology?abbrev=FA 23:4;O5
391.26173	391.2621	.0003	FA 21:1;O2	C21H40O4	[M+Cl]-	/resources/tools/chemdb_ontology?abbrev=FA 21:1;O2
391.26173	391.2621	.0003	MG 18:1	C21H40O4	[M+Cl]-	/resources/tools/chemdb_ontology?abbrev=MG 18:1
391.26173	391.2621	.0003	WE 21:1;O2	C21H40O4	[M+Cl]-	/resources/tools/chemdb_ontology?abbrev=WE 21:1;O2
391.26173	391.2701	.0084	FA 18:0;O3	C18H36O5	[M+OAc]-	/resources/tools/chemdb_ontology?abbrev=FA 18:0;O3
480.30919	480.3096	.0004	LPC 15:0	C23H48NO7P	[M-H]-	/resources/tools/chemdb_ontology?abbrev=LPC 15:0
480.30919	480.3096	.0004	LPE 18:0	C23H48NO7P	[M-H]-	/resources/tools/chemdb_ontology?abbrev=LPE 18:0
480.30919	480.3096	.0004	LPE O-18:1;O	C23H48NO7P	[M-H]-	/resources/tools/chemdb_ontology?abbrev=LPE O-18:1;O
480.30919	480.3096	.0004	PC O-16:0	C24H50NO7P	[M-CH3]-	/resources/tools/chemdb_ontology?abbrev=PC O-16:0
480.30919	480.3087	.0005	ST 27:2;O7	C27H44O7	Neutral	/resources/tools/chemdb_ontology?abbrev=ST 27:2;O7
401.29058	401.2909	.0003	WE 22:1;O4	C22H42O6	[M-H]-	/resources/tools/chemdb_ontology?abbrev=WE 22:1;O4
401.29058	401.2909	.0003	FA 21:1;O2	C21H40O4	[M+Formate]-	/resources/tools/chemdb_ontology?abbrev=FA 21:1;O2
401.29058	401.2909	.0003	MG 18:1	C21H40O4	[M+Formate]-	/resources/tools/chemdb_ontology?abbrev=MG 18:1
401.29058	401.2909	.0003	WE 21:1;O2	C21H40O4	[M+Formate]-	/resources/tools/chemdb_ontology?abbrev=WE 21:1;O2
401.29058	401.2909	.0003	FA 20:1;O2	C20H38O4	[M+OAc]-	/resources/tools/chemdb_ontology?abbrev=FA 20:1;O2
401.29058	401.2867	.0038	PG 38:1	C44H85O10P	[M-2H]2-	/resources/tools/chemdb_ontology?abbrev=PG 38:1
281.23929	281.2486	.0093	FA 18:1	C18H34O2	[M-H]-	/resources/tools/chemdb_ontology?abbrev=FA 18:1
281.23929	281.2486	.0093	SFE 18:1	C18H34O2	[M-H]-	/resources/tools/chemdb_ontology?abbrev=SFE 18:1
283.25781	283.2643	.0065	FA 18:0	C18H36O2	[M-H]-	/resources/tools/chemdb_ontology?abbrev=FA 18:0
283.25781	283.2643	.0065	SFE 18:0	C18H36O2	[M-H]-	/resources/tools/chemdb_ontology?abbrev=SFE 18:0
283.25781	283.2643	.0065	WE 18:0	C18H36O2	[M-H]-	/resources/tools/chemdb_ontology?abbrev=WE 18:0
283.25781	283.2537	.0041	CE 12:0	C39H68O2	[M-2H]2-	/resources/tools/chemdb_ontology?abbrev=CE 12:0
705.48835	705.4865	.0019	PA O-38:6	C41H71O7P	[M-H]-	/resources/tools/chemdb_ontology?abbrev=PA O-38:6
705.48835	705.4824	.0059	CerPE 33:2;O3	C35H69N2O7P	[M+Formate]-	/resources/tools/chemdb_ontology?abbrev=CerPE 33:2;O3
705.48835	705.4824	.0059	CerPE 32:2;O3	C34H67N2O7P	[M+OAc]-	/resources/tools/chemdb_ontology?abbrev=CerPE 32:2;O3
705.48835	705.4945	.0061	PS O-31:1	C37H72NO9P	Neutral	/resources/tools/chemdb_ontology?abbrev=PS O-31:1
491.18658	491.1923	.0057	ST 18:4;O2;GlcA	C24H30O8	[M+Formate]-	/resources/tools/chemdb_ontology?abbrev=ST 18:4;O2;GlcA
501.21052	501.2106	.0001	PG 12:0	C18H35O10P	[M+OAc]-	/resources/tools/chemdb_ontology?abbrev=PG 12:0
491.33724	491.3298	.0075	ST 30:3;O3	C30H48O3	[M+Cl]-	/resources/tools/chemdb_ontology?abbrev=ST 30:3;O3
491.33724	491.3378	.0006	ST 28:2;O4	C28H46O4	[M+Formate]-	/resources/tools/chemdb_ontology?abbrev=ST 28:2;O4
491.33724	491.3378	.0006	ST 27:2;O4	C27H44O4	[M+OAc]-	/resources/tools/chemdb_ontology?abbrev=ST 27:2;O4
491.33724	491.3378	.0006	ST 28:1;O4	C27H44O4	[M+OAc]-	/resources/tools/chemdb_ontology?abbrev=ST 28:1;O4
735.44498	735.4454	.0004	PG 30:2	C36H67O10P	[M+Formate]-	/resources/tools/chemdb_ontology?abbrev=PG 30:2
735.44498	735.4454	.0004	PG 29:2	C35H65O10P	[M+OAc]-	/resources/tools/chemdb_ontology?abbrev=PG 29:2
549.33638	549.3433	.0069	ST 29:3;O6	C29H46O6	[M+OAc]-	/resources/tools/chemdb_ontology?abbrev=ST 29:3;O6
549.33638	549.3431	.0067	PC 19:1	C27H52NO8P	Neutral	/resources/tools/chemdb_ontology?abbrev=PC 19:1
415.20793	415.2126	.0047	ST 24:5;O6	C24H32O6	[M-H]-	/resources/tools/chemdb_ontology?abbrev=ST 24:5;O6
415.20793	415.2104	.0025	FA 18:0;O6	C18H36O8	[M+Cl]-	/resources/tools/chemdb_ontology?abbrev=FA 18:0;O6
339.2541	339.2541	.0000	FA 20:2;O2	C20H36O4	[M-H]-	/resources/tools/chemdb_ontology?abbrev=FA 20:2;O2
339.2541	339.2541	.0000	FOH 20:2;O3	C20H36O4	[M-H]-	/resources/tools/chemdb_ontology?abbrev=FOH 20:2;O3
339.2541	339.2460	.0081	ST 21:0;O	C21H36O	[M+Cl]-	/resources/tools/chemdb_ontology?abbrev=ST 21:0;O
339.2541	339.2541	.0000	FA 19:2	C19H34O2	[M+Formate]-	/resources/tools/chemdb_ontology?abbrev=FA 19:2
339.2541	339.2541	.0000	WE 19:2	C19H34O2	[M+Formate]-	/resources/tools/chemdb_ontology?abbrev=WE 19:2
339.2541	339.2541	.0000	FA 18:2	C18H32O2	[M+OAc]-	/resources/tools/chemdb_ontology?abbrev=FA 18:2
339.2541	339.2541	.0000	SFE 18:2	C18H32O2	[M+OAc]-	/resources/tools/chemdb_ontology?abbrev=SFE 18:2
339.2541	339.2541	.0000	WE 18:2	C18H32O2	[M+OAc]-	/resources/tools/chemdb_ontology?abbrev=WE 18:2
745.48442	745.4814	.0030	PA 40:7	C43H71O8P	[M-H]-	/resources/tools/chemdb_ontology?abbrev=PA 40:7
745.48442	745.4896	.0052	MGDG 34:6	C43H70O10	[M-H]-	/resources/tools/chemdb_ontology?abbrev=MGDG 34:6
745.48442	745.4894	.0050	PS 33:2	C39H72NO10P	Neutral	/resources/tools/chemdb_ontology?abbrev=PS 33:2
909.676	909.6745	.0016	TG 54:8	C57H94O6	[M+Cl]-	/resources/tools/chemdb_ontology?abbrev=TG 54:8
909.676	909.6670	.0090	IPC 42:0;O3	C48H96NO12P	Neutral	/resources/tools/chemdb_ontology?abbrev=IPC 42:0;O3
788.50738	788.5003	.0071	PC 34:4	C42H76NO8P	[M+Cl]-	/resources/tools/chemdb_ontology?abbrev=PC 34:4
788.50738	788.5003	.0071	PE 37:4	C42H76NO8P	[M+Cl]-	/resources/tools/chemdb_ontology?abbrev=PE 37:4
788.50738	788.5083	.0010	PS O-34:3	C40H74NO9P	[M+Formate]-	/resources/tools/chemdb_ontology?abbrev=PS O-34:3
788.50738	788.5083	.0010	PS O-33:3	C39H72NO9P	[M+OAc]-	/resources/tools/chemdb_ontology?abbrev=PS O-33:3
347.22017	347.2228	.0026	FA 21:5;O2	C21H32O4	[M-H]-	/resources/tools/chemdb_ontology?abbrev=FA 21:5;O2
347.22017	347.2228	.0026	ST 21:2;O4	C21H32O4	[M-H]-	/resources/tools/chemdb_ontology?abbrev=ST 21:2;O4
347.22017	347.2228	.0026	FA 20:5	C20H30O2	[M+Formate]-	/resources/tools/chemdb_ontology?abbrev=FA 20:5
347.22017	347.2228	.0026	ST 20:2;O2	C20H30O2	[M+Formate]-	/resources/tools/chemdb_ontology?abbrev=ST 20:2;O2
347.22017	347.2228	.0026	FA 19:5	C19H28O2	[M+OAc]-	/resources/tools/chemdb_ontology?abbrev=FA 19:5
347.22017	347.2228	.0026	ST 19:2;O2	C19H28O2	[M+OAc]-	/resources/tools/chemdb_ontology?abbrev=ST 19:2;O2
939.63291	939.6332	.0003	PG 44:5	C50H89O10P	[M+OAc]-	/resources/tools/chemdb_ontology?abbrev=PG 44:5
279.23283	279.2330	.0001	FA 18:2	C18H32O2	[M-H]-	/resources/tools/chemdb_ontology?abbrev=FA 18:2
279.23283	279.2330	.0001	SFE 18:2	C18H32O2	[M-H]-	/resources/tools/chemdb_ontology?abbrev=SFE 18:2
279.23283	279.2330	.0001	WE 18:2	C18H32O2	[M-H]-	/resources/tools/chemdb_ontology?abbrev=WE 18:2
279.23283	279.2330	.0001	FAHFA 36:3;O	C36H64O4	[M-2H]2-	/resources/tools/chemdb_ontology?abbrev=FAHFA 36:3;O
279.23283	279.2329	.0001	TG 51:4	C54H96O6	[M-3H]3-	/resources/tools/chemdb_ontology?abbrev=TG 51:4
667.53226	667.5307	.0016	DG 40:6	C43H72O5	[M-H]-	/resources/tools/chemdb_ontology?abbrev=DG 40:6
279.26968	279.2693	.0003	WE 38:2	C38H72O2	[M-2H]2-	/resources/tools/chemdb_ontology?abbrev=WE 38:2
647.44682	647.4448	.0020	DG 36:6	C39H64O5	[M+Cl]-	/resources/tools/chemdb_ontology?abbrev=DG 36:6
647.44682	647.4406	.0062	CerPE 30:2;O2	C32H63N2O6P	[M+Formate]-	/resources/tools/chemdb_ontology?abbrev=CerPE 30:2;O2
647.44682	647.4526	.0058	PC 26:1	C34H66NO8P	Neutral	/resources/tools/chemdb_ontology?abbrev=PC 26:1
647.44682	647.4526	.0058	PE 29:1	C34H66NO8P	Neutral	/resources/tools/chemdb_ontology?abbrev=PE 29:1
675.44171	675.4475	.0058	PC 27:2;O	C35H66NO9P	Neutral	/resources/tools/chemdb_ontology?abbrev=PC 27:2;O
938.62974	938.6244	.0053	SHexCer 40:1;O3	C46H89NO12S	[M+OAc]-	/resources/tools/chemdb_ontology?abbrev=SHexCer 40:1;O3
705.39834	705.3984	.0001	PA 30:3;O2	C33H59O10P	[M+OAc]-	/resources/tools/chemdb_ontology?abbrev=PA 30:3;O2
719.45029	719.4424	.0079	PA 35:3	C38H69O8P	[M+Cl]-	/resources/tools/chemdb_ontology?abbrev=PA 35:3
393.21299	393.2048	.0082	LPA 15:1	C18H35O7P	[M-H]-	/resources/tools/chemdb_ontology?abbrev=LPA 15:1
393.21299	393.2071	.0059	FA 24:10	C24H28O2	[M+Formate]-	/resources/tools/chemdb_ontology?abbrev=FA 24:10
393.21299	393.2165	.0035	PI 31:4	C40H69O13P	[M-2H]2-	/resources/tools/chemdb_ontology?abbrev=PI 31:4
952.68133	952.6860	.0046	IPC 44:0;O4	C50H100NO13P	[M-H]-	/resources/tools/chemdb_ontology?abbrev=IPC 44:0;O4
952.68133	952.6860	.0046	IPC 42:0;O2	C48H96NO11P	[M+OAc]-	/resources/tools/chemdb_ontology?abbrev=IPC 42:0;O2
509.28427	509.2885	.0042	LPG 18:1	C24H47O9P	[M-H]-	/resources/tools/chemdb_ontology?abbrev=LPG 18:1
509.28427	509.2885	.0042	LPA 20:1	C23H45O7P	[M+Formate]-	/resources/tools/chemdb_ontology?abbrev=LPA 20:1
509.28427	509.2885	.0042	LPA 19:1	C22H43O7P	[M+OAc]-	/resources/tools/chemdb_ontology?abbrev=LPA 19:1
509.28427	509.2754	.0089	LPS 17:1	C23H44NO9P	Neutral	/resources/tools/chemdb_ontology?abbrev=LPS 17:1
696.43762	696.4377	.0000	PC 27:1	C35H68NO8P	[M+Cl]-	/resources/tools/chemdb_ontology?abbrev=PC 27:1
696.43762	696.4377	.0000	PE 30:1	C35H68NO8P	[M+Cl]-	/resources/tools/chemdb_ontology?abbrev=PE 30:1
696.43762	696.4457	.0081	LPS O-27:1;O	C33H66NO9P	[M+Formate]-	/resources/tools/chemdb_ontology?abbrev=LPS O-27:1;O
696.43762	696.4457	.0081	LPS O-26:1;O	C32H64NO9P	[M+OAc]-	/resources/tools/chemdb_ontology?abbrev=LPS O-26:1;O
695.43478	695.4424	.0076	PA 33:1	C36H69O8P	[M+Cl]-	/resources/tools/chemdb_ontology?abbrev=PA 33:1
413.21229	413.2181	.0058	FA 21:4;O6	C21H34O8	[M-H]-	/resources/tools/chemdb_ontology?abbrev=FA 21:4;O6
413.21229	413.2100	.0023	FA 22:5;O3	C22H34O5	[M+Cl]-	/resources/tools/chemdb_ontology?abbrev=FA 22:5;O3
413.21229	413.2181	.0058	FA 20:4;O4	C20H32O6	[M+Formate]-	/resources/tools/chemdb_ontology?abbrev=FA 20:4;O4
413.21229	413.2181	.0058	FA 19:4;O4	C19H30O6	[M+OAc]-	/resources/tools/chemdb_ontology?abbrev=FA 19:4;O4
280.24702	280.2402	.0068	FA 18:2	C18H32O2	Neutral	/resources/tools/chemdb_ontology?abbrev=FA 18:2
280.24702	280.2402	.0068	SFE 18:2	C18H32O2	Neutral	/resources/tools/chemdb_ontology?abbrev=SFE 18:2
280.24702	280.2402	.0068	WE 18:2	C18H32O2	Neutral	/resources/tools/chemdb_ontology?abbrev=WE 18:2
694.36619	694.3573	.0089	PC 23:3;O3	C31H56NO11P	[M+Formate]-	/resources/tools/chemdb_ontology?abbrev=PC 23:3;O3
694.36619	694.3573	.0089	PE 26:3;O3	C31H56NO11P	[M+Formate]-	/resources/tools/chemdb_ontology?abbrev=PE 26:3;O3
694.36619	694.3573	.0089	PE 25:3;O3	C30H54NO11P	[M+OAc]-	/resources/tools/chemdb_ontology?abbrev=PE 25:3;O3
466.34334	466.3453	.0019	TG 59:13	C62H94O6	[M-2H]2-	/resources/tools/chemdb_ontology?abbrev=TG 59:13
442.16548	442.1661	.0007	ST 21:3;O5;S	C21H30O8S	Neutral	/resources/tools/chemdb_ontology?abbrev=ST 21:3;O5;S
462.20297	462.2087	.0057	NAT 20:4;O	C22H37NO5S	[M+Cl]-	/resources/tools/chemdb_ontology?abbrev=NAT 20:4;O
744.48131	744.4821	.0008	PS 33:2	C39H72NO10P	[M-H]-	/resources/tools/chemdb_ontology?abbrev=PS 33:2
744.48131	744.4821	.0008	PC 30:3	C38H70NO8P	[M+Formate]-	/resources/tools/chemdb_ontology?abbrev=PC 30:3
744.48131	744.4821	.0008	PE 33:3	C38H70NO8P	[M+Formate]-	/resources/tools/chemdb_ontology?abbrev=PE 33:3
744.48131	744.4821	.0008	PE 32:3	C37H68NO8P	[M+OAc]-	/resources/tools/chemdb_ontology?abbrev=PE 32:3
744.48131	744.4730	.0083	PA 40:8	C43H69O8P	Neutral	/resources/tools/chemdb_ontology?abbrev=PA 40:8
953.68458	953.6876	.0030	TG 57:12	C60H92O6	[M+Formate]-	/resources/tools/chemdb_ontology?abbrev=TG 57:12
953.68458	953.6876	.0030	TG 56:12	C59H90O6	[M+OAc]-	/resources/tools/chemdb_ontology?abbrev=TG 56:12
953.68458	953.6932	.0087	IPC 44:0;O4	C50H100NO13P	Neutral	/resources/tools/chemdb_ontology?abbrev=IPC 44:0;O4
709.42721	709.4297	.0025	PG 28:1	C34H65O10P	[M+Formate]-	/resources/tools/chemdb_ontology?abbrev=PG 28:1
709.42721	709.4297	.0025	PG 27:1	C33H63O10P	[M+OAc]-	/resources/tools/chemdb_ontology?abbrev=PG 27:1
437.30908	437.3061	.0030	ST 27:5;O	C27H38O	[M+OAc]-	/resources/tools/chemdb_ontology?abbrev=ST 27:5;O
437.30908	437.3141	.0050	CAR 18:3;O	C25H43NO5	Neutral	/resources/tools/chemdb_ontology?abbrev=CAR 18:3;O
445.23827	445.2361	.0022	LPA 19:3	C22H39O7P	[M-H]-	/resources/tools/chemdb_ontology?abbrev=LPA 19:3
445.23827	445.2362	.0020	FA 23:4;O4	C23H38O6	[M+Cl]-	/resources/tools/chemdb_ontology?abbrev=FA 23:4;O4
445.23827	445.2443	.0060	FA 20:3;O5	C20H34O7	[M+OAc]-	/resources/tools/chemdb_ontology?abbrev=FA 20:3;O5
475.19385	475.1974	.0035	ST 19:4;O3;GlcA	C25H32O9	[M-H]-	/resources/tools/chemdb_ontology?abbrev=ST 19:4;O3;GlcA
415.2637	415.2621	.0016	FOH 23:4;O3	C23H40O4	[M+Cl]-	/resources/tools/chemdb_ontology?abbrev=FOH 23:4;O3
415.2637	415.2621	.0016	MG 20:3	C23H40O4	[M+Cl]-	/resources/tools/chemdb_ontology?abbrev=MG 20:3
415.2637	415.2621	.0016	ST 23:0;O4	C23H40O4	[M+Cl]-	/resources/tools/chemdb_ontology?abbrev=ST 23:0;O4
415.2637	415.2701	.0064	FA 20:2;O3	C20H36O5	[M+OAc]-	/resources/tools/chemdb_ontology?abbrev=FA 20:2;O3
415.2637	415.2660	.0023	PI O-35:3	C44H81O12P	[M-2H]2-	/resources/tools/chemdb_ontology?abbrev=PI O-35:3
725.42348	725.4247	.0012	PI 26:0	C35H67O13P	[M-H]-	/resources/tools/chemdb_ontology?abbrev=PI 26:0
725.42348	725.4166	.0069	PG 30:2	C36H67O10P	[M+Cl]-	/resources/tools/chemdb_ontology?abbrev=PG 30:2
725.42348	725.4268	.0033	PS 32:5	C38H64NO10P	Neutral	/resources/tools/chemdb_ontology?abbrev=PS 32:5
632.32436	632.3205	.0038	PE 25:4;O3	C30H52NO11P	[M-H]-	/resources/tools/chemdb_ontology?abbrev=PE 25:4;O3
632.32436	632.3205	.0038	LPS 22:4	C28H48NO9P	[M+OAc]-	/resources/tools/chemdb_ontology?abbrev=LPS 22:4
602.31384	602.3230	.0092	LPS 21:0	C27H54NO9P	[M+Cl]-	/resources/tools/chemdb_ontology?abbrev=LPS 21:0
602.31384	602.3100	.0039	PC 20:4	C28H48NO8P	[M+Formate]-	/resources/tools/chemdb_ontology?abbrev=PC 20:4
507.25129	507.2597	.0084	LPS 17:2	C23H42NO9P	Neutral	/resources/tools/chemdb_ontology?abbrev=LPS 17:2
441.20715	441.2049	.0022	ST 23:3;O6	C23H34O6	[M+Cl]-	/resources/tools/chemdb_ontology?abbrev=ST 23:3;O6
441.20715	441.2130	.0059	FA 20:5;O5	C20H30O7	[M+OAc]-	/resources/tools/chemdb_ontology?abbrev=FA 20:5;O5
441.20715	441.2128	.0056	LPS 12:0	C18H36NO9P	Neutral	/resources/tools/chemdb_ontology?abbrev=LPS 12:0
490.17864	490.1848	.0061	PC 12:4	C20H32NO8P	[M+Formate]-	/resources/tools/chemdb_ontology?abbrev=PC 12:4
425.16286	425.1584	.0045	FA 18:3;O7	C18H30O9	[M+Cl]-	/resources/tools/chemdb_ontology?abbrev=FA 18:3;O7
242.17603	242.1671	.0090	FA 17:6;O	C17H22O	Neutral	/resources/tools/chemdb_ontology?abbrev=FA 17:6;O
401.248	401.2545	.0065	FA 20:2;O3	C20H36O5	[M+Formate]-	/resources/tools/chemdb_ontology?abbrev=FA 20:2;O3
401.248	401.2545	.0065	FA 19:2;O3	C19H34O5	[M+OAc]-	/resources/tools/chemdb_ontology?abbrev=FA 19:2;O3
401.248	401.2504	.0024	PI O-33:3	C42H77O12P	[M-2H]2-	/resources/tools/chemdb_ontology?abbrev=PI O-33:3
303.23271	303.2330	.0003	FA 20:4	C20H32O2	[M-H]-	/resources/tools/chemdb_ontology?abbrev=FA 20:4
303.23271	303.2330	.0003	ST 20:1;O2	C20H32O2	[M-H]-	/resources/tools/chemdb_ontology?abbrev=ST 20:1;O2
303.23271	303.2329	.0002	TG 57:10	C60H96O6	[M-3H]3-	/resources/tools/chemdb_ontology?abbrev=TG 57:10
439.20722	439.2103	.0030	LPA 15:1	C18H35O7P	[M+Formate]-	/resources/tools/chemdb_ontology?abbrev=LPA 15:1
439.20722	439.2103	.0030	LPA 14:1	C17H33O7P	[M+OAc]-	/resources/tools/chemdb_ontology?abbrev=LPA 14:1
371.21985	371.2228	.0029	FA 22:7	C22H30O2	[M+Formate]-	/resources/tools/chemdb_ontology?abbrev=FA 22:7
371.21985	371.2228	.0029	ST 21:4;O2	C21H28O2	[M+OAc]-	/resources/tools/chemdb_ontology?abbrev=ST 21:4;O2
601.30819	601.3018	.0064	ST 32:7;O8	C32H44O8	[M+Formate]-	/resources/tools/chemdb_ontology?abbrev=ST 32:7;O8
601.30819	601.2995	.0087	LPI O-16:1	C25H49O11P	[M+Formate]-	/resources/tools/chemdb_ontology?abbrev=LPI O-16:1
311.28592	311.2956	.0096	FA 20:0	C20H40O2	[M-H]-	/resources/tools/chemdb_ontology?abbrev=FA 20:0
311.28592	311.2956	.0096	SFE 20:0	C20H40O2	[M-H]-	/resources/tools/chemdb_ontology?abbrev=SFE 20:0
311.28592	311.2956	.0096	WE 20:0	C20H40O2	[M-H]-	/resources/tools/chemdb_ontology?abbrev=WE 20:0
311.28592	311.2850	.0009	CE 16:0	C43H76O2	[M-2H]2-	/resources/tools/chemdb_ontology?abbrev=CE 16:0
311.28592	311.2824	.0035	SPB 19:2;O2	C19H37NO2	Neutral	/resources/tools/chemdb_ontology?abbrev=SPB 19:2;O2
766.44643	766.4431	.0033	PC 30:3;O2	C38H70NO10P	[M+Cl]-	/resources/tools/chemdb_ontology?abbrev=PC 30:3;O2
766.44643	766.4431	.0033	PS 32:2	C38H70NO10P	[M+Cl]-	/resources/tools/chemdb_ontology?abbrev=PS 32:2
766.44643	766.4512	.0048	PC 28:2;O3	C36H68NO11P	[M+Formate]-	/resources/tools/chemdb_ontology?abbrev=PC 28:2;O3
745.48479	745.4814	.0034	PA 40:7	C43H71O8P	[M-H]-	/resources/tools/chemdb_ontology?abbrev=PA 40:7
745.48479	745.4896	.0048	MGDG 34:6	C43H70O10	[M-H]-	/resources/tools/chemdb_ontology?abbrev=MGDG 34:6
745.48479	745.4945	.0097	PA O-38:4	C41H75O7P	[M+Cl]-	/resources/tools/chemdb_ontology?abbrev=PA O-38:4
745.48479	745.4894	.0046	PS 33:2	C39H72NO10P	Neutral	/resources/tools/chemdb_ontology?abbrev=PS 33:2
502.29621	502.2939	.0023	LPE 20:3	C25H46NO7P	[M-H]-	/resources/tools/chemdb_ontology?abbrev=LPE 20:3
435.31206	435.3116	.0005	ST 26:1;O5	C26H44O5	[M-H]-	/resources/tools/chemdb_ontology?abbrev=ST 26:1;O5
435.31206	435.3035	.0085	ST 27:2;O2	C27H44O2	[M+Cl]-	/resources/tools/chemdb_ontology?abbrev=ST 27:2;O2
435.31206	435.3116	.0005	ST 25:1;O3	C25H42O3	[M+Formate]-	/resources/tools/chemdb_ontology?abbrev=ST 25:1;O3
435.31206	435.3116	.0005	MG O-21:5	C24H40O3	[M+OAc]-	/resources/tools/chemdb_ontology?abbrev=MG O-21:5
435.31206	435.3116	.0005	ST 24:1;O3	C24H40O3	[M+OAc]-	/resources/tools/chemdb_ontology?abbrev=ST 24:1;O3
434.30845	434.3043	.0042	CAR 16:0	C23H45NO4	[M+Cl]-	/resources/tools/chemdb_ontology?abbrev=CAR 16:0
434.30845	434.3032	.0052	ST 26:2;O5	C26H42O5	Neutral	/resources/tools/chemdb_ontology?abbrev=ST 26:2;O5
744.48125	744.4821	.0009	PS 33:2	C39H72NO10P	[M-H]-	/resources/tools/chemdb_ontology?abbrev=PS 33:2
744.48125	744.4821	.0009	PC 30:3	C38H70NO8P	[M+Formate]-	/resources/tools/chemdb_ontology?abbrev=PC 30:3
744.48125	744.4821	.0009	PE 33:3	C38H70NO8P	[M+Formate]-	/resources/tools/chemdb_ontology?abbrev=PE 33:3
744.48125	744.4821	.0009	PE 32:3	C37H68NO8P	[M+OAc]-	/resources/tools/chemdb_ontology?abbrev=PE 32:3
744.48125	744.4730	.0082	PA 40:8	C43H69O8P	Neutral	/resources/tools/chemdb_ontology?abbrev=PA 40:8
388.20958	388.2025	.0071	SPBP 16:0;O2	C16H36NO5P	[M+Cl]-	/resources/tools/chemdb_ontology?abbrev=SPBP 16:0;O2
388.20958	388.2097	.0001	FA 19:3;O6	C19H32O8	Neutral	/resources/tools/chemdb_ontology?abbrev=FA 19:3;O6
552.29295	552.2943	.0014	PE 20:1;O2	C25H48NO10P	[M-H]-	/resources/tools/chemdb_ontology?abbrev=PE 20:1;O2
552.29295	552.2862	.0067	LPC 18:3	C26H48NO7P	[M+Cl]-	/resources/tools/chemdb_ontology?abbrev=LPC 18:3
484.30513	484.3045	.0006	LPE O-16:0	C21H46NO6P	[M+Formate]-	/resources/tools/chemdb_ontology?abbrev=LPE O-16:0
742.46568	742.4665	.0008	PS 33:3	C39H70NO10P	[M-H]-	/resources/tools/chemdb_ontology?abbrev=PS 33:3
742.46568	742.4665	.0008	PC 30:4	C38H68NO8P	[M+Formate]-	/resources/tools/chemdb_ontology?abbrev=PC 30:4
742.46568	742.4665	.0008	PE 33:4	C38H68NO8P	[M+Formate]-	/resources/tools/chemdb_ontology?abbrev=PE 33:4
742.46568	742.4665	.0008	PE 32:4	C37H66NO8P	[M+OAc]-	/resources/tools/chemdb_ontology?abbrev=PE 32:4
742.46568	742.4574	.0083	PA 40:9	C43H67O8P	Neutral	/resources/tools/chemdb_ontology?abbrev=PA 40:9
485.30843	485.3039	.0045	ST 27:1;O5	C27H46O5	[M+Cl]-	/resources/tools/chemdb_ontology?abbrev=ST 27:1;O5
569.283	569.2732	.0098	LPI 16:1	C25H47O12P	[M-H]-	/resources/tools/chemdb_ontology?abbrev=LPI 16:1
569.283	569.2887	.0057	ST 30:4;O8	C30H46O8	[M+Cl]-	/resources/tools/chemdb_ontology?abbrev=ST 30:4;O8
569.283	569.2732	.0098	PA 21:1;O2	C24H45O10P	[M+Formate]-	/resources/tools/chemdb_ontology?abbrev=PA 21:1;O2
569.283	569.2732	.0098	PA 20:1;O2	C23H43O10P	[M+OAc]-	/resources/tools/chemdb_ontology?abbrev=PA 20:1;O2
569.283	569.2754	.0076	LPS 22:6	C28H44NO9P	Neutral	/resources/tools/chemdb_ontology?abbrev=LPS 22:6
582.37697	582.3777	.0007	LPS O-22:0;O	C28H58NO9P	[M-H]-	/resources/tools/chemdb_ontology?abbrev=LPS O-22:0;O
582.37697	582.3777	.0007	LPC 19:0	C27H56NO7P	[M+Formate]-	/resources/tools/chemdb_ontology?abbrev=LPC 19:0
582.37697	582.3777	.0007	LPE 22:0	C27H56NO7P	[M+Formate]-	/resources/tools/chemdb_ontology?abbrev=LPE 22:0
582.37697	582.3777	.0007	PC O-19:0	C27H56NO7P	[M+Formate]-	/resources/tools/chemdb_ontology?abbrev=PC O-19:0
582.37697	582.3777	.0007	LPC 18:0	C26H54NO7P	[M+OAc]-	/resources/tools/chemdb_ontology?abbrev=LPC 18:0
582.37697	582.3777	.0007	LPE 21:0	C26H54NO7P	[M+OAc]-	/resources/tools/chemdb_ontology?abbrev=LPE 21:0
582.37697	582.3777	.0007	PC O-18:0	C26H54NO7P	[M+OAc]-	/resources/tools/chemdb_ontology?abbrev=PC O-18:0
515.35197	515.3590	.0070	FA 26:2;O4	C26H48O6	[M+OAc]-	/resources/tools/chemdb_ontology?abbrev=FA 26:2;O4
439.20742	439.2103	.0028	LPA 15:1	C18H35O7P	[M+Formate]-	/resources/tools/chemdb_ontology?abbrev=LPA 15:1
439.20742	439.2103	.0028	LPA 14:1	C17H33O7P	[M+OAc]-	/resources/tools/chemdb_ontology?abbrev=LPA 14:1
766.44685	766.4431	.0037	PC 30:3;O2	C38H70NO10P	[M+Cl]-	/resources/tools/chemdb_ontology?abbrev=PC 30:3;O2
766.44685	766.4431	.0037	PS 32:2	C38H70NO10P	[M+Cl]-	/resources/tools/chemdb_ontology?abbrev=PS 32:2
766.44685	766.4512	.0044	PC 28:2;O3	C36H68NO11P	[M+Formate]-	/resources/tools/chemdb_ontology?abbrev=PC 28:2;O3
499.27306	499.2701	.0029	ST 28:6;O5	C28H38O5	[M+Formate]-	/resources/tools/chemdb_ontology?abbrev=ST 28:6;O5
499.27306	499.2699	.0032	LPE 20:5	C25H42NO7P	Neutral	/resources/tools/chemdb_ontology?abbrev=LPE 20:5
303.2329	303.2330	.0001	FA 20:4	C20H32O2	[M-H]-	/resources/tools/chemdb_ontology?abbrev=FA 20:4
303.2329	303.2330	.0001	ST 20:1;O2	C20H32O2	[M-H]-	/resources/tools/chemdb_ontology?abbrev=ST 20:1;O2
303.2329	303.2329	.0000	TG 57:10	C60H96O6	[M-3H]3-	/resources/tools/chemdb_ontology?abbrev=TG 57:10
371.2199	371.2228	.0029	FA 22:7	C22H30O2	[M+Formate]-	/resources/tools/chemdb_ontology?abbrev=FA 22:7
371.2199	371.2228	.0029	ST 21:4;O2	C21H28O2	[M+OAc]-	/resources/tools/chemdb_ontology?abbrev=ST 21:4;O2
707.39692	707.4010	.0040	PS 28:2;O2	C34H62NO12P	Neutral	/resources/tools/chemdb_ontology?abbrev=PS 28:2;O2
752.39508	752.3992	.0041	PS 28:2;O2	C34H62NO12P	[M+Formate]-	/resources/tools/chemdb_ontology?abbrev=PS 28:2;O2
752.39508	752.3992	.0041	PS 27:2;O2	C33H60NO12P	[M+OAc]-	/resources/tools/chemdb_ontology?abbrev=PS 27:2;O2
409.31085	409.3112	.0004	FA 28:7	C28H42O2	[M-H]-	/resources/tools/chemdb_ontology?abbrev=FA 28:7
409.31085	409.3090	.0018	MG O-19:0;O	C22H46O4	[M+Cl]-	/resources/tools/chemdb_ontology?abbrev=MG O-19:0;O
433.29766	433.2960	.0017	ST 26:2;O5	C26H42O5	[M-H]-	/resources/tools/chemdb_ontology?abbrev=ST 26:2;O5
433.29766	433.2879	.0098	SFE 27:6	C27H42O2	[M+Cl]-	/resources/tools/chemdb_ontology?abbrev=SFE 27:6
433.29766	433.2879	.0098	ST 27:3;O2	C27H42O2	[M+Cl]-	/resources/tools/chemdb_ontology?abbrev=ST 27:3;O2
433.29766	433.2960	.0017	FA 24:5;O	C24H38O3	[M+OAc]-	/resources/tools/chemdb_ontology?abbrev=FA 24:5;O
433.29766	433.2960	.0017	ST 24:2;O3	C24H38O3	[M+OAc]-	/resources/tools/chemdb_ontology?abbrev=ST 24:2;O3
433.29766	433.3024	.0047	PG 43:4	C49H89O10P	[M-2H]2-	/resources/tools/chemdb_ontology?abbrev=PG 43:4
500.29979	500.2913	.0085	LPC O-15:1	C23H48NO6P	[M+Cl]-	/resources/tools/chemdb_ontology?abbrev=LPC O-15:1
500.29979	500.2913	.0085	LPE O-18:1	C23H48NO6P	[M+Cl]-	/resources/tools/chemdb_ontology?abbrev=LPE O-18:1
500.29979	500.2994	.0004	LPE O-16:0;O	C21H46NO7P	[M+Formate]-	/resources/tools/chemdb_ontology?abbrev=LPE O-16:0;O
500.29979	500.2994	.0004	LPE O-15:0;O	C20H44NO7P	[M+OAc]-	/resources/tools/chemdb_ontology?abbrev=LPE O-15:0;O
434.30851	434.3043	.0042	CAR 16:0	C23H45NO4	[M+Cl]-	/resources/tools/chemdb_ontology?abbrev=CAR 16:0
434.30851	434.3032	.0053	ST 26:2;O5	C26H42O5	Neutral	/resources/tools/chemdb_ontology?abbrev=ST 26:2;O5
770.49677	770.4978	.0010	PS 35:3	C41H74NO10P	[M-H]-	/resources/tools/chemdb_ontology?abbrev=PS 35:3
770.49677	770.4978	.0010	PC 32:4	C40H72NO8P	[M+Formate]-	/resources/tools/chemdb_ontology?abbrev=PC 32:4
770.49677	770.4978	.0010	PE 35:4	C40H72NO8P	[M+Formate]-	/resources/tools/chemdb_ontology?abbrev=PE 35:4
770.49677	770.4978	.0010	PC 31:4	C39H70NO8P	[M+OAc]-	/resources/tools/chemdb_ontology?abbrev=PC 31:4
770.49677	770.4978	.0010	PE 34:4	C39H70NO8P	[M+OAc]-	/resources/tools/chemdb_ontology?abbrev=PE 34:4
770.49677	770.4969	.0001	MGDG 36:8	C45H70O10	Neutral	/resources/tools/chemdb_ontology?abbrev=MGDG 36:8
770.49677	770.4887	.0081	PA 42:9	C45H71O8P	Neutral	/resources/tools/chemdb_ontology?abbrev=PA 42:9
771.50047	771.4970	.0034	PA 42:8	C45H73O8P	[M-H]-	/resources/tools/chemdb_ontology?abbrev=PA 42:8
771.50047	771.5053	.0048	MGDG 36:7	C45H72O10	[M-H]-	/resources/tools/chemdb_ontology?abbrev=MGDG 36:7
771.50047	771.4948	.0056	PG 33:0	C39H77O10P	[M+Cl]-	/resources/tools/chemdb_ontology?abbrev=PG 33:0
771.50047	771.5101	.0096	PA O-40:5	C43H77O7P	[M+Cl]-	/resources/tools/chemdb_ontology?abbrev=PA O-40:5
771.50047	771.5050	.0046	PS 35:3	C41H74NO10P	Neutral	/resources/tools/chemdb_ontology?abbrev=PS 35:3
534.30199	534.2958	.0062	LPG 20:3	C26H47O9P	Neutral	/resources/tools/chemdb_ontology?abbrev=LPG 20:3
534.30199	534.2958	.0062	PA 23:2;O	C26H47O9P	Neutral	/resources/tools/chemdb_ontology?abbrev=PA 23:2;O
602.28939	602.2866	.0027	PE 21:1;O2	C26H50NO10P	[M+Cl]-	/resources/tools/chemdb_ontology?abbrev=PE 21:1;O2
602.28939	602.2866	.0027	PS 20:0	C26H50NO10P	[M+Cl]-	/resources/tools/chemdb_ontology?abbrev=PS 20:0
534.31652	534.3201	.0036	PC 19:1	C27H52NO8P	[M-CH3]-	/resources/tools/chemdb_ontology?abbrev=PC 19:1
534.31652	534.3193	.0028	ST 30:4;O8	C30H46O8	Neutral	/resources/tools/chemdb_ontology?abbrev=ST 30:4;O8
535.30571	535.3042	.0016	LPG 20:2	C26H49O9P	[M-H]-	/resources/tools/chemdb_ontology?abbrev=LPG 20:2
535.30571	535.3043	.0014	ST 27:0;O8	C27H48O8	[M+Cl]-	/resources/tools/chemdb_ontology?abbrev=ST 27:0;O8
535.30571	535.3042	.0016	LPA 22:2	C25H47O7P	[M+Formate]-	/resources/tools/chemdb_ontology?abbrev=LPA 22:2
619.27916	619.2889	.0097	LPI 20:4	C29H49O12P	[M-H]-	/resources/tools/chemdb_ontology?abbrev=LPI 20:4
619.27916	619.2891	.0099	ST 24:1;O5;GlcA	C30H48O11	[M+Cl]-	/resources/tools/chemdb_ontology?abbrev=ST 24:1;O5;GlcA
619.27916	619.2889	.0097	PA 25:4;O2	C28H47O10P	[M+Formate]-	/resources/tools/chemdb_ontology?abbrev=PA 25:4;O2
459.31333	459.3116	.0017	ST 28:3;O5	C28H44O5	[M-H]-	/resources/tools/chemdb_ontology?abbrev=ST 28:3;O5
459.31333	459.3116	.0017	ST 27:3;O3	C27H42O3	[M+Formate]-	/resources/tools/chemdb_ontology?abbrev=ST 27:3;O3
459.31333	459.3116	.0017	ST 26:3;O3	C26H40O3	[M+OAc]-	/resources/tools/chemdb_ontology?abbrev=ST 26:3;O3
459.31333	459.3104	.0029	PI 40:1	C49H93O13P	[M-2H]2-	/resources/tools/chemdb_ontology?abbrev=PI 40:1
552.29259	552.2943	.0017	PE 20:1;O2	C25H48NO10P	[M-H]-	/resources/tools/chemdb_ontology?abbrev=PE 20:1;O2
552.29259	552.2862	.0063	LPC 18:3	C26H48NO7P	[M+Cl]-	/resources/tools/chemdb_ontology?abbrev=LPC 18:3
601.31024	601.3018	.0084	ST 32:7;O8	C32H44O8	[M+Formate]-	/resources/tools/chemdb_ontology?abbrev=ST 32:7;O8
584.29875	584.2994	.0007	LPE 22:6	C27H44NO7P	[M+OAc]-	/resources/tools/chemdb_ontology?abbrev=LPE 22:6
584.29875	584.2962	.0026	LPI 17:1	C26H49O12P	Neutral	/resources/tools/chemdb_ontology?abbrev=LPI 17:1
584.29875	584.2962	.0026	PG 20:1;O2	C26H49O12P	Neutral	/resources/tools/chemdb_ontology?abbrev=PG 20:1;O2
569.28295	569.2732	.0097	LPI 16:1	C25H47O12P	[M-H]-	/resources/tools/chemdb_ontology?abbrev=LPI 16:1
569.28295	569.2887	.0057	ST 30:4;O8	C30H46O8	[M+Cl]-	/resources/tools/chemdb_ontology?abbrev=ST 30:4;O8
569.28295	569.2732	.0097	PA 21:1;O2	C24H45O10P	[M+Formate]-	/resources/tools/chemdb_ontology?abbrev=PA 21:1;O2
569.28295	569.2732	.0097	PA 20:1;O2	C23H43O10P	[M+OAc]-	/resources/tools/chemdb_ontology?abbrev=PA 20:1;O2
569.28295	569.2754	.0076	LPS 22:6	C28H44NO9P	Neutral	/resources/tools/chemdb_ontology?abbrev=LPS 22:6
484.30551	484.3045	.0010	LPE O-16:0	C21H46NO6P	[M+Formate]-	/resources/tools/chemdb_ontology?abbrev=LPE O-16:0
487.29797	487.2961	.0019	LPA O-20:0	C23H49O6P	[M+Cl]-	/resources/tools/chemdb_ontology?abbrev=LPA O-20:0
487.29797	487.2913	.0067	WE 24:3;O5	C24H42O7	[M+Formate]-	/resources/tools/chemdb_ontology?abbrev=WE 24:3;O5
487.29797	487.2913	.0067	FA 23:3;O5	C23H40O7	[M+OAc]-	/resources/tools/chemdb_ontology?abbrev=FA 23:3;O5
487.29797	487.3065	.0086	ST 27:4;O4	C27H40O4	[M+OAc]-	/resources/tools/chemdb_ontology?abbrev=ST 27:4;O4
487.29797	487.3065	.0086	ST 28:3;O4	C27H40O4	[M+OAc]-	/resources/tools/chemdb_ontology?abbrev=ST 28:3;O4
768.48127	768.4821	.0008	PS 35:4	C41H72NO10P	[M-H]-	/resources/tools/chemdb_ontology?abbrev=PS 35:4
768.48127	768.4821	.0008	PC 32:5	C40H70NO8P	[M+Formate]-	/resources/tools/chemdb_ontology?abbrev=PC 32:5
768.48127	768.4821	.0008	PE 35:5	C40H70NO8P	[M+Formate]-	/resources/tools/chemdb_ontology?abbrev=PE 35:5
768.48127	768.4821	.0008	PE 34:5	C39H68NO8P	[M+OAc]-	/resources/tools/chemdb_ontology?abbrev=PE 34:5
768.48127	768.4813	.0000	MGDG 36:9	C45H68O10	Neutral	/resources/tools/chemdb_ontology?abbrev=MGDG 36:9
768.48127	768.4789	.0024	PI 29:0	C38H73O13P	Neutral	/resources/tools/chemdb_ontology?abbrev=PI 29:0
768.48127	768.4730	.0083	PA 42:10	C45H69O8P	Neutral	/resources/tools/chemdb_ontology?abbrev=PA 42:10
357.27549	357.2799	.0044	FA 24:5	C24H38O2	[M-H]-	/resources/tools/chemdb_ontology?abbrev=FA 24:5
357.27549	357.2799	.0044	ST 24:2;O2	C24H38O2	[M-H]-	/resources/tools/chemdb_ontology?abbrev=ST 24:2;O2
357.27549	357.2787	.0032	PA O-38:1	C41H81O7P	[M-2H]2-	/resources/tools/chemdb_ontology?abbrev=PA O-38:1
519.32652	519.3327	.0062	ST 30:3;O7	C30H48O7	[M-H]-	/resources/tools/chemdb_ontology?abbrev=ST 30:3;O7
519.32652	519.3327	.0062	ST 29:3;O5	C29H46O5	[M+Formate]-	/resources/tools/chemdb_ontology?abbrev=ST 29:3;O5
519.32652	519.3327	.0062	ST 28:3;O5	C28H44O5	[M+OAc]-	/resources/tools/chemdb_ontology?abbrev=ST 28:3;O5
519.32652	519.3325	.0060	LPC 18:2	C26H50NO7P	Neutral	/resources/tools/chemdb_ontology?abbrev=LPC 18:2
602.289	602.2866	.0024	PE 21:1;O2	C26H50NO10P	[M+Cl]-	/resources/tools/chemdb_ontology?abbrev=PE 21:1;O2
602.289	602.2866	.0024	PS 20:0	C26H50NO10P	[M+Cl]-	/resources/tools/chemdb_ontology?abbrev=PS 20:0
619.27936	619.2889	.0095	LPI 20:4	C29H49O12P	[M-H]-	/resources/tools/chemdb_ontology?abbrev=LPI 20:4
619.27936	619.2891	.0097	ST 24:1;O5;GlcA	C30H48O11	[M+Cl]-	/resources/tools/chemdb_ontology?abbrev=ST 24:1;O5;GlcA
619.27936	619.2889	.0095	PA 25:4;O2	C28H47O10P	[M+Formate]-	/resources/tools/chemdb_ontology?abbrev=PA 25:4;O2
466.32997	466.3303	.0003	LPC O-15:0	C23H50NO6P	[M-H]-	/resources/tools/chemdb_ontology?abbrev=LPC O-15:0
466.32997	466.3303	.0003	LPE O-18:0	C23H50NO6P	[M-H]-	/resources/tools/chemdb_ontology?abbrev=LPE O-18:0
466.32997	466.3294	.0005	ST 27:1;O6	C27H46O6	Neutral	/resources/tools/chemdb_ontology?abbrev=ST 27:1;O6
634.29544	634.2998	.0044	PS 23:3;O2	C29H50NO12P	[M-H]-	/resources/tools/chemdb_ontology?abbrev=PS 23:3;O2
534.30241	534.2958	.0066	LPG 20:3	C26H47O9P	Neutral	/resources/tools/chemdb_ontology?abbrev=LPG 20:3
534.30241	534.2958	.0066	PA 23:2;O	C26H47O9P	Neutral	/resources/tools/chemdb_ontology?abbrev=PA 23:2;O
677.42409	677.4188	.0053	PA 35:6	C38H63O8P	[M-H]-	/resources/tools/chemdb_ontology?abbrev=PA 35:6
677.42409	677.4319	.0078	PA O-33:3	C36H67O7P	[M+Cl]-	/resources/tools/chemdb_ontology?abbrev=PA O-33:3
677.42409	677.4268	.0027	PS 28:1	C34H64NO10P	Neutral	/resources/tools/chemdb_ontology?abbrev=PS 28:1
340.24917	340.2493	.0002	SPB 18:3;O2	C18H33NO2	[M+Formate]-	/resources/tools/chemdb_ontology?abbrev=SPB 18:3;O2
368.28815	368.2806	.0075	CAR 14:1	C21H39NO4	[M-H]-	/resources/tools/chemdb_ontology?abbrev=CAR 14:1
368.28815	368.2806	.0075	NAE 18:2	C20H37NO2	[M+Formate]-	/resources/tools/chemdb_ontology?abbrev=NAE 18:2
368.28815	368.2806	.0075	SPB 19:3;O2	C19H35NO2	[M+OAc]-	/resources/tools/chemdb_ontology?abbrev=SPB 19:3;O2
368.28815	368.2927	.0045	WE 22:2;O2	C22H40O4	Neutral	/resources/tools/chemdb_ontology?abbrev=WE 22:2;O2
367.28356	367.2854	.0018	WE 22:2;O2	C22H40O4	[M-H]-	/resources/tools/chemdb_ontology?abbrev=WE 22:2;O2
367.28356	367.2854	.0018	FA 21:2	C21H38O2	[M+Formate]-	/resources/tools/chemdb_ontology?abbrev=FA 21:2
367.28356	367.2854	.0018	FA 20:2	C20H36O2	[M+OAc]-	/resources/tools/chemdb_ontology?abbrev=FA 20:2
367.28356	367.2854	.0018	SFE 20:2	C20H36O2	[M+OAc]-	/resources/tools/chemdb_ontology?abbrev=SFE 20:2
367.28356	367.2854	.0018	WE 20:2	C20H36O2	[M+OAc]-	/resources/tools/chemdb_ontology?abbrev=WE 20:2
533.45463	533.4575	.0029	WE 32:3	C32H58O2	[M+OAc]-	/resources/tools/chemdb_ontology?abbrev=WE 32:3
467.19015	467.1971	.0069	LPA 18:3	C21H37O7P	[M+Cl]-	/resources/tools/chemdb_ontology?abbrev=LPA 18:3
770.49695	770.4978	.0008	PS 35:3	C41H74NO10P	[M-H]-	/resources/tools/chemdb_ontology?abbrev=PS 35:3
770.49695	770.4978	.0008	PC 32:4	C40H72NO8P	[M+Formate]-	/resources/tools/chemdb_ontology?abbrev=PC 32:4
770.49695	770.4978	.0008	PE 35:4	C40H72NO8P	[M+Formate]-	/resources/tools/chemdb_ontology?abbrev=PE 35:4
770.49695	770.4978	.0008	PC 31:4	C39H70NO8P	[M+OAc]-	/resources/tools/chemdb_ontology?abbrev=PC 31:4
770.49695	770.4978	.0008	PE 34:4	C39H70NO8P	[M+OAc]-	/resources/tools/chemdb_ontology?abbrev=PE 34:4
770.49695	770.4969	.0000	MGDG 36:8	C45H70O10	Neutral	/resources/tools/chemdb_ontology?abbrev=MGDG 36:8
770.49695	770.4887	.0083	PA 42:9	C45H71O8P	Neutral	/resources/tools/chemdb_ontology?abbrev=PA 42:9
459.19486	459.1920	.0028	PA 16:0	C19H37O8P	[M+Cl]-	/resources/tools/chemdb_ontology?abbrev=PA 16:0
389.21229	389.2100	.0023	FA 20:3;O3	C20H34O5	[M+Cl]-	/resources/tools/chemdb_ontology?abbrev=FA 20:3;O3
389.21229	389.2181	.0058	FA 18:2;O4	C18H32O6	[M+Formate]-	/resources/tools/chemdb_ontology?abbrev=FA 18:2;O4
441.26751	441.2623	.0052	LPA O-16:0	C19H41O6P	[M+Formate]-	/resources/tools/chemdb_ontology?abbrev=LPA O-16:0
441.26751	441.2635	.0040	PI 38:5	C47H81O13P	[M-2H]2-	/resources/tools/chemdb_ontology?abbrev=PI 38:5
391.20786	391.2126	.0048	FA 22:6;O4	C22H32O6	[M-H]-	/resources/tools/chemdb_ontology?abbrev=FA 22:6;O4
391.20786	391.2046	.0033	ST 23:4;O3	C23H32O3	[M+Cl]-	/resources/tools/chemdb_ontology?abbrev=ST 23:4;O3
391.20786	391.2126	.0048	ST 21:3;O4	C21H30O4	[M+Formate]-	/resources/tools/chemdb_ontology?abbrev=ST 21:3;O4
391.20786	391.2126	.0048	FA 20:6;O2	C20H28O4	[M+OAc]-	/resources/tools/chemdb_ontology?abbrev=FA 20:6;O2
627.44183	627.4508	.0089	CerPE 32:3;O2	C34H65N2O6P	[M-H]-	/resources/tools/chemdb_ontology?abbrev=CerPE 32:3;O2
641.49353	641.4917	.0018	DG 35:2	C38H70O5	[M+Cl]-	/resources/tools/chemdb_ontology?abbrev=DG 35:2
641.49353	641.4867	.0069	HexCer 30:2;O2	C36H67NO8	Neutral	/resources/tools/chemdb_ontology?abbrev=HexCer 30:2;O2
656.39524	656.3901	.0052	LPI 22:0	C31H61O12P	Neutral	/resources/tools/chemdb_ontology?abbrev=LPI 22:0
670.44725	670.4453	.0019	PE 31:3	C36H66NO8P	[M-H]-	/resources/tools/chemdb_ontology?abbrev=PE 31:3
301.2382	301.2384	.0002	FA 17:0;O2	C17H34O4	[M-H]-	/resources/tools/chemdb_ontology?abbrev=FA 17:0;O2
301.2382	301.2384	.0002	MG O-14:1;O	C17H34O4	[M-H]-	/resources/tools/chemdb_ontology?abbrev=MG O-14:1;O
301.2382	301.2384	.0002	FA 16:0	C16H32O2	[M+Formate]-	/resources/tools/chemdb_ontology?abbrev=FA 16:0
301.2382	301.2384	.0002	SFE 16:0	C16H32O2	[M+Formate]-	/resources/tools/chemdb_ontology?abbrev=SFE 16:0
301.2382	301.2384	.0002	WE 16:0	C16H32O2	[M+Formate]-	/resources/tools/chemdb_ontology?abbrev=WE 16:0
301.2382	301.2384	.0002	FA 15:0	C15H30O2	[M+OAc]-	/resources/tools/chemdb_ontology?abbrev=FA 15:0
301.2382	301.2384	.0002	SFE 15:0	C15H30O2	[M+OAc]-	/resources/tools/chemdb_ontology?abbrev=SFE 15:0
301.2382	301.2384	.0002	WE 15:0	C15H30O2	[M+OAc]-	/resources/tools/chemdb_ontology?abbrev=WE 15:0
323.22018	323.2228	.0026	FA 19:3;O2	C19H32O4	[M-H]-	/resources/tools/chemdb_ontology?abbrev=FA 19:3;O2
323.22018	323.2228	.0026	FA 18:3	C18H30O2	[M+Formate]-	/resources/tools/chemdb_ontology?abbrev=FA 18:3
323.22018	323.2228	.0026	SFE 18:3	C18H30O2	[M+Formate]-	/resources/tools/chemdb_ontology?abbrev=SFE 18:3
323.22018	323.2228	.0026	ST 18:0;O2	C18H30O2	[M+Formate]-	/resources/tools/chemdb_ontology?abbrev=ST 18:0;O2
323.22018	323.2228	.0026	FA 17:3	C17H28O2	[M+OAc]-	/resources/tools/chemdb_ontology?abbrev=FA 17:3
323.22018	323.2228	.0026	SFE 17:3	C17H28O2	[M+OAc]-	/resources/tools/chemdb_ontology?abbrev=SFE 17:3
599.44688	599.4448	.0021	DG 32:2	C35H64O5	[M+Cl]-	/resources/tools/chemdb_ontology?abbrev=DG 32:2
255.24293	255.2330	.0100	FA 16:0	C16H32O2	[M-H]-	/resources/tools/chemdb_ontology?abbrev=FA 16:0
255.24293	255.2330	.0100	SFE 16:0	C16H32O2	[M-H]-	/resources/tools/chemdb_ontology?abbrev=SFE 16:0
255.24293	255.2330	.0100	WE 16:0	C16H32O2	[M-H]-	/resources/tools/chemdb_ontology?abbrev=WE 16:0
255.23285	255.2330	.0001	FA 16:0	C16H32O2	[M-H]-	/resources/tools/chemdb_ontology?abbrev=FA 16:0
255.23285	255.2330	.0001	SFE 16:0	C16H32O2	[M-H]-	/resources/tools/chemdb_ontology?abbrev=SFE 16:0
255.23285	255.2330	.0001	WE 16:0	C16H32O2	[M-H]-	/resources/tools/chemdb_ontology?abbrev=WE 16:0
866.62993	866.6281	.0019	PC O-40:5	C48H88NO7P	[M+Formate]-	/resources/tools/chemdb_ontology?abbrev=PC O-40:5
866.62993	866.6281	.0019	PE O-42:5	C47H86NO7P	[M+OAc]-	/resources/tools/chemdb_ontology?abbrev=PE O-42:5
866.62993	866.6248	.0051	PI O-37:0	C46H91O12P	Neutral	/resources/tools/chemdb_ontology?abbrev=PI O-37:0
671.45041	671.4448	.0056	DG 38:8	C41H64O5	[M+Cl]-	/resources/tools/chemdb_ontology?abbrev=DG 38:8
671.45041	671.4526	.0022	PE 31:3	C36H66NO8P	Neutral	/resources/tools/chemdb_ontology?abbrev=PE 31:3
837.67617	837.6745	.0017	TG 48:2	C51H94O6	[M+Cl]-	/resources/tools/chemdb_ontology?abbrev=TG 48:2
1002.60431	1002.6136	.0093	MIPC 36:0;O4	C48H94NO18P	[M-H]-	/resources/tools/chemdb_ontology?abbrev=MIPC 36:0;O4
1002.60431	1002.6136	.0093	MIPC 34:0;O2	C46H90NO16P	[M+OAc]-	/resources/tools/chemdb_ontology?abbrev=MIPC 34:0;O2
256.23623	256.2402	.0040	FA 16:0	C16H32O2	Neutral	/resources/tools/chemdb_ontology?abbrev=FA 16:0
256.23623	256.2402	.0040	SFE 16:0	C16H32O2	Neutral	/resources/tools/chemdb_ontology?abbrev=SFE 16:0
256.23623	256.2402	.0040	WE 16:0	C16H32O2	Neutral	/resources/tools/chemdb_ontology?abbrev=WE 16:0
702.30258	702.3027	.0001	PS 24:2;O3	C30H54NO13P	[M+Cl]-	/resources/tools/chemdb_ontology?abbrev=PS 24:2;O3
461.21572	461.2181	.0024	ST 19:3;O2;GlcA	C25H34O8	[M-H]-	/resources/tools/chemdb_ontology?abbrev=ST 19:3;O2;GlcA
461.21572	461.2181	.0024	ST 25:5;O8	C25H34O8	[M-H]-	/resources/tools/chemdb_ontology?abbrev=ST 25:5;O8
461.21572	461.2181	.0024	ST 24:5;O6	C24H32O6	[M+Formate]-	/resources/tools/chemdb_ontology?abbrev=ST 24:5;O6
461.21572	461.2181	.0024	ST 23:5;O6	C23H30O6	[M+OAc]-	/resources/tools/chemdb_ontology?abbrev=ST 23:5;O6
477.34232	477.3505	.0082	FA 30:5	C30H50O2	[M+Cl]-	/resources/tools/chemdb_ontology?abbrev=FA 30:5
477.34232	477.3505	.0082	ST 30:2;O2	C30H50O2	[M+Cl]-	/resources/tools/chemdb_ontology?abbrev=ST 30:2;O2
477.34232	477.3428	.0005	CL 70:1	C79H152O17P2	[M-3H]3-	/resources/tools/chemdb_ontology?abbrev=CL 70:1
880.68172	880.6801	.0016	PC 44:3	C52H98NO8P	[M-CH3]-	/resources/tools/chemdb_ontology?abbrev=PC 44:3
867.63308	867.6275	.0056	TG 51:8	C54H88O6	[M+Cl]-	/resources/tools/chemdb_ontology?abbrev=TG 51:8
867.63308	867.6251	.0080	PG O-41:1	C47H93O9P	[M+Cl]-	/resources/tools/chemdb_ontology?abbrev=PG O-41:1
738.43438	738.4352	.0008	PS 33:5	C39H66NO10P	[M-H]-	/resources/tools/chemdb_ontology?abbrev=PS 33:5
738.43438	738.4319	.0024	PI 27:1	C36H67O13P	Neutral	/resources/tools/chemdb_ontology?abbrev=PI 27:1
437.20044	437.1948	.0057	FA 20:3;O6	C20H34O8	[M+Cl]-	/resources/tools/chemdb_ontology?abbrev=FA 20:3;O6
437.20044	437.2100	.0096	ST 24:4;O5	C24H34O5	[M+Cl]-	/resources/tools/chemdb_ontology?abbrev=ST 24:4;O5
1003.60701	1003.6048	.0022	PI 44:5	C53H93O13P	[M+Cl]-	/resources/tools/chemdb_ontology?abbrev=PI 44:5
439.19838	439.1893	.0091	ST 23:4;O6	C23H32O6	[M+Cl]-	/resources/tools/chemdb_ontology?abbrev=ST 23:4;O6
440.27383	440.2783	.0044	LPE O-15:0;O	C20H44NO7P	[M-H]-	/resources/tools/chemdb_ontology?abbrev=LPE O-15:0;O
440.27383	440.2783	.0044	SPBP 18:0;O2	C18H40NO5P	[M+OAc]-	/resources/tools/chemdb_ontology?abbrev=SPBP 18:0;O2
881.68488	881.6876	.0027	TG 51:6	C54H92O6	[M+Formate]-	/resources/tools/chemdb_ontology?abbrev=TG 51:6
881.68488	881.6876	.0027	TG 50:6	C53H90O6	[M+OAc]-	/resources/tools/chemdb_ontology?abbrev=TG 50:6
447.16369	447.1614	.0023	ST 21:2;O3;S	C21H32O6S	[M+Cl]-	/resources/tools/chemdb_ontology?abbrev=ST 21:2;O3;S
1077.86702	1077.8623	.0048	TG 66:8	C69H118O6	[M+Cl]-	/resources/tools/chemdb_ontology?abbrev=TG 66:8
725.38407	725.3883	.0042	PI 25:1;O	C34H63O14P	[M-H]-	/resources/tools/chemdb_ontology?abbrev=PI 25:1;O
725.38407	725.3883	.0042	PG 27:2;O2	C33H61O12P	[M+Formate]-	/resources/tools/chemdb_ontology?abbrev=PG 27:2;O2
660.41825	660.4246	.0064	PC 27:2;O	C35H66NO9P	[M-CH3]-	/resources/tools/chemdb_ontology?abbrev=PC 27:2;O
439.27068	439.2621	.0086	ST 25:2;O4	C25H40O4	[M+Cl]-	/resources/tools/chemdb_ontology?abbrev=ST 25:2;O4
439.27068	439.2701	.0005	MG 20:4;O	C23H38O5	[M+Formate]-	/resources/tools/chemdb_ontology?abbrev=MG 20:4;O
439.27068	439.2701	.0005	ST 23:1;O5	C23H38O5	[M+Formate]-	/resources/tools/chemdb_ontology?abbrev=ST 23:1;O5
439.27068	439.2701	.0005	FA 22:4;O3	C22H36O5	[M+OAc]-	/resources/tools/chemdb_ontology?abbrev=FA 22:4;O3
439.27068	439.2701	.0005	ST 22:1;O5	C22H36O5	[M+OAc]-	/resources/tools/chemdb_ontology?abbrev=ST 22:1;O5
439.27068	439.2699	.0008	LPC 12:0	C20H42NO7P	Neutral	/resources/tools/chemdb_ontology?abbrev=LPC 12:0
439.27068	439.2699	.0008	LPE 15:0	C20H42NO7P	Neutral	/resources/tools/chemdb_ontology?abbrev=LPE 15:0
439.27068	439.2699	.0008	LPE O-15:1;O	C20H42NO7P	Neutral	/resources/tools/chemdb_ontology?abbrev=LPE O-15:1;O
647.43474	647.4294	.0054	PA O-30:2	C33H63O7P	[M+Formate]-	/resources/tools/chemdb_ontology?abbrev=PA O-30:2
647.43474	647.4406	.0058	CerPE 30:2;O2	C32H63N2O6P	[M+Formate]-	/resources/tools/chemdb_ontology?abbrev=CerPE 30:2;O2
369.21302	369.2202	.0072	FA 21:4;O	C21H34O3	[M+Cl]-	/resources/tools/chemdb_ontology?abbrev=FA 21:4;O
369.21302	369.2202	.0072	ST 21:1;O3	C21H34O3	[M+Cl]-	/resources/tools/chemdb_ontology?abbrev=ST 21:1;O3
369.21302	369.2071	.0059	FA 22:8	C22H28O2	[M+Formate]-	/resources/tools/chemdb_ontology?abbrev=FA 22:8
369.21302	369.2136	.0006	PA 40:10	C43H65O8P	[M-2H]2-	/resources/tools/chemdb_ontology?abbrev=PA 40:10
369.21302	369.2165	.0035	PI 27:0	C36H69O13P	[M-2H]2-	/resources/tools/chemdb_ontology?abbrev=PI 27:0
646.36638	646.3726	.0062	PC 25:3;O2	C33H60NO10P	[M-CH3]-	/resources/tools/chemdb_ontology?abbrev=PC 25:3;O2
838.67924	838.6778	.0015	HexCer 43:2;O3	C49H93NO9	[M-H]-	/resources/tools/chemdb_ontology?abbrev=HexCer 43:2;O3
838.67924	838.6695	.0097	PC O-42:3	C50H96NO7P	[M-CH3]-	/resources/tools/chemdb_ontology?abbrev=PC O-42:3
693.42784	693.4268	.0011	PA 33:2	C36H67O8P	[M+Cl]-	/resources/tools/chemdb_ontology?abbrev=PA 33:2
584.29831	584.2994	.0011	LPE 22:6	C27H44NO7P	[M+OAc]-	/resources/tools/chemdb_ontology?abbrev=LPE 22:6
584.29831	584.2962	.0021	LPI 17:1	C26H49O12P	Neutral	/resources/tools/chemdb_ontology?abbrev=LPI 17:1
584.29831	584.2962	.0021	PG 20:1;O2	C26H49O12P	Neutral	/resources/tools/chemdb_ontology?abbrev=PG 20:1;O2
437.30913	437.3061	.0030	ST 27:5;O	C27H38O	[M+OAc]-	/resources/tools/chemdb_ontology?abbrev=ST 27:5;O
437.30913	437.3141	.0050	CAR 18:3;O	C25H43NO5	Neutral	/resources/tools/chemdb_ontology?abbrev=CAR 18:3;O
480.35922	480.3609	.0017	TG 61:13	C64H98O6	[M-2H]2-	/resources/tools/chemdb_ontology?abbrev=TG 61:13
452.32809	452.3267	.0014	LPA O-20:0	C23H49O6P	Neutral	/resources/tools/chemdb_ontology?abbrev=LPA O-20:0
702.46948	702.4716	.0021	PS O-31:2	C37H70NO9P	[M-H]-	/resources/tools/chemdb_ontology?abbrev=PS O-31:2
702.46948	702.4717	.0022	HexCer 32:3;O2	C38H69NO8	[M+Cl]-	/resources/tools/chemdb_ontology?abbrev=HexCer 32:3;O2
459.32625	459.3286	.0024	PI O-41:1	C50H97O12P	[M-2H]2-	/resources/tools/chemdb_ontology?abbrev=PI O-41:1
459.32625	459.3272	.0009	CL 66:0	C75H146O17P2	[M-3H]3-	/resources/tools/chemdb_ontology?abbrev=CL 66:0
696.46267	696.4610	.0017	PE 33:4	C38H68NO8P	[M-H]-	/resources/tools/chemdb_ontology?abbrev=PE 33:4
696.46267	696.4610	.0017	PC 31:4	C39H70NO8P	[M-CH3]-	/resources/tools/chemdb_ontology?abbrev=PC 31:4
451.32482	451.3194	.0054	LPA O-20:0	C23H49O6P	[M-H]-	/resources/tools/chemdb_ontology?abbrev=LPA O-20:0
579.34692	579.3539	.0069	ST 30:3;O7	C30H48O7	[M+OAc]-	/resources/tools/chemdb_ontology?abbrev=ST 30:3;O7
579.34692	579.3536	.0067	LPS 22:1	C28H54NO9P	Neutral	/resources/tools/chemdb_ontology?abbrev=LPS 22:1
579.34692	579.3536	.0067	PC 20:1;O	C28H54NO9P	Neutral	/resources/tools/chemdb_ontology?abbrev=PC 20:1;O
350.23923	350.2468	.0075	SPB 18:1;O3	C18H37NO3	[M+Cl]-	/resources/tools/chemdb_ontology?abbrev=SPB 18:1;O3
350.23923	350.2457	.0065	FA 21:4;O2	C21H34O4	Neutral	/resources/tools/chemdb_ontology?abbrev=FA 21:4;O2
350.23923	350.2457	.0065	ST 21:1;O4	C21H34O4	Neutral	/resources/tools/chemdb_ontology?abbrev=ST 21:1;O4
860.56479	860.5578	.0070	PC 38:4;O	C46H84NO9P	[M+Cl]-	/resources/tools/chemdb_ontology?abbrev=PC 38:4;O
860.56479	860.5578	.0070	PS O-40:4	C46H84NO9P	[M+Cl]-	/resources/tools/chemdb_ontology?abbrev=PS O-40:4
860.56479	860.5658	.0011	PS 38:2	C44H82NO10P	[M+Formate]-	/resources/tools/chemdb_ontology?abbrev=PS 38:2
860.56479	860.5658	.0011	PS 37:2	C43H80NO10P	[M+OAc]-	/resources/tools/chemdb_ontology?abbrev=PS 37:2
680.47611	680.4791	.0030	CerP 36:1;O2	C36H72NO6P	[M+Cl]-	/resources/tools/chemdb_ontology?abbrev=CerP 36:1;O2
680.47611	680.4781	.0020	PA O-36:5	C39H69O7P	Neutral	/resources/tools/chemdb_ontology?abbrev=PA O-36:5
585.48591	585.4888	.0029	FA 36:5	C36H62O2	[M+OAc]-	/resources/tools/chemdb_ontology?abbrev=FA 36:5
585.48591	585.4888	.0029	WE 36:5	C36H62O2	[M+OAc]-	/resources/tools/chemdb_ontology?abbrev=WE 36:5
747.50048	747.4970	.0034	PA 40:6	C43H73O8P	[M-H]-	/resources/tools/chemdb_ontology?abbrev=PA 40:6
747.50048	747.5101	.0096	PA O-38:3	C41H77O7P	[M+Cl]-	/resources/tools/chemdb_ontology?abbrev=PA O-38:3
747.50048	747.5050	.0046	PS 33:1	C39H74NO10P	Neutral	/resources/tools/chemdb_ontology?abbrev=PS 33:1
872.47672	872.4719	.0048	PS 40:10	C46H70NO10P	[M+Formate]-	/resources/tools/chemdb_ontology?abbrev=PS 40:10
872.47672	872.4863	.0096	TG 52:19;O3	C55H68O9	Neutral	/resources/tools/chemdb_ontology?abbrev=TG 52:19;O3
945.68008	945.6745	.0056	TG 57:11	C60H94O6	[M+Cl]-	/resources/tools/chemdb_ontology?abbrev=TG 57:11
945.68008	945.6801	.0001	PG 44:2	C50H95O10P	[M+OAc]-	/resources/tools/chemdb_ontology?abbrev=PG 44:2
282.25185	282.2564	.0046	FAHFA 36:0;O	C36H70O4	[M-2H]2-	/resources/tools/chemdb_ontology?abbrev=FAHFA 36:0;O
282.25185	282.2559	.0040	FA 18:1	C18H34O2	Neutral	/resources/tools/chemdb_ontology?abbrev=FA 18:1
282.25185	282.2559	.0040	SFE 18:1	C18H34O2	Neutral	/resources/tools/chemdb_ontology?abbrev=SFE 18:1
283.25493	283.2643	.0093	FA 18:0	C18H36O2	[M-H]-	/resources/tools/chemdb_ontology?abbrev=FA 18:0
283.25493	283.2643	.0093	SFE 18:0	C18H36O2	[M-H]-	/resources/tools/chemdb_ontology?abbrev=SFE 18:0
283.25493	283.2643	.0093	WE 18:0	C18H36O2	[M-H]-	/resources/tools/chemdb_ontology?abbrev=WE 18:0
283.25493	283.2537	.0012	CE 12:0	C39H68O2	[M-2H]2-	/resources/tools/chemdb_ontology?abbrev=CE 12:0
417.22328	417.2283	.0050	FA 22:7;O2	C22H30O4	[M+OAc]-	/resources/tools/chemdb_ontology?abbrev=FA 22:7;O2
417.22328	417.2283	.0050	ST 22:4;O4	C22H30O4	[M+OAc]-	/resources/tools/chemdb_ontology?abbrev=ST 22:4;O4
487.23132	487.2371	.0058	ST 24:1;O5;S	C24H40O8S	[M-H]-	/resources/tools/chemdb_ontology?abbrev=ST 24:1;O5;S
487.23132	487.2314	.0001	LPG 13:0	C19H39O9P	[M+Formate]-	/resources/tools/chemdb_ontology?abbrev=LPG 13:0
487.23132	487.2338	.0024	ST 26:6;O6	C26H34O6	[M+Formate]-	/resources/tools/chemdb_ontology?abbrev=ST 26:6;O6
487.23132	487.2314	.0001	LPG 12:0	C18H37O9P	[M+OAc]-	/resources/tools/chemdb_ontology?abbrev=LPG 12:0
282.26255	282.2559	.0067	FA 18:1	C18H34O2	Neutral	/resources/tools/chemdb_ontology?abbrev=FA 18:1
282.26255	282.2559	.0067	SFE 18:1	C18H34O2	Neutral	/resources/tools/chemdb_ontology?abbrev=SFE 18:1
915.72307	915.7214	.0017	TG 54:5	C57H100O6	[M+Cl]-	/resources/tools/chemdb_ontology?abbrev=TG 54:5
349.23589	349.2384	.0026	FA 21:4;O2	C21H34O4	[M-H]-	/resources/tools/chemdb_ontology?abbrev=FA 21:4;O2
349.23589	349.2384	.0026	ST 21:1;O4	C21H34O4	[M-H]-	/resources/tools/chemdb_ontology?abbrev=ST 21:1;O4
349.23589	349.2384	.0026	FA 20:4	C20H32O2	[M+Formate]-	/resources/tools/chemdb_ontology?abbrev=FA 20:4
349.23589	349.2384	.0026	ST 20:1;O2	C20H32O2	[M+Formate]-	/resources/tools/chemdb_ontology?abbrev=ST 20:1;O2
349.23589	349.2384	.0026	FA 19:4	C19H30O2	[M+OAc]-	/resources/tools/chemdb_ontology?abbrev=FA 19:4
349.23589	349.2384	.0026	ST 19:1;O2	C19H30O2	[M+OAc]-	/resources/tools/chemdb_ontology?abbrev=ST 19:1;O2
709.42976	709.4297	.0000	PG 28:1	C34H65O10P	[M+Formate]-	/resources/tools/chemdb_ontology?abbrev=PG 28:1
709.42976	709.4297	.0000	PG 27:1	C33H63O10P	[M+OAc]-	/resources/tools/chemdb_ontology?abbrev=PG 27:1
327.25383	327.2541	.0003	FA 19:1;O2	C19H36O4	[M-H]-	/resources/tools/chemdb_ontology?abbrev=FA 19:1;O2
327.25383	327.2541	.0003	FOH 19:2;O3	C19H36O4	[M-H]-	/resources/tools/chemdb_ontology?abbrev=FOH 19:2;O3
327.25383	327.2541	.0003	FA 18:1	C18H34O2	[M+Formate]-	/resources/tools/chemdb_ontology?abbrev=FA 18:1
327.25383	327.2541	.0003	SFE 18:1	C18H34O2	[M+Formate]-	/resources/tools/chemdb_ontology?abbrev=SFE 18:1
327.25383	327.2541	.0003	FA 17:1	C17H32O2	[M+OAc]-	/resources/tools/chemdb_ontology?abbrev=FA 17:1
327.25383	327.2541	.0003	SFE 17:1	C17H32O2	[M+OAc]-	/resources/tools/chemdb_ontology?abbrev=SFE 17:1
281.28551	281.2850	.0005	FA 38:0	C38H76O2	[M-2H]2-	/resources/tools/chemdb_ontology?abbrev=FA 38:0
281.28551	281.2850	.0005	WE 38:0	C38H76O2	[M-2H]2-	/resources/tools/chemdb_ontology?abbrev=WE 38:0
790.46538	790.4665	.0011	PS 37:7	C43H70NO10P	[M-H]-	/resources/tools/chemdb_ontology?abbrev=PS 37:7
790.46538	790.4665	.0011	PE 36:8	C41H66NO8P	[M+OAc]-	/resources/tools/chemdb_ontology?abbrev=PE 36:8
790.46538	790.4632	.0021	PI 31:3	C40H71O13P	Neutral	/resources/tools/chemdb_ontology?abbrev=PI 31:3
651.47812	651.4761	.0020	DG 36:4	C39H68O5	[M+Cl]-	/resources/tools/chemdb_ontology?abbrev=DG 36:4
427.17854	427.1796	.0011	ST 19:2;O2;S	C19H28O5S	[M+OAc]-	/resources/tools/chemdb_ontology?abbrev=ST 19:2;O2;S
427.17854	427.1739	.0047	PA 12:0	C15H29O8P	[M+OAc]-	/resources/tools/chemdb_ontology?abbrev=PA 12:0
714.44866	714.4482	.0004	LPS O-29:1;O	C35H70NO9P	[M+Cl]-	/resources/tools/chemdb_ontology?abbrev=LPS O-29:1;O
714.44866	714.4482	.0004	PS O-29:0	C35H70NO9P	[M+Cl]-	/resources/tools/chemdb_ontology?abbrev=PS O-29:0
714.44866	714.4472	.0015	PG 32:4	C38H67O10P	Neutral	/resources/tools/chemdb_ontology?abbrev=PG 32:4
768.45612	768.4588	.0027	PS 32:1	C38H72NO10P	[M+Cl]-	/resources/tools/chemdb_ontology?abbrev=PS 32:1
723.48172	723.4849	.0032	CerPE 35:2;O3	C37H73N2O7P	[M+Cl]-	/resources/tools/chemdb_ontology?abbrev=CerPE 35:2;O3
723.48172	723.4761	.0056	DG 42:10	C45H68O5	[M+Cl]-	/resources/tools/chemdb_ontology?abbrev=DG 42:10
723.48172	723.4737	.0080	PA 35:1	C38H73O8P	[M+Cl]-	/resources/tools/chemdb_ontology?abbrev=PA 35:1
723.48172	723.4818	.0001	PG O-30:1	C36H71O9P	[M+Formate]-	/resources/tools/chemdb_ontology?abbrev=PG O-30:1
723.48172	723.4818	.0001	PG O-29:1	C35H69O9P	[M+OAc]-	/resources/tools/chemdb_ontology?abbrev=PG O-29:1
723.48172	723.4788	.0029	CL 72:8	C81H142O17P2	[M-2H]2-	/resources/tools/chemdb_ontology?abbrev=CL 72:8
723.48172	723.4839	.0022	PC 32:5	C40H70NO8P	Neutral	/resources/tools/chemdb_ontology?abbrev=PC 32:5
723.48172	723.4839	.0022	PE 35:5	C40H70NO8P	Neutral	/resources/tools/chemdb_ontology?abbrev=PE 35:5
722.47853	722.4766	.0019	PE 35:5	C40H70NO8P	[M-H]-	/resources/tools/chemdb_ontology?abbrev=PE 35:5
722.47853	722.4766	.0019	PC 33:5	C41H72NO8P	[M-CH3]-	/resources/tools/chemdb_ontology?abbrev=PC 33:5
777.41563	777.4196	.0039	PG 30:4;O2	C36H63O12P	[M+OAc]-	/resources/tools/chemdb_ontology?abbrev=PG 30:4;O2
430.31733	430.3174	.0001	CAR 14:0	C21H41NO4	[M+OAc]-	/resources/tools/chemdb_ontology?abbrev=CAR 14:0
430.31733	430.3083	.0090	ST 27:3;O4	C27H42O4	Neutral	/resources/tools/chemdb_ontology?abbrev=ST 27:3;O4
430.31733	430.3083	.0090	ST 28:2;O4	C27H42O4	Neutral	/resources/tools/chemdb_ontology?abbrev=ST 28:2;O4
713.45257	713.4530	.0004	PG O-30:1	C36H71O9P	[M+Cl]-	/resources/tools/chemdb_ontology?abbrev=PG O-30:1
959.73172	959.7346	.0028	TG 57:9	C60H98O6	[M+Formate]-	/resources/tools/chemdb_ontology?abbrev=TG 57:9
959.73172	959.7346	.0028	TG 56:9	C59H96O6	[M+OAc]-	/resources/tools/chemdb_ontology?abbrev=TG 56:9
679.47302	679.4708	.0022	PA O-36:5	C39H69O7P	[M-H]-	/resources/tools/chemdb_ontology?abbrev=PA O-36:5
679.47302	679.4788	.0058	LPS O-29:1;O	C35H70NO9P	Neutral	/resources/tools/chemdb_ontology?abbrev=LPS O-29:1;O
679.47302	679.4788	.0058	PS O-29:0	C35H70NO9P	Neutral	/resources/tools/chemdb_ontology?abbrev=PS O-29:0
745.45913	745.4581	.0011	PA 37:4	C40H71O8P	[M+Cl]-	/resources/tools/chemdb_ontology?abbrev=PA 37:4
745.45913	745.4530	.0061	PC 30:4;O3	C38H68NO11P	Neutral	/resources/tools/chemdb_ontology?abbrev=PC 30:4;O3
357.27576	357.2799	.0042	FA 24:5	C24H38O2	[M-H]-	/resources/tools/chemdb_ontology?abbrev=FA 24:5
357.27576	357.2799	.0042	ST 24:2;O2	C24H38O2	[M-H]-	/resources/tools/chemdb_ontology?abbrev=ST 24:2;O2
357.27576	357.2787	.0030	PA O-38:1	C41H81O7P	[M-2H]2-	/resources/tools/chemdb_ontology?abbrev=PA O-38:1
946.68308	946.6754	.0077	PS 44:1	C50H96NO10P	[M+Formate]-	/resources/tools/chemdb_ontology?abbrev=PS 44:1
946.68308	946.6754	.0077	PS 43:1	C49H94NO10P	[M+OAc]-	/resources/tools/chemdb_ontology?abbrev=PS 43:1
699.4661	699.4761	.0100	DG 40:8	C43H68O5	[M+Cl]-	/resources/tools/chemdb_ontology?abbrev=DG 40:8
699.4661	699.4607	.0054	PA O-34:4	C37H67O7P	[M+Formate]-	/resources/tools/chemdb_ontology?abbrev=PA O-34:4
514.38914	514.3922	.0031	TG 66:14	C69H106O6	[M-2H]2-	/resources/tools/chemdb_ontology?abbrev=TG 66:14
466.34375	466.3453	.0015	TG 59:13	C62H94O6	[M-2H]2-	/resources/tools/chemdb_ontology?abbrev=TG 59:13
396.23117	396.2277	.0035	LPA 15:0	C18H37O7P	Neutral	/resources/tools/chemdb_ontology?abbrev=LPA 15:0
663.42851	663.4243	.0042	PG 28:1	C34H65O10P	[M-H]-	/resources/tools/chemdb_ontology?abbrev=PG 28:1
663.42851	663.4274	.0011	CerPE 32:3;O2	C34H65N2O6P	[M+Cl]-	/resources/tools/chemdb_ontology?abbrev=CerPE 32:3;O2
663.42851	663.4243	.0042	PA 30:1	C33H63O8P	[M+Formate]-	/resources/tools/chemdb_ontology?abbrev=PA 30:1
663.42851	663.4355	.0070	CerPE 30:2;O3	C32H63N2O7P	[M+Formate]-	/resources/tools/chemdb_ontology?abbrev=CerPE 30:2;O3
663.42851	663.4243	.0042	PA 29:1	C32H61O8P	[M+OAc]-	/resources/tools/chemdb_ontology?abbrev=PA 29:1
698.39751	698.4039	.0064	PS 30:4	C36H62NO10P	[M-H]-	/resources/tools/chemdb_ontology?abbrev=PS 30:4
698.39751	698.4006	.0031	PI 24:0	C33H63O13P	Neutral	/resources/tools/chemdb_ontology?abbrev=PI 24:0
791.46861	791.4657	.0029	PA 44:12	C47H69O8P	[M-H]-	/resources/tools/chemdb_ontology?abbrev=PA 44:12
791.46861	791.4716	.0030	PI 31:2	C40H73O13P	[M-H]-	/resources/tools/chemdb_ontology?abbrev=PI 31:2
791.46861	791.4635	.0051	PG 35:4	C41H73O10P	[M+Cl]-	/resources/tools/chemdb_ontology?abbrev=PG 35:4
791.46861	791.4737	.0051	PS 37:7	C43H70NO10P	Neutral	/resources/tools/chemdb_ontology?abbrev=PS 37:7
395.22859	395.2204	.0082	LPA 15:0	C18H37O7P	[M-H]-	/resources/tools/chemdb_ontology?abbrev=LPA 15:0
395.22859	395.2359	.0073	FA 23:5;O	C23H36O3	[M+Cl]-	/resources/tools/chemdb_ontology?abbrev=FA 23:5;O
395.22859	395.2292	.0006	PA 44:12	C47H69O8P	[M-2H]2-	/resources/tools/chemdb_ontology?abbrev=PA 44:12
395.22859	395.2322	.0036	PI 31:2	C40H73O13P	[M-2H]2-	/resources/tools/chemdb_ontology?abbrev=PI 31:2
701.46712	701.4763	.0092	PA O-34:3	C37H69O7P	[M+Formate]-	/resources/tools/chemdb_ontology?abbrev=PA O-34:3
701.46712	701.4763	.0092	PA O-33:3	C36H67O7P	[M+OAc]-	/resources/tools/chemdb_ontology?abbrev=PA O-33:3
631.47878	631.4821	.0033	CerPE 32:1;O2	C34H69N2O6P	[M-H]-	/resources/tools/chemdb_ontology?abbrev=CerPE 32:1;O2
631.47878	631.4708	.0080	PA O-32:1	C35H69O7P	[M-H]-	/resources/tools/chemdb_ontology?abbrev=PA O-32:1
631.47878	631.4821	.0033	SM 30:1;O2	C35H71N2O6P	[M-CH3]-	/resources/tools/chemdb_ontology?abbrev=SM 30:1;O2
680.43121	680.4297	.0015	PE 32:5	C37H64NO8P	[M-H]-	/resources/tools/chemdb_ontology?abbrev=PE 32:5
479.35596	479.3531	.0029	TG 61:14	C64H96O6	[M-2H]2-	/resources/tools/chemdb_ontology?abbrev=TG 61:14
935.71617	935.7134	.0027	TG 59:12	C62H96O6	[M-H]-	/resources/tools/chemdb_ontology?abbrev=TG 59:12
699.40063	699.4009	.0003	PG 28:1	C34H65O10P	[M+Cl]-	/resources/tools/chemdb_ontology?abbrev=PG 28:1
746.49669	746.4978	.0011	PS 33:1	C39H74NO10P	[M-H]-	/resources/tools/chemdb_ontology?abbrev=PS 33:1
746.49669	746.4978	.0011	PC 30:2	C38H72NO8P	[M+Formate]-	/resources/tools/chemdb_ontology?abbrev=PC 30:2
746.49669	746.4978	.0011	PE 33:2	C38H72NO8P	[M+Formate]-	/resources/tools/chemdb_ontology?abbrev=PE 33:2
746.49669	746.4978	.0011	PC 29:2	C37H70NO8P	[M+OAc]-	/resources/tools/chemdb_ontology?abbrev=PC 29:2
746.49669	746.4978	.0011	PE 32:2	C37H70NO8P	[M+OAc]-	/resources/tools/chemdb_ontology?abbrev=PE 32:2
746.49669	746.4969	.0002	MGDG 34:6	C43H70O10	Neutral	/resources/tools/chemdb_ontology?abbrev=MGDG 34:6
746.49669	746.4887	.0080	PA 40:7	C43H71O8P	Neutral	/resources/tools/chemdb_ontology?abbrev=PA 40:7
476.19931	476.2046	.0053	ST 19:4;O3;GlcA	C25H32O9	Neutral	/resources/tools/chemdb_ontology?abbrev=ST 19:4;O3;GlcA
710.43283	710.4250	.0078	PC 25:1;O2	C33H64NO10P	[M+Formate]-	/resources/tools/chemdb_ontology?abbrev=PC 25:1;O2
710.43283	710.4250	.0078	PS 27:0	C33H64NO10P	[M+Formate]-	/resources/tools/chemdb_ontology?abbrev=PS 27:0
710.43283	710.4250	.0078	PS 26:0	C32H62NO10P	[M+OAc]-	/resources/tools/chemdb_ontology?abbrev=PS 26:0
774.51914	774.5291	.0099	PS 35:1	C41H78NO10P	[M-H]-	/resources/tools/chemdb_ontology?abbrev=PS 35:1
774.51914	774.5210	.0019	PC O-34:4	C42H78NO7P	[M+Cl]-	/resources/tools/chemdb_ontology?abbrev=PC O-34:4
774.51914	774.5291	.0099	PC 32:2	C40H76NO8P	[M+Formate]-	/resources/tools/chemdb_ontology?abbrev=PC 32:2
774.51914	774.5291	.0099	PE 35:2	C40H76NO8P	[M+Formate]-	/resources/tools/chemdb_ontology?abbrev=PE 35:2
774.51914	774.5291	.0099	PC 31:2	C39H74NO8P	[M+OAc]-	/resources/tools/chemdb_ontology?abbrev=PC 31:2
774.51914	774.5291	.0099	PE 34:2	C39H74NO8P	[M+OAc]-	/resources/tools/chemdb_ontology?abbrev=PE 34:2
774.51914	774.5200	.0008	PA 42:7	C45H75O8P	Neutral	/resources/tools/chemdb_ontology?abbrev=PA 42:7
774.51914	774.5282	.0091	MGDG 36:6	C45H74O10	Neutral	/resources/tools/chemdb_ontology?abbrev=MGDG 36:6
898.49251	898.4876	.0049	PS 42:11	C48H72NO10P	[M+Formate]-	/resources/tools/chemdb_ontology?abbrev=PS 42:11
841.50305	841.5025	.0005	PG 42:10	C48H75O10P	[M-H]-	/resources/tools/chemdb_ontology?abbrev=PG 42:10
841.50305	841.5003	.0027	PI O-33:2	C42H79O12P	[M+Cl]-	/resources/tools/chemdb_ontology?abbrev=PI O-33:2
841.50305	841.5025	.0005	PA 44:10	C47H73O8P	[M+Formate]-	/resources/tools/chemdb_ontology?abbrev=PA 44:10
841.50305	841.5084	.0053	PI 31:0	C40H77O13P	[M+Formate]-	/resources/tools/chemdb_ontology?abbrev=PI 31:0
841.50305	841.5108	.0077	MGDG 38:9	C47H72O10	[M+Formate]-	/resources/tools/chemdb_ontology?abbrev=MGDG 38:9
841.50305	841.5084	.0053	PI 30:0	C39H75O13P	[M+OAc]-	/resources/tools/chemdb_ontology?abbrev=PI 30:0
871.47359	871.4791	.0055	TG 52:19;O3	C55H68O9	[M-H]-	/resources/tools/chemdb_ontology?abbrev=TG 52:19;O3
533.2915	533.2885	.0030	LPG 20:3	C26H47O9P	[M-H]-	/resources/tools/chemdb_ontology?abbrev=LPG 20:3
533.2915	533.2885	.0030	PA 23:2;O	C26H47O9P	[M-H]-	/resources/tools/chemdb_ontology?abbrev=PA 23:2;O
634.29555	634.2998	.0042	PS 23:3;O2	C29H50NO12P	[M-H]-	/resources/tools/chemdb_ontology?abbrev=PS 23:3;O2
506.31409	506.3043	.0098	CAR 22:6	C29H45NO4	[M+Cl]-	/resources/tools/chemdb_ontology?abbrev=CAR 22:6
773.5157	773.5127	.0030	PA 42:7	C45H75O8P	[M-H]-	/resources/tools/chemdb_ontology?abbrev=PA 42:7
773.5157	773.5209	.0052	MGDG 36:6	C45H74O10	[M-H]-	/resources/tools/chemdb_ontology?abbrev=MGDG 36:6
773.5157	773.5207	.0050	PS 35:2	C41H76NO10P	Neutral	/resources/tools/chemdb_ontology?abbrev=PS 35:2
340.24869	340.2493	.0006	SPB 18:3;O2	C18H33NO2	[M+Formate]-	/resources/tools/chemdb_ontology?abbrev=SPB 18:3;O2
505.31071	505.3171	.0064	ST 29:3;O7	C29H46O7	[M-H]-	/resources/tools/chemdb_ontology?abbrev=ST 29:3;O7
505.31071	505.3090	.0017	ST 30:4;O4	C30H46O4	[M+Cl]-	/resources/tools/chemdb_ontology?abbrev=ST 30:4;O4
505.31071	505.3171	.0064	ST 28:3;O5	C28H44O5	[M+Formate]-	/resources/tools/chemdb_ontology?abbrev=ST 28:3;O5
505.31071	505.3171	.0064	ST 27:3;O5	C27H42O5	[M+OAc]-	/resources/tools/chemdb_ontology?abbrev=ST 27:3;O5
505.31071	505.3168	.0061	LPC 17:2	C25H48NO7P	Neutral	/resources/tools/chemdb_ontology?abbrev=LPC 17:2
505.31071	505.3168	.0061	LPE 20:2	C25H48NO7P	Neutral	/resources/tools/chemdb_ontology?abbrev=LPE 20:2
465.3041	465.3044	.0003	ST 27:1;O;S	C27H46O4S	[M-H]-	/resources/tools/chemdb_ontology?abbrev=ST 27:1;O;S
465.3041	465.2987	.0054	LPA 20:0	C23H47O7P	[M-H]-	/resources/tools/chemdb_ontology?abbrev=LPA 20:0
465.3041	465.2988	.0053	WE 24:1;O4	C24H46O6	[M+Cl]-	/resources/tools/chemdb_ontology?abbrev=WE 24:1;O4
465.3041	465.3090	.0049	ST 24:1;O4;Gly	C26H43NO6	Neutral	/resources/tools/chemdb_ontology?abbrev=ST 24:1;O4;Gly
772.51224	772.5134	.0012	PS 35:2	C41H76NO10P	[M-H]-	/resources/tools/chemdb_ontology?abbrev=PS 35:2
772.51224	772.5053	.0069	PC O-34:5	C42H76NO7P	[M+Cl]-	/resources/tools/chemdb_ontology?abbrev=PC O-34:5
772.51224	772.5134	.0012	PC 32:3	C40H74NO8P	[M+Formate]-	/resources/tools/chemdb_ontology?abbrev=PC 32:3
772.51224	772.5134	.0012	PE 35:3	C40H74NO8P	[M+Formate]-	/resources/tools/chemdb_ontology?abbrev=PE 35:3
772.51224	772.5134	.0012	PC 31:3	C39H72NO8P	[M+OAc]-	/resources/tools/chemdb_ontology?abbrev=PC 31:3
772.51224	772.5134	.0012	PE 34:3	C39H72NO8P	[M+OAc]-	/resources/tools/chemdb_ontology?abbrev=PE 34:3
772.51224	772.5126	.0003	MGDG 36:7	C45H72O10	Neutral	/resources/tools/chemdb_ontology?abbrev=MGDG 36:7
772.51224	772.5043	.0079	PA 42:8	C45H73O8P	Neutral	/resources/tools/chemdb_ontology?abbrev=PA 42:8
599.44691	599.4448	.0021	DG 32:2	C35H64O5	[M+Cl]-	/resources/tools/chemdb_ontology?abbrev=DG 32:2
656.39534	656.3901	.0053	LPI 22:0	C31H61O12P	Neutral	/resources/tools/chemdb_ontology?abbrev=LPI 22:0
670.44755	670.4453	.0022	PE 31:3	C36H66NO8P	[M-H]-	/resources/tools/chemdb_ontology?abbrev=PE 31:3
670.44755	670.4574	.0098	PA 34:3	C37H67O8P	Neutral	/resources/tools/chemdb_ontology?abbrev=PA 34:3
459.32611	459.3286	.0025	PI O-41:1	C50H97O12P	[M-2H]2-	/resources/tools/chemdb_ontology?abbrev=PI O-41:1
459.32611	459.3272	.0011	CL 66:0	C75H146O17P2	[M-3H]3-	/resources/tools/chemdb_ontology?abbrev=CL 66:0
323.22042	323.2228	.0024	FA 19:3;O2	C19H32O4	[M-H]-	/resources/tools/chemdb_ontology?abbrev=FA 19:3;O2
323.22042	323.2228	.0024	FA 18:3	C18H30O2	[M+Formate]-	/resources/tools/chemdb_ontology?abbrev=FA 18:3
323.22042	323.2228	.0024	SFE 18:3	C18H30O2	[M+Formate]-	/resources/tools/chemdb_ontology?abbrev=SFE 18:3
323.22042	323.2228	.0024	ST 18:0;O2	C18H30O2	[M+Formate]-	/resources/tools/chemdb_ontology?abbrev=ST 18:0;O2
323.22042	323.2228	.0024	FA 17:3	C17H28O2	[M+OAc]-	/resources/tools/chemdb_ontology?abbrev=FA 17:3
323.22042	323.2228	.0024	SFE 17:3	C17H28O2	[M+OAc]-	/resources/tools/chemdb_ontology?abbrev=SFE 17:3
837.67553	837.6745	.0011	TG 48:2	C51H94O6	[M+Cl]-	/resources/tools/chemdb_ontology?abbrev=TG 48:2
887.65968	887.6615	.0019	PS 43:1	C49H94NO10P	Neutral	/resources/tools/chemdb_ontology?abbrev=PS 43:1
627.44171	627.4508	.0090	CerPE 32:3;O2	C34H65N2O6P	[M-H]-	/resources/tools/chemdb_ontology?abbrev=CerPE 32:3;O2
729.48993	729.4843	.0057	PG O-31:0	C37H75O9P	[M+Cl]-	/resources/tools/chemdb_ontology?abbrev=PG O-31:0
729.48993	729.4945	.0045	PS O-33:3	C39H72NO9P	Neutral	/resources/tools/chemdb_ontology?abbrev=PS O-33:3
389.21243	389.2100	.0024	FA 20:3;O3	C20H34O5	[M+Cl]-	/resources/tools/chemdb_ontology?abbrev=FA 20:3;O3
389.21243	389.2181	.0057	FA 18:2;O4	C18H32O6	[M+Formate]-	/resources/tools/chemdb_ontology?abbrev=FA 18:2;O4
391.20824	391.2126	.0044	FA 22:6;O4	C22H32O6	[M-H]-	/resources/tools/chemdb_ontology?abbrev=FA 22:6;O4
391.20824	391.2046	.0037	ST 23:4;O3	C23H32O3	[M+Cl]-	/resources/tools/chemdb_ontology?abbrev=ST 23:4;O3
391.20824	391.2126	.0044	ST 21:3;O4	C21H30O4	[M+Formate]-	/resources/tools/chemdb_ontology?abbrev=ST 21:3;O4
391.20824	391.2126	.0044	FA 20:6;O2	C20H28O4	[M+OAc]-	/resources/tools/chemdb_ontology?abbrev=FA 20:6;O2
437.2007	437.1948	.0059	FA 20:3;O6	C20H34O8	[M+Cl]-	/resources/tools/chemdb_ontology?abbrev=FA 20:3;O6
437.2007	437.2100	.0093	ST 24:4;O5	C24H34O5	[M+Cl]-	/resources/tools/chemdb_ontology?abbrev=ST 24:4;O5
460.32979	460.3199	.0099	CAR 18:1	C25H47NO4	[M+Cl]-	/resources/tools/chemdb_ontology?abbrev=CAR 18:1
460.32979	460.3280	.0018	CAR 16:0;O	C23H45NO5	[M+Formate]-	/resources/tools/chemdb_ontology?abbrev=CAR 16:0;O
671.45046	671.4448	.0057	DG 38:8	C41H64O5	[M+Cl]-	/resources/tools/chemdb_ontology?abbrev=DG 38:8
671.45046	671.4526	.0021	PE 31:3	C36H66NO8P	Neutral	/resources/tools/chemdb_ontology?abbrev=PE 31:3
627.27408	627.2707	.0034	PA 25:3;O3	C28H49O11P	[M+Cl]-	/resources/tools/chemdb_ontology?abbrev=PA 25:3;O3
627.27408	627.2787	.0046	LPI 17:2	C26H47O12P	[M+Formate]-	/resources/tools/chemdb_ontology?abbrev=LPI 17:2
721.29622	721.2973	.0011	PI 22:1;O	C30H55O15P	[M+Cl]-	/resources/tools/chemdb_ontology?abbrev=PI 22:1;O
677.42458	677.4188	.0058	PA 35:6	C38H63O8P	[M-H]-	/resources/tools/chemdb_ontology?abbrev=PA 35:6
677.42458	677.4319	.0073	PA O-33:3	C36H67O7P	[M+Cl]-	/resources/tools/chemdb_ontology?abbrev=PA O-33:3
677.42458	677.4268	.0022	PS 28:1	C34H64NO10P	Neutral	/resources/tools/chemdb_ontology?abbrev=PS 28:1
840.49984	840.5032	.0034	PS 37:5	C43H74NO10P	[M+Formate]-	/resources/tools/chemdb_ontology?abbrev=PS 37:5
840.49984	840.5032	.0034	PS 36:5	C42H72NO10P	[M+OAc]-	/resources/tools/chemdb_ontology?abbrev=PS 36:5
840.49984	840.4941	.0057	PG 42:11	C48H73O10P	Neutral	/resources/tools/chemdb_ontology?abbrev=PG 42:11
840.49984	840.5058	.0059	SQDG 38:6	C45H76O12S	Neutral	/resources/tools/chemdb_ontology?abbrev=SQDG 38:6
493.20485	493.2127	.0079	LPA 20:4	C23H39O7P	[M+Cl]-	/resources/tools/chemdb_ontology?abbrev=LPA 20:4
493.20485	493.2079	.0031	ST 18:3;O2;GlcA	C24H32O8	[M+Formate]-	/resources/tools/chemdb_ontology?abbrev=ST 18:3;O2;GlcA
858.54934	858.5421	.0072	PS O-40:5	C46H82NO9P	[M+Cl]-	/resources/tools/chemdb_ontology?abbrev=PS O-40:5
858.54934	858.5502	.0009	PS 38:3	C44H80NO10P	[M+Formate]-	/resources/tools/chemdb_ontology?abbrev=PS 38:3
858.54934	858.5502	.0009	PS 37:3	C43H78NO10P	[M+OAc]-	/resources/tools/chemdb_ontology?abbrev=PS 37:3
736.3459	736.3435	.0024	PI 25:4;O2	C34H57O15P	Neutral	/resources/tools/chemdb_ontology?abbrev=PI 25:4;O2
367.28408	367.2854	.0013	WE 22:2;O2	C22H40O4	[M-H]-	/resources/tools/chemdb_ontology?abbrev=WE 22:2;O2
367.28408	367.2854	.0013	FA 21:2	C21H38O2	[M+Formate]-	/resources/tools/chemdb_ontology?abbrev=FA 21:2
367.28408	367.2854	.0013	FA 20:2	C20H36O2	[M+OAc]-	/resources/tools/chemdb_ontology?abbrev=FA 20:2
367.28408	367.2854	.0013	SFE 20:2	C20H36O2	[M+OAc]-	/resources/tools/chemdb_ontology?abbrev=SFE 20:2
367.28408	367.2854	.0013	WE 20:2	C20H36O2	[M+OAc]-	/resources/tools/chemdb_ontology?abbrev=WE 20:2
415.22794	415.2257	.0023	FA 22:4;O3	C22H36O5	[M+Cl]-	/resources/tools/chemdb_ontology?abbrev=FA 22:4;O3
415.22794	415.2257	.0023	ST 22:1;O5	C22H36O5	[M+Cl]-	/resources/tools/chemdb_ontology?abbrev=ST 22:1;O5
415.22794	415.2338	.0058	FA 20:3;O4	C20H34O6	[M+Formate]-	/resources/tools/chemdb_ontology?abbrev=FA 20:3;O4
415.22794	415.2338	.0058	FA 19:3;O4	C19H32O6	[M+OAc]-	/resources/tools/chemdb_ontology?abbrev=FA 19:3;O4
724.59864	724.6006	.0019	DG 44:6	C47H80O5	Neutral	/resources/tools/chemdb_ontology?abbrev=DG 44:6
684.29648	684.2921	.0044	PS 24:3;O2	C30H52NO12P	[M+Cl]-	/resources/tools/chemdb_ontology?abbrev=PS 24:3;O2
486.22818	486.2262	.0019	PC 16:4	C24H40NO8P	[M-CH3]-	/resources/tools/chemdb_ontology?abbrev=PC 16:4
838.48446	838.4876	.0031	PS 37:6	C43H72NO10P	[M+Formate]-	/resources/tools/chemdb_ontology?abbrev=PS 37:6
838.48446	838.4876	.0031	PS 36:6	C42H70NO10P	[M+OAc]-	/resources/tools/chemdb_ontology?abbrev=PS 36:6
281.24853	281.2486	.0001	FA 18:1	C18H34O2	[M-H]-	/resources/tools/chemdb_ontology?abbrev=FA 18:1
281.24853	281.2486	.0001	SFE 18:1	C18H34O2	[M-H]-	/resources/tools/chemdb_ontology?abbrev=SFE 18:1
281.24853	281.2486	.0001	FAHFA 36:1;O	C36H68O4	[M-2H]2-	/resources/tools/chemdb_ontology?abbrev=FAHFA 36:1;O
281.24853	281.2486	.0001	TG 51:1	C54H102O6	[M-3H]3-	/resources/tools/chemdb_ontology?abbrev=TG 51:1
680.47656	680.4791	.0026	CerP 36:1;O2	C36H72NO6P	[M+Cl]-	/resources/tools/chemdb_ontology?abbrev=CerP 36:1;O2
680.47656	680.4781	.0015	PA O-36:5	C39H69O7P	Neutral	/resources/tools/chemdb_ontology?abbrev=PA O-36:5
729.45532	729.4501	.0052	PA 39:8	C42H67O8P	[M-H]-	/resources/tools/chemdb_ontology?abbrev=PA 39:8
729.45532	729.4479	.0074	PG 30:0	C36H71O10P	[M+Cl]-	/resources/tools/chemdb_ontology?abbrev=PG 30:0
729.45532	729.4581	.0028	PC 30:4;O2	C38H68NO10P	Neutral	/resources/tools/chemdb_ontology?abbrev=PC 30:4;O2
729.45532	729.4581	.0028	PS 32:3	C38H68NO10P	Neutral	/resources/tools/chemdb_ontology?abbrev=PS 32:3
771.50033	771.4970	.0033	PA 42:8	C45H73O8P	[M-H]-	/resources/tools/chemdb_ontology?abbrev=PA 42:8
771.50033	771.5053	.0050	MGDG 36:7	C45H72O10	[M-H]-	/resources/tools/chemdb_ontology?abbrev=MGDG 36:7
771.50033	771.4948	.0055	PG 33:0	C39H77O10P	[M+Cl]-	/resources/tools/chemdb_ontology?abbrev=PG 33:0
771.50033	771.5101	.0098	PA O-40:5	C43H77O7P	[M+Cl]-	/resources/tools/chemdb_ontology?abbrev=PA O-40:5
771.50033	771.5050	.0047	PS 35:3	C41H74NO10P	Neutral	/resources/tools/chemdb_ontology?abbrev=PS 35:3
770.4968	770.4978	.0010	PS 35:3	C41H74NO10P	[M-H]-	/resources/tools/chemdb_ontology?abbrev=PS 35:3
770.4968	770.4978	.0010	PC 32:4	C40H72NO8P	[M+Formate]-	/resources/tools/chemdb_ontology?abbrev=PC 32:4
770.4968	770.4978	.0010	PE 35:4	C40H72NO8P	[M+Formate]-	/resources/tools/chemdb_ontology?abbrev=PE 35:4
770.4968	770.4978	.0010	PC 31:4	C39H70NO8P	[M+OAc]-	/resources/tools/chemdb_ontology?abbrev=PC 31:4
770.4968	770.4978	.0010	PE 34:4	C39H70NO8P	[M+OAc]-	/resources/tools/chemdb_ontology?abbrev=PE 34:4
770.4968	770.4969	.0001	MGDG 36:8	C45H70O10	Neutral	/resources/tools/chemdb_ontology?abbrev=MGDG 36:8
770.4968	770.4887	.0081	PA 42:9	C45H71O8P	Neutral	/resources/tools/chemdb_ontology?abbrev=PA 42:9
403.30642	403.3065	.0001	FA 22:0;O4	C22H44O6	[M-H]-	/resources/tools/chemdb_ontology?abbrev=FA 22:0;O4
403.30642	403.2985	.0080	FA 23:1;O	C23H44O3	[M+Cl]-	/resources/tools/chemdb_ontology?abbrev=FA 23:1;O
403.30642	403.3065	.0001	MG 18:0	C21H42O4	[M+Formate]-	/resources/tools/chemdb_ontology?abbrev=MG 18:0
403.30642	403.3065	.0001	MG O-18:1;O	C21H42O4	[M+Formate]-	/resources/tools/chemdb_ontology?abbrev=MG O-18:1;O
403.30642	403.3065	.0001	FA 20:0;O2	C20H40O4	[M+OAc]-	/resources/tools/chemdb_ontology?abbrev=FA 20:0;O2
403.30642	403.3065	.0001	MG 17:0	C20H40O4	[M+OAc]-	/resources/tools/chemdb_ontology?abbrev=MG 17:0
403.30642	403.3065	.0001	MG O-17:1;O	C20H40O4	[M+OAc]-	/resources/tools/chemdb_ontology?abbrev=MG O-17:1;O
772.51231	772.5134	.0011	PS 35:2	C41H76NO10P	[M-H]-	/resources/tools/chemdb_ontology?abbrev=PS 35:2
772.51231	772.5053	.0070	PC O-34:5	C42H76NO7P	[M+Cl]-	/resources/tools/chemdb_ontology?abbrev=PC O-34:5
772.51231	772.5134	.0011	PC 32:3	C40H74NO8P	[M+Formate]-	/resources/tools/chemdb_ontology?abbrev=PC 32:3
772.51231	772.5134	.0011	PE 35:3	C40H74NO8P	[M+Formate]-	/resources/tools/chemdb_ontology?abbrev=PE 35:3
772.51231	772.5134	.0011	PC 31:3	C39H72NO8P	[M+OAc]-	/resources/tools/chemdb_ontology?abbrev=PC 31:3
772.51231	772.5134	.0011	PE 34:3	C39H72NO8P	[M+OAc]-	/resources/tools/chemdb_ontology?abbrev=PE 34:3
772.51231	772.5126	.0002	MGDG 36:7	C45H72O10	Neutral	/resources/tools/chemdb_ontology?abbrev=MGDG 36:7
772.51231	772.5043	.0080	PA 42:8	C45H73O8P	Neutral	/resources/tools/chemdb_ontology?abbrev=PA 42:8
773.51607	773.5127	.0034	PA 42:7	C45H75O8P	[M-H]-	/resources/tools/chemdb_ontology?abbrev=PA 42:7
773.51607	773.5209	.0049	MGDG 36:6	C45H74O10	[M-H]-	/resources/tools/chemdb_ontology?abbrev=MGDG 36:6
773.51607	773.5258	.0097	PA O-40:4	C43H79O7P	[M+Cl]-	/resources/tools/chemdb_ontology?abbrev=PA O-40:4
773.51607	773.5207	.0046	PS 35:2	C41H76NO10P	Neutral	/resources/tools/chemdb_ontology?abbrev=PS 35:2
443.22281	443.2206	.0022	FA 23:5;O4	C23H36O6	[M+Cl]-	/resources/tools/chemdb_ontology?abbrev=FA 23:5;O4
443.22281	443.2287	.0059	FA 20:4;O5	C20H32O7	[M+OAc]-	/resources/tools/chemdb_ontology?abbrev=FA 20:4;O5
430.31677	430.3174	.0006	CAR 14:0	C21H41NO4	[M+OAc]-	/resources/tools/chemdb_ontology?abbrev=CAR 14:0
430.31677	430.3083	.0085	ST 27:3;O4	C27H42O4	Neutral	/resources/tools/chemdb_ontology?abbrev=ST 27:3;O4
430.31677	430.3083	.0085	ST 28:2;O4	C27H42O4	Neutral	/resources/tools/chemdb_ontology?abbrev=ST 28:2;O4
651.47821	651.4761	.0021	DG 36:4	C39H68O5	[M+Cl]-	/resources/tools/chemdb_ontology?abbrev=DG 36:4
915.72315	915.7214	.0018	TG 54:5	C57H100O6	[M+Cl]-	/resources/tools/chemdb_ontology?abbrev=TG 54:5
473.26976	473.2756	.0059	FA 23:3;O5	C23H40O7	[M+Formate]-	/resources/tools/chemdb_ontology?abbrev=FA 23:3;O5
473.26976	473.2756	.0059	WE 22:3;O5	C22H38O7	[M+OAc]-	/resources/tools/chemdb_ontology?abbrev=WE 22:3;O5
451.32477	451.3194	.0054	LPA O-20:0	C23H49O6P	[M-H]-	/resources/tools/chemdb_ontology?abbrev=LPA O-20:0
774.51859	774.5210	.0024	PC O-34:4	C42H78NO7P	[M+Cl]-	/resources/tools/chemdb_ontology?abbrev=PC O-34:4
774.51859	774.5200	.0014	PA 42:7	C45H75O8P	Neutral	/resources/tools/chemdb_ontology?abbrev=PA 42:7
774.51859	774.5282	.0096	MGDG 36:6	C45H74O10	Neutral	/resources/tools/chemdb_ontology?abbrev=MGDG 36:6
349.23604	349.2384	.0024	FA 21:4;O2	C21H34O4	[M-H]-	/resources/tools/chemdb_ontology?abbrev=FA 21:4;O2
349.23604	349.2384	.0024	ST 21:1;O4	C21H34O4	[M-H]-	/resources/tools/chemdb_ontology?abbrev=ST 21:1;O4
349.23604	349.2384	.0024	FA 20:4	C20H32O2	[M+Formate]-	/resources/tools/chemdb_ontology?abbrev=FA 20:4
349.23604	349.2384	.0024	ST 20:1;O2	C20H32O2	[M+Formate]-	/resources/tools/chemdb_ontology?abbrev=ST 20:1;O2
349.23604	349.2384	.0024	FA 19:4	C19H30O2	[M+OAc]-	/resources/tools/chemdb_ontology?abbrev=FA 19:4
349.23604	349.2384	.0024	ST 19:1;O2	C19H30O2	[M+OAc]-	/resources/tools/chemdb_ontology?abbrev=ST 19:1;O2
487.23136	487.2371	.0058	ST 24:1;O5;S	C24H40O8S	[M-H]-	/resources/tools/chemdb_ontology?abbrev=ST 24:1;O5;S
487.23136	487.2314	.0000	LPG 13:0	C19H39O9P	[M+Formate]-	/resources/tools/chemdb_ontology?abbrev=LPG 13:0
487.23136	487.2338	.0024	ST 26:6;O6	C26H34O6	[M+Formate]-	/resources/tools/chemdb_ontology?abbrev=ST 26:6;O6
487.23136	487.2314	.0000	LPG 12:0	C18H37O9P	[M+OAc]-	/resources/tools/chemdb_ontology?abbrev=LPG 12:0
503.22637	503.2287	.0023	FA 27:9;O7	C27H36O9	[M-H]-	/resources/tools/chemdb_ontology?abbrev=FA 27:9;O7
503.22637	503.2182	.0081	LPG 15:1	C21H41O9P	[M+Cl]-	/resources/tools/chemdb_ontology?abbrev=LPG 15:1
503.22637	503.2287	.0023	FA 25:9;O5	C25H32O7	[M+OAc]-	/resources/tools/chemdb_ontology?abbrev=FA 25:9;O5
744.48151	744.4821	.0006	PS 33:2	C39H72NO10P	[M-H]-	/resources/tools/chemdb_ontology?abbrev=PS 33:2
744.48151	744.4821	.0006	PC 30:3	C38H70NO8P	[M+Formate]-	/resources/tools/chemdb_ontology?abbrev=PC 30:3
744.48151	744.4821	.0006	PE 33:3	C38H70NO8P	[M+Formate]-	/resources/tools/chemdb_ontology?abbrev=PE 33:3
744.48151	744.4821	.0006	PE 32:3	C37H68NO8P	[M+OAc]-	/resources/tools/chemdb_ontology?abbrev=PE 32:3
744.48151	744.4730	.0085	PA 40:8	C43H69O8P	Neutral	/resources/tools/chemdb_ontology?abbrev=PA 40:8
479.19399	479.1842	.0098	FA 25:9;O5	C25H32O7	[M+Cl]-	/resources/tools/chemdb_ontology?abbrev=FA 25:9;O5
679.47305	679.4708	.0022	PA O-36:5	C39H69O7P	[M-H]-	/resources/tools/chemdb_ontology?abbrev=PA O-36:5
679.47305	679.4788	.0058	LPS O-29:1;O	C35H70NO9P	Neutral	/resources/tools/chemdb_ontology?abbrev=LPS O-29:1;O
679.47305	679.4788	.0058	PS O-29:0	C35H70NO9P	Neutral	/resources/tools/chemdb_ontology?abbrev=PS O-29:0
417.22362	417.2283	.0047	FA 22:7;O2	C22H30O4	[M+OAc]-	/resources/tools/chemdb_ontology?abbrev=FA 22:7;O2
417.22362	417.2283	.0047	ST 22:4;O4	C22H30O4	[M+OAc]-	/resources/tools/chemdb_ontology?abbrev=ST 22:4;O4
585.48658	585.4888	.0023	FA 36:5	C36H62O2	[M+OAc]-	/resources/tools/chemdb_ontology?abbrev=FA 36:5
585.48658	585.4888	.0023	WE 36:5	C36H62O2	[M+OAc]-	/resources/tools/chemdb_ontology?abbrev=WE 36:5
709.42974	709.4297	.0000	PG 28:1	C34H65O10P	[M+Formate]-	/resources/tools/chemdb_ontology?abbrev=PG 28:1
709.42974	709.4297	.0000	PG 27:1	C33H63O10P	[M+OAc]-	/resources/tools/chemdb_ontology?abbrev=PG 27:1
722.47773	722.4766	.0011	PE 35:5	C40H70NO8P	[M-H]-	/resources/tools/chemdb_ontology?abbrev=PE 35:5
722.47773	722.4766	.0011	PC 33:5	C41H72NO8P	[M-CH3]-	/resources/tools/chemdb_ontology?abbrev=PC 33:5
923.50461	923.5056	.0010	CL 36:4	C45H82O15P2	[M-H]-	/resources/tools/chemdb_ontology?abbrev=CL 36:4
437.3091	437.3061	.0030	ST 27:5;O	C27H38O	[M+OAc]-	/resources/tools/chemdb_ontology?abbrev=ST 27:5;O
437.3091	437.3141	.0050	CAR 18:3;O	C25H43NO5	Neutral	/resources/tools/chemdb_ontology?abbrev=CAR 18:3;O
493.20643	493.2127	.0063	LPA 20:4	C23H39O7P	[M+Cl]-	/resources/tools/chemdb_ontology?abbrev=LPA 20:4
493.20643	493.2079	.0015	ST 18:3;O2;GlcA	C24H32O8	[M+Formate]-	/resources/tools/chemdb_ontology?abbrev=ST 18:3;O2;GlcA
505.35971	505.3535	.0062	ST 29:2;O4	C29H48O4	[M+Formate]-	/resources/tools/chemdb_ontology?abbrev=ST 29:2;O4
505.35971	505.3535	.0062	ST 28:2;O4	C28H46O4	[M+OAc]-	/resources/tools/chemdb_ontology?abbrev=ST 28:2;O4
505.35971	505.3532	.0065	CerP 26:1;O2	C26H52NO6P	Neutral	/resources/tools/chemdb_ontology?abbrev=CerP 26:1;O2
505.35971	505.3532	.0065	LPC O-18:2	C26H52NO6P	Neutral	/resources/tools/chemdb_ontology?abbrev=LPC O-18:2
459.32595	459.3286	.0027	PI O-41:1	C50H97O12P	[M-2H]2-	/resources/tools/chemdb_ontology?abbrev=PI O-41:1
459.32595	459.3272	.0012	CL 66:0	C75H146O17P2	[M-3H]3-	/resources/tools/chemdb_ontology?abbrev=CL 66:0
506.31396	506.3043	.0097	CAR 22:6	C29H45NO4	[M+Cl]-	/resources/tools/chemdb_ontology?abbrev=CAR 22:6
505.31058	505.3171	.0065	ST 29:3;O7	C29H46O7	[M-H]-	/resources/tools/chemdb_ontology?abbrev=ST 29:3;O7
505.31058	505.3090	.0016	ST 30:4;O4	C30H46O4	[M+Cl]-	/resources/tools/chemdb_ontology?abbrev=ST 30:4;O4
505.31058	505.3171	.0065	ST 28:3;O5	C28H44O5	[M+Formate]-	/resources/tools/chemdb_ontology?abbrev=ST 28:3;O5
505.31058	505.3171	.0065	ST 27:3;O5	C27H42O5	[M+OAc]-	/resources/tools/chemdb_ontology?abbrev=ST 27:3;O5
505.31058	505.3168	.0063	LPC 17:2	C25H48NO7P	Neutral	/resources/tools/chemdb_ontology?abbrev=LPC 17:2
505.31058	505.3168	.0063	LPE 20:2	C25H48NO7P	Neutral	/resources/tools/chemdb_ontology?abbrev=LPE 20:2
400.30634	400.3069	.0005	Cer 20:1;O2	C20H39NO3	[M+OAc]-	/resources/tools/chemdb_ontology?abbrev=Cer 20:1;O2
400.30634	400.2977	.0086	ST 26:3;O3	C26H40O3	Neutral	/resources/tools/chemdb_ontology?abbrev=ST 26:3;O3
423.32665	423.3247	.0020	MG O-20:0;O	C23H48O4	[M+Cl]-	/resources/tools/chemdb_ontology?abbrev=MG O-20:0;O
423.32665	423.3349	.0082	CAR 18:2	C25H45NO4	Neutral	/resources/tools/chemdb_ontology?abbrev=CAR 18:2
377.16446	377.1736	.0092	FA 18:3;O4	C18H30O6	[M+Cl]-	/resources/tools/chemdb_ontology?abbrev=FA 18:3;O4
626.3242	626.3311	.0069	PE 21:1;O2	C26H50NO10P	[M+OAc]-	/resources/tools/chemdb_ontology?abbrev=PE 21:1;O2
626.3242	626.3311	.0069	PS 20:0	C26H50NO10P	[M+OAc]-	/resources/tools/chemdb_ontology?abbrev=PS 20:0
520.30446	520.3045	.0000	PC 18:1	C26H50NO8P	[M-CH3]-	/resources/tools/chemdb_ontology?abbrev=PC 18:1
520.30446	520.3036	.0008	ST 29:4;O8	C29H44O8	Neutral	/resources/tools/chemdb_ontology?abbrev=ST 29:4;O8
506.2706	506.2702	.0004	ST 28:4;O3;S	C28H42O6S	Neutral	/resources/tools/chemdb_ontology?abbrev=ST 28:4;O3;S
506.2706	506.2645	.0061	LPG 18:3	C24H43O9P	Neutral	/resources/tools/chemdb_ontology?abbrev=LPG 18:3
705.37138	705.3621	.0093	PA 30:4;O3	C33H57O11P	[M+Formate]-	/resources/tools/chemdb_ontology?abbrev=PA 30:4;O3
627.27376	627.2707	.0031	PA 25:3;O3	C28H49O11P	[M+Cl]-	/resources/tools/chemdb_ontology?abbrev=PA 25:3;O3
627.27376	627.2787	.0050	LPI 17:2	C26H47O12P	[M+Formate]-	/resources/tools/chemdb_ontology?abbrev=LPI 17:2
728.48617	728.4872	.0010	PS O-33:3	C39H72NO9P	[M-H]-	/resources/tools/chemdb_ontology?abbrev=PS O-33:3
754.50172	754.5029	.0011	PE O-34:5	C39H70NO7P	[M+OAc]-	/resources/tools/chemdb_ontology?abbrev=PE O-34:5
754.50172	754.4996	.0021	PI O-29:0	C38H75O12P	Neutral	/resources/tools/chemdb_ontology?abbrev=PI O-29:0
528.3077	528.3096	.0019	LPE 22:4	C27H48NO7P	[M-H]-	/resources/tools/chemdb_ontology?abbrev=LPE 22:4
528.3077	528.3001	.0076	ST 24:1;O2;Tau	C26H45NO5S	[M+Formate]-	/resources/tools/chemdb_ontology?abbrev=ST 24:1;O2;Tau
527.30448	527.3048	.0003	ST 27:1;O2;S	C27H46O5S	[M+Formate]-	/resources/tools/chemdb_ontology?abbrev=ST 27:1;O2;S
527.30448	527.2991	.0054	LPG O-16:1	C22H45O8P	[M+OAc]-	/resources/tools/chemdb_ontology?abbrev=LPG O-16:1
527.30448	527.3012	.0033	LPE 22:5	C27H46NO7P	Neutral	/resources/tools/chemdb_ontology?abbrev=LPE 22:5
354.26453	354.2650	.0005	SPB 19:3;O2	C19H35NO2	[M+Formate]-	/resources/tools/chemdb_ontology?abbrev=SPB 19:3;O2
354.26453	354.2650	.0005	SPB 18:3;O2	C18H33NO2	[M+OAc]-	/resources/tools/chemdb_ontology?abbrev=SPB 18:3;O2
354.26453	354.2559	.0086	FA 24:7	C24H34O2	Neutral	/resources/tools/chemdb_ontology?abbrev=FA 24:7
354.26453	354.2559	.0086	ST 24:4;O2	C24H34O2	Neutral	/resources/tools/chemdb_ontology?abbrev=ST 24:4;O2
915.59775	915.5968	.0009	PI 40:3	C49H89O13P	[M-H]-	/resources/tools/chemdb_ontology?abbrev=PI 40:3
915.59775	915.5887	.0090	PG 44:5	C50H89O10P	[M+Cl]-	/resources/tools/chemdb_ontology?abbrev=PG 44:5
915.59775	915.5992	.0014	TG 51:12;O2	C54H80O8	[M+OAc]-	/resources/tools/chemdb_ontology?abbrev=TG 51:12;O2
901.48595	901.4873	.0013	PI 40:10	C49H75O13P	[M-H]-	/resources/tools/chemdb_ontology?abbrev=PI 40:10
901.48595	901.4792	.0068	PG 44:12	C50H75O10P	[M+Cl]-	/resources/tools/chemdb_ontology?abbrev=PG 44:12
730.50221	730.5029	.0006	PS O-33:2	C39H74NO9P	[M-H]-	/resources/tools/chemdb_ontology?abbrev=PS O-33:2
730.50221	730.5029	.0006	PE O-33:3	C38H72NO7P	[M+Formate]-	/resources/tools/chemdb_ontology?abbrev=PE O-33:3
730.50221	730.5111	.0089	HexCer 32:2;O3	C38H71NO9	[M+Formate]-	/resources/tools/chemdb_ontology?abbrev=HexCer 32:2;O3
754.50212	754.5029	.0007	PE O-34:5	C39H70NO7P	[M+OAc]-	/resources/tools/chemdb_ontology?abbrev=PE O-34:5
754.50212	754.4996	.0025	PI O-29:0	C38H75O12P	Neutral	/resources/tools/chemdb_ontology?abbrev=PI O-29:0
581.36977	581.3614	.0083	ST 27:2;O;Hex	C33H54O6	[M+Cl]-	/resources/tools/chemdb_ontology?abbrev=ST 27:2;O;Hex
581.36977	581.3693	.0005	LPS 22:0	C28H56NO9P	Neutral	/resources/tools/chemdb_ontology?abbrev=LPS 22:0
826.46545	826.4665	.0010	PS 40:10	C46H70NO10P	[M-H]-	/resources/tools/chemdb_ontology?abbrev=PS 40:10
826.46545	826.4632	.0022	PI 34:6	C43H71O13P	Neutral	/resources/tools/chemdb_ontology?abbrev=PI 34:6
626.32434	626.3311	.0068	PE 21:1;O2	C26H50NO10P	[M+OAc]-	/resources/tools/chemdb_ontology?abbrev=PE 21:1;O2
626.32434	626.3311	.0068	PS 20:0	C26H50NO10P	[M+OAc]-	/resources/tools/chemdb_ontology?abbrev=PS 20:0
456.27369	456.2732	.0005	SPBP 18:0;O3	C18H40NO6P	[M+OAc]-	/resources/tools/chemdb_ontology?abbrev=SPBP 18:0;O3
400.30606	400.3069	.0008	Cer 20:1;O2	C20H39NO3	[M+OAc]-	/resources/tools/chemdb_ontology?abbrev=Cer 20:1;O2
400.30606	400.2977	.0083	ST 26:3;O3	C26H40O3	Neutral	/resources/tools/chemdb_ontology?abbrev=ST 26:3;O3
619.46848	619.4708	.0023	PA O-31:0	C34H69O7P	[M-H]-	/resources/tools/chemdb_ontology?abbrev=PA O-31:0
627.27369	627.2707	.0030	PA 25:3;O3	C28H49O11P	[M+Cl]-	/resources/tools/chemdb_ontology?abbrev=PA 25:3;O3
627.27369	627.2787	.0050	LPI 17:2	C26H47O12P	[M+Formate]-	/resources/tools/chemdb_ontology?abbrev=LPI 17:2
457.277	457.2726	.0044	ST 25:1;O5	C25H42O5	[M+Cl]-	/resources/tools/chemdb_ontology?abbrev=ST 25:1;O5
461.32898	461.3273	.0017	ST 28:2;O5	C28H46O5	[M-H]-	/resources/tools/chemdb_ontology?abbrev=ST 28:2;O5
461.32898	461.3192	.0098	ST 29:3;O2	C29H46O2	[M+Cl]-	/resources/tools/chemdb_ontology?abbrev=ST 29:3;O2
461.32898	461.3273	.0017	ST 27:2;O3	C27H44O3	[M+Formate]-	/resources/tools/chemdb_ontology?abbrev=ST 27:2;O3
461.32898	461.3273	.0017	FA 26:5;O	C26H42O3	[M+OAc]-	/resources/tools/chemdb_ontology?abbrev=FA 26:5;O
461.32898	461.3273	.0017	ST 26:2;O3	C26H42O3	[M+OAc]-	/resources/tools/chemdb_ontology?abbrev=ST 26:2;O3
384.31163	384.3119	.0003	NAE 18:1	C20H39NO2	[M+OAc]-	/resources/tools/chemdb_ontology?abbrev=NAE 18:1
384.31163	384.3140	.0023	TG 46:4	C49H86O6	[M-2H]2-	/resources/tools/chemdb_ontology?abbrev=TG 46:4
384.31163	384.3078	.0038	SM 39:2;O2	C44H87N2O6P	[M-2H]2-	/resources/tools/chemdb_ontology?abbrev=SM 39:2;O2
384.31163	384.3028	.0088	FA 26:6	C26H40O2	Neutral	/resources/tools/chemdb_ontology?abbrev=FA 26:6
770.49715	770.4978	.0006	PS 35:3	C41H74NO10P	[M-H]-	/resources/tools/chemdb_ontology?abbrev=PS 35:3
770.49715	770.4978	.0006	PC 32:4	C40H72NO8P	[M+Formate]-	/resources/tools/chemdb_ontology?abbrev=PC 32:4
770.49715	770.4978	.0006	PE 35:4	C40H72NO8P	[M+Formate]-	/resources/tools/chemdb_ontology?abbrev=PE 35:4
770.49715	770.4978	.0006	PC 31:4	C39H70NO8P	[M+OAc]-	/resources/tools/chemdb_ontology?abbrev=PC 31:4
770.49715	770.4978	.0006	PE 34:4	C39H70NO8P	[M+OAc]-	/resources/tools/chemdb_ontology?abbrev=PE 34:4
770.49715	770.4969	.0002	MGDG 36:8	C45H70O10	Neutral	/resources/tools/chemdb_ontology?abbrev=MGDG 36:8
770.49715	770.4887	.0085	PA 42:9	C45H71O8P	Neutral	/resources/tools/chemdb_ontology?abbrev=PA 42:9
515.33762	515.3378	.0002	ST 30:4;O4	C30H46O4	[M+Formate]-	/resources/tools/chemdb_ontology?abbrev=ST 30:4;O4
515.33762	515.3378	.0002	ST 29:4;O4	C29H44O4	[M+OAc]-	/resources/tools/chemdb_ontology?abbrev=ST 29:4;O4
443.24697	443.2439	.0030	ST 24:5;O4	C24H32O4	[M+OAc]-	/resources/tools/chemdb_ontology?abbrev=ST 24:5;O4
443.24697	443.2515	.0046	TG 53:18;O3	C56H72O9	[M-2H]2-	/resources/tools/chemdb_ontology?abbrev=TG 53:18;O3
756.51749	756.5185	.0010	PS O-35:3	C41H76NO9P	[M-H]-	/resources/tools/chemdb_ontology?abbrev=PS O-35:3
756.51749	756.5185	.0010	PE O-34:4	C39H72NO7P	[M+OAc]-	/resources/tools/chemdb_ontology?abbrev=PE O-34:4
564.34348	564.3427	.0008	LPG 22:2	C28H53O9P	Neutral	/resources/tools/chemdb_ontology?abbrev=LPG 22:2
564.34348	564.3427	.0008	PA 25:1;O	C28H53O9P	Neutral	/resources/tools/chemdb_ontology?abbrev=PA 25:1;O
354.26479	354.2650	.0002	SPB 19:3;O2	C19H35NO2	[M+Formate]-	/resources/tools/chemdb_ontology?abbrev=SPB 19:3;O2
354.26479	354.2650	.0002	SPB 18:3;O2	C18H33NO2	[M+OAc]-	/resources/tools/chemdb_ontology?abbrev=SPB 18:3;O2
354.26479	354.2559	.0089	FA 24:7	C24H34O2	Neutral	/resources/tools/chemdb_ontology?abbrev=FA 24:7
354.26479	354.2559	.0089	ST 24:4;O2	C24H34O2	Neutral	/resources/tools/chemdb_ontology?abbrev=ST 24:4;O2
527.30455	527.3048	.0003	ST 27:1;O2;S	C27H46O5S	[M+Formate]-	/resources/tools/chemdb_ontology?abbrev=ST 27:1;O2;S
527.30455	527.2991	.0055	LPG O-16:1	C22H45O8P	[M+OAc]-	/resources/tools/chemdb_ontology?abbrev=LPG O-16:1
527.30455	527.3012	.0034	LPE 22:5	C27H46NO7P	Neutral	/resources/tools/chemdb_ontology?abbrev=LPE 22:5
730.5018	730.5029	.0011	PS O-33:2	C39H74NO9P	[M-H]-	/resources/tools/chemdb_ontology?abbrev=PS O-33:2
730.5018	730.5029	.0011	PE O-33:3	C38H72NO7P	[M+Formate]-	/resources/tools/chemdb_ontology?abbrev=PE O-33:3
730.5018	730.5111	.0093	HexCer 32:2;O3	C38H71NO9	[M+Formate]-	/resources/tools/chemdb_ontology?abbrev=HexCer 32:2;O3
406.27701	406.2730	.0040	CAR 14:0	C21H41NO4	[M+Cl]-	/resources/tools/chemdb_ontology?abbrev=CAR 14:0
406.27701	406.2789	.0019	PG 39:3	C45H83O10P	[M-2H]2-	/resources/tools/chemdb_ontology?abbrev=PG 39:3
406.27701	406.2719	.0051	ST 24:2;O5	C24H38O5	Neutral	/resources/tools/chemdb_ontology?abbrev=ST 24:2;O5
386.31011	386.3185	.0084	FA 26:5	C26H42O2	Neutral	/resources/tools/chemdb_ontology?abbrev=FA 26:5
407.28037	407.2803	.0001	ST 24:1;O5	C24H40O5	[M-H]-	/resources/tools/chemdb_ontology?abbrev=ST 24:1;O5
407.28037	407.2722	.0081	FA 25:5	C25H40O2	[M+Cl]-	/resources/tools/chemdb_ontology?abbrev=FA 25:5
407.28037	407.2803	.0001	MG O-20:5	C23H38O3	[M+Formate]-	/resources/tools/chemdb_ontology?abbrev=MG O-20:5
407.28037	407.2803	.0001	ST 23:1;O3	C23H38O3	[M+Formate]-	/resources/tools/chemdb_ontology?abbrev=ST 23:1;O3
407.28037	407.2803	.0001	FA 22:4;O	C22H36O3	[M+OAc]-	/resources/tools/chemdb_ontology?abbrev=FA 22:4;O
407.28037	407.2803	.0001	ST 22:1;O3	C22H36O3	[M+OAc]-	/resources/tools/chemdb_ontology?abbrev=ST 22:1;O3
731.50566	731.5021	.0035	PA O-40:7	C43H73O7P	[M-H]-	/resources/tools/chemdb_ontology?abbrev=PA O-40:7
731.50566	731.4981	.0076	CerPE 34:3;O3	C36H69N2O7P	[M+OAc]-	/resources/tools/chemdb_ontology?abbrev=CerPE 34:3;O3
731.50566	731.5101	.0045	PS O-33:2	C39H74NO9P	Neutral	/resources/tools/chemdb_ontology?abbrev=PS O-33:2
402.29676	402.2946	.0022	PG 38:0	C44H87O10P	[M-2H]2-	/resources/tools/chemdb_ontology?abbrev=PG 38:0
402.29676	402.2981	.0014	WE 22:1;O4	C22H42O6	Neutral	/resources/tools/chemdb_ontology?abbrev=WE 22:1;O4
385.30682	385.3112	.0044	FA 26:5	C26H42O2	[M-H]-	/resources/tools/chemdb_ontology?abbrev=FA 26:5
385.30682	385.3100	.0032	PA O-42:1	C45H89O7P	[M-2H]2-	/resources/tools/chemdb_ontology?abbrev=PA O-42:1
375.27824	375.2752	.0030	MG 16:0	C19H38O4	[M+Formate]-	/resources/tools/chemdb_ontology?abbrev=MG 16:0
375.27824	375.2752	.0030	MG O-16:1;O	C19H38O4	[M+Formate]-	/resources/tools/chemdb_ontology?abbrev=MG O-16:1;O
375.27824	375.2752	.0030	FA 18:0;O2	C18H36O4	[M+OAc]-	/resources/tools/chemdb_ontology?abbrev=FA 18:0;O2
375.27824	375.2752	.0030	MG O-15:1;O	C18H36O4	[M+OAc]-	/resources/tools/chemdb_ontology?abbrev=MG O-15:1;O
541.31979	541.3147	.0051	LPG O-18:1	C24H49O8P	[M+Formate]-	/resources/tools/chemdb_ontology?abbrev=LPG O-18:1
541.31979	541.3205	.0007	ST 27:1;O2;S	C27H46O5S	[M+OAc]-	/resources/tools/chemdb_ontology?abbrev=ST 27:1;O2;S
541.31979	541.3168	.0030	LPC 20:5	C28H48NO7P	Neutral	/resources/tools/chemdb_ontology?abbrev=LPC 20:5
385.34993	385.3476	.0023	ST 27:1;O	C27H46O	[M-H]-	/resources/tools/chemdb_ontology?abbrev=ST 27:1;O
461.32649	461.3273	.0008	ST 28:2;O5	C28H46O5	[M-H]-	/resources/tools/chemdb_ontology?abbrev=ST 28:2;O5
461.32649	461.3192	.0073	ST 29:3;O2	C29H46O2	[M+Cl]-	/resources/tools/chemdb_ontology?abbrev=ST 29:3;O2
461.32649	461.3273	.0008	ST 27:2;O3	C27H44O3	[M+Formate]-	/resources/tools/chemdb_ontology?abbrev=ST 27:2;O3
461.32649	461.3273	.0008	FA 26:5;O	C26H42O3	[M+OAc]-	/resources/tools/chemdb_ontology?abbrev=FA 26:5;O
461.32649	461.3273	.0008	ST 26:2;O3	C26H42O3	[M+OAc]-	/resources/tools/chemdb_ontology?abbrev=ST 26:2;O3
409.31058	409.3112	.0006	FA 28:7	C28H42O2	[M-H]-	/resources/tools/chemdb_ontology?abbrev=FA 28:7
409.31058	409.3090	.0016	MG O-19:0;O	C22H46O4	[M+Cl]-	/resources/tools/chemdb_ontology?abbrev=MG O-19:0;O
728.48667	728.4872	.0005	PS O-33:3	C39H72NO9P	[M-H]-	/resources/tools/chemdb_ontology?abbrev=PS O-33:3
506.33514	506.3252	.0099	LPC 17:1	C25H50NO7P	[M-H]-	/resources/tools/chemdb_ontology?abbrev=LPC 17:1
506.33514	506.3252	.0099	LPE 20:1	C25H50NO7P	[M-H]-	/resources/tools/chemdb_ontology?abbrev=LPE 20:1
506.33514	506.3252	.0099	PC O-18:1	C26H52NO7P	[M-CH3]-	/resources/tools/chemdb_ontology?abbrev=PC O-18:1
456.27385	456.2732	.0007	SPBP 18:0;O3	C18H40NO6P	[M+OAc]-	/resources/tools/chemdb_ontology?abbrev=SPBP 18:0;O3
626.32413	626.3311	.0070	PE 21:1;O2	C26H50NO10P	[M+OAc]-	/resources/tools/chemdb_ontology?abbrev=PE 21:1;O2
626.32413	626.3311	.0070	PS 20:0	C26H50NO10P	[M+OAc]-	/resources/tools/chemdb_ontology?abbrev=PS 20:0
452.32792	452.3267	.0012	LPA O-20:0	C23H49O6P	Neutral	/resources/tools/chemdb_ontology?abbrev=LPA O-20:0
351.25142	351.2541	.0027	FA 21:3;O2	C21H36O4	[M-H]-	/resources/tools/chemdb_ontology?abbrev=FA 21:3;O2
351.25142	351.2541	.0027	FA 20:3	C20H34O2	[M+Formate]-	/resources/tools/chemdb_ontology?abbrev=FA 20:3
351.25142	351.2541	.0027	SFE 20:3	C20H34O2	[M+Formate]-	/resources/tools/chemdb_ontology?abbrev=SFE 20:3
351.25142	351.2541	.0027	WE 20:3	C20H34O2	[M+Formate]-	/resources/tools/chemdb_ontology?abbrev=WE 20:3
351.25142	351.2541	.0027	FA 19:3	C19H32O2	[M+OAc]-	/resources/tools/chemdb_ontology?abbrev=FA 19:3
351.25142	351.2541	.0027	SFE 19:3	C19H32O2	[M+OAc]-	/resources/tools/chemdb_ontology?abbrev=SFE 19:3
351.25142	351.2541	.0027	ST 19:0;O2	C19H32O2	[M+OAc]-	/resources/tools/chemdb_ontology?abbrev=ST 19:0;O2
495.22159	495.2284	.0068	LPA 20:3	C23H41O7P	[M+Cl]-	/resources/tools/chemdb_ontology?abbrev=LPA 20:3
824.50479	824.5003	.0045	PC 37:7	C45H76NO8P	[M+Cl]-	/resources/tools/chemdb_ontology?abbrev=PC 37:7
824.50479	824.5003	.0045	PE 40:7	C45H76NO8P	[M+Cl]-	/resources/tools/chemdb_ontology?abbrev=PE 40:7
824.50479	824.5083	.0035	PE 38:6;O	C43H74NO9P	[M+Formate]-	/resources/tools/chemdb_ontology?abbrev=PE 38:6;O
824.50479	824.5083	.0035	PS O-36:6	C42H72NO9P	[M+OAc]-	/resources/tools/chemdb_ontology?abbrev=PS O-36:6
445.23849	445.2361	.0024	LPA 19:3	C22H39O7P	[M-H]-	/resources/tools/chemdb_ontology?abbrev=LPA 19:3
445.23849	445.2362	.0022	FA 23:4;O4	C23H38O6	[M+Cl]-	/resources/tools/chemdb_ontology?abbrev=FA 23:4;O4
445.23849	445.2443	.0058	FA 20:3;O5	C20H34O7	[M+OAc]-	/resources/tools/chemdb_ontology?abbrev=FA 20:3;O5
417.24356	417.2413	.0022	FA 22:3;O3	C22H38O5	[M+Cl]-	/resources/tools/chemdb_ontology?abbrev=FA 22:3;O3
417.24356	417.2494	.0058	FA 20:2;O4	C20H36O6	[M+Formate]-	/resources/tools/chemdb_ontology?abbrev=FA 20:2;O4
293.17585	293.1758	.0000	FA 16:4	C16H24O2	[M+Formate]-	/resources/tools/chemdb_ontology?abbrev=FA 16:4
293.17585	293.1758	.0000	SFE 16:4	C16H24O2	[M+Formate]-	/resources/tools/chemdb_ontology?abbrev=SFE 16:4
293.17585	293.1758	.0000	FA 15:4	C15H22O2	[M+OAc]-	/resources/tools/chemdb_ontology?abbrev=FA 15:4
293.17585	293.1758	.0000	WE 15:4	C15H22O2	[M+OAc]-	/resources/tools/chemdb_ontology?abbrev=WE 15:4
293.17585	293.1758	.0000	ST 28:3;O2;GlcA	C34H52O8	[M-2H]2-	/resources/tools/chemdb_ontology?abbrev=ST 28:3;O2;GlcA
488.24389	488.2444	.0005	ST 24:1;O5;S	C24H40O8S	Neutral	/resources/tools/chemdb_ontology?abbrev=ST 24:1;O5;S
726.50979	726.5079	.0019	PE 35:3	C40H74NO8P	[M-H]-	/resources/tools/chemdb_ontology?abbrev=PE 35:3
726.50979	726.5162	.0064	HexCer 32:3;O2	C38H69NO8	[M+OAc]-	/resources/tools/chemdb_ontology?abbrev=HexCer 32:3;O2
726.50979	726.5079	.0019	PC 33:3	C41H76NO8P	[M-CH3]-	/resources/tools/chemdb_ontology?abbrev=PC 33:3
283.26409	283.2643	.0002	FA 18:0	C18H36O2	[M-H]-	/resources/tools/chemdb_ontology?abbrev=FA 18:0
283.26409	283.2643	.0002	SFE 18:0	C18H36O2	[M-H]-	/resources/tools/chemdb_ontology?abbrev=SFE 18:0
283.26409	283.2643	.0002	WE 18:0	C18H36O2	[M-H]-	/resources/tools/chemdb_ontology?abbrev=WE 18:0
757.5211	757.5156	.0055	PG O-33:0	C39H79O9P	[M+Cl]-	/resources/tools/chemdb_ontology?abbrev=PG O-33:0
757.5211	757.5258	.0047	PS O-35:3	C41H76NO9P	Neutral	/resources/tools/chemdb_ontology?abbrev=PS O-35:3
633.31151	633.3045	.0070	PA 26:4;O2	C29H49O10P	[M+Formate]-	/resources/tools/chemdb_ontology?abbrev=PA 26:4;O2
633.31151	633.3045	.0070	PA 25:4;O2	C28H47O10P	[M+OAc]-	/resources/tools/chemdb_ontology?abbrev=PA 25:4;O2
683.50418	683.5021	.0021	PA O-36:3	C39H73O7P	[M-H]-	/resources/tools/chemdb_ontology?abbrev=PA O-36:3
683.50418	683.5134	.0092	CerPE 36:3;O2	C38H73N2O6P	[M-H]-	/resources/tools/chemdb_ontology?abbrev=CerPE 36:3;O2
533.21898	533.2288	.0098	PG 16:0	C22H43O10P	[M+Cl]-	/resources/tools/chemdb_ontology?abbrev=PG 16:0
466.34355	466.3453	.0017	TG 59:13	C62H94O6	[M-2H]2-	/resources/tools/chemdb_ontology?abbrev=TG 59:13
655.5092	655.5074	.0018	DG 36:2	C39H72O5	[M+Cl]-	/resources/tools/chemdb_ontology?abbrev=DG 36:2
284.26748	284.2595	.0080	NAE 15:0	C17H35NO2	[M-H]-	/resources/tools/chemdb_ontology?abbrev=NAE 15:0
284.26748	284.2595	.0080	SPB 17:1;O2	C17H35NO2	[M-H]-	/resources/tools/chemdb_ontology?abbrev=SPB 17:1;O2
284.26748	284.2715	.0041	FA 18:0	C18H36O2	Neutral	/resources/tools/chemdb_ontology?abbrev=FA 18:0
284.26748	284.2715	.0041	SFE 18:0	C18H36O2	Neutral	/resources/tools/chemdb_ontology?abbrev=SFE 18:0
284.26748	284.2715	.0041	WE 18:0	C18H36O2	Neutral	/resources/tools/chemdb_ontology?abbrev=WE 18:0
478.21509	478.2203	.0052	ST 19:3;O3;GlcA	C25H34O9	Neutral	/resources/tools/chemdb_ontology?abbrev=ST 19:3;O3;GlcA
713.46088	713.4530	.0079	PG O-30:1	C36H71O9P	[M+Cl]-	/resources/tools/chemdb_ontology?abbrev=PG O-30:1
480.35934	480.3609	.0016	TG 61:13	C64H98O6	[M-2H]2-	/resources/tools/chemdb_ontology?abbrev=TG 61:13
446.19683	446.1941	.0028	ST 18:4;O2;GlcA	C24H30O8	Neutral	/resources/tools/chemdb_ontology?abbrev=ST 18:4;O2;GlcA
397.24399	397.2515	.0075	MG O-20:5	C23H38O3	[M+Cl]-	/resources/tools/chemdb_ontology?abbrev=MG O-20:5
397.24399	397.2515	.0075	ST 23:1;O3	C23H38O3	[M+Cl]-	/resources/tools/chemdb_ontology?abbrev=ST 23:1;O3
397.24399	397.2449	.0009	PA 44:10	C47H73O8P	[M-2H]2-	/resources/tools/chemdb_ontology?abbrev=PA 44:10
397.24399	397.2478	.0038	PI 31:0	C40H77O13P	[M-2H]2-	/resources/tools/chemdb_ontology?abbrev=PI 31:0
489.24706	489.2413	.0057	ST 28:6;O5	C28H38O5	[M+Cl]-	/resources/tools/chemdb_ontology?abbrev=ST 28:6;O5
727.51289	727.5074	.0055	DG 42:8	C45H72O5	[M+Cl]-	/resources/tools/chemdb_ontology?abbrev=DG 42:8
727.51289	727.5101	.0027	CL 72:4	C81H150O17P2	[M-2H]2-	/resources/tools/chemdb_ontology?abbrev=CL 72:4
727.51289	727.5152	.0023	PC 32:3	C40H74NO8P	Neutral	/resources/tools/chemdb_ontology?abbrev=PC 32:3
727.51289	727.5152	.0023	PE 35:3	C40H74NO8P	Neutral	/resources/tools/chemdb_ontology?abbrev=PE 35:3
951.72657	951.7214	.0052	TG 57:8	C60H100O6	[M+Cl]-	/resources/tools/chemdb_ontology?abbrev=TG 57:8
451.32418	451.3194	.0048	LPA O-20:0	C23H49O6P	[M-H]-	/resources/tools/chemdb_ontology?abbrev=LPA O-20:0
475.19498	475.1974	.0024	ST 19:4;O3;GlcA	C25H32O9	[M-H]-	/resources/tools/chemdb_ontology?abbrev=ST 19:4;O3;GlcA
702.4288	702.4352	.0064	PS 30:2	C36H66NO10P	[M-H]-	/resources/tools/chemdb_ontology?abbrev=PS 30:2
702.4288	702.4352	.0064	PE 30:3	C35H64NO8P	[M+Formate]-	/resources/tools/chemdb_ontology?abbrev=PE 30:3
429.19411	429.1953	.0011	ST 19:1;O2;S	C19H30O5S	[M+OAc]-	/resources/tools/chemdb_ontology?abbrev=ST 19:1;O2;S
465.23173	465.2413	.0096	FA 26:7;O3	C26H38O5	[M+Cl]-	/resources/tools/chemdb_ontology?abbrev=FA 26:7;O3
465.23173	465.2259	.0058	LPA 17:2	C20H37O7P	[M+Formate]-	/resources/tools/chemdb_ontology?abbrev=LPA 17:2
716.48073	716.4872	.0065	PS O-32:2	C38H72NO9P	[M-H]-	/resources/tools/chemdb_ontology?abbrev=PS O-32:2
481.3597	481.3535	.0062	ST 27:0;O4	C27H48O4	[M+Formate]-	/resources/tools/chemdb_ontology?abbrev=ST 27:0;O4
481.3597	481.3687	.0090	ST 30:4;O	C30H46O	[M+OAc]-	/resources/tools/chemdb_ontology?abbrev=ST 30:4;O
481.3597	481.3532	.0065	LPC O-16:0	C24H52NO6P	Neutral	/resources/tools/chemdb_ontology?abbrev=LPC O-16:0
822.48943	822.4846	.0048	PE 40:8	C45H74NO8P	[M+Cl]-	/resources/tools/chemdb_ontology?abbrev=PE 40:8
528.29546	528.2862	.0092	LPC 16:1	C24H48NO7P	[M+Cl]-	/resources/tools/chemdb_ontology?abbrev=LPC 16:1
528.29546	528.2862	.0092	LPE 19:1	C24H48NO7P	[M+Cl]-	/resources/tools/chemdb_ontology?abbrev=LPE 19:1
528.29546	528.2943	.0011	LPS O-16:0	C22H46NO8P	[M+Formate]-	/resources/tools/chemdb_ontology?abbrev=LPS O-16:0
528.29546	528.3001	.0046	ST 24:1;O2;Tau	C26H45NO5S	[M+Formate]-	/resources/tools/chemdb_ontology?abbrev=ST 24:1;O2;Tau
535.42107	535.4287	.0077	FA 34:4	C34H60O2	[M+Cl]-	/resources/tools/chemdb_ontology?abbrev=FA 34:4
535.42107	535.4287	.0077	WE 34:4	C34H60O2	[M+Cl]-	/resources/tools/chemdb_ontology?abbrev=WE 34:4
438.30025	438.2990	.0012	LPE O-16:0	C21H46NO6P	[M-H]-	/resources/tools/chemdb_ontology?abbrev=LPE O-16:0
438.30025	438.3051	.0049	PI O-38:1	C47H91O12P	[M-2H]2-	/resources/tools/chemdb_ontology?abbrev=PI O-38:1
494.37487	494.3766	.0017	TG 63:13	C66H102O6	[M-2H]2-	/resources/tools/chemdb_ontology?abbrev=TG 63:13
296.25945	296.2595	.0001	NAE 16:1	C18H35NO2	[M-H]-	/resources/tools/chemdb_ontology?abbrev=NAE 16:1
296.25945	296.2595	.0001	SPB 18:2;O2	C18H35NO2	[M-H]-	/resources/tools/chemdb_ontology?abbrev=SPB 18:2;O2
296.25945	296.2615	.0021	CE 14:1	C41H70O2	[M-2H]2-	/resources/tools/chemdb_ontology?abbrev=CE 14:1
656.30811	656.3053	.0028	PS 21:1;O2	C27H50NO12P	[M+Formate]-	/resources/tools/chemdb_ontology?abbrev=PS 21:1;O2
656.30811	656.3053	.0028	PS 20:1;O2	C26H48NO12P	[M+OAc]-	/resources/tools/chemdb_ontology?abbrev=PS 20:1;O2
656.30811	656.3173	.0092	PI 21:1	C29H53O14P	Neutral	/resources/tools/chemdb_ontology?abbrev=PI 21:1
655.30516	655.3100	.0049	PI 21:1	C29H53O14P	[M-H]-	/resources/tools/chemdb_ontology?abbrev=PI 21:1
655.30516	655.3100	.0049	PG 22:2;O2	C28H51O12P	[M+Formate]-	/resources/tools/chemdb_ontology?abbrev=PG 22:2;O2
655.30516	655.3100	.0049	LPI 18:2	C27H49O12P	[M+OAc]-	/resources/tools/chemdb_ontology?abbrev=LPI 18:2
638.30657	638.3067	.0002	PG 23:3;O3	C29H51O13P	Neutral	/resources/tools/chemdb_ontology?abbrev=PG 23:3;O3
654.35688	654.3543	.0026	PC 23:2;O	C31H58NO9P	[M+Cl]-	/resources/tools/chemdb_ontology?abbrev=PC 23:2;O
654.35688	654.3624	.0055	PC 21:1;O2	C29H56NO10P	[M+Formate]-	/resources/tools/chemdb_ontology?abbrev=PC 21:1;O2
654.35688	654.3624	.0055	PC 20:1;O2	C28H54NO10P	[M+OAc]-	/resources/tools/chemdb_ontology?abbrev=PC 20:1;O2
618.30107	618.3049	.0038	LPS 22:4	C28H48NO9P	[M+Formate]-	/resources/tools/chemdb_ontology?abbrev=LPS 22:4
754.50204	754.5029	.0008	PE O-34:5	C39H70NO7P	[M+OAc]-	/resources/tools/chemdb_ontology?abbrev=PE O-34:5
754.50204	754.4996	.0024	PI O-29:0	C38H75O12P	Neutral	/resources/tools/chemdb_ontology?abbrev=PI O-29:0
459.32601	459.3286	.0026	PI O-41:1	C50H97O12P	[M-2H]2-	/resources/tools/chemdb_ontology?abbrev=PI O-41:1
459.32601	459.3272	.0012	CL 66:0	C75H146O17P2	[M-3H]3-	/resources/tools/chemdb_ontology?abbrev=CL 66:0
755.50547	755.4999	.0055	PG O-33:1	C39H77O9P	[M+Cl]-	/resources/tools/chemdb_ontology?abbrev=PG O-33:1
921.47319	921.4714	.0018	TG 53:19;O3	C56H70O9	[M+Cl]-	/resources/tools/chemdb_ontology?abbrev=TG 53:19;O3
921.47319	921.4771	.0039	PI 38:9	C47H73O13P	[M+Formate]-	/resources/tools/chemdb_ontology?abbrev=PI 38:9
854.48989	854.4978	.0079	PS 42:10	C48H74NO10P	[M-H]-	/resources/tools/chemdb_ontology?abbrev=PS 42:10
854.48989	854.4978	.0079	PE 42:11	C47H72NO8P	[M+Formate]-	/resources/tools/chemdb_ontology?abbrev=PE 42:11
854.48989	854.4945	.0046	PI 36:6	C45H75O13P	Neutral	/resources/tools/chemdb_ontology?abbrev=PI 36:6
853.48672	853.4873	.0005	PI 36:6	C45H75O13P	[M-H]-	/resources/tools/chemdb_ontology?abbrev=PI 36:6
853.48672	853.4792	.0075	PG 40:8	C46H75O10P	[M+Cl]-	/resources/tools/chemdb_ontology?abbrev=PG 40:8
853.48672	853.4894	.0027	PS 42:11	C48H72NO10P	Neutral	/resources/tools/chemdb_ontology?abbrev=PS 42:11
870.52791	870.5291	.0012	PC 40:10	C48H76NO8P	[M+Formate]-	/resources/tools/chemdb_ontology?abbrev=PC 40:10
870.52791	870.5291	.0012	PE 42:10	C47H74NO8P	[M+OAc]-	/resources/tools/chemdb_ontology?abbrev=PE 42:10
870.52791	870.5258	.0021	PI 37:5	C46H79O13P	Neutral	/resources/tools/chemdb_ontology?abbrev=PI 37:5
502.31554	502.3070	.0086	LPC O-15:0	C23H50NO6P	[M+Cl]-	/resources/tools/chemdb_ontology?abbrev=LPC O-15:0
502.31554	502.3070	.0086	LPE O-18:0	C23H50NO6P	[M+Cl]-	/resources/tools/chemdb_ontology?abbrev=LPE O-18:0
756.51765	756.5185	.0009	PS O-35:3	C41H76NO9P	[M-H]-	/resources/tools/chemdb_ontology?abbrev=PS O-35:3
756.51765	756.5185	.0009	PE O-34:4	C39H72NO7P	[M+OAc]-	/resources/tools/chemdb_ontology?abbrev=PE O-34:4
829.48446	829.4873	.0028	PI 34:4	C43H75O13P	[M-H]-	/resources/tools/chemdb_ontology?abbrev=PI 34:4
829.48446	829.4792	.0053	PG 38:6	C44H75O10P	[M+Cl]-	/resources/tools/chemdb_ontology?abbrev=PG 38:6
829.48446	829.4908	.0064	SQDG 32:0	C41H78O12S	[M+Cl]-	/resources/tools/chemdb_ontology?abbrev=SQDG 32:0
829.48446	829.4894	.0049	PS 40:9	C46H72NO10P	Neutral	/resources/tools/chemdb_ontology?abbrev=PS 40:9
828.48124	828.4821	.0009	PS 40:9	C46H72NO10P	[M-H]-	/resources/tools/chemdb_ontology?abbrev=PS 40:9
828.48124	828.4821	.0009	PE 40:10	C45H70NO8P	[M+Formate]-	/resources/tools/chemdb_ontology?abbrev=PE 40:10
828.48124	828.4789	.0024	PI 34:5	C43H73O13P	Neutral	/resources/tools/chemdb_ontology?abbrev=PI 34:5
402.29745	402.2946	.0029	PG 38:0	C44H87O10P	[M-2H]2-	/resources/tools/chemdb_ontology?abbrev=PG 38:0
402.29745	402.2981	.0007	WE 22:1;O4	C22H42O6	Neutral	/resources/tools/chemdb_ontology?abbrev=WE 22:1;O4
728.48665	728.4872	.0006	PS O-33:3	C39H72NO9P	[M-H]-	/resources/tools/chemdb_ontology?abbrev=PS O-33:3
375.27824	375.2752	.0030	MG 16:0	C19H38O4	[M+Formate]-	/resources/tools/chemdb_ontology?abbrev=MG 16:0
375.27824	375.2752	.0030	MG O-16:1;O	C19H38O4	[M+Formate]-	/resources/tools/chemdb_ontology?abbrev=MG O-16:1;O
375.27824	375.2752	.0030	FA 18:0;O2	C18H36O4	[M+OAc]-	/resources/tools/chemdb_ontology?abbrev=FA 18:0;O2
375.27824	375.2752	.0030	MG O-15:1;O	C18H36O4	[M+OAc]-	/resources/tools/chemdb_ontology?abbrev=MG O-15:1;O
385.34967	385.3476	.0021	ST 27:1;O	C27H46O	[M-H]-	/resources/tools/chemdb_ontology?abbrev=ST 27:1;O
757.52103	757.5156	.0055	PG O-33:0	C39H79O9P	[M+Cl]-	/resources/tools/chemdb_ontology?abbrev=PG O-33:0
757.52103	757.5258	.0047	PS O-35:3	C41H76NO9P	Neutral	/resources/tools/chemdb_ontology?abbrev=PS O-35:3
620.45636	620.4661	.0097	LPE O-28:1;O	C33H68NO7P	[M-H]-	/resources/tools/chemdb_ontology?abbrev=LPE O-28:1;O
620.45636	620.4661	.0097	PE O-28:0	C33H68NO7P	[M-H]-	/resources/tools/chemdb_ontology?abbrev=PE O-28:0
385.3071	385.3112	.0041	FA 26:5	C26H42O2	[M-H]-	/resources/tools/chemdb_ontology?abbrev=FA 26:5
385.3071	385.3100	.0029	PA O-42:1	C45H89O7P	[M-2H]2-	/resources/tools/chemdb_ontology?abbrev=PA O-42:1
406.27729	406.2730	.0043	CAR 14:0	C21H41NO4	[M+Cl]-	/resources/tools/chemdb_ontology?abbrev=CAR 14:0
406.27729	406.2789	.0016	PG 39:3	C45H83O10P	[M-2H]2-	/resources/tools/chemdb_ontology?abbrev=PG 39:3
406.27729	406.2719	.0054	ST 24:2;O5	C24H38O5	Neutral	/resources/tools/chemdb_ontology?abbrev=ST 24:2;O5
162.98229	162.9804	.0019	FA 5:3;O2	C5H4O4	[M+Cl]-	/resources/tools/chemdb_ontology?abbrev=FA 5:3;O2
654.35584	654.3543	.0015	PC 23:2;O	C31H58NO9P	[M+Cl]-	/resources/tools/chemdb_ontology?abbrev=PC 23:2;O
654.35584	654.3624	.0066	PC 21:1;O2	C29H56NO10P	[M+Formate]-	/resources/tools/chemdb_ontology?abbrev=PC 21:1;O2
654.35584	654.3624	.0066	PC 20:1;O2	C28H54NO10P	[M+OAc]-	/resources/tools/chemdb_ontology?abbrev=PC 20:1;O2
534.30187	534.2958	.0061	LPG 20:3	C26H47O9P	Neutral	/resources/tools/chemdb_ontology?abbrev=LPG 20:3
534.30187	534.2958	.0061	PA 23:2;O	C26H47O9P	Neutral	/resources/tools/chemdb_ontology?abbrev=PA 23:2;O
638.30672	638.3067	.0000	PG 23:3;O3	C29H51O13P	Neutral	/resources/tools/chemdb_ontology?abbrev=PG 23:3;O3
655.30521	655.3100	.0048	PI 21:1	C29H53O14P	[M-H]-	/resources/tools/chemdb_ontology?abbrev=PI 21:1
655.30521	655.3100	.0048	PG 22:2;O2	C28H51O12P	[M+Formate]-	/resources/tools/chemdb_ontology?abbrev=PG 22:2;O2
655.30521	655.3100	.0048	LPI 18:2	C27H49O12P	[M+OAc]-	/resources/tools/chemdb_ontology?abbrev=LPI 18:2
656.30812	656.3053	.0028	PS 21:1;O2	C27H50NO12P	[M+Formate]-	/resources/tools/chemdb_ontology?abbrev=PS 21:1;O2
656.30812	656.3053	.0028	PS 20:1;O2	C26H48NO12P	[M+OAc]-	/resources/tools/chemdb_ontology?abbrev=PS 20:1;O2
656.30812	656.3173	.0092	PI 21:1	C29H53O14P	Neutral	/resources/tools/chemdb_ontology?abbrev=PI 21:1
410.31431	410.3185	.0042	FA 28:7	C28H42O2	Neutral	/resources/tools/chemdb_ontology?abbrev=FA 28:7
409.31093	409.3112	.0003	FA 28:7	C28H42O2	[M-H]-	/resources/tools/chemdb_ontology?abbrev=FA 28:7
409.31093	409.3090	.0019	MG O-19:0;O	C22H46O4	[M+Cl]-	/resources/tools/chemdb_ontology?abbrev=MG O-19:0;O
535.30502	535.3042	.0009	LPG 20:2	C26H49O9P	[M-H]-	/resources/tools/chemdb_ontology?abbrev=LPG 20:2
535.30502	535.3043	.0007	ST 27:0;O8	C27H48O8	[M+Cl]-	/resources/tools/chemdb_ontology?abbrev=ST 27:0;O8
535.30502	535.3042	.0009	LPA 22:2	C25H47O7P	[M+Formate]-	/resources/tools/chemdb_ontology?abbrev=LPA 22:2
411.31738	411.3269	.0095	FA 28:6	C28H44O2	[M-H]-	/resources/tools/chemdb_ontology?abbrev=FA 28:6
411.31738	411.3269	.0095	ST 28:3;O2	C28H44O2	[M-H]-	/resources/tools/chemdb_ontology?abbrev=ST 28:3;O2
880.50529	880.5134	.0081	PE 44:12	C49H74NO8P	[M+Formate]-	/resources/tools/chemdb_ontology?abbrev=PE 44:12
880.50529	880.5102	.0049	PI 38:7	C47H77O13P	Neutral	/resources/tools/chemdb_ontology?abbrev=PI 38:7
879.50205	879.5029	.0009	PI 38:7	C47H77O13P	[M-H]-	/resources/tools/chemdb_ontology?abbrev=PI 38:7
879.50205	879.4948	.0072	PG 42:9	C48H77O10P	[M+Cl]-	/resources/tools/chemdb_ontology?abbrev=PG 42:9
879.50205	879.5050	.0030	PS 44:12	C50H74NO10P	Neutral	/resources/tools/chemdb_ontology?abbrev=PS 44:12
409.35493	409.3476	.0073	ST 29:3;O	C29H46O	[M-H]-	/resources/tools/chemdb_ontology?abbrev=ST 29:3;O
755.50533	755.4999	.0054	PG O-33:1	C39H77O9P	[M+Cl]-	/resources/tools/chemdb_ontology?abbrev=PG O-33:1
765.47027	765.4712	.0009	PG 36:6	C42H71O10P	[M-H]-	/resources/tools/chemdb_ontology?abbrev=PG 36:6
765.47027	765.4712	.0009	PA 38:6	C41H69O8P	[M+Formate]-	/resources/tools/chemdb_ontology?abbrev=PA 38:6
765.47027	765.4712	.0009	PA 37:6	C40H67O8P	[M+OAc]-	/resources/tools/chemdb_ontology?abbrev=PA 37:6
754.50217	754.5029	.0007	PE O-34:5	C39H70NO7P	[M+OAc]-	/resources/tools/chemdb_ontology?abbrev=PE O-34:5
754.50217	754.4996	.0026	PI O-29:0	C38H75O12P	Neutral	/resources/tools/chemdb_ontology?abbrev=PI O-29:0
847.53135	847.5342	.0029	PI 35:2	C44H81O13P	[M-H]-	/resources/tools/chemdb_ontology?abbrev=PI 35:2
847.53135	847.5261	.0052	PG 39:4	C45H81O10P	[M+Cl]-	/resources/tools/chemdb_ontology?abbrev=PG 39:4
847.53135	847.5363	.0050	PS 41:7	C47H78NO10P	Neutral	/resources/tools/chemdb_ontology?abbrev=PS 41:7
239.05945	239.0692	.0097	FA 9:1;O3	C9H16O5	[M+Cl]-	/resources/tools/chemdb_ontology?abbrev=FA 9:1;O3
239.05945	239.0561	.0033	FA 10:5;O2	C10H10O4	[M+Formate]-	/resources/tools/chemdb_ontology?abbrev=FA 10:5;O2
846.52808	846.5291	.0010	PS 41:7	C47H78NO10P	[M-H]-	/resources/tools/chemdb_ontology?abbrev=PS 41:7
846.52808	846.5291	.0010	PC 38:8	C46H76NO8P	[M+Formate]-	/resources/tools/chemdb_ontology?abbrev=PC 38:8
846.52808	846.5291	.0010	PE 40:8	C45H74NO8P	[M+OAc]-	/resources/tools/chemdb_ontology?abbrev=PE 40:8
846.52808	846.5258	.0022	PI 35:3	C44H79O13P	Neutral	/resources/tools/chemdb_ontology?abbrev=PI 35:3
480.35916	480.3609	.0017	TG 61:13	C64H98O6	[M-2H]2-	/resources/tools/chemdb_ontology?abbrev=TG 61:13
783.47908	783.4737	.0054	PA 40:6	C43H73O8P	[M+Cl]-	/resources/tools/chemdb_ontology?abbrev=PA 40:6
783.47908	783.4839	.0048	PE 40:10	C45H70NO8P	Neutral	/resources/tools/chemdb_ontology?abbrev=PE 40:10
689.4563	689.4632	.0069	PS O-30:2	C36H68NO9P	Neutral	/resources/tools/chemdb_ontology?abbrev=PS O-30:2
495.22082	495.2284	.0076	LPA 20:3	C23H41O7P	[M+Cl]-	/resources/tools/chemdb_ontology?abbrev=LPA 20:3
782.47586	782.4766	.0008	PE 40:10	C45H70NO8P	[M-H]-	/resources/tools/chemdb_ontology?abbrev=PE 40:10
782.47586	782.4744	.0014	PS 33:1	C39H74NO10P	[M+Cl]-	/resources/tools/chemdb_ontology?abbrev=PS 33:1
556.33899	556.3409	.0019	LPC 21:4	C29H52NO7P	[M-H]-	/resources/tools/chemdb_ontology?abbrev=LPC 21:4
556.33899	556.3314	.0076	ST 27:1;O4;Tau	C29H51NO7S	[M-H]-	/resources/tools/chemdb_ontology?abbrev=ST 27:1;O4;Tau
445.2384	445.2361	.0023	LPA 19:3	C22H39O7P	[M-H]-	/resources/tools/chemdb_ontology?abbrev=LPA 19:3
445.2384	445.2362	.0022	FA 23:4;O4	C23H38O6	[M+Cl]-	/resources/tools/chemdb_ontology?abbrev=FA 23:4;O4
445.2384	445.2443	.0059	FA 20:3;O5	C20H34O7	[M+OAc]-	/resources/tools/chemdb_ontology?abbrev=FA 20:3;O5
555.33572	555.3304	.0054	LPG O-18:1	C24H49O8P	[M+OAc]-	/resources/tools/chemdb_ontology?abbrev=LPG O-18:1
283.26413	283.2643	.0001	FA 18:0	C18H36O2	[M-H]-	/resources/tools/chemdb_ontology?abbrev=FA 18:0
283.26413	283.2643	.0001	SFE 18:0	C18H36O2	[M-H]-	/resources/tools/chemdb_ontology?abbrev=SFE 18:0
283.26413	283.2643	.0001	WE 18:0	C18H36O2	[M-H]-	/resources/tools/chemdb_ontology?abbrev=WE 18:0
479.35596	479.3531	.0029	TG 61:14	C64H96O6	[M-2H]2-	/resources/tools/chemdb_ontology?abbrev=TG 61:14
809.63654	809.6432	.0066	TG 46:2	C49H90O6	[M+Cl]-	/resources/tools/chemdb_ontology?abbrev=TG 46:2
809.63654	809.6298	.0067	PE O-42:4	C47H88NO7P	Neutral	/resources/tools/chemdb_ontology?abbrev=PE O-42:4
566.43499	566.4426	.0076	Cer 32:3;O3	C32H59NO4	[M+Formate]-	/resources/tools/chemdb_ontology?abbrev=Cer 32:3;O3
758.53304	758.5342	.0011	PS O-35:2	C41H78NO9P	[M-H]-	/resources/tools/chemdb_ontology?abbrev=PS O-35:2
758.53304	758.5342	.0011	PC O-32:3	C40H76NO7P	[M+Formate]-	/resources/tools/chemdb_ontology?abbrev=PC O-32:3
758.53304	758.5342	.0011	PE O-35:3	C40H76NO7P	[M+Formate]-	/resources/tools/chemdb_ontology?abbrev=PE O-35:3
758.53304	758.5424	.0094	HexCer 34:2;O3	C40H75NO9	[M+Formate]-	/resources/tools/chemdb_ontology?abbrev=HexCer 34:2;O3
758.53304	758.5342	.0011	PE O-34:3	C39H74NO7P	[M+OAc]-	/resources/tools/chemdb_ontology?abbrev=PE O-34:3
281.24856	281.2486	.0001	FA 18:1	C18H34O2	[M-H]-	/resources/tools/chemdb_ontology?abbrev=FA 18:1
281.24856	281.2486	.0001	SFE 18:1	C18H34O2	[M-H]-	/resources/tools/chemdb_ontology?abbrev=SFE 18:1
281.24856	281.2486	.0001	FAHFA 36:1;O	C36H68O4	[M-2H]2-	/resources/tools/chemdb_ontology?abbrev=FAHFA 36:1;O
281.24856	281.2486	.0000	TG 51:1	C54H102O6	[M-3H]3-	/resources/tools/chemdb_ontology?abbrev=TG 51:1
796.51253	796.5134	.0009	PS 37:4	C43H76NO10P	[M-H]-	/resources/tools/chemdb_ontology?abbrev=PS 37:4
796.51253	796.5134	.0009	PC 34:5	C42H74NO8P	[M+Formate]-	/resources/tools/chemdb_ontology?abbrev=PC 34:5
796.51253	796.5134	.0009	PE 37:5	C42H74NO8P	[M+Formate]-	/resources/tools/chemdb_ontology?abbrev=PE 37:5
796.51253	796.5134	.0009	PC 33:5	C41H72NO8P	[M+OAc]-	/resources/tools/chemdb_ontology?abbrev=PC 33:5
796.51253	796.5134	.0009	PE 36:5	C41H72NO8P	[M+OAc]-	/resources/tools/chemdb_ontology?abbrev=PE 36:5
796.51253	796.5134	.0009	PC 36:5;O2	C44H78NO10P	[M-CH3]-	/resources/tools/chemdb_ontology?abbrev=PC 36:5;O2
796.51253	796.5126	.0000	MGDG 38:9	C47H72O10	Neutral	/resources/tools/chemdb_ontology?abbrev=MGDG 38:9
796.51253	796.5102	.0023	PI 31:0	C40H77O13P	Neutral	/resources/tools/chemdb_ontology?abbrev=PI 31:0
796.51253	796.5043	.0082	PA 44:10	C47H73O8P	Neutral	/resources/tools/chemdb_ontology?abbrev=PA 44:10
502.31529	502.3070	.0083	LPC O-15:0	C23H50NO6P	[M+Cl]-	/resources/tools/chemdb_ontology?abbrev=LPC O-15:0
502.31529	502.3070	.0083	LPE O-18:0	C23H50NO6P	[M+Cl]-	/resources/tools/chemdb_ontology?abbrev=LPE O-18:0
717.29733	717.3024	.0050	PI 22:2;O	C31H55O14P	[M+Cl]-	/resources/tools/chemdb_ontology?abbrev=PI 22:2;O
654.35609	654.3543	.0018	PC 23:2;O	C31H58NO9P	[M+Cl]-	/resources/tools/chemdb_ontology?abbrev=PC 23:2;O
654.35609	654.3624	.0063	PC 21:1;O2	C29H56NO10P	[M+Formate]-	/resources/tools/chemdb_ontology?abbrev=PC 21:1;O2
654.35609	654.3624	.0063	PC 20:1;O2	C28H54NO10P	[M+OAc]-	/resources/tools/chemdb_ontology?abbrev=PC 20:1;O2
638.3068	638.3067	.0001	PG 23:3;O3	C29H51O13P	Neutral	/resources/tools/chemdb_ontology?abbrev=PG 23:3;O3
485.30851	485.3039	.0046	ST 27:1;O5	C27H46O5	[M+Cl]-	/resources/tools/chemdb_ontology?abbrev=ST 27:1;O5
758.47592	758.4766	.0007	PE 38:8	C43H70NO8P	[M-H]-	/resources/tools/chemdb_ontology?abbrev=PE 38:8
758.47592	758.4766	.0007	PC 36:8	C44H72NO8P	[M-CH3]-	/resources/tools/chemdb_ontology?abbrev=PC 36:8
484.30518	484.3045	.0007	LPE O-16:0	C21H46NO6P	[M+Formate]-	/resources/tools/chemdb_ontology?abbrev=LPE O-16:0
656.30808	656.3053	.0028	PS 21:1;O2	C27H50NO12P	[M+Formate]-	/resources/tools/chemdb_ontology?abbrev=PS 21:1;O2
656.30808	656.3053	.0028	PS 20:1;O2	C26H48NO12P	[M+OAc]-	/resources/tools/chemdb_ontology?abbrev=PS 20:1;O2
656.30808	656.3173	.0092	PI 21:1	C29H53O14P	Neutral	/resources/tools/chemdb_ontology?abbrev=PI 21:1
853.48747	853.4873	.0002	PI 36:6	C45H75O13P	[M-H]-	/resources/tools/chemdb_ontology?abbrev=PI 36:6
853.48747	853.4792	.0083	PG 40:8	C46H75O10P	[M+Cl]-	/resources/tools/chemdb_ontology?abbrev=PG 40:8
853.48747	853.4894	.0019	PS 42:11	C48H72NO10P	Neutral	/resources/tools/chemdb_ontology?abbrev=PS 42:11
759.4791	759.4737	.0054	PA 38:4	C41H73O8P	[M+Cl]-	/resources/tools/chemdb_ontology?abbrev=PA 38:4
759.4791	759.4788	.0003	CL 78:14	C87H142O17P2	[M-2H]2-	/resources/tools/chemdb_ontology?abbrev=CL 78:14
759.4791	759.4839	.0048	PE 38:8	C43H70NO8P	Neutral	/resources/tools/chemdb_ontology?abbrev=PE 38:8
655.30521	655.3100	.0048	PI 21:1	C29H53O14P	[M-H]-	/resources/tools/chemdb_ontology?abbrev=PI 21:1
655.30521	655.3100	.0048	PG 22:2;O2	C28H51O12P	[M+Formate]-	/resources/tools/chemdb_ontology?abbrev=PG 22:2;O2
655.30521	655.3100	.0048	LPI 18:2	C27H49O12P	[M+OAc]-	/resources/tools/chemdb_ontology?abbrev=LPI 18:2
181.08044	181.0870	.0066	FA 10:3;O	C10H14O3	[M-H]-	/resources/tools/chemdb_ontology?abbrev=FA 10:3;O
181.08044	181.0870	.0066	WE 10:3;O	C10H14O3	[M-H]-	/resources/tools/chemdb_ontology?abbrev=WE 10:3;O
115.03989	115.0401	.0002	FA 5:1;O	C5H8O3	[M-H]-	/resources/tools/chemdb_ontology?abbrev=FA 5:1;O
115.03989	115.0401	.0002	SFE 5:1;O	C5H8O3	[M-H]-	/resources/tools/chemdb_ontology?abbrev=SFE 5:1;O
73.02933	73.0295	.0002	FA 3:0	C3H6O2	[M-H]-	/resources/tools/chemdb_ontology?abbrev=FA 3:0
73.02933	73.0295	.0002	FA 6:0;O2	C6H12O4	[M-2H]2-	/resources/tools/chemdb_ontology?abbrev=FA 6:0;O2
85.02935	85.0295	.0002	FA 4:1	C4H6O2	[M-H]-	/resources/tools/chemdb_ontology?abbrev=FA 4:1
85.02935	85.0295	.0002	FA 8:2;O2	C8H12O4	[M-2H]2-	/resources/tools/chemdb_ontology?abbrev=FA 8:2;O2
181.07154	181.0637	.0078	FA 7:0;O	C7H14O3	[M+Cl]-	/resources/tools/chemdb_ontology?abbrev=FA 7:0;O
181.07154	181.0637	.0078	SFE 7:0;O	C7H14O3	[M+Cl]-	/resources/tools/chemdb_ontology?abbrev=SFE 7:0;O
225.07104	225.0769	.0058	FA 11:4;O3	C11H14O5	[M-H]-	/resources/tools/chemdb_ontology?abbrev=FA 11:4;O3
225.07104	225.0688	.0023	FA 12:5	C12H14O2	[M+Cl]-	/resources/tools/chemdb_ontology?abbrev=FA 12:5
225.07104	225.0769	.0058	SFE 10:4;O	C10H12O3	[M+Formate]-	/resources/tools/chemdb_ontology?abbrev=SFE 10:4;O
225.07104	225.0616	.0094	FA 6:0;O4	C6H12O6	[M+Formate]-	/resources/tools/chemdb_ontology?abbrev=FA 6:0;O4
113.0313	113.0244	.0069	FA 5:2;O	C5H6O3	[M-H]-	/resources/tools/chemdb_ontology?abbrev=FA 5:2;O
101.03094	101.0244	.0065	FA 4:1;O	C4H6O3	[M-H]-	/resources/tools/chemdb_ontology?abbrev=FA 4:1;O
101.03094	101.0244	.0065	FAL 4:1;O2	C4H6O3	[M-H]-	/resources/tools/chemdb_ontology?abbrev=FAL 4:1;O2
101.03094	101.0321	.0011	FA 12:6;O	C12H12O3	[M-2H]2-	/resources/tools/chemdb_ontology?abbrev=FA 12:6;O
101.04449	101.0426	.0019	FA 9:1;O3	C9H16O5	[M-2H]2-	/resources/tools/chemdb_ontology?abbrev=FA 9:1;O3
91.02857	91.0295	.0009	FA 9:3;O2	C9H12O4	[M-2H]2-	/resources/tools/chemdb_ontology?abbrev=FA 9:3;O2
119.04206	119.0350	.0071	FA 4:0;O2	C4H8O4	[M-H]-	/resources/tools/chemdb_ontology?abbrev=FA 4:0;O2
119.04206	119.0350	.0071	FA 3:0	C3H6O2	[M+Formate]-	/resources/tools/chemdb_ontology?abbrev=FA 3:0
119.04206	119.0350	.0071	FA 2:0	C2H4O2	[M+OAc]-	/resources/tools/chemdb_ontology?abbrev=FA 2:0
119.04206	119.0426	.0006	FA 12:4;O3	C12H16O5	[M-2H]2-	/resources/tools/chemdb_ontology?abbrev=FA 12:4;O3
179.08612	179.0844	.0017	FA 8:0	C8H16O2	[M+Cl]-	/resources/tools/chemdb_ontology?abbrev=FA 8:0
179.08612	179.0844	.0017	SFE 8:0	C8H16O2	[M+Cl]-	/resources/tools/chemdb_ontology?abbrev=SFE 8:0
179.08612	179.0844	.0017	WE 8:0	C8H16O2	[M+Cl]-	/resources/tools/chemdb_ontology?abbrev=WE 8:0
179.08612	179.0896	.0034	ST 21:4;O5	C21H28O5	[M-2H]2-	/resources/tools/chemdb_ontology?abbrev=ST 21:4;O5
101.02431	101.0244	.0001	FA 4:1;O	C4H6O3	[M-H]-	/resources/tools/chemdb_ontology?abbrev=FA 4:1;O
101.02431	101.0244	.0001	FAL 4:1;O2	C4H6O3	[M-H]-	/resources/tools/chemdb_ontology?abbrev=FAL 4:1;O2
113.02436	113.0244	.0001	FA 5:2;O	C5H6O3	[M-H]-	/resources/tools/chemdb_ontology?abbrev=FA 5:2;O
180.05947	180.0634	.0039	FA 6:0;O4	C6H12O6	Neutral	/resources/tools/chemdb_ontology?abbrev=FA 6:0;O4
119.03491	119.0350	.0001	FA 4:0;O2	C4H8O4	[M-H]-	/resources/tools/chemdb_ontology?abbrev=FA 4:0;O2
119.03491	119.0350	.0001	FA 3:0	C3H6O2	[M+Formate]-	/resources/tools/chemdb_ontology?abbrev=FA 3:0
119.03491	119.0350	.0001	FA 2:0	C2H4O2	[M+OAc]-	/resources/tools/chemdb_ontology?abbrev=FA 2:0
99.0086	99.0088	.0002	FA 8:4;O4	C8H8O6	[M-2H]2-	/resources/tools/chemdb_ontology?abbrev=FA 8:4;O4
197.06659	197.0608	.0058	FA 13:8	C13H10O2	[M-H]-	/resources/tools/chemdb_ontology?abbrev=FA 13:8
179.06441	179.0714	.0070	SFE 10:4;O	C10H12O3	[M-H]-	/resources/tools/chemdb_ontology?abbrev=SFE 10:4;O
179.06441	179.0561	.0083	FA 6:0;O4	C6H12O6	[M-H]-	/resources/tools/chemdb_ontology?abbrev=FA 6:0;O4
179.06441	179.0561	.0083	FA 5:0;O2	C5H10O4	[M+Formate]-	/resources/tools/chemdb_ontology?abbrev=FA 5:0;O2
179.06441	179.0561	.0083	FA 4:0;O2	C4H8O4	[M+OAc]-	/resources/tools/chemdb_ontology?abbrev=FA 4:0;O2
143.04273	143.0350	.0077	FA 6:2;O2	C6H8O4	[M-H]-	/resources/tools/chemdb_ontology?abbrev=FA 6:2;O2
143.04273	143.0350	.0077	SFE 6:2;O2	C6H8O4	[M-H]-	/resources/tools/chemdb_ontology?abbrev=SFE 6:2;O2
143.04273	143.0350	.0077	FA 5:2	C5H6O2	[M+Formate]-	/resources/tools/chemdb_ontology?abbrev=FA 5:2
131.06061	131.0584	.0022	ST 21:2;O2;S	C21H32O5S	[M-3H]3-	/resources/tools/chemdb_ontology?abbrev=ST 21:2;O2;S
162.05719	162.0528	.0044	FA 6:1;O3	C6H10O5	Neutral	/resources/tools/chemdb_ontology?abbrev=FA 6:1;O3
179.05612	179.0561	.0000	FA 6:0;O4	C6H12O6	[M-H]-	/resources/tools/chemdb_ontology?abbrev=FA 6:0;O4
179.05612	179.0481	.0081	FA 7:1;O	C7H12O3	[M+Cl]-	/resources/tools/chemdb_ontology?abbrev=FA 7:1;O
179.05612	179.0481	.0081	SFE 7:1;O	C7H12O3	[M+Cl]-	/resources/tools/chemdb_ontology?abbrev=SFE 7:1;O
179.05612	179.0481	.0081	WE 7:1;O	C7H12O3	[M+Cl]-	/resources/tools/chemdb_ontology?abbrev=WE 7:1;O
179.05612	179.0561	.0000	FA 5:0;O2	C5H10O4	[M+Formate]-	/resources/tools/chemdb_ontology?abbrev=FA 5:0;O2
179.05612	179.0561	.0000	FA 4:0;O2	C4H8O4	[M+OAc]-	/resources/tools/chemdb_ontology?abbrev=FA 4:0;O2
150.04881	150.0528	.0040	FA 5:0;O3	C5H10O5	Neutral	/resources/tools/chemdb_ontology?abbrev=FA 5:0;O3
99.04502	99.0452	.0001	FA 5:1	C5H8O2	[M-H]-	/resources/tools/chemdb_ontology?abbrev=FA 5:1
99.04502	99.0452	.0001	SFE 5:1	C5H8O2	[M-H]-	/resources/tools/chemdb_ontology?abbrev=SFE 5:1
99.04502	99.0452	.0001	FA 10:2;O2	C10H16O4	[M-2H]2-	/resources/tools/chemdb_ontology?abbrev=FA 10:2;O2
72.01704	72.0217	.0046	FA 6:1;O2	C6H10O4	[M-2H]2-	/resources/tools/chemdb_ontology?abbrev=FA 6:1;O2
72.01704	72.0211	.0041	FA 3:1	C3H4O2	Neutral	/resources/tools/chemdb_ontology?abbrev=FA 3:1
87.01482	87.0088	.0060	FA 3:1;O	C3H4O3	[M-H]-	/resources/tools/chemdb_ontology?abbrev=FA 3:1;O
87.01482	87.0164	.0016	FA 10:6;O	C10H8O3	[M-2H]2-	/resources/tools/chemdb_ontology?abbrev=FA 10:6;O
71.0328	71.0321	.0007	FA 7:1;O	C7H12O3	[M-2H]2-	/resources/tools/chemdb_ontology?abbrev=FA 7:1;O
71.0328	71.0321	.0007	SFE 7:1;O	C7H12O3	[M-2H]2-	/resources/tools/chemdb_ontology?abbrev=SFE 7:1;O
71.0328	71.0321	.0007	WE 7:1;O	C7H12O3	[M-2H]2-	/resources/tools/chemdb_ontology?abbrev=WE 7:1;O
71.0328	71.0311	.0017	FA 14:6	C14H16O2	[M-3H]3-	/resources/tools/chemdb_ontology?abbrev=FA 14:6
268.10359	268.0957	.0079	CAR 3:0;O	C10H19NO5	[M+Cl]-	/resources/tools/chemdb_ontology?abbrev=CAR 3:0;O
131.03491	131.0350	.0001	FA 5:1;O2	C5H8O4	[M-H]-	/resources/tools/chemdb_ontology?abbrev=FA 5:1;O2
131.03491	131.0350	.0001	FA 4:1	C4H6O2	[M+Formate]-	/resources/tools/chemdb_ontology?abbrev=FA 4:1
131.03491	131.0350	.0001	FA 3:1	C3H4O2	[M+OAc]-	/resources/tools/chemdb_ontology?abbrev=FA 3:1
165.04153	165.0324	.0091	FA 6:1;O	C6H10O3	[M+Cl]-	/resources/tools/chemdb_ontology?abbrev=FA 6:1;O
165.04153	165.0405	.0011	FA 4:0;O2	C4H8O4	[M+Formate]-	/resources/tools/chemdb_ontology?abbrev=FA 4:0;O2
71.01372	71.0139	.0001	FA 3:1	C3H4O2	[M-H]-	/resources/tools/chemdb_ontology?abbrev=FA 3:1
71.01372	71.0139	.0001	FA 6:2;O2	C6H8O4	[M-2H]2-	/resources/tools/chemdb_ontology?abbrev=FA 6:2;O2
71.01372	71.0139	.0001	SFE 6:2;O2	C6H8O4	[M-2H]2-	/resources/tools/chemdb_ontology?abbrev=SFE 6:2;O2
87.00861	87.0088	.0002	FA 3:1;O	C3H4O3	[M-H]-	/resources/tools/chemdb_ontology?abbrev=FA 3:1;O
87.00861	87.0088	.0002	FA 6:2;O4	C6H8O6	[M-2H]2-	/resources/tools/chemdb_ontology?abbrev=FA 6:2;O4
161.07388	161.0819	.0081	FA 6:0	C6H12O2	[M+Formate]-	/resources/tools/chemdb_ontology?abbrev=FA 6:0
161.07388	161.0819	.0081	SFE 6:0	C6H12O2	[M+Formate]-	/resources/tools/chemdb_ontology?abbrev=SFE 6:0
161.07388	161.0819	.0081	FA 5:0	C5H10O2	[M+OAc]-	/resources/tools/chemdb_ontology?abbrev=FA 5:0
161.07388	161.0819	.0081	SFE 5:0	C5H10O2	[M+OAc]-	/resources/tools/chemdb_ontology?abbrev=SFE 5:0
627.40736	627.4031	.0042	PA 31:3	C34H61O8P	[M-H]-	/resources/tools/chemdb_ontology?abbrev=PA 31:3
627.40736	627.4162	.0088	PA O-29:0	C32H65O7P	[M+Cl]-	/resources/tools/chemdb_ontology?abbrev=PA O-29:0
713.4729	713.4763	.0034	PA O-34:4	C37H67O7P	[M+OAc]-	/resources/tools/chemdb_ontology?abbrev=PA O-34:4
715.47116	715.4686	.0025	PG O-30:0	C36H73O9P	[M+Cl]-	/resources/tools/chemdb_ontology?abbrev=PG O-30:0
740.49162	740.4872	.0044	PS O-34:4	C40H72NO9P	[M-H]-	/resources/tools/chemdb_ontology?abbrev=PS O-34:4
740.49162	740.5003	.0086	PC 30:0	C38H76NO8P	[M+Cl]-	/resources/tools/chemdb_ontology?abbrev=PC 30:0
740.49162	740.5003	.0086	PE 33:0	C38H76NO8P	[M+Cl]-	/resources/tools/chemdb_ontology?abbrev=PE 33:0
740.49162	740.4872	.0044	PE O-34:5	C39H70NO7P	[M+Formate]-	/resources/tools/chemdb_ontology?abbrev=PE O-34:5
740.49162	740.4840	.0077	PI O-28:0	C37H73O12P	Neutral	/resources/tools/chemdb_ontology?abbrev=PI O-28:0
114.05589	114.0581	.0022	FA 15:6	C15H18O2	[M-2H]2-	/resources/tools/chemdb_ontology?abbrev=FA 15:6
114.05589	114.0581	.0022	WE 15:6	C15H18O2	[M-2H]2-	/resources/tools/chemdb_ontology?abbrev=WE 15:6
180.0675	180.0634	.0041	FA 6:0;O4	C6H12O6	Neutral	/resources/tools/chemdb_ontology?abbrev=FA 6:0;O4
90.03398	90.0331	.0008	CAR 5:2;O2	C12H19NO6	[M-3H]3-	/resources/tools/chemdb_ontology?abbrev=CAR 5:2;O2
149.05347	149.0456	.0079	FA 5:0;O3	C5H10O5	[M-H]-	/resources/tools/chemdb_ontology?abbrev=FA 5:0;O3
149.05347	149.0456	.0079	FA 4:0;O	C4H8O3	[M+Formate]-	/resources/tools/chemdb_ontology?abbrev=FA 4:0;O
72.99293	72.9931	.0002	FA 4:2;O4	C4H4O6	[M-2H]2-	/resources/tools/chemdb_ontology?abbrev=FA 4:2;O4
149.04548	149.0456	.0001	FA 5:0;O3	C5H10O5	[M-H]-	/resources/tools/chemdb_ontology?abbrev=FA 5:0;O3
149.04548	149.0375	.0080	FA 6:1	C6H10O2	[M+Cl]-	/resources/tools/chemdb_ontology?abbrev=FA 6:1
149.04548	149.0375	.0080	SFE 6:1	C6H10O2	[M+Cl]-	/resources/tools/chemdb_ontology?abbrev=SFE 6:1
149.04548	149.0456	.0001	FA 4:0;O	C4H8O3	[M+Formate]-	/resources/tools/chemdb_ontology?abbrev=FA 4:0;O
89.04568	89.0502	.0046	FA 11:3	C11H16O2	[M-2H]2-	/resources/tools/chemdb_ontology?abbrev=FA 11:3
89.04568	89.0502	.0046	SFE 11:3	C11H16O2	[M-2H]2-	/resources/tools/chemdb_ontology?abbrev=SFE 11:3
89.04568	89.0467	.0010	FA 18:7	C18H22O2	[M-3H]3-	/resources/tools/chemdb_ontology?abbrev=FA 18:7
89.04568	89.0467	.0010	ST 18:4;O2	C18H22O2	[M-3H]3-	/resources/tools/chemdb_ontology?abbrev=ST 18:4;O2
132.0383	132.0423	.0040	FA 5:1;O2	C5H8O4	Neutral	/resources/tools/chemdb_ontology?abbrev=FA 5:1;O2
131.04288	131.0350	.0079	FA 5:1;O2	C5H8O4	[M-H]-	/resources/tools/chemdb_ontology?abbrev=FA 5:1;O2
131.04288	131.0350	.0079	FA 4:1	C4H6O2	[M+Formate]-	/resources/tools/chemdb_ontology?abbrev=FA 4:1
131.04288	131.0350	.0079	FA 3:1	C3H4O2	[M+OAc]-	/resources/tools/chemdb_ontology?abbrev=FA 3:1
296.13478	296.1270	.0077	CAR 5:0;O	C12H23NO5	[M+Cl]-	/resources/tools/chemdb_ontology?abbrev=CAR 5:0;O
296.13478	296.1330	.0018	LPI 18:3	C27H47O12P	[M-2H]2-	/resources/tools/chemdb_ontology?abbrev=LPI 18:3
289.07183	289.0718	.0001	FA 14:8;O2	C14H12O4	[M+Formate]-	/resources/tools/chemdb_ontology?abbrev=FA 14:8;O2
89.03035	89.0321	.0017	SFE 10:4;O	C10H12O3	[M-2H]2-	/resources/tools/chemdb_ontology?abbrev=SFE 10:4;O
289.06779	289.0718	.0040	FA 14:8;O2	C14H12O4	[M+Formate]-	/resources/tools/chemdb_ontology?abbrev=FA 14:8;O2
151.06098	151.0531	.0078	FA 6:0	C6H12O2	[M+Cl]-	/resources/tools/chemdb_ontology?abbrev=FA 6:0
151.06098	151.0531	.0078	SFE 6:0	C6H12O2	[M+Cl]-	/resources/tools/chemdb_ontology?abbrev=SFE 6:0
114.0631	114.0644	.0013	CAR 10:1;O2	C17H31NO6	[M-3H]3-	/resources/tools/chemdb_ontology?abbrev=CAR 10:1;O2
114.0631	114.0681	.0050	FA 6:1	C6H10O2	Neutral	/resources/tools/chemdb_ontology?abbrev=FA 6:1
114.0631	114.0681	.0050	SFE 6:1	C6H10O2	Neutral	/resources/tools/chemdb_ontology?abbrev=SFE 6:1
315.10887	315.1086	.0003	FA 12:4;O4	C12H16O6	[M+OAc]-	/resources/tools/chemdb_ontology?abbrev=FA 12:4;O4
243.06185	243.0663	.0044	FA 14:8;O2	C14H12O4	[M-H]-	/resources/tools/chemdb_ontology?abbrev=FA 14:8;O2
243.06185	243.0663	.0044	FA 13:8	C13H10O2	[M+Formate]-	/resources/tools/chemdb_ontology?abbrev=FA 13:8
190.05102	190.0477	.0033	FA 7:2;O4	C7H10O6	Neutral	/resources/tools/chemdb_ontology?abbrev=FA 7:2;O4
207.07708	207.0794	.0023	FA 9:1;O	C9H16O3	[M+Cl]-	/resources/tools/chemdb_ontology?abbrev=FA 9:1;O
187.01595	187.0248	.0089	FA 7:3;O4	C7H8O6	[M-H]-	/resources/tools/chemdb_ontology?abbrev=FA 7:3;O4
187.01595	187.0248	.0089	WE 7:3;O4	C7H8O6	[M-H]-	/resources/tools/chemdb_ontology?abbrev=WE 7:3;O4
187.01595	187.0168	.0008	SFE 8:4;O	C8H8O3	[M+Cl]-	/resources/tools/chemdb_ontology?abbrev=SFE 8:4;O
187.01595	187.0248	.0089	FA 6:3;O2	C6H6O4	[M+Formate]-	/resources/tools/chemdb_ontology?abbrev=FA 6:3;O2
187.01595	187.0248	.0089	FA 5:3;O2	C5H4O4	[M+OAc]-	/resources/tools/chemdb_ontology?abbrev=FA 5:3;O2
89.02433	89.0244	.0001	FA 6:0;O4	C6H12O6	[M-2H]2-	/resources/tools/chemdb_ontology?abbrev=FA 6:0;O4
259.04887	259.0460	.0029	FA 8:4;O4	C8H8O6	[M+OAc]-	/resources/tools/chemdb_ontology?abbrev=FA 8:4;O4
730.50242	730.5029	.0004	PS O-33:2	C39H74NO9P	[M-H]-	/resources/tools/chemdb_ontology?abbrev=PS O-33:2
730.50242	730.5029	.0004	PE O-33:3	C38H72NO7P	[M+Formate]-	/resources/tools/chemdb_ontology?abbrev=PE O-33:3
730.50242	730.5111	.0087	HexCer 32:2;O3	C38H71NO9	[M+Formate]-	/resources/tools/chemdb_ontology?abbrev=HexCer 32:2;O3
639.30984	639.3151	.0053	PG 23:2;O3	C29H53O13P	[M-H]-	/resources/tools/chemdb_ontology?abbrev=PG 23:2;O3
639.30984	639.3151	.0053	PG 22:2;O	C28H51O11P	[M+Formate]-	/resources/tools/chemdb_ontology?abbrev=PG 22:2;O
639.30984	639.3151	.0053	PA 24:2;O3	C27H49O11P	[M+OAc]-	/resources/tools/chemdb_ontology?abbrev=PA 24:2;O3
746.49684	746.4978	.0009	PS 33:1	C39H74NO10P	[M-H]-	/resources/tools/chemdb_ontology?abbrev=PS 33:1
746.49684	746.4978	.0009	PC 30:2	C38H72NO8P	[M+Formate]-	/resources/tools/chemdb_ontology?abbrev=PC 30:2
746.49684	746.4978	.0009	PE 33:2	C38H72NO8P	[M+Formate]-	/resources/tools/chemdb_ontology?abbrev=PE 33:2
746.49684	746.4978	.0009	PC 29:2	C37H70NO8P	[M+OAc]-	/resources/tools/chemdb_ontology?abbrev=PC 29:2
746.49684	746.4978	.0009	PE 32:2	C37H70NO8P	[M+OAc]-	/resources/tools/chemdb_ontology?abbrev=PE 32:2
746.49684	746.4969	.0001	MGDG 34:6	C43H70O10	Neutral	/resources/tools/chemdb_ontology?abbrev=MGDG 34:6
746.49684	746.4887	.0082	PA 40:7	C43H71O8P	Neutral	/resources/tools/chemdb_ontology?abbrev=PA 40:7
604.46117	604.4580	.0031	CerPE 30:1;O2	C32H65N2O6P	Neutral	/resources/tools/chemdb_ontology?abbrev=CerPE 30:1;O2
658.27651	658.2765	.0000	PS 22:2;O2	C28H50NO12P	[M+Cl]-	/resources/tools/chemdb_ontology?abbrev=PS 22:2;O2
828.48266	828.4821	.0005	PS 40:9	C46H72NO10P	[M-H]-	/resources/tools/chemdb_ontology?abbrev=PS 40:9
828.48266	828.4821	.0005	PE 40:10	C45H70NO8P	[M+Formate]-	/resources/tools/chemdb_ontology?abbrev=PE 40:10
828.48266	828.4789	.0038	PI 34:5	C43H73O13P	Neutral	/resources/tools/chemdb_ontology?abbrev=PI 34:5
162.98233	162.9804	.0020	FA 5:3;O2	C5H4O4	[M+Cl]-	/resources/tools/chemdb_ontology?abbrev=FA 5:3;O2
534.30211	534.2958	.0063	LPG 20:3	C26H47O9P	Neutral	/resources/tools/chemdb_ontology?abbrev=LPG 20:3
534.30211	534.2958	.0063	PA 23:2;O	C26H47O9P	Neutral	/resources/tools/chemdb_ontology?abbrev=PA 23:2;O
758.53301	758.5342	.0011	PS O-35:2	C41H78NO9P	[M-H]-	/resources/tools/chemdb_ontology?abbrev=PS O-35:2
758.53301	758.5342	.0011	PC O-32:3	C40H76NO7P	[M+Formate]-	/resources/tools/chemdb_ontology?abbrev=PC O-32:3
758.53301	758.5342	.0011	PE O-35:3	C40H76NO7P	[M+Formate]-	/resources/tools/chemdb_ontology?abbrev=PE O-35:3
758.53301	758.5424	.0094	HexCer 34:2;O3	C40H75NO9	[M+Formate]-	/resources/tools/chemdb_ontology?abbrev=HexCer 34:2;O3
758.53301	758.5342	.0011	PE O-34:3	C39H74NO7P	[M+OAc]-	/resources/tools/chemdb_ontology?abbrev=PE O-34:3
635.47479	635.4681	.0067	DG 38:8	C41H64O5	[M-H]-	/resources/tools/chemdb_ontology?abbrev=DG 38:8
634.47182	634.4817	.0099	LPE O-29:1;O	C34H70NO7P	[M-H]-	/resources/tools/chemdb_ontology?abbrev=LPE O-29:1;O
634.47182	634.4817	.0099	PE O-29:0	C34H70NO7P	[M-H]-	/resources/tools/chemdb_ontology?abbrev=PE O-29:0
779.47069	779.4716	.0009	PI 30:1	C39H73O13P	[M-H]-	/resources/tools/chemdb_ontology?abbrev=PI 30:1
779.47069	779.4635	.0071	PG 34:3	C40H73O10P	[M+Cl]-	/resources/tools/chemdb_ontology?abbrev=PG 34:3
779.47069	779.4737	.0030	PS 36:6	C42H70NO10P	Neutral	/resources/tools/chemdb_ontology?abbrev=PS 36:6
759.53625	759.5334	.0028	PA O-42:7	C45H77O7P	[M-H]-	/resources/tools/chemdb_ontology?abbrev=PA O-42:7
759.53625	759.5294	.0069	CerPE 36:3;O3	C38H73N2O7P	[M+OAc]-	/resources/tools/chemdb_ontology?abbrev=CerPE 36:3;O3
759.53625	759.5414	.0052	PS O-35:2	C41H78NO9P	Neutral	/resources/tools/chemdb_ontology?abbrev=PS O-35:2
409.31151	409.3112	.0003	FA 28:7	C28H42O2	[M-H]-	/resources/tools/chemdb_ontology?abbrev=FA 28:7
409.31151	409.3090	.0025	MG O-19:0;O	C22H46O4	[M+Cl]-	/resources/tools/chemdb_ontology?abbrev=MG O-19:0;O
708.46025	708.4610	.0007	PE 34:5	C39H68NO8P	[M-H]-	/resources/tools/chemdb_ontology?abbrev=PE 34:5
708.46025	708.4610	.0007	PC 32:5	C40H70NO8P	[M-CH3]-	/resources/tools/chemdb_ontology?abbrev=PC 32:5
481.36571	481.3687	.0030	ST 30:4;O	C30H46O	[M+OAc]-	/resources/tools/chemdb_ontology?abbrev=ST 30:4;O
481.36571	481.3687	.0030	TG 61:12	C64H100O6	[M-2H]2-	/resources/tools/chemdb_ontology?abbrev=TG 61:12
879.50329	879.5029	.0004	PI 38:7	C47H77O13P	[M-H]-	/resources/tools/chemdb_ontology?abbrev=PI 38:7
879.50329	879.4948	.0084	PG 42:9	C48H77O10P	[M+Cl]-	/resources/tools/chemdb_ontology?abbrev=PG 42:9
879.50329	879.5050	.0017	PS 44:12	C50H74NO10P	Neutral	/resources/tools/chemdb_ontology?abbrev=PS 44:12
515.35309	515.3590	.0059	FA 26:2;O4	C26H48O6	[M+OAc]-	/resources/tools/chemdb_ontology?abbrev=FA 26:2;O4
873.47343	873.4771	.0037	PI 34:5	C43H73O13P	[M+Formate]-	/resources/tools/chemdb_ontology?abbrev=PI 34:5
873.47343	873.4771	.0037	PI 33:5	C42H71O13P	[M+OAc]-	/resources/tools/chemdb_ontology?abbrev=PI 33:5
856.50529	856.5134	.0081	PS 42:9	C48H76NO10P	[M-H]-	/resources/tools/chemdb_ontology?abbrev=PS 42:9
856.50529	856.5134	.0081	PE 42:10	C47H74NO8P	[M+Formate]-	/resources/tools/chemdb_ontology?abbrev=PE 42:10
856.50529	856.5102	.0049	PI 36:5	C45H77O13P	Neutral	/resources/tools/chemdb_ontology?abbrev=PI 36:5
535.28095	535.2832	.0022	ST 30:5;O6	C30H44O6	[M+Cl]-	/resources/tools/chemdb_ontology?abbrev=ST 30:5;O6
536.27495	536.2750	.0001	PA 22:2;O2	C25H45O10P	Neutral	/resources/tools/chemdb_ontology?abbrev=PA 22:2;O2
805.48678	805.4873	.0005	PI 32:2	C41H75O13P	[M-H]-	/resources/tools/chemdb_ontology?abbrev=PI 32:2
805.48678	805.4792	.0076	PG 36:4	C42H75O10P	[M+Cl]-	/resources/tools/chemdb_ontology?abbrev=PG 36:4
805.48678	805.4894	.0026	PS 38:7	C44H72NO10P	Neutral	/resources/tools/chemdb_ontology?abbrev=PS 38:7
806.49007	806.4978	.0077	PS 38:6	C44H74NO10P	[M-H]-	/resources/tools/chemdb_ontology?abbrev=PS 38:6
806.49007	806.4978	.0077	PE 38:7	C43H72NO8P	[M+Formate]-	/resources/tools/chemdb_ontology?abbrev=PE 38:7
806.49007	806.4825	.0076	PC 30:3;O3	C38H70NO11P	[M+OAc]-	/resources/tools/chemdb_ontology?abbrev=PC 30:3;O3
806.49007	806.4978	.0077	PE 37:7	C42H70NO8P	[M+OAc]-	/resources/tools/chemdb_ontology?abbrev=PE 37:7
806.49007	806.4945	.0045	PI 32:2	C41H75O13P	Neutral	/resources/tools/chemdb_ontology?abbrev=PI 32:2
534.27751	534.2838	.0062	LPE 18:3	C23H42NO7P	[M+OAc]-	/resources/tools/chemdb_ontology?abbrev=LPE 18:3
855.50207	855.5029	.0008	PI 36:5	C45H77O13P	[M-H]-	/resources/tools/chemdb_ontology?abbrev=PI 36:5
855.50207	855.4948	.0072	PG 40:7	C46H77O10P	[M+Cl]-	/resources/tools/chemdb_ontology?abbrev=PG 40:7
855.50207	855.5050	.0030	PS 42:10	C48H74NO10P	Neutral	/resources/tools/chemdb_ontology?abbrev=PS 42:10
555.33558	555.3304	.0052	LPG O-18:1	C24H49O8P	[M+OAc]-	/resources/tools/chemdb_ontology?abbrev=LPG O-18:1
846.52939	846.5291	.0003	PS 41:7	C47H78NO10P	[M-H]-	/resources/tools/chemdb_ontology?abbrev=PS 41:7
846.52939	846.5291	.0003	PC 38:8	C46H76NO8P	[M+Formate]-	/resources/tools/chemdb_ontology?abbrev=PC 38:8
846.52939	846.5291	.0003	PE 40:8	C45H74NO8P	[M+OAc]-	/resources/tools/chemdb_ontology?abbrev=PE 40:8
846.52939	846.5258	.0036	PI 35:3	C44H79O13P	Neutral	/resources/tools/chemdb_ontology?abbrev=PI 35:3
483.36366	483.3611	.0026	ST 29:0;O3	C29H52O3	[M+Cl]-	/resources/tools/chemdb_ontology?abbrev=ST 29:0;O3
782.47727	782.4766	.0006	PE 40:10	C45H70NO8P	[M-H]-	/resources/tools/chemdb_ontology?abbrev=PE 40:10
782.47727	782.4744	.0028	PS 33:1	C39H74NO10P	[M+Cl]-	/resources/tools/chemdb_ontology?abbrev=PS 33:1
545.30962	545.3120	.0024	ST 30:5;O6	C30H44O6	[M+Formate]-	/resources/tools/chemdb_ontology?abbrev=ST 30:5;O6
545.30962	545.3120	.0024	ST 29:5;O6	C29H42O6	[M+OAc]-	/resources/tools/chemdb_ontology?abbrev=ST 29:5;O6
746.49677	746.4978	.0010	PS 33:1	C39H74NO10P	[M-H]-	/resources/tools/chemdb_ontology?abbrev=PS 33:1
746.49677	746.4978	.0010	PC 30:2	C38H72NO8P	[M+Formate]-	/resources/tools/chemdb_ontology?abbrev=PC 30:2
746.49677	746.4978	.0010	PE 33:2	C38H72NO8P	[M+Formate]-	/resources/tools/chemdb_ontology?abbrev=PE 33:2
746.49677	746.4978	.0010	PC 29:2	C37H70NO8P	[M+OAc]-	/resources/tools/chemdb_ontology?abbrev=PC 29:2
746.49677	746.4978	.0010	PE 32:2	C37H70NO8P	[M+OAc]-	/resources/tools/chemdb_ontology?abbrev=PE 32:2
746.49677	746.4969	.0001	MGDG 34:6	C43H70O10	Neutral	/resources/tools/chemdb_ontology?abbrev=MGDG 34:6
746.49677	746.4887	.0081	PA 40:7	C43H71O8P	Neutral	/resources/tools/chemdb_ontology?abbrev=PA 40:7
494.37492	494.3766	.0016	TG 63:13	C66H102O6	[M-2H]2-	/resources/tools/chemdb_ontology?abbrev=TG 63:13
717.29766	717.3024	.0047	PI 22:2;O	C31H55O14P	[M+Cl]-	/resources/tools/chemdb_ontology?abbrev=PI 22:2;O
756.51755	756.5185	.0010	PS O-35:3	C41H76NO9P	[M-H]-	/resources/tools/chemdb_ontology?abbrev=PS O-35:3
756.51755	756.5185	.0010	PE O-34:4	C39H72NO7P	[M+OAc]-	/resources/tools/chemdb_ontology?abbrev=PE O-34:4
830.49659	830.4978	.0012	PS 40:8	C46H74NO10P	[M-H]-	/resources/tools/chemdb_ontology?abbrev=PS 40:8
830.49659	830.4978	.0012	PE 40:9	C45H72NO8P	[M+Formate]-	/resources/tools/chemdb_ontology?abbrev=PE 40:9
830.49659	830.4945	.0021	PI 34:4	C43H75O13P	Neutral	/resources/tools/chemdb_ontology?abbrev=PI 34:4
574.45034	574.4597	.0094	DG 33:4	C36H62O5	Neutral	/resources/tools/chemdb_ontology?abbrev=DG 33:4
638.30688	638.3067	.0001	PG 23:3;O3	C29H51O13P	Neutral	/resources/tools/chemdb_ontology?abbrev=PG 23:3;O3
435.31175	435.3116	.0001	ST 26:1;O5	C26H44O5	[M-H]-	/resources/tools/chemdb_ontology?abbrev=ST 26:1;O5
435.31175	435.3035	.0082	ST 27:2;O2	C27H44O2	[M+Cl]-	/resources/tools/chemdb_ontology?abbrev=ST 27:2;O2
435.31175	435.3116	.0001	ST 25:1;O3	C25H42O3	[M+Formate]-	/resources/tools/chemdb_ontology?abbrev=ST 25:1;O3
435.31175	435.3116	.0001	MG O-21:5	C24H40O3	[M+OAc]-	/resources/tools/chemdb_ontology?abbrev=MG O-21:5
435.31175	435.3116	.0001	ST 24:1;O3	C24H40O3	[M+OAc]-	/resources/tools/chemdb_ontology?abbrev=ST 24:1;O3
434.30841	434.3043	.0041	CAR 16:0	C23H45NO4	[M+Cl]-	/resources/tools/chemdb_ontology?abbrev=CAR 16:0
434.30841	434.3032	.0052	ST 26:2;O5	C26H42O5	Neutral	/resources/tools/chemdb_ontology?abbrev=ST 26:2;O5
316.24925	316.2493	.0001	NAE 14:0	C16H33NO2	[M+Formate]-	/resources/tools/chemdb_ontology?abbrev=NAE 14:0
316.24925	316.2493	.0001	SPB 16:1;O2	C16H33NO2	[M+Formate]-	/resources/tools/chemdb_ontology?abbrev=SPB 16:1;O2
316.24925	316.2402	.0090	FA 21:5	C21H32O2	Neutral	/resources/tools/chemdb_ontology?abbrev=FA 21:5
316.24925	316.2402	.0090	ST 21:2;O2	C21H32O2	Neutral	/resources/tools/chemdb_ontology?abbrev=ST 21:2;O2
658.44469	658.4453	.0006	PE 30:2	C35H66NO8P	[M-H]-	/resources/tools/chemdb_ontology?abbrev=PE 30:2
658.44469	658.4453	.0006	PC 28:2	C36H68NO8P	[M-CH3]-	/resources/tools/chemdb_ontology?abbrev=PC 28:2
822.58878	822.5868	.0020	HexCer 38:1;O4	C44H85NO10	[M+Cl]-	/resources/tools/chemdb_ontology?abbrev=HexCer 38:1;O4
822.58878	822.5866	.0022	PS O-36:0	C42H84NO9P	[M+Formate]-	/resources/tools/chemdb_ontology?abbrev=PS O-36:0
822.58878	822.5866	.0022	PS O-35:0	C41H82NO9P	[M+OAc]-	/resources/tools/chemdb_ontology?abbrev=PS O-35:0
658.27646	658.2765	.0000	PS 22:2;O2	C28H50NO12P	[M+Cl]-	/resources/tools/chemdb_ontology?abbrev=PS 22:2;O2
823.532	823.5342	.0022	PI 33:0	C42H81O13P	[M-H]-	/resources/tools/chemdb_ontology?abbrev=PI 33:0
823.532	823.5261	.0059	PG 37:2	C43H81O10P	[M+Cl]-	/resources/tools/chemdb_ontology?abbrev=PG 37:2
823.532	823.5363	.0043	PS 39:5	C45H78NO10P	Neutral	/resources/tools/chemdb_ontology?abbrev=PS 39:5
822.52865	822.5291	.0004	PS 39:5	C45H78NO10P	[M-H]-	/resources/tools/chemdb_ontology?abbrev=PS 39:5
822.52865	822.5291	.0004	PC 36:6	C44H76NO8P	[M+Formate]-	/resources/tools/chemdb_ontology?abbrev=PC 36:6
822.52865	822.5291	.0004	PE 39:6	C44H76NO8P	[M+Formate]-	/resources/tools/chemdb_ontology?abbrev=PE 39:6
822.52865	822.5291	.0004	PC 35:6	C43H74NO8P	[M+OAc]-	/resources/tools/chemdb_ontology?abbrev=PC 35:6
822.52865	822.5291	.0004	PE 38:6	C43H74NO8P	[M+OAc]-	/resources/tools/chemdb_ontology?abbrev=PE 38:6
822.52865	822.5291	.0004	PE O-38:7;O	C43H74NO8P	[M+OAc]-	/resources/tools/chemdb_ontology?abbrev=PE O-38:7;O
822.52865	822.5258	.0028	PI 33:1	C42H79O13P	Neutral	/resources/tools/chemdb_ontology?abbrev=PI 33:1
890.51592	890.5189	.0030	PS 40:8	C46H74NO10P	[M+OAc]-	/resources/tools/chemdb_ontology?abbrev=PS 40:8
824.53486	824.5447	.0099	PS 39:4	C45H80NO10P	[M-H]-	/resources/tools/chemdb_ontology?abbrev=PS 39:4
824.53486	824.5366	.0018	PC O-38:7	C46H80NO7P	[M+Cl]-	/resources/tools/chemdb_ontology?abbrev=PC O-38:7
824.53486	824.5295	.0054	IPC 34:1;O2	C40H78NO11P	[M+Formate]-	/resources/tools/chemdb_ontology?abbrev=IPC 34:1;O2
824.53486	824.5447	.0099	PC 36:5	C44H78NO8P	[M+Formate]-	/resources/tools/chemdb_ontology?abbrev=PC 36:5
824.53486	824.5447	.0099	PE 39:5	C44H78NO8P	[M+Formate]-	/resources/tools/chemdb_ontology?abbrev=PE 39:5
824.53486	824.5447	.0099	PC 35:5	C43H76NO8P	[M+OAc]-	/resources/tools/chemdb_ontology?abbrev=PC 35:5
824.53486	824.5447	.0099	PE 38:5	C43H76NO8P	[M+OAc]-	/resources/tools/chemdb_ontology?abbrev=PE 38:5
824.53486	824.5447	.0099	PE O-38:6;O	C43H76NO8P	[M+OAc]-	/resources/tools/chemdb_ontology?abbrev=PE O-38:6;O
824.53486	824.5415	.0066	PI 33:0	C42H81O13P	Neutral	/resources/tools/chemdb_ontology?abbrev=PI 33:0
891.51914	891.5240	.0049	PI 35:3	C44H79O13P	[M+Formate]-	/resources/tools/chemdb_ontology?abbrev=PI 35:3
891.51914	891.5240	.0049	PI 34:3	C43H77O13P	[M+OAc]-	/resources/tools/chemdb_ontology?abbrev=PI 34:3
659.44779	659.4448	.0030	DG 37:7	C40H64O5	[M+Cl]-	/resources/tools/chemdb_ontology?abbrev=DG 37:7
659.44779	659.4526	.0048	PE 30:2	C35H66NO8P	Neutral	/resources/tools/chemdb_ontology?abbrev=PE 30:2
691.45482	691.4556	.0007	PG 30:1	C36H69O10P	[M-H]-	/resources/tools/chemdb_ontology?abbrev=PG 30:1
691.45482	691.4587	.0039	CerPE 34:3;O2	C36H69N2O6P	[M+Cl]-	/resources/tools/chemdb_ontology?abbrev=CerPE 34:3;O2
691.45482	691.4475	.0073	PA O-34:3	C37H69O7P	[M+Cl]-	/resources/tools/chemdb_ontology?abbrev=PA O-34:3
691.45482	691.4556	.0007	PA 32:1	C35H67O8P	[M+Formate]-	/resources/tools/chemdb_ontology?abbrev=PA 32:1
691.45482	691.4556	.0007	PA 31:1	C34H65O8P	[M+OAc]-	/resources/tools/chemdb_ontology?abbrev=PA 31:1
645.46093	645.4613	.0004	CerPE 32:2;O3	C34H67N2O7P	[M-H]-	/resources/tools/chemdb_ontology?abbrev=CerPE 32:2;O3
713.44776	713.4399	.0078	PG 32:4	C38H67O10P	[M-H]-	/resources/tools/chemdb_ontology?abbrev=PG 32:4
713.44776	713.4530	.0052	PG O-30:1	C36H71O9P	[M+Cl]-	/resources/tools/chemdb_ontology?abbrev=PG O-30:1
713.44776	713.4399	.0078	PA 34:4	C37H65O8P	[M+Formate]-	/resources/tools/chemdb_ontology?abbrev=PA 34:4
713.44776	713.4399	.0078	PA 33:4	C36H63O8P	[M+OAc]-	/resources/tools/chemdb_ontology?abbrev=PA 33:4
646.46412	646.4686	.0045	CerPE 32:2;O3	C34H67N2O7P	Neutral	/resources/tools/chemdb_ontology?abbrev=CerPE 32:2;O3
646.46412	646.4574	.0068	PA 32:1	C35H67O8P	Neutral	/resources/tools/chemdb_ontology?abbrev=PA 32:1
423.27581	423.2752	.0006	ST 24:1;O6	C24H40O6	[M-H]-	/resources/tools/chemdb_ontology?abbrev=ST 24:1;O6
423.27581	423.2752	.0006	FA 23:4;O2	C23H38O4	[M+Formate]-	/resources/tools/chemdb_ontology?abbrev=FA 23:4;O2
423.27581	423.2752	.0006	FOH 23:5;O3	C23H38O4	[M+Formate]-	/resources/tools/chemdb_ontology?abbrev=FOH 23:5;O3
423.27581	423.2752	.0006	MG 20:4	C23H38O4	[M+Formate]-	/resources/tools/chemdb_ontology?abbrev=MG 20:4
423.27581	423.2752	.0006	ST 23:1;O4	C23H38O4	[M+Formate]-	/resources/tools/chemdb_ontology?abbrev=ST 23:1;O4
423.27581	423.2752	.0006	FA 22:4;O2	C22H36O4	[M+OAc]-	/resources/tools/chemdb_ontology?abbrev=FA 22:4;O2
423.27581	423.2752	.0006	ST 22:1;O4	C22H36O4	[M+OAc]-	/resources/tools/chemdb_ontology?abbrev=ST 22:1;O4
423.27581	423.2711	.0047	PG 42:7	C48H81O10P	[M-2H]2-	/resources/tools/chemdb_ontology?abbrev=PG 42:7
735.47957	735.4849	.0054	CerPE 36:3;O3	C38H73N2O7P	[M+Cl]-	/resources/tools/chemdb_ontology?abbrev=CerPE 36:3;O3
735.47957	735.4737	.0059	PA 36:2	C39H73O8P	[M+Cl]-	/resources/tools/chemdb_ontology?abbrev=PA 36:2
735.47957	735.4818	.0022	PG O-31:2	C37H71O9P	[M+Formate]-	/resources/tools/chemdb_ontology?abbrev=PG O-31:2
735.47957	735.4818	.0022	PG O-30:2	C36H69O9P	[M+OAc]-	/resources/tools/chemdb_ontology?abbrev=PG O-30:2
735.47957	735.4788	.0007	CL 74:10	C83H142O17P2	[M-2H]2-	/resources/tools/chemdb_ontology?abbrev=CL 74:10
735.47957	735.4839	.0043	PE 36:6	C41H70NO8P	Neutral	/resources/tools/chemdb_ontology?abbrev=PE 36:6
619.48006	619.4708	.0092	PA O-31:0	C34H69O7P	[M-H]-	/resources/tools/chemdb_ontology?abbrev=PA O-31:0
620.48122	620.4781	.0031	PA O-31:0	C34H69O7P	Neutral	/resources/tools/chemdb_ontology?abbrev=PA O-31:0
734.47599	734.4766	.0006	PE 36:6	C41H70NO8P	[M-H]-	/resources/tools/chemdb_ontology?abbrev=PE 36:6
734.47599	734.4766	.0006	PC 34:6	C42H72NO8P	[M-CH3]-	/resources/tools/chemdb_ontology?abbrev=PC 34:6
832.50546	832.5134	.0080	PS 40:7	C46H76NO10P	[M-H]-	/resources/tools/chemdb_ontology?abbrev=PS 40:7
832.50546	832.5112	.0058	IPC 34:0;O3	C40H80NO12P	[M+Cl]-	/resources/tools/chemdb_ontology?abbrev=IPC 34:0;O3
832.50546	832.5134	.0080	PE 40:8	C45H74NO8P	[M+Formate]-	/resources/tools/chemdb_ontology?abbrev=PE 40:8
832.50546	832.5134	.0080	PC 36:8	C44H72NO8P	[M+OAc]-	/resources/tools/chemdb_ontology?abbrev=PC 36:8
832.50546	832.5134	.0080	PE 39:8	C44H72NO8P	[M+OAc]-	/resources/tools/chemdb_ontology?abbrev=PE 39:8
832.50546	832.5102	.0047	PI 34:3	C43H77O13P	Neutral	/resources/tools/chemdb_ontology?abbrev=PI 34:3
881.51814	881.5186	.0004	PI 38:6	C47H79O13P	[M-H]-	/resources/tools/chemdb_ontology?abbrev=PI 38:6
881.51814	881.5105	.0076	PG 42:8	C48H79O10P	[M+Cl]-	/resources/tools/chemdb_ontology?abbrev=PG 42:8
831.50217	831.5029	.0007	PI 34:3	C43H77O13P	[M-H]-	/resources/tools/chemdb_ontology?abbrev=PI 34:3
831.50217	831.4948	.0073	PG 38:5	C44H77O10P	[M+Cl]-	/resources/tools/chemdb_ontology?abbrev=PG 38:5
831.50217	831.5050	.0029	PS 40:8	C46H74NO10P	Neutral	/resources/tools/chemdb_ontology?abbrev=PS 40:8
618.52954	618.5234	.0062	Cer 36:0;O3	C36H73NO4	[M+Cl]-	/resources/tools/chemdb_ontology?abbrev=Cer 36:0;O3
618.52954	618.5223	.0072	DG 36:3	C39H70O5	Neutral	/resources/tools/chemdb_ontology?abbrev=DG 36:3
618.52954	618.5376	.0080	CE 16:3	C43H70O2	Neutral	/resources/tools/chemdb_ontology?abbrev=CE 16:3
719.47673	719.4788	.0021	PA O-36:3	C39H73O7P	[M+Cl]-	/resources/tools/chemdb_ontology?abbrev=PA O-36:3
719.47673	719.4737	.0030	PS 31:1	C37H70NO10P	Neutral	/resources/tools/chemdb_ontology?abbrev=PS 31:1
718.47401	718.4665	.0075	PS 31:1	C37H70NO10P	[M-H]-	/resources/tools/chemdb_ontology?abbrev=PS 31:1
718.47401	718.4665	.0075	PC 28:2	C36H68NO8P	[M+Formate]-	/resources/tools/chemdb_ontology?abbrev=PC 28:2
718.47401	718.4665	.0075	PE 31:2	C36H68NO8P	[M+Formate]-	/resources/tools/chemdb_ontology?abbrev=PE 31:2
718.47401	718.4665	.0075	PE 30:2	C35H66NO8P	[M+OAc]-	/resources/tools/chemdb_ontology?abbrev=PE 30:2
718.47401	718.4785	.0045	PG 32:2	C38H71O10P	Neutral	/resources/tools/chemdb_ontology?abbrev=PG 32:2
484.30537	484.3045	.0009	LPE O-16:0	C21H46NO6P	[M+Formate]-	/resources/tools/chemdb_ontology?abbrev=LPE O-16:0
717.47076	717.4712	.0005	PG 32:2	C38H71O10P	[M-H]-	/resources/tools/chemdb_ontology?abbrev=PG 32:2
717.47076	717.4632	.0076	PA O-36:4	C39H71O7P	[M+Cl]-	/resources/tools/chemdb_ontology?abbrev=PA O-36:4
717.47076	717.4712	.0005	PA 34:2	C37H69O8P	[M+Formate]-	/resources/tools/chemdb_ontology?abbrev=PA 34:2
717.47076	717.4712	.0005	PA 33:2	C36H67O8P	[M+OAc]-	/resources/tools/chemdb_ontology?abbrev=PA 33:2
785.45766	785.4610	.0034	PG 34:5	C40H69O10P	[M+Formate]-	/resources/tools/chemdb_ontology?abbrev=PG 34:5
785.45766	785.4610	.0034	PG 33:5	C39H67O10P	[M+OAc]-	/resources/tools/chemdb_ontology?abbrev=PG 33:5
650.32693	650.3311	.0042	PS 24:2;O2	C30H54NO12P	[M-H]-	/resources/tools/chemdb_ontology?abbrev=PS 24:2;O2
650.32693	650.3311	.0042	PE 24:3;O2	C29H52NO10P	[M+Formate]-	/resources/tools/chemdb_ontology?abbrev=PE 24:3;O2
650.32693	650.3311	.0042	PE 23:3;O2	C28H50NO10P	[M+OAc]-	/resources/tools/chemdb_ontology?abbrev=PE 23:3;O2
646.47968	646.4817	.0020	PE O-30:1	C35H70NO7P	[M-H]-	/resources/tools/chemdb_ontology?abbrev=PE O-30:1
646.47968	646.4817	.0020	PC O-28:1	C36H72NO7P	[M-CH3]-	/resources/tools/chemdb_ontology?abbrev=PC O-28:1
621.43631	621.4291	.0072	DG 34:5	C37H62O5	[M+Cl]-	/resources/tools/chemdb_ontology?abbrev=DG 34:5
621.43631	621.4372	.0009	ST 28:1;O;Hex	C34H58O6	[M+OAc]-	/resources/tools/chemdb_ontology?abbrev=ST 28:1;O;Hex
621.43631	621.4370	.0006	PC 24:0	C32H64NO8P	Neutral	/resources/tools/chemdb_ontology?abbrev=PC 24:0
621.43631	621.4370	.0006	PE 27:0	C32H64NO8P	Neutral	/resources/tools/chemdb_ontology?abbrev=PE 27:0
758.47683	758.4766	.0002	PE 38:8	C43H70NO8P	[M-H]-	/resources/tools/chemdb_ontology?abbrev=PE 38:8
758.47683	758.4766	.0002	PC 36:8	C44H72NO8P	[M-CH3]-	/resources/tools/chemdb_ontology?abbrev=PC 36:8
605.39837	605.4059	.0075	ST 27:2;O;Hex	C33H54O6	[M+OAc]-	/resources/tools/chemdb_ontology?abbrev=ST 27:2;O;Hex
605.39837	605.4057	.0073	PE 26:1	C31H60NO8P	Neutral	/resources/tools/chemdb_ontology?abbrev=PE 26:1
645.47643	645.4736	.0028	DG 35:5	C38H64O5	[M+Formate]-	/resources/tools/chemdb_ontology?abbrev=DG 35:5
645.47643	645.4736	.0028	DG 34:5	C37H62O5	[M+OAc]-	/resources/tools/chemdb_ontology?abbrev=DG 34:5
645.47643	645.4733	.0031	PE O-30:2	C35H68NO7P	Neutral	/resources/tools/chemdb_ontology?abbrev=PE O-30:2
866.51563	866.5189	.0033	PS 39:6	C45H76NO10P	[M+Formate]-	/resources/tools/chemdb_ontology?abbrev=PS 39:6
866.51563	866.5189	.0033	PS 38:6	C44H74NO10P	[M+OAc]-	/resources/tools/chemdb_ontology?abbrev=PS 38:6
866.51563	866.5098	.0058	PG 44:12	C50H75O10P	Neutral	/resources/tools/chemdb_ontology?abbrev=PG 44:12
785.49466	785.4894	.0053	PA 40:5	C43H75O8P	[M+Cl]-	/resources/tools/chemdb_ontology?abbrev=PA 40:5
785.49466	785.4974	.0028	PG O-34:5	C40H71O9P	[M+OAc]-	/resources/tools/chemdb_ontology?abbrev=PG O-34:5
785.49466	785.4996	.0049	PE 40:9	C45H72NO8P	Neutral	/resources/tools/chemdb_ontology?abbrev=PE 40:9
923.48924	923.4870	.0022	TG 53:18;O3	C56H72O9	[M+Cl]-	/resources/tools/chemdb_ontology?abbrev=TG 53:18;O3
923.48924	923.4927	.0035	PI 38:8	C47H75O13P	[M+Formate]-	/resources/tools/chemdb_ontology?abbrev=PI 38:8
684.46014	684.4610	.0008	PE 32:3	C37H68NO8P	[M-H]-	/resources/tools/chemdb_ontology?abbrev=PE 32:3
684.46014	684.4610	.0008	PC 30:3	C38H70NO8P	[M-CH3]-	/resources/tools/chemdb_ontology?abbrev=PC 30:3
855.50251	855.5029	.0004	PI 36:5	C45H77O13P	[M-H]-	/resources/tools/chemdb_ontology?abbrev=PI 36:5
855.50251	855.4948	.0077	PG 40:7	C46H77O10P	[M+Cl]-	/resources/tools/chemdb_ontology?abbrev=PG 40:7
855.50251	855.5050	.0025	PS 42:10	C48H74NO10P	Neutral	/resources/tools/chemdb_ontology?abbrev=PS 42:10
856.50582	856.5134	.0076	PS 42:9	C48H76NO10P	[M-H]-	/resources/tools/chemdb_ontology?abbrev=PS 42:9
856.50582	856.5134	.0076	PE 42:10	C47H74NO8P	[M+Formate]-	/resources/tools/chemdb_ontology?abbrev=PE 42:10
856.50582	856.5102	.0044	PI 36:5	C45H77O13P	Neutral	/resources/tools/chemdb_ontology?abbrev=PI 36:5
784.49154	784.4923	.0007	PE 40:9	C45H72NO8P	[M-H]-	/resources/tools/chemdb_ontology?abbrev=PE 40:9
784.49154	784.4901	.0014	PS 33:0	C39H76NO10P	[M+Cl]-	/resources/tools/chemdb_ontology?abbrev=PS 33:0
784.49154	784.4923	.0007	PC 38:9	C46H74NO8P	[M-CH3]-	/resources/tools/chemdb_ontology?abbrev=PC 38:9
799.53168	799.5283	.0033	PA 44:8	C47H77O8P	[M-H]-	/resources/tools/chemdb_ontology?abbrev=PA 44:8
799.53168	799.5261	.0055	PG 35:0	C41H81O10P	[M+Cl]-	/resources/tools/chemdb_ontology?abbrev=PG 35:0
799.53168	799.5414	.0097	PA O-42:5	C45H81O7P	[M+Cl]-	/resources/tools/chemdb_ontology?abbrev=PA O-42:5
799.53168	799.5363	.0047	PS 37:3	C43H78NO10P	Neutral	/resources/tools/chemdb_ontology?abbrev=PS 37:3
850.55019	850.5534	.0032	Hex2Cer 30:1;O2	C42H79NO13	[M+Formate]-	/resources/tools/chemdb_ontology?abbrev=Hex2Cer 30:1;O2
850.55019	850.5571	.0069	PI 35:1	C44H83O13P	Neutral	/resources/tools/chemdb_ontology?abbrev=PI 35:1
849.54754	849.5499	.0023	PI 35:1	C44H83O13P	[M-H]-	/resources/tools/chemdb_ontology?abbrev=PI 35:1
849.54754	849.5418	.0057	PG 39:3	C45H83O10P	[M+Cl]-	/resources/tools/chemdb_ontology?abbrev=PG 39:3
849.54754	849.5520	.0044	PS 41:6	C47H80NO10P	Neutral	/resources/tools/chemdb_ontology?abbrev=PS 41:6
917.53435	917.5397	.0053	PI 37:4	C46H81O13P	[M+Formate]-	/resources/tools/chemdb_ontology?abbrev=PI 37:4
917.53435	917.5397	.0053	PI 36:4	C45H79O13P	[M+OAc]-	/resources/tools/chemdb_ontology?abbrev=PI 36:4
798.52847	798.5291	.0006	PS 37:3	C43H78NO10P	[M-H]-	/resources/tools/chemdb_ontology?abbrev=PS 37:3
798.52847	798.5210	.0075	PC O-36:6	C44H78NO7P	[M+Cl]-	/resources/tools/chemdb_ontology?abbrev=PC O-36:6
798.52847	798.5291	.0006	PC 34:4	C42H76NO8P	[M+Formate]-	/resources/tools/chemdb_ontology?abbrev=PC 34:4
798.52847	798.5291	.0006	PE 37:4	C42H76NO8P	[M+Formate]-	/resources/tools/chemdb_ontology?abbrev=PE 37:4
798.52847	798.5291	.0006	PC 33:4	C41H74NO8P	[M+OAc]-	/resources/tools/chemdb_ontology?abbrev=PC 33:4
798.52847	798.5291	.0006	PE 36:4	C41H74NO8P	[M+OAc]-	/resources/tools/chemdb_ontology?abbrev=PE 36:4
798.52847	798.5291	.0006	PE O-36:5;O	C41H74NO8P	[M+OAc]-	/resources/tools/chemdb_ontology?abbrev=PE O-36:5;O
798.52847	798.5282	.0003	MGDG 38:8	C47H74O10	Neutral	/resources/tools/chemdb_ontology?abbrev=MGDG 38:8
762.50722	762.5079	.0007	PE 38:6	C43H74NO8P	[M-H]-	/resources/tools/chemdb_ontology?abbrev=PE 38:6
762.50722	762.5079	.0007	PE O-38:7;O	C43H74NO8P	[M-H]-	/resources/tools/chemdb_ontology?abbrev=PE O-38:7;O
762.50722	762.5079	.0007	PC 36:6	C44H76NO8P	[M-CH3]-	/resources/tools/chemdb_ontology?abbrev=PC 36:6
916.53119	916.5345	.0034	PS 42:9	C48H76NO10P	[M+OAc]-	/resources/tools/chemdb_ontology?abbrev=PS 42:9
848.54422	848.5447	.0005	PS 41:6	C47H80NO10P	[M-H]-	/resources/tools/chemdb_ontology?abbrev=PS 41:6
848.54422	848.5447	.0005	PC 38:7	C46H78NO8P	[M+Formate]-	/resources/tools/chemdb_ontology?abbrev=PC 38:7
848.54422	848.5447	.0005	PE 41:7	C46H78NO8P	[M+Formate]-	/resources/tools/chemdb_ontology?abbrev=PE 41:7
848.54422	848.5447	.0005	PC 37:7	C45H76NO8P	[M+OAc]-	/resources/tools/chemdb_ontology?abbrev=PC 37:7
848.54422	848.5447	.0005	PE 40:7	C45H76NO8P	[M+OAc]-	/resources/tools/chemdb_ontology?abbrev=PE 40:7
848.54422	848.5415	.0027	PI 35:2	C44H81O13P	Neutral	/resources/tools/chemdb_ontology?abbrev=PI 35:2
658.27665	658.2765	.0002	PS 22:2;O2	C28H50NO12P	[M+Cl]-	/resources/tools/chemdb_ontology?abbrev=PS 22:2;O2
658.44427	658.4453	.0011	PE 30:2	C35H66NO8P	[M-H]-	/resources/tools/chemdb_ontology?abbrev=PE 30:2
658.44427	658.4453	.0011	PC 28:2	C36H68NO8P	[M-CH3]-	/resources/tools/chemdb_ontology?abbrev=PC 28:2
857.50887	857.5186	.0097	PI 36:4	C45H79O13P	[M-H]-	/resources/tools/chemdb_ontology?abbrev=PI 36:4
857.50887	857.5105	.0016	PG 40:6	C46H79O10P	[M+Cl]-	/resources/tools/chemdb_ontology?abbrev=PG 40:6
494.37502	494.3766	.0015	TG 63:13	C66H102O6	[M-2H]2-	/resources/tools/chemdb_ontology?abbrev=TG 63:13
875.45254	875.4483	.0043	PI 35:6	C44H73O13P	[M+Cl]-	/resources/tools/chemdb_ontology?abbrev=PI 35:6
882.52147	882.5291	.0076	PS 44:10	C50H78NO10P	[M-H]-	/resources/tools/chemdb_ontology?abbrev=PS 44:10
882.52147	882.5258	.0044	PI 38:6	C47H79O13P	Neutral	/resources/tools/chemdb_ontology?abbrev=PI 38:6
883.52412	883.5261	.0020	PG 42:7	C48H81O10P	[M+Cl]-	/resources/tools/chemdb_ontology?abbrev=PG 42:7
949.50479	949.5084	.0036	PI 40:9	C49H77O13P	[M+Formate]-	/resources/tools/chemdb_ontology?abbrev=PI 40:9
756.48113	756.4821	.0010	PS 34:3	C40H72NO10P	[M-H]-	/resources/tools/chemdb_ontology?abbrev=PS 34:3
756.48113	756.4740	.0071	PE O-36:6	C41H72NO7P	[M+Cl]-	/resources/tools/chemdb_ontology?abbrev=PE O-36:6
756.48113	756.4821	.0010	PC 31:4	C39H70NO8P	[M+Formate]-	/resources/tools/chemdb_ontology?abbrev=PC 31:4
756.48113	756.4821	.0010	PE 34:4	C39H70NO8P	[M+Formate]-	/resources/tools/chemdb_ontology?abbrev=PE 34:4
756.48113	756.4821	.0010	PC 30:4	C38H68NO8P	[M+OAc]-	/resources/tools/chemdb_ontology?abbrev=PC 30:4
756.48113	756.4821	.0010	PE 33:4	C38H68NO8P	[M+OAc]-	/resources/tools/chemdb_ontology?abbrev=PE 33:4
481.36592	481.3687	.0028	ST 30:4;O	C30H46O	[M+OAc]-	/resources/tools/chemdb_ontology?abbrev=ST 30:4;O
481.36592	481.3687	.0028	TG 61:12	C64H100O6	[M-2H]2-	/resources/tools/chemdb_ontology?abbrev=TG 61:12
736.48234	736.4923	.0099	PE 36:5	C41H72NO8P	[M-H]-	/resources/tools/chemdb_ontology?abbrev=PE 36:5
736.48234	736.4770	.0053	PS O-30:1	C36H70NO9P	[M+Formate]-	/resources/tools/chemdb_ontology?abbrev=PS O-30:1
736.48234	736.4770	.0053	LPS O-29:2;O	C35H68NO9P	[M+OAc]-	/resources/tools/chemdb_ontology?abbrev=LPS O-29:2;O
736.48234	736.4770	.0053	PS O-29:1	C35H68NO9P	[M+OAc]-	/resources/tools/chemdb_ontology?abbrev=PS O-29:1
736.48234	736.4923	.0099	PC 34:5	C42H74NO8P	[M-CH3]-	/resources/tools/chemdb_ontology?abbrev=PC 34:5
736.48234	736.4867	.0043	CL 74:9	C83H144O17P2	[M-2H]2-	/resources/tools/chemdb_ontology?abbrev=CL 74:9
802.46334	802.4665	.0031	PS 38:8	C44H70NO10P	[M-H]-	/resources/tools/chemdb_ontology?abbrev=PS 38:8
802.46334	802.4665	.0031	PE 38:9	C43H68NO8P	[M+Formate]-	/resources/tools/chemdb_ontology?abbrev=PE 38:9
802.46334	802.4632	.0001	PI 32:4	C41H71O13P	Neutral	/resources/tools/chemdb_ontology?abbrev=PI 32:4
734.47626	734.4766	.0004	PE 36:6	C41H70NO8P	[M-H]-	/resources/tools/chemdb_ontology?abbrev=PE 36:6
734.47626	734.4766	.0004	PC 34:6	C42H72NO8P	[M-CH3]-	/resources/tools/chemdb_ontology?abbrev=PC 34:6
721.2967	721.2973	.0006	PI 22:1;O	C30H55O15P	[M+Cl]-	/resources/tools/chemdb_ontology?abbrev=PI 22:1;O
803.46644	803.4716	.0052	PI 32:3	C41H73O13P	[M-H]-	/resources/tools/chemdb_ontology?abbrev=PI 32:3
803.46644	803.4635	.0029	PG 36:5	C42H73O10P	[M+Cl]-	/resources/tools/chemdb_ontology?abbrev=PG 36:5
803.46644	803.4737	.0073	PS 38:8	C44H70NO10P	Neutral	/resources/tools/chemdb_ontology?abbrev=PS 38:8
730.50987	730.5029	.0070	PS O-33:2	C39H74NO9P	[M-H]-	/resources/tools/chemdb_ontology?abbrev=PS O-33:2
730.50987	730.5111	.0012	HexCer 32:2;O3	C38H71NO9	[M+Formate]-	/resources/tools/chemdb_ontology?abbrev=HexCer 32:2;O3
730.50987	730.5029	.0070	PE O-33:3	C38H72NO7P	[M+Formate]-	/resources/tools/chemdb_ontology?abbrev=PE O-33:3
730.50987	730.5149	.0050	PG O-34:3	C40H75O9P	Neutral	/resources/tools/chemdb_ontology?abbrev=PG O-34:3
756.51773	756.5185	.0008	PS O-35:3	C41H76NO9P	[M-H]-	/resources/tools/chemdb_ontology?abbrev=PS O-35:3
756.51773	756.5185	.0008	PE O-34:4	C39H72NO7P	[M+OAc]-	/resources/tools/chemdb_ontology?abbrev=PE O-34:4
744.48969	744.4821	.0076	PS 33:2	C39H72NO10P	[M-H]-	/resources/tools/chemdb_ontology?abbrev=PS 33:2
744.48969	744.4821	.0076	PC 30:3	C38H70NO8P	[M+Formate]-	/resources/tools/chemdb_ontology?abbrev=PC 30:3
744.48969	744.4821	.0076	PE 33:3	C38H70NO8P	[M+Formate]-	/resources/tools/chemdb_ontology?abbrev=PE 33:3
744.48969	744.4821	.0076	PE 32:3	C37H68NO8P	[M+OAc]-	/resources/tools/chemdb_ontology?abbrev=PE 32:3
744.48969	744.4941	.0044	PG 34:3	C40H73O10P	Neutral	/resources/tools/chemdb_ontology?abbrev=PG 34:3
811.47336	811.4767	.0033	PG 36:6	C42H71O10P	[M+Formate]-	/resources/tools/chemdb_ontology?abbrev=PG 36:6
811.47336	811.4638	.0095	MGDG 36:10	C45H66O10	[M+Formate]-	/resources/tools/chemdb_ontology?abbrev=MGDG 36:10
811.47336	811.4767	.0033	PG 35:6	C41H69O10P	[M+OAc]-	/resources/tools/chemdb_ontology?abbrev=PG 35:6
743.48642	743.4869	.0004	PG 34:3	C40H73O10P	[M-H]-	/resources/tools/chemdb_ontology?abbrev=PG 34:3
743.48642	743.4788	.0076	PA O-38:5	C41H73O7P	[M+Cl]-	/resources/tools/chemdb_ontology?abbrev=PA O-38:5
743.48642	743.4869	.0004	PA 36:3	C39H71O8P	[M+Formate]-	/resources/tools/chemdb_ontology?abbrev=PA 36:3
743.48642	743.4869	.0004	PA 35:3	C38H69O8P	[M+OAc]-	/resources/tools/chemdb_ontology?abbrev=PA 35:3
516.2751	516.2723	.0028	ST 29:6;O8	C29H40O8	Neutral	/resources/tools/chemdb_ontology?abbrev=ST 29:6;O8
857.51722	857.5186	.0013	PI 36:4	C45H79O13P	[M-H]-	/resources/tools/chemdb_ontology?abbrev=PI 36:4
857.51722	857.5105	.0067	PG 40:6	C46H79O10P	[M+Cl]-	/resources/tools/chemdb_ontology?abbrev=PG 40:6
857.51722	857.5207	.0035	PS 42:9	C48H76NO10P	Neutral	/resources/tools/chemdb_ontology?abbrev=PS 42:9
506.24629	506.2525	.0062	LPS 17:2	C23H42NO9P	[M-H]-	/resources/tools/chemdb_ontology?abbrev=LPS 17:2
506.24629	506.2516	.0053	ST 21:3;O3;GlcA	C27H38O9	Neutral	/resources/tools/chemdb_ontology?abbrev=ST 21:3;O3;GlcA
487.32161	487.3196	.0020	ST 27:0;O5	C27H48O5	[M+Cl]-	/resources/tools/chemdb_ontology?abbrev=ST 27:0;O5
487.32161	487.3277	.0060	WE 24:2;O4	C24H44O6	[M+OAc]-	/resources/tools/chemdb_ontology?abbrev=WE 24:2;O4
872.12018	872.1265	.0063	CoA 4:0	C25H42N7O17P3S	[M+Cl]-	/resources/tools/chemdb_ontology?abbrev=CoA 4:0
807.49988	807.5029	.0030	PI 32:1	C41H77O13P	[M-H]-	/resources/tools/chemdb_ontology?abbrev=PI 32:1
807.49988	807.4948	.0050	PG 36:3	C42H77O10P	[M+Cl]-	/resources/tools/chemdb_ontology?abbrev=PG 36:3
807.49988	807.5050	.0052	PS 38:6	C44H74NO10P	Neutral	/resources/tools/chemdb_ontology?abbrev=PS 38:6
978.13109	978.1320	.0009	CoA 10:5;O2	C31H44N7O19P3S	[M+Cl]-	/resources/tools/chemdb_ontology?abbrev=CoA 10:5;O2
239.05946	239.0692	.0097	FA 9:1;O3	C9H16O5	[M+Cl]-	/resources/tools/chemdb_ontology?abbrev=FA 9:1;O3
239.05946	239.0561	.0033	FA 10:5;O2	C10H10O4	[M+Formate]-	/resources/tools/chemdb_ontology?abbrev=FA 10:5;O2
976.13168	976.1374	.0058	CoA 7:1;O4	C28H46N7O21P3S	[M+Cl]-	/resources/tools/chemdb_ontology?abbrev=CoA 7:1;O4
517.27828	517.2760	.0023	ST 27:1;O2;S	C27H46O5S	[M+Cl]-	/resources/tools/chemdb_ontology?abbrev=ST 27:1;O2;S
669.32041	669.3257	.0053	PI 22:1	C30H55O14P	[M-H]-	/resources/tools/chemdb_ontology?abbrev=PI 22:1
669.32041	669.3176	.0028	PA 28:3;O3	C31H55O11P	[M+Cl]-	/resources/tools/chemdb_ontology?abbrev=PA 28:3;O3
669.32041	669.3257	.0053	LPI 20:2	C29H53O12P	[M+Formate]-	/resources/tools/chemdb_ontology?abbrev=LPI 20:2
669.32041	669.3257	.0053	PG 23:2;O2	C29H53O12P	[M+Formate]-	/resources/tools/chemdb_ontology?abbrev=PG 23:2;O2
669.32041	669.3257	.0053	PG 22:2;O2	C28H51O12P	[M+OAc]-	/resources/tools/chemdb_ontology?abbrev=PG 22:2;O2
806.49681	806.4978	.0010	PS 38:6	C44H74NO10P	[M-H]-	/resources/tools/chemdb_ontology?abbrev=PS 38:6
806.49681	806.4978	.0010	PE 38:7	C43H72NO8P	[M+Formate]-	/resources/tools/chemdb_ontology?abbrev=PE 38:7
806.49681	806.4978	.0010	PE 37:7	C42H70NO8P	[M+OAc]-	/resources/tools/chemdb_ontology?abbrev=PE 37:7
806.49681	806.4945	.0023	PI 32:2	C41H75O13P	Neutral	/resources/tools/chemdb_ontology?abbrev=PI 32:2
805.48703	805.4873	.0002	PI 32:2	C41H75O13P	[M-H]-	/resources/tools/chemdb_ontology?abbrev=PI 32:2
805.48703	805.4792	.0078	PG 36:4	C42H75O10P	[M+Cl]-	/resources/tools/chemdb_ontology?abbrev=PG 36:4
805.48703	805.4894	.0024	PS 38:7	C44H72NO10P	Neutral	/resources/tools/chemdb_ontology?abbrev=PS 38:7
832.50524	832.5134	.0082	PS 40:7	C46H76NO10P	[M-H]-	/resources/tools/chemdb_ontology?abbrev=PS 40:7
832.50524	832.5112	.0060	IPC 34:0;O3	C40H80NO12P	[M+Cl]-	/resources/tools/chemdb_ontology?abbrev=IPC 34:0;O3
832.50524	832.5134	.0082	PE 40:8	C45H74NO8P	[M+Formate]-	/resources/tools/chemdb_ontology?abbrev=PE 40:8
832.50524	832.5134	.0082	PC 36:8	C44H72NO8P	[M+OAc]-	/resources/tools/chemdb_ontology?abbrev=PC 36:8
832.50524	832.5134	.0082	PE 39:8	C44H72NO8P	[M+OAc]-	/resources/tools/chemdb_ontology?abbrev=PE 39:8
832.50524	832.5102	.0049	PI 34:3	C43H77O13P	Neutral	/resources/tools/chemdb_ontology?abbrev=PI 34:3
658.28571	658.2765	.0092	PS 22:2;O2	C28H50NO12P	[M+Cl]-	/resources/tools/chemdb_ontology?abbrev=PS 22:2;O2
685.30704	685.3125	.0055	PG 25:3;O2	C31H55O12P	[M+Cl]-	/resources/tools/chemdb_ontology?abbrev=PG 25:3;O2
768.48959	768.4821	.0075	PS 35:4	C41H72NO10P	[M-H]-	/resources/tools/chemdb_ontology?abbrev=PS 35:4
768.48959	768.4952	.0056	PS O-33:1	C39H76NO9P	[M+Cl]-	/resources/tools/chemdb_ontology?abbrev=PS O-33:1
768.48959	768.4821	.0075	PC 32:5	C40H70NO8P	[M+Formate]-	/resources/tools/chemdb_ontology?abbrev=PC 32:5
768.48959	768.4821	.0075	PE 35:5	C40H70NO8P	[M+Formate]-	/resources/tools/chemdb_ontology?abbrev=PE 35:5
768.48959	768.4821	.0075	PE 34:5	C39H68NO8P	[M+OAc]-	/resources/tools/chemdb_ontology?abbrev=PE 34:5
768.48959	768.4941	.0045	PG 36:5	C42H73O10P	Neutral	/resources/tools/chemdb_ontology?abbrev=PG 36:5
768.48959	768.4813	.0083	MGDG 36:9	C45H68O10	Neutral	/resources/tools/chemdb_ontology?abbrev=MGDG 36:9
835.47303	835.4767	.0037	PG 38:8	C44H71O10P	[M+Formate]-	/resources/tools/chemdb_ontology?abbrev=PG 38:8
767.48634	767.4869	.0005	PG 36:5	C42H73O10P	[M-H]-	/resources/tools/chemdb_ontology?abbrev=PG 36:5
767.48634	767.4788	.0075	PA O-40:7	C43H73O7P	[M+Cl]-	/resources/tools/chemdb_ontology?abbrev=PA O-40:7
767.48634	767.4869	.0005	PA 38:5	C41H71O8P	[M+Formate]-	/resources/tools/chemdb_ontology?abbrev=PA 38:5
767.48634	767.4869	.0005	PA 37:5	C40H69O8P	[M+OAc]-	/resources/tools/chemdb_ontology?abbrev=PA 37:5
824.54379	824.5447	.0009	PS 39:4	C45H80NO10P	[M-H]-	/resources/tools/chemdb_ontology?abbrev=PS 39:4
824.54379	824.5366	.0071	PC O-38:7	C46H80NO7P	[M+Cl]-	/resources/tools/chemdb_ontology?abbrev=PC O-38:7
824.54379	824.5447	.0009	PC 36:5	C44H78NO8P	[M+Formate]-	/resources/tools/chemdb_ontology?abbrev=PC 36:5
824.54379	824.5447	.0009	PE 39:5	C44H78NO8P	[M+Formate]-	/resources/tools/chemdb_ontology?abbrev=PE 39:5
824.54379	824.5447	.0009	PC 35:5	C43H76NO8P	[M+OAc]-	/resources/tools/chemdb_ontology?abbrev=PC 35:5
824.54379	824.5447	.0009	PE 38:5	C43H76NO8P	[M+OAc]-	/resources/tools/chemdb_ontology?abbrev=PE 38:5
824.54379	824.5447	.0009	PE O-38:6;O	C43H76NO8P	[M+OAc]-	/resources/tools/chemdb_ontology?abbrev=PE O-38:6;O
824.54379	824.5415	.0023	PI 33:0	C42H81O13P	Neutral	/resources/tools/chemdb_ontology?abbrev=PI 33:0
903.46095	903.4608	.0001	TG 53:20;O2	C56H68O8	[M+Cl]-	/resources/tools/chemdb_ontology?abbrev=TG 53:20;O2
848.54338	848.5447	.0013	PS 41:6	C47H80NO10P	[M-H]-	/resources/tools/chemdb_ontology?abbrev=PS 41:6
848.54338	848.5447	.0013	PC 38:7	C46H78NO8P	[M+Formate]-	/resources/tools/chemdb_ontology?abbrev=PC 38:7
848.54338	848.5447	.0013	PE 41:7	C46H78NO8P	[M+Formate]-	/resources/tools/chemdb_ontology?abbrev=PE 41:7
848.54338	848.5447	.0013	PC 37:7	C45H76NO8P	[M+OAc]-	/resources/tools/chemdb_ontology?abbrev=PC 37:7
848.54338	848.5447	.0013	PE 40:7	C45H76NO8P	[M+OAc]-	/resources/tools/chemdb_ontology?abbrev=PE 40:7
848.54338	848.5415	.0019	PI 35:2	C44H81O13P	Neutral	/resources/tools/chemdb_ontology?abbrev=PI 35:2
434.30862	434.3043	.0044	CAR 16:0	C23H45NO4	[M+Cl]-	/resources/tools/chemdb_ontology?abbrev=CAR 16:0
434.30862	434.3032	.0054	ST 26:2;O5	C26H42O5	Neutral	/resources/tools/chemdb_ontology?abbrev=ST 26:2;O5
638.30661	638.3067	.0001	PG 23:3;O3	C29H51O13P	Neutral	/resources/tools/chemdb_ontology?abbrev=PG 23:3;O3
858.52098	858.5291	.0081	PS 42:8	C48H78NO10P	[M-H]-	/resources/tools/chemdb_ontology?abbrev=PS 42:8
858.52098	858.5174	.0036	SHexCer 36:1;O3	C42H81NO12S	[M+Cl]-	/resources/tools/chemdb_ontology?abbrev=SHexCer 36:1;O3
858.52098	858.5291	.0081	PE 42:9	C47H76NO8P	[M+Formate]-	/resources/tools/chemdb_ontology?abbrev=PE 42:9
858.52098	858.5291	.0081	PC 38:9	C46H74NO8P	[M+OAc]-	/resources/tools/chemdb_ontology?abbrev=PC 38:9
858.52098	858.5258	.0049	PI 36:4	C45H79O13P	Neutral	/resources/tools/chemdb_ontology?abbrev=PI 36:4
793.50163	793.5025	.0009	PG 38:6	C44H75O10P	[M-H]-	/resources/tools/chemdb_ontology?abbrev=PG 38:6
793.50163	793.5025	.0009	PA 40:6	C43H73O8P	[M+Formate]-	/resources/tools/chemdb_ontology?abbrev=PA 40:6
793.50163	793.5025	.0009	PA 39:6	C42H71O8P	[M+OAc]-	/resources/tools/chemdb_ontology?abbrev=PA 39:6
629.46575	629.4664	.0007	CerPE 32:2;O2	C34H67N2O6P	[M-H]-	/resources/tools/chemdb_ontology?abbrev=CerPE 32:2;O2
846.45086	846.4563	.0054	PS 38:9	C44H68NO10P	[M+Formate]-	/resources/tools/chemdb_ontology?abbrev=PS 38:9
822.52876	822.5291	.0003	PS 39:5	C45H78NO10P	[M-H]-	/resources/tools/chemdb_ontology?abbrev=PS 39:5
822.52876	822.5291	.0003	PC 36:6	C44H76NO8P	[M+Formate]-	/resources/tools/chemdb_ontology?abbrev=PC 36:6
822.52876	822.5291	.0003	PE 39:6	C44H76NO8P	[M+Formate]-	/resources/tools/chemdb_ontology?abbrev=PE 39:6
822.52876	822.5291	.0003	PC 35:6	C43H74NO8P	[M+OAc]-	/resources/tools/chemdb_ontology?abbrev=PC 35:6
822.52876	822.5291	.0003	PE 38:6	C43H74NO8P	[M+OAc]-	/resources/tools/chemdb_ontology?abbrev=PE 38:6
822.52876	822.5291	.0003	PE O-38:7;O	C43H74NO8P	[M+OAc]-	/resources/tools/chemdb_ontology?abbrev=PE O-38:7;O
822.52876	822.5258	.0029	PI 33:1	C42H79O13P	Neutral	/resources/tools/chemdb_ontology?abbrev=PI 33:1
712.48244	712.4923	.0098	PE 34:3	C39H72NO8P	[M-H]-	/resources/tools/chemdb_ontology?abbrev=PE 34:3
712.48244	712.4923	.0098	PC 32:3	C40H74NO8P	[M-CH3]-	/resources/tools/chemdb_ontology?abbrev=PC 32:3
712.48244	712.4867	.0042	CL 70:5	C79H144O17P2	[M-2H]2-	/resources/tools/chemdb_ontology?abbrev=CL 70:5
645.46141	645.4613	.0001	CerPE 32:2;O3	C34H67N2O7P	[M-H]-	/resources/tools/chemdb_ontology?abbrev=CerPE 32:2;O3
710.53256	710.5250	.0075	PA O-38:4	C41H75O7P	Neutral	/resources/tools/chemdb_ontology?abbrev=PA O-38:4
682.33355	682.3329	.0006	PI 22:2;O	C31H55O14P	Neutral	/resources/tools/chemdb_ontology?abbrev=PI 22:2;O
760.54985	760.5498	.0000	PS O-35:1	C41H80NO9P	[M-H]-	/resources/tools/chemdb_ontology?abbrev=PS O-35:1
760.54985	760.5500	.0001	HexCer 36:2;O2	C42H79NO8	[M+Cl]-	/resources/tools/chemdb_ontology?abbrev=HexCer 36:2;O2
760.54985	760.5498	.0000	PC O-32:2	C40H78NO7P	[M+Formate]-	/resources/tools/chemdb_ontology?abbrev=PC O-32:2
760.54985	760.5498	.0000	PE O-35:2	C40H78NO7P	[M+Formate]-	/resources/tools/chemdb_ontology?abbrev=PE O-35:2
760.54985	760.5580	.0082	HexCer 34:1;O3	C40H77NO9	[M+Formate]-	/resources/tools/chemdb_ontology?abbrev=HexCer 34:1;O3
760.54985	760.5498	.0000	PC O-31:2	C39H76NO7P	[M+OAc]-	/resources/tools/chemdb_ontology?abbrev=PC O-31:2
760.54985	760.5498	.0000	PE O-34:2	C39H76NO7P	[M+OAc]-	/resources/tools/chemdb_ontology?abbrev=PE O-34:2
760.54985	760.5407	.0092	PA O-42:7	C45H77O7P	Neutral	/resources/tools/chemdb_ontology?abbrev=PA O-42:7
711.47962	711.4849	.0053	CerPE 34:1;O3	C36H73N2O7P	[M+Cl]-	/resources/tools/chemdb_ontology?abbrev=CerPE 34:1;O3
711.47962	711.4737	.0059	PA 34:0	C37H73O8P	[M+Cl]-	/resources/tools/chemdb_ontology?abbrev=PA 34:0
711.47962	711.4818	.0022	PG O-29:0	C35H71O9P	[M+Formate]-	/resources/tools/chemdb_ontology?abbrev=PG O-29:0
711.47962	711.4818	.0022	PG O-28:0	C34H69O9P	[M+OAc]-	/resources/tools/chemdb_ontology?abbrev=PG O-28:0
711.47962	711.4788	.0008	CL 70:6	C79H142O17P2	[M-2H]2-	/resources/tools/chemdb_ontology?abbrev=CL 70:6
711.47962	711.4839	.0043	PC 31:4	C39H70NO8P	Neutral	/resources/tools/chemdb_ontology?abbrev=PC 31:4
711.47962	711.4839	.0043	PE 34:4	C39H70NO8P	Neutral	/resources/tools/chemdb_ontology?abbrev=PE 34:4
778.46346	778.4665	.0030	PS 36:6	C42H70NO10P	[M-H]-	/resources/tools/chemdb_ontology?abbrev=PS 36:6
778.46346	778.4665	.0030	PE 36:7	C41H68NO8P	[M+Formate]-	/resources/tools/chemdb_ontology?abbrev=PE 36:7
778.46346	778.4632	.0002	PI 30:2	C39H71O13P	Neutral	/resources/tools/chemdb_ontology?abbrev=PI 30:2
710.47627	710.4766	.0004	PE 34:4	C39H70NO8P	[M-H]-	/resources/tools/chemdb_ontology?abbrev=PE 34:4
710.47627	710.4766	.0004	PC 32:4	C40H72NO8P	[M-CH3]-	/resources/tools/chemdb_ontology?abbrev=PC 32:4
779.46663	779.4716	.0050	PI 30:1	C39H73O13P	[M-H]-	/resources/tools/chemdb_ontology?abbrev=PI 30:1
779.46663	779.4635	.0031	PG 34:3	C40H73O10P	[M+Cl]-	/resources/tools/chemdb_ontology?abbrev=PG 34:3
779.46663	779.4737	.0071	PS 36:6	C42H70NO10P	Neutral	/resources/tools/chemdb_ontology?abbrev=PS 36:6
829.48227	829.4873	.0050	PI 34:4	C43H75O13P	[M-H]-	/resources/tools/chemdb_ontology?abbrev=PI 34:4
829.48227	829.4792	.0031	PG 38:6	C44H75O10P	[M+Cl]-	/resources/tools/chemdb_ontology?abbrev=PG 38:6
829.48227	829.4908	.0085	SQDG 32:0	C41H78O12S	[M+Cl]-	/resources/tools/chemdb_ontology?abbrev=SQDG 32:0
829.48227	829.4894	.0071	PS 40:9	C46H72NO10P	Neutral	/resources/tools/chemdb_ontology?abbrev=PS 40:9
762.49811	762.5079	.0098	PE 38:6	C43H74NO8P	[M-H]-	/resources/tools/chemdb_ontology?abbrev=PE 38:6
762.49811	762.5079	.0098	PE O-38:7;O	C43H74NO8P	[M-H]-	/resources/tools/chemdb_ontology?abbrev=PE O-38:7;O
762.49811	762.4927	.0054	PS O-32:2	C38H72NO9P	[M+Formate]-	/resources/tools/chemdb_ontology?abbrev=PS O-32:2
762.49811	762.4927	.0054	PS O-31:2	C37H70NO9P	[M+OAc]-	/resources/tools/chemdb_ontology?abbrev=PS O-31:2
762.49811	762.5079	.0098	PC 36:6	C44H76NO8P	[M-CH3]-	/resources/tools/chemdb_ontology?abbrev=PC 36:6
828.47905	828.4821	.0031	PS 40:9	C46H72NO10P	[M-H]-	/resources/tools/chemdb_ontology?abbrev=PS 40:9
828.47905	828.4821	.0031	PE 40:10	C45H70NO8P	[M+Formate]-	/resources/tools/chemdb_ontology?abbrev=PE 40:10
828.47905	828.4789	.0002	PI 34:5	C43H73O13P	Neutral	/resources/tools/chemdb_ontology?abbrev=PI 34:5
760.49191	760.4923	.0004	PE 38:7	C43H72NO8P	[M-H]-	/resources/tools/chemdb_ontology?abbrev=PE 38:7
760.49191	760.4923	.0004	PC 36:7	C44H74NO8P	[M-CH3]-	/resources/tools/chemdb_ontology?abbrev=PC 36:7
761.49525	761.4894	.0059	PA 38:3	C41H75O8P	[M+Cl]-	/resources/tools/chemdb_ontology?abbrev=PA 38:3
761.49525	761.4974	.0022	PG O-33:3	C39H73O9P	[M+Formate]-	/resources/tools/chemdb_ontology?abbrev=PG O-33:3
761.49525	761.4945	.0008	CL 78:12	C87H146O17P2	[M-2H]2-	/resources/tools/chemdb_ontology?abbrev=CL 78:12
761.49525	761.4996	.0043	PE 38:7	C43H72NO8P	Neutral	/resources/tools/chemdb_ontology?abbrev=PE 38:7
890.51711	890.5189	.0018	PS 40:8	C46H74NO10P	[M+OAc]-	/resources/tools/chemdb_ontology?abbrev=PS 40:8
897.46927	897.4771	.0078	PI 36:7	C45H73O13P	[M+Formate]-	/resources/tools/chemdb_ontology?abbrev=PI 36:7
639.5313	639.5358	.0045	CE 14:1	C41H70O2	[M+Formate]-	/resources/tools/chemdb_ontology?abbrev=CE 14:1
494.37487	494.3766	.0017	TG 63:13	C66H102O6	[M-2H]2-	/resources/tools/chemdb_ontology?abbrev=TG 63:13
585.37081	585.3773	.0065	LPG O-20:0	C26H55O8P	[M+OAc]-	/resources/tools/chemdb_ontology?abbrev=LPG O-20:0
583.36705	583.3617	.0054	LPG O-20:1	C26H53O8P	[M+OAc]-	/resources/tools/chemdb_ontology?abbrev=LPG O-20:1
769.50168	769.5025	.0008	PG 36:4	C42H75O10P	[M-H]-	/resources/tools/chemdb_ontology?abbrev=PG 36:4
769.50168	769.4945	.0072	PA O-40:6	C43H75O7P	[M+Cl]-	/resources/tools/chemdb_ontology?abbrev=PA O-40:6
769.50168	769.5025	.0008	PA 38:4	C41H73O8P	[M+Formate]-	/resources/tools/chemdb_ontology?abbrev=PA 38:4
769.50168	769.5025	.0008	PA 37:4	C40H71O8P	[M+OAc]-	/resources/tools/chemdb_ontology?abbrev=PA 37:4
618.47747	618.4868	.0093	CerP 34:0;O2	C34H70NO6P	[M-H]-	/resources/tools/chemdb_ontology?abbrev=CerP 34:0;O2
734.47616	734.4766	.0005	PE 36:6	C41H70NO8P	[M-H]-	/resources/tools/chemdb_ontology?abbrev=PE 36:6
734.47616	734.4766	.0005	PC 34:6	C42H72NO8P	[M-CH3]-	/resources/tools/chemdb_ontology?abbrev=PC 34:6
782.49672	782.4978	.0010	PS 36:4	C42H74NO10P	[M-H]-	/resources/tools/chemdb_ontology?abbrev=PS 36:4
782.49672	782.4897	.0070	PE O-38:7	C43H74NO7P	[M+Cl]-	/resources/tools/chemdb_ontology?abbrev=PE O-38:7
782.49672	782.4978	.0010	PC 33:5	C41H72NO8P	[M+Formate]-	/resources/tools/chemdb_ontology?abbrev=PC 33:5
782.49672	782.4978	.0010	PE 36:5	C41H72NO8P	[M+Formate]-	/resources/tools/chemdb_ontology?abbrev=PE 36:5
782.49672	782.4978	.0010	PC 32:5	C40H70NO8P	[M+OAc]-	/resources/tools/chemdb_ontology?abbrev=PC 32:5
782.49672	782.4978	.0010	PE 35:5	C40H70NO8P	[M+OAc]-	/resources/tools/chemdb_ontology?abbrev=PE 35:5
782.49672	782.4945	.0022	PI 30:0	C39H75O13P	Neutral	/resources/tools/chemdb_ontology?abbrev=PI 30:0
831.50208	831.5029	.0008	PI 34:3	C43H77O13P	[M-H]-	/resources/tools/chemdb_ontology?abbrev=PI 34:3
831.50208	831.4948	.0072	PG 38:5	C44H77O10P	[M+Cl]-	/resources/tools/chemdb_ontology?abbrev=PG 38:5
831.50208	831.5050	.0030	PS 40:8	C46H74NO10P	Neutral	/resources/tools/chemdb_ontology?abbrev=PS 40:8
312.29048	312.2908	.0003	NAE 17:0	C19H39NO2	[M-H]-	/resources/tools/chemdb_ontology?abbrev=NAE 17:0
811.47329	811.4767	.0034	PG 36:6	C42H71O10P	[M+Formate]-	/resources/tools/chemdb_ontology?abbrev=PG 36:6
811.47329	811.4638	.0095	MGDG 36:10	C45H66O10	[M+Formate]-	/resources/tools/chemdb_ontology?abbrev=MGDG 36:10
811.47329	811.4767	.0034	PG 35:6	C41H69O10P	[M+OAc]-	/resources/tools/chemdb_ontology?abbrev=PG 35:6
744.48962	744.4821	.0075	PS 33:2	C39H72NO10P	[M-H]-	/resources/tools/chemdb_ontology?abbrev=PS 33:2
744.48962	744.4821	.0075	PC 30:3	C38H70NO8P	[M+Formate]-	/resources/tools/chemdb_ontology?abbrev=PC 30:3
744.48962	744.4821	.0075	PE 33:3	C38H70NO8P	[M+Formate]-	/resources/tools/chemdb_ontology?abbrev=PE 33:3
744.48962	744.4821	.0075	PE 32:3	C37H68NO8P	[M+OAc]-	/resources/tools/chemdb_ontology?abbrev=PE 32:3
744.48962	744.4941	.0045	PG 34:3	C40H73O10P	Neutral	/resources/tools/chemdb_ontology?abbrev=PG 34:3
717.47064	717.4712	.0006	PG 32:2	C38H71O10P	[M-H]-	/resources/tools/chemdb_ontology?abbrev=PG 32:2
717.47064	717.4632	.0075	PA O-36:4	C39H71O7P	[M+Cl]-	/resources/tools/chemdb_ontology?abbrev=PA O-36:4
717.47064	717.4712	.0006	PA 34:2	C37H69O8P	[M+Formate]-	/resources/tools/chemdb_ontology?abbrev=PA 34:2
717.47064	717.4712	.0006	PA 33:2	C36H67O8P	[M+OAc]-	/resources/tools/chemdb_ontology?abbrev=PA 33:2
527.31141	527.3048	.0066	ST 27:1;O2;S	C27H46O5S	[M+Formate]-	/resources/tools/chemdb_ontology?abbrev=ST 27:1;O2;S
656.39114	656.3901	.0011	LPI 22:0	C31H61O12P	Neutral	/resources/tools/chemdb_ontology?abbrev=LPI 22:0
557.39894	557.3978	.0011	DG 29:2	C32H58O5	[M+Cl]-	/resources/tools/chemdb_ontology?abbrev=DG 29:2
655.38799	655.3828	.0052	LPI 22:0	C31H61O12P	[M-H]-	/resources/tools/chemdb_ontology?abbrev=LPI 22:0
655.38799	655.3828	.0052	PG 24:0	C30H59O10P	[M+Formate]-	/resources/tools/chemdb_ontology?abbrev=PG 24:0
645.47722	645.4865	.0093	PA O-33:1	C36H71O7P	[M-H]-	/resources/tools/chemdb_ontology?abbrev=PA O-33:1
645.47722	645.4736	.0036	DG 35:5	C38H64O5	[M+Formate]-	/resources/tools/chemdb_ontology?abbrev=DG 35:5
645.47722	645.4736	.0036	DG 34:5	C37H62O5	[M+OAc]-	/resources/tools/chemdb_ontology?abbrev=DG 34:5
645.47722	645.4733	.0039	PE O-30:2	C35H68NO7P	Neutral	/resources/tools/chemdb_ontology?abbrev=PE O-30:2
794.50831	794.5094	.0011	SHexCer 34:1;O3	C40H77NO12S	[M-H]-	/resources/tools/chemdb_ontology?abbrev=SHexCer 34:1;O3
794.50831	794.5108	.0025	PS O-35:2	C41H78NO9P	[M+Cl]-	/resources/tools/chemdb_ontology?abbrev=PS O-35:2
794.50831	794.5098	.0015	PG 38:6	C44H75O10P	Neutral	/resources/tools/chemdb_ontology?abbrev=PG 38:6
855.5025	855.5029	.0004	PI 36:5	C45H77O13P	[M-H]-	/resources/tools/chemdb_ontology?abbrev=PI 36:5
855.5025	855.4948	.0077	PG 40:7	C46H77O10P	[M+Cl]-	/resources/tools/chemdb_ontology?abbrev=PG 40:7
855.5025	855.5050	.0025	PS 42:10	C48H74NO10P	Neutral	/resources/tools/chemdb_ontology?abbrev=PS 42:10
799.53279	799.5283	.0045	PA 44:8	C47H77O8P	[M-H]-	/resources/tools/chemdb_ontology?abbrev=PA 44:8
799.53279	799.5261	.0066	PG 35:0	C41H81O10P	[M+Cl]-	/resources/tools/chemdb_ontology?abbrev=PG 35:0
799.53279	799.5414	.0086	PA O-42:5	C45H81O7P	[M+Cl]-	/resources/tools/chemdb_ontology?abbrev=PA O-42:5
799.53279	799.5363	.0035	PS 37:3	C43H78NO10P	Neutral	/resources/tools/chemdb_ontology?abbrev=PS 37:3
722.49693	722.4897	.0072	PC O-30:2	C38H74NO7P	[M+Cl]-	/resources/tools/chemdb_ontology?abbrev=PC O-30:2
722.49693	722.4897	.0072	PE O-33:2	C38H74NO7P	[M+Cl]-	/resources/tools/chemdb_ontology?abbrev=PE O-33:2
722.49693	722.4978	.0008	PC 28:0	C36H72NO8P	[M+Formate]-	/resources/tools/chemdb_ontology?abbrev=PC 28:0
722.49693	722.4978	.0008	PE 31:0	C36H72NO8P	[M+Formate]-	/resources/tools/chemdb_ontology?abbrev=PE 31:0
722.49693	722.4978	.0008	PC 27:0	C35H70NO8P	[M+OAc]-	/resources/tools/chemdb_ontology?abbrev=PC 27:0
722.49693	722.4978	.0008	PE 30:0	C35H70NO8P	[M+OAc]-	/resources/tools/chemdb_ontology?abbrev=PE 30:0
722.49693	722.4887	.0083	PA 38:5	C41H71O8P	Neutral	/resources/tools/chemdb_ontology?abbrev=PA 38:5
659.4767	659.4770	.0003	CerPE 33:2;O3	C35H69N2O7P	[M-H]-	/resources/tools/chemdb_ontology?abbrev=CerPE 33:2;O3
659.4767	659.4681	.0086	DG 40:10	C43H64O5	[M-H]-	/resources/tools/chemdb_ontology?abbrev=DG 40:10
632.49257	632.4893	.0032	CerPE 32:1;O2	C34H69N2O6P	Neutral	/resources/tools/chemdb_ontology?abbrev=CerPE 32:1;O2
738.49785	738.4927	.0052	PS O-30:0	C36H72NO9P	[M+Formate]-	/resources/tools/chemdb_ontology?abbrev=PS O-30:0
738.49785	738.4927	.0052	LPS O-29:1;O	C35H70NO9P	[M+OAc]-	/resources/tools/chemdb_ontology?abbrev=LPS O-29:1;O
738.49785	738.4927	.0052	PS O-29:0	C35H70NO9P	[M+OAc]-	/resources/tools/chemdb_ontology?abbrev=PS O-29:0
738.49785	738.5023	.0045	CL 74:7	C83H148O17P2	[M-2H]2-	/resources/tools/chemdb_ontology?abbrev=CL 74:7
658.27692	658.2765	.0004	PS 22:2;O2	C28H50NO12P	[M+Cl]-	/resources/tools/chemdb_ontology?abbrev=PS 22:2;O2
805.4821	805.4873	.0052	PI 32:2	C41H75O13P	[M-H]-	/resources/tools/chemdb_ontology?abbrev=PI 32:2
805.4821	805.4792	.0029	PG 36:4	C42H75O10P	[M+Cl]-	/resources/tools/chemdb_ontology?abbrev=PG 36:4
805.4821	805.4894	.0073	PS 38:7	C44H72NO10P	Neutral	/resources/tools/chemdb_ontology?abbrev=PS 38:7
804.47893	804.4821	.0032	PS 38:7	C44H72NO10P	[M-H]-	/resources/tools/chemdb_ontology?abbrev=PS 38:7
804.47893	804.4821	.0032	PE 38:8	C43H70NO8P	[M+Formate]-	/resources/tools/chemdb_ontology?abbrev=PE 38:8
804.47893	804.4789	.0000	PI 32:3	C41H73O13P	Neutral	/resources/tools/chemdb_ontology?abbrev=PI 32:3
784.49296	784.4923	.0007	PE 40:9	C45H72NO8P	[M-H]-	/resources/tools/chemdb_ontology?abbrev=PE 40:9
784.49296	784.4901	.0029	PS 33:0	C39H76NO10P	[M+Cl]-	/resources/tools/chemdb_ontology?abbrev=PS 33:0
784.49296	784.4923	.0007	PC 38:9	C46H74NO8P	[M-CH3]-	/resources/tools/chemdb_ontology?abbrev=PC 38:9
848.54459	848.5447	.0001	PS 41:6	C47H80NO10P	[M-H]-	/resources/tools/chemdb_ontology?abbrev=PS 41:6
848.54459	848.5447	.0001	PC 38:7	C46H78NO8P	[M+Formate]-	/resources/tools/chemdb_ontology?abbrev=PC 38:7
848.54459	848.5447	.0001	PE 41:7	C46H78NO8P	[M+Formate]-	/resources/tools/chemdb_ontology?abbrev=PE 41:7
848.54459	848.5447	.0001	PC 37:7	C45H76NO8P	[M+OAc]-	/resources/tools/chemdb_ontology?abbrev=PC 37:7
848.54459	848.5447	.0001	PE 40:7	C45H76NO8P	[M+OAc]-	/resources/tools/chemdb_ontology?abbrev=PE 40:7
848.54459	848.5415	.0031	PI 35:2	C44H81O13P	Neutral	/resources/tools/chemdb_ontology?abbrev=PI 35:2
872.46612	872.4719	.0058	PS 40:10	C46H70NO10P	[M+Formate]-	/resources/tools/chemdb_ontology?abbrev=PS 40:10
737.49521	737.5006	.0054	CerPE 36:2;O3	C38H75N2O7P	[M+Cl]-	/resources/tools/chemdb_ontology?abbrev=CerPE 36:2;O3
737.49521	737.4894	.0058	PA 36:1	C39H75O8P	[M+Cl]-	/resources/tools/chemdb_ontology?abbrev=PA 36:1
737.49521	737.4974	.0022	PG O-31:1	C37H73O9P	[M+Formate]-	/resources/tools/chemdb_ontology?abbrev=PG O-31:1
737.49521	737.4974	.0022	PG O-30:1	C36H71O9P	[M+OAc]-	/resources/tools/chemdb_ontology?abbrev=PG O-30:1
737.49521	737.4945	.0007	CL 74:8	C83H146O17P2	[M-2H]2-	/resources/tools/chemdb_ontology?abbrev=CL 74:8
737.49521	737.4996	.0043	PC 33:5	C41H72NO8P	Neutral	/resources/tools/chemdb_ontology?abbrev=PC 33:5
737.49521	737.4996	.0043	PE 36:5	C41H72NO8P	Neutral	/resources/tools/chemdb_ontology?abbrev=PE 36:5
721.29677	721.2973	.0005	PI 22:1;O	C30H55O15P	[M+Cl]-	/resources/tools/chemdb_ontology?abbrev=PI 22:1;O
798.52791	798.5291	.0012	PS 37:3	C43H78NO10P	[M-H]-	/resources/tools/chemdb_ontology?abbrev=PS 37:3
798.52791	798.5210	.0069	PC O-36:6	C44H78NO7P	[M+Cl]-	/resources/tools/chemdb_ontology?abbrev=PC O-36:6
798.52791	798.5291	.0012	PC 34:4	C42H76NO8P	[M+Formate]-	/resources/tools/chemdb_ontology?abbrev=PC 34:4
798.52791	798.5291	.0012	PE 37:4	C42H76NO8P	[M+Formate]-	/resources/tools/chemdb_ontology?abbrev=PE 37:4
798.52791	798.5291	.0012	PC 33:4	C41H74NO8P	[M+OAc]-	/resources/tools/chemdb_ontology?abbrev=PC 33:4
798.52791	798.5291	.0012	PE 36:4	C41H74NO8P	[M+OAc]-	/resources/tools/chemdb_ontology?abbrev=PE 36:4
798.52791	798.5291	.0012	PE O-36:5;O	C41H74NO8P	[M+OAc]-	/resources/tools/chemdb_ontology?abbrev=PE O-36:5;O
798.52791	798.5282	.0003	MGDG 38:8	C47H74O10	Neutral	/resources/tools/chemdb_ontology?abbrev=MGDG 38:8
734.47637	734.4766	.0003	PE 36:6	C41H70NO8P	[M-H]-	/resources/tools/chemdb_ontology?abbrev=PE 36:6
734.47637	734.4766	.0003	PC 34:6	C42H72NO8P	[M-CH3]-	/resources/tools/chemdb_ontology?abbrev=PC 34:6
881.51822	881.5186	.0003	PI 38:6	C47H79O13P	[M-H]-	/resources/tools/chemdb_ontology?abbrev=PI 38:6
881.51822	881.5105	.0077	PG 42:8	C48H79O10P	[M+Cl]-	/resources/tools/chemdb_ontology?abbrev=PG 42:8
760.49128	760.4923	.0010	PE 38:7	C43H72NO8P	[M-H]-	/resources/tools/chemdb_ontology?abbrev=PE 38:7
760.49128	760.4923	.0010	PC 36:7	C44H74NO8P	[M-CH3]-	/resources/tools/chemdb_ontology?abbrev=PC 36:7
760.49128	760.4867	.0046	CL 78:13	C87H144O17P2	[M-2H]2-	/resources/tools/chemdb_ontology?abbrev=CL 78:13
802.46443	802.4665	.0020	PS 38:8	C44H70NO10P	[M-H]-	/resources/tools/chemdb_ontology?abbrev=PS 38:8
802.46443	802.4665	.0020	PE 38:9	C43H68NO8P	[M+Formate]-	/resources/tools/chemdb_ontology?abbrev=PE 38:9
802.46443	802.4632	.0012	PI 32:4	C41H71O13P	Neutral	/resources/tools/chemdb_ontology?abbrev=PI 32:4
949.50595	949.5084	.0024	PI 40:9	C49H77O13P	[M+Formate]-	/resources/tools/chemdb_ontology?abbrev=PI 40:9
723.42669	723.4243	.0024	PA 35:6	C38H63O8P	[M+Formate]-	/resources/tools/chemdb_ontology?abbrev=PA 35:6
723.42669	723.4243	.0024	PA 34:6	C37H61O8P	[M+OAc]-	/resources/tools/chemdb_ontology?abbrev=PA 34:6
719.53356	719.5387	.0051	DG 41:5	C44H76O5	[M+Cl]-	/resources/tools/chemdb_ontology?abbrev=DG 41:5
719.53356	719.5345	.0009	CerPE 35:1;O2	C37H75N2O6P	[M+Formate]-	/resources/tools/chemdb_ontology?abbrev=CerPE 35:1;O2
719.53356	719.5345	.0009	SM 32:1;O2	C37H75N2O6P	[M+Formate]-	/resources/tools/chemdb_ontology?abbrev=SM 32:1;O2
719.53356	719.5345	.0009	CerPE 34:1;O2	C36H73N2O6P	[M+OAc]-	/resources/tools/chemdb_ontology?abbrev=CerPE 34:1;O2
736.49185	736.4923	.0004	PE 36:5	C41H72NO8P	[M-H]-	/resources/tools/chemdb_ontology?abbrev=PE 36:5
736.49185	736.4923	.0004	PC 34:5	C42H74NO8P	[M-CH3]-	/resources/tools/chemdb_ontology?abbrev=PC 34:5
748.51284	748.5134	.0006	PS 33:0	C39H76NO10P	[M-H]-	/resources/tools/chemdb_ontology?abbrev=PS 33:0
748.51284	748.5136	.0008	HexCer 34:2;O3	C40H75NO9	[M+Cl]-	/resources/tools/chemdb_ontology?abbrev=HexCer 34:2;O3
748.51284	748.5053	.0075	PC O-32:3	C40H76NO7P	[M+Cl]-	/resources/tools/chemdb_ontology?abbrev=PC O-32:3
748.51284	748.5053	.0075	PE O-35:3	C40H76NO7P	[M+Cl]-	/resources/tools/chemdb_ontology?abbrev=PE O-35:3
748.51284	748.5134	.0006	PC 30:1	C38H74NO8P	[M+Formate]-	/resources/tools/chemdb_ontology?abbrev=PC 30:1
748.51284	748.5134	.0006	PE 33:1	C38H74NO8P	[M+Formate]-	/resources/tools/chemdb_ontology?abbrev=PE 33:1
748.51284	748.5134	.0006	PC 29:1	C37H72NO8P	[M+OAc]-	/resources/tools/chemdb_ontology?abbrev=PC 29:1
748.51284	748.5134	.0006	PE 32:1	C37H72NO8P	[M+OAc]-	/resources/tools/chemdb_ontology?abbrev=PE 32:1
748.51284	748.5043	.0085	PA 40:6	C43H73O8P	Neutral	/resources/tools/chemdb_ontology?abbrev=PA 40:6
816.50006	816.4952	.0049	PE 38:5;O	C43H76NO9P	[M+Cl]-	/resources/tools/chemdb_ontology?abbrev=PE 38:5;O
816.50006	816.5032	.0032	PS 35:3	C41H74NO10P	[M+Formate]-	/resources/tools/chemdb_ontology?abbrev=PS 35:3
816.50006	816.5032	.0032	PS 34:3	C40H72NO10P	[M+OAc]-	/resources/tools/chemdb_ontology?abbrev=PS 34:3
816.50006	816.4941	.0059	PG 40:9	C46H73O10P	Neutral	/resources/tools/chemdb_ontology?abbrev=PG 40:9
669.32042	669.3257	.0053	PI 22:1	C30H55O14P	[M-H]-	/resources/tools/chemdb_ontology?abbrev=PI 22:1
669.32042	669.3176	.0028	PA 28:3;O3	C31H55O11P	[M+Cl]-	/resources/tools/chemdb_ontology?abbrev=PA 28:3;O3
669.32042	669.3257	.0053	LPI 20:2	C29H53O12P	[M+Formate]-	/resources/tools/chemdb_ontology?abbrev=LPI 20:2
669.32042	669.3257	.0053	PG 23:2;O2	C29H53O12P	[M+Formate]-	/resources/tools/chemdb_ontology?abbrev=PG 23:2;O2
669.32042	669.3257	.0053	PG 22:2;O2	C28H51O12P	[M+OAc]-	/resources/tools/chemdb_ontology?abbrev=PG 22:2;O2
749.51604	749.5127	.0034	PA 40:5	C43H75O8P	[M-H]-	/resources/tools/chemdb_ontology?abbrev=PA 40:5
749.51604	749.5258	.0097	PA O-38:2	C41H79O7P	[M+Cl]-	/resources/tools/chemdb_ontology?abbrev=PA O-38:2
749.51604	749.5207	.0046	PS 33:0	C39H76NO10P	Neutral	/resources/tools/chemdb_ontology?abbrev=PS 33:0
605.39913	605.4059	.0068	ST 27:2;O;Hex	C33H54O6	[M+OAc]-	/resources/tools/chemdb_ontology?abbrev=ST 27:2;O;Hex
605.39913	605.4057	.0065	PE 26:1	C31H60NO8P	Neutral	/resources/tools/chemdb_ontology?abbrev=PE 26:1
593.46287	593.4575	.0053	WE 38:8	C38H60O2	[M+Formate]-	/resources/tools/chemdb_ontology?abbrev=WE 38:8
743.48643	743.4869	.0004	PG 34:3	C40H73O10P	[M-H]-	/resources/tools/chemdb_ontology?abbrev=PG 34:3
743.48643	743.4788	.0076	PA O-38:5	C41H73O7P	[M+Cl]-	/resources/tools/chemdb_ontology?abbrev=PA O-38:5
743.48643	743.4869	.0004	PA 36:3	C39H71O8P	[M+Formate]-	/resources/tools/chemdb_ontology?abbrev=PA 36:3
743.48643	743.4869	.0004	PA 35:3	C38H69O8P	[M+OAc]-	/resources/tools/chemdb_ontology?abbrev=PA 35:3
825.54729	825.5418	.0055	PG 37:1	C43H83O10P	[M+Cl]-	/resources/tools/chemdb_ontology?abbrev=PG 37:1
825.54729	825.5520	.0047	PS 39:4	C45H80NO10P	Neutral	/resources/tools/chemdb_ontology?abbrev=PS 39:4
892.53073	892.5345	.0038	PS 41:7	C47H78NO10P	[M+Formate]-	/resources/tools/chemdb_ontology?abbrev=PS 41:7
892.53073	892.5345	.0038	PS 40:7	C46H76NO10P	[M+OAc]-	/resources/tools/chemdb_ontology?abbrev=PS 40:7
239.05966	239.0692	.0095	FA 9:1;O3	C9H16O5	[M+Cl]-	/resources/tools/chemdb_ontology?abbrev=FA 9:1;O3
239.05966	239.0561	.0035	FA 10:5;O2	C10H10O4	[M+Formate]-	/resources/tools/chemdb_ontology?abbrev=FA 10:5;O2
824.54408	824.5447	.0006	PS 39:4	C45H80NO10P	[M-H]-	/resources/tools/chemdb_ontology?abbrev=PS 39:4
824.54408	824.5366	.0074	PC O-38:7	C46H80NO7P	[M+Cl]-	/resources/tools/chemdb_ontology?abbrev=PC O-38:7
824.54408	824.5447	.0006	PC 36:5	C44H78NO8P	[M+Formate]-	/resources/tools/chemdb_ontology?abbrev=PC 36:5
824.54408	824.5447	.0006	PE 39:5	C44H78NO8P	[M+Formate]-	/resources/tools/chemdb_ontology?abbrev=PE 39:5
824.54408	824.5447	.0006	PC 35:5	C43H76NO8P	[M+OAc]-	/resources/tools/chemdb_ontology?abbrev=PC 35:5
824.54408	824.5447	.0006	PE 38:5	C43H76NO8P	[M+OAc]-	/resources/tools/chemdb_ontology?abbrev=PE 38:5
824.54408	824.5447	.0006	PE O-38:6;O	C43H76NO8P	[M+OAc]-	/resources/tools/chemdb_ontology?abbrev=PE O-38:6;O
824.54408	824.5415	.0026	PI 33:0	C42H81O13P	Neutral	/resources/tools/chemdb_ontology?abbrev=PI 33:0
682.33301	682.3329	.0001	PI 22:2;O	C31H55O14P	Neutral	/resources/tools/chemdb_ontology?abbrev=PI 22:2;O
655.52576	655.5307	.0049	DG 39:5	C42H72O5	[M-H]-	/resources/tools/chemdb_ontology?abbrev=DG 39:5
655.52576	655.5226	.0031	CE 16:2	C43H72O2	[M+Cl]-	/resources/tools/chemdb_ontology?abbrev=CE 16:2
656.52979	656.5380	.0082	DG 39:5	C42H72O5	Neutral	/resources/tools/chemdb_ontology?abbrev=DG 39:5
831.50257	831.5029	.0003	PI 34:3	C43H77O13P	[M-H]-	/resources/tools/chemdb_ontology?abbrev=PI 34:3
831.50257	831.4948	.0077	PG 38:5	C44H77O10P	[M+Cl]-	/resources/tools/chemdb_ontology?abbrev=PG 38:5
831.50257	831.5050	.0025	PS 40:8	C46H74NO10P	Neutral	/resources/tools/chemdb_ontology?abbrev=PS 40:8
639.53133	639.5358	.0045	CE 14:1	C41H70O2	[M+Formate]-	/resources/tools/chemdb_ontology?abbrev=CE 14:1
775.53211	775.5283	.0038	PA 42:6	C45H77O8P	[M-H]-	/resources/tools/chemdb_ontology?abbrev=PA 42:6
775.53211	775.5366	.0045	MGDG 36:5	C45H76O10	[M-H]-	/resources/tools/chemdb_ontology?abbrev=MGDG 36:5
775.53211	775.5414	.0093	PA O-40:3	C43H81O7P	[M+Cl]-	/resources/tools/chemdb_ontology?abbrev=PA O-40:3
775.53211	775.5363	.0042	PS 35:1	C41H78NO10P	Neutral	/resources/tools/chemdb_ontology?abbrev=PS 35:1
1504.05741	1504.0487	.0087	CL 72:3	C81H152O17P2	[M+Formate]-	/resources/tools/chemdb_ontology?abbrev=CL 72:3
776.53503	776.5447	.0097	PS 35:0	C41H80NO10P	[M-H]-	/resources/tools/chemdb_ontology?abbrev=PS 35:0
776.53503	776.5366	.0016	PC O-34:3	C42H80NO7P	[M+Cl]-	/resources/tools/chemdb_ontology?abbrev=PC O-34:3
776.53503	776.5366	.0016	PE O-37:3	C42H80NO7P	[M+Cl]-	/resources/tools/chemdb_ontology?abbrev=PE O-37:3
776.53503	776.5449	.0099	HexCer 36:2;O3	C42H79NO9	[M+Cl]-	/resources/tools/chemdb_ontology?abbrev=HexCer 36:2;O3
776.53503	776.5447	.0097	PC 32:1	C40H78NO8P	[M+Formate]-	/resources/tools/chemdb_ontology?abbrev=PC 32:1
776.53503	776.5447	.0097	PE 35:1	C40H78NO8P	[M+Formate]-	/resources/tools/chemdb_ontology?abbrev=PE 35:1
776.53503	776.5447	.0097	PC 31:1	C39H76NO8P	[M+OAc]-	/resources/tools/chemdb_ontology?abbrev=PC 31:1
776.53503	776.5447	.0097	PE 34:1	C39H76NO8P	[M+OAc]-	/resources/tools/chemdb_ontology?abbrev=PE 34:1
776.53503	776.5356	.0006	PA 42:6	C45H77O8P	Neutral	/resources/tools/chemdb_ontology?abbrev=PA 42:6
776.53503	776.5439	.0088	MGDG 36:5	C45H76O10	Neutral	/resources/tools/chemdb_ontology?abbrev=MGDG 36:5
911.50649	911.5080	.0015	PG 44:12	C50H75O10P	[M+Formate]-	/resources/tools/chemdb_ontology?abbrev=PG 44:12
777.53752	777.5440	.0065	PA 42:5	C45H79O8P	[M-H]-	/resources/tools/chemdb_ontology?abbrev=PA 42:5
777.53752	777.5287	.0088	PG O-34:2	C40H77O9P	[M+Formate]-	/resources/tools/chemdb_ontology?abbrev=PG O-34:2
777.53752	777.5287	.0088	PG O-33:2	C39H75O9P	[M+OAc]-	/resources/tools/chemdb_ontology?abbrev=PG O-33:2
777.53752	777.5309	.0067	PC 36:6	C44H76NO8P	Neutral	/resources/tools/chemdb_ontology?abbrev=PC 36:6
777.53752	777.5309	.0067	PE 39:6	C44H76NO8P	Neutral	/resources/tools/chemdb_ontology?abbrev=PE 39:6
764.49955	764.5003	.0007	PC 32:2	C40H76NO8P	[M+Cl]-	/resources/tools/chemdb_ontology?abbrev=PC 32:2
764.49955	764.5003	.0007	PE 35:2	C40H76NO8P	[M+Cl]-	/resources/tools/chemdb_ontology?abbrev=PE 35:2
764.49955	764.5083	.0088	PS O-32:1	C38H74NO9P	[M+Formate]-	/resources/tools/chemdb_ontology?abbrev=PS O-32:1
764.49955	764.5083	.0088	PS O-31:1	C37H72NO9P	[M+OAc]-	/resources/tools/chemdb_ontology?abbrev=PS O-31:1
843.51939	843.5182	.0012	PG 42:9	C48H77O10P	[M-H]-	/resources/tools/chemdb_ontology?abbrev=PG 42:9
843.51939	843.5160	.0034	PI O-33:1	C42H81O12P	[M+Cl]-	/resources/tools/chemdb_ontology?abbrev=PI O-33:1
843.51939	843.5264	.0070	MGDG 38:8	C47H74O10	[M+Formate]-	/resources/tools/chemdb_ontology?abbrev=MGDG 38:8
774.52872	774.5291	.0003	PS 35:1	C41H78NO10P	[M-H]-	/resources/tools/chemdb_ontology?abbrev=PS 35:1
774.52872	774.5210	.0077	PC O-34:4	C42H78NO7P	[M+Cl]-	/resources/tools/chemdb_ontology?abbrev=PC O-34:4
774.52872	774.5291	.0003	PC 32:2	C40H76NO8P	[M+Formate]-	/resources/tools/chemdb_ontology?abbrev=PC 32:2
774.52872	774.5291	.0003	PE 35:2	C40H76NO8P	[M+Formate]-	/resources/tools/chemdb_ontology?abbrev=PE 35:2
774.52872	774.5291	.0003	PC 31:2	C39H74NO8P	[M+OAc]-	/resources/tools/chemdb_ontology?abbrev=PC 31:2
774.52872	774.5291	.0003	PE 34:2	C39H74NO8P	[M+OAc]-	/resources/tools/chemdb_ontology?abbrev=PE 34:2
774.52872	774.5282	.0005	MGDG 36:6	C45H74O10	Neutral	/resources/tools/chemdb_ontology?abbrev=MGDG 36:6
774.52872	774.5200	.0088	PA 42:7	C45H75O8P	Neutral	/resources/tools/chemdb_ontology?abbrev=PA 42:7
842.51607	842.5108	.0052	PE 40:6;O	C45H78NO9P	[M+Cl]-	/resources/tools/chemdb_ontology?abbrev=PE 40:6;O
842.51607	842.5224	.0064	SHexCer 36:1;O2	C42H81NO11S	[M+Cl]-	/resources/tools/chemdb_ontology?abbrev=SHexCer 36:1;O2
842.51607	842.5189	.0028	PS 37:4	C43H76NO10P	[M+Formate]-	/resources/tools/chemdb_ontology?abbrev=PS 37:4
842.51607	842.5189	.0028	PS 36:4	C42H74NO10P	[M+OAc]-	/resources/tools/chemdb_ontology?abbrev=PS 36:4
842.51607	842.5098	.0063	PG 42:10	C48H75O10P	Neutral	/resources/tools/chemdb_ontology?abbrev=PG 42:10
775.5905	775.5859	.0046	PG O-37:1	C43H85O9P	[M-H]-	/resources/tools/chemdb_ontology?abbrev=PG O-37:1
775.5905	775.5859	.0046	PA O-39:1	C42H83O7P	[M+Formate]-	/resources/tools/chemdb_ontology?abbrev=PA O-39:1
775.5905	775.5971	.0066	CerPE 39:1;O2	C41H83N2O6P	[M+Formate]-	/resources/tools/chemdb_ontology?abbrev=CerPE 39:1;O2
775.5905	775.5971	.0066	SM 36:1;O2	C41H83N2O6P	[M+Formate]-	/resources/tools/chemdb_ontology?abbrev=SM 36:1;O2
775.5905	775.5859	.0046	PA O-38:1	C41H81O7P	[M+OAc]-	/resources/tools/chemdb_ontology?abbrev=PA O-38:1
775.5905	775.5971	.0066	CerPE 38:1;O2	C40H81N2O6P	[M+OAc]-	/resources/tools/chemdb_ontology?abbrev=CerPE 38:1;O2
775.5905	775.5971	.0066	SM 35:1;O2	C40H81N2O6P	[M+OAc]-	/resources/tools/chemdb_ontology?abbrev=SM 35:1;O2
774.58706	774.5775	.0096	PG O-37:2	C43H83O9P	Neutral	/resources/tools/chemdb_ontology?abbrev=PG O-37:2
844.52195	844.5134	.0085	PC 38:9	C46H74NO8P	[M+Formate]-	/resources/tools/chemdb_ontology?abbrev=PC 38:9
844.52195	844.5134	.0085	PE 40:9	C45H72NO8P	[M+OAc]-	/resources/tools/chemdb_ontology?abbrev=PE 40:9
844.52195	844.5254	.0035	PG 42:9	C48H77O10P	Neutral	/resources/tools/chemdb_ontology?abbrev=PG 42:9
563.25812	563.2627	.0046	PA 23:3;O3	C26H45O11P	[M-H]-	/resources/tools/chemdb_ontology?abbrev=PA 23:3;O3
563.25812	563.2627	.0046	LPG 18:4	C24H41O9P	[M+OAc]-	/resources/tools/chemdb_ontology?abbrev=LPG 18:4
563.25812	563.2498	.0083	FA 27:9;O7	C27H36O9	[M+OAc]-	/resources/tools/chemdb_ontology?abbrev=FA 27:9;O7
806.49741	806.4978	.0004	PS 38:6	C44H74NO10P	[M-H]-	/resources/tools/chemdb_ontology?abbrev=PS 38:6
806.49741	806.4978	.0004	PE 38:7	C43H72NO8P	[M+Formate]-	/resources/tools/chemdb_ontology?abbrev=PE 38:7
806.49741	806.4978	.0004	PE 37:7	C42H70NO8P	[M+OAc]-	/resources/tools/chemdb_ontology?abbrev=PE 37:7
806.49741	806.4945	.0029	PI 32:2	C41H75O13P	Neutral	/resources/tools/chemdb_ontology?abbrev=PI 32:2
888.5084	888.5032	.0052	PS 40:9	C46H72NO10P	[M+OAc]-	/resources/tools/chemdb_ontology?abbrev=PS 40:9
888.5084	888.5176	.0092	TG 53:18;O3	C56H72O9	Neutral	/resources/tools/chemdb_ontology?abbrev=TG 53:18;O3
638.30643	638.3067	.0003	PG 23:3;O3	C29H51O13P	Neutral	/resources/tools/chemdb_ontology?abbrev=PG 23:3;O3
767.48579	767.4869	.0011	PG 36:5	C42H73O10P	[M-H]-	/resources/tools/chemdb_ontology?abbrev=PG 36:5
767.48579	767.4788	.0070	PA O-40:7	C43H73O7P	[M+Cl]-	/resources/tools/chemdb_ontology?abbrev=PA O-40:7
767.48579	767.4869	.0011	PA 38:5	C41H71O8P	[M+Formate]-	/resources/tools/chemdb_ontology?abbrev=PA 38:5
767.48579	767.4869	.0011	PA 37:5	C40H69O8P	[M+OAc]-	/resources/tools/chemdb_ontology?abbrev=PA 37:5
686.30798	686.3078	.0002	PS 24:2;O2	C30H54NO12P	[M+Cl]-	/resources/tools/chemdb_ontology?abbrev=PS 24:2;O2
793.50253	793.5025	.0000	PG 38:6	C44H75O10P	[M-H]-	/resources/tools/chemdb_ontology?abbrev=PG 38:6
793.50253	793.5025	.0000	PA 40:6	C43H73O8P	[M+Formate]-	/resources/tools/chemdb_ontology?abbrev=PA 40:6
793.50253	793.5025	.0000	PA 39:6	C42H71O8P	[M+OAc]-	/resources/tools/chemdb_ontology?abbrev=PA 39:6
569.46109	569.4575	.0035	FA 36:6	C36H60O2	[M+Formate]-	/resources/tools/chemdb_ontology?abbrev=FA 36:6
569.46109	569.4575	.0035	WE 36:6	C36H60O2	[M+Formate]-	/resources/tools/chemdb_ontology?abbrev=WE 36:6
568.45782	568.4502	.0076	Cer 34:3;O2	C34H63NO3	[M+Cl]-	/resources/tools/chemdb_ontology?abbrev=Cer 34:3;O2
568.45782	568.4583	.0005	Cer 32:2;O3	C32H61NO4	[M+Formate]-	/resources/tools/chemdb_ontology?abbrev=Cer 32:2;O3
760.49206	760.4923	.0002	PE 38:7	C43H72NO8P	[M-H]-	/resources/tools/chemdb_ontology?abbrev=PE 38:7
760.49206	760.4923	.0002	PC 36:7	C44H74NO8P	[M-CH3]-	/resources/tools/chemdb_ontology?abbrev=PC 36:7
778.46473	778.4665	.0017	PS 36:6	C42H70NO10P	[M-H]-	/resources/tools/chemdb_ontology?abbrev=PS 36:6
778.46473	778.4665	.0017	PE 36:7	C41H68NO8P	[M+Formate]-	/resources/tools/chemdb_ontology?abbrev=PE 36:7
778.46473	778.4632	.0015	PI 30:2	C39H71O13P	Neutral	/resources/tools/chemdb_ontology?abbrev=PI 30:2
828.47915	828.4821	.0030	PS 40:9	C46H72NO10P	[M-H]-	/resources/tools/chemdb_ontology?abbrev=PS 40:9
828.47915	828.4821	.0030	PE 40:10	C45H70NO8P	[M+Formate]-	/resources/tools/chemdb_ontology?abbrev=PE 40:10
828.47915	828.4789	.0003	PI 34:5	C43H73O13P	Neutral	/resources/tools/chemdb_ontology?abbrev=PI 34:5
522.45225	522.4528	.0005	Cer 32:2;O3	C32H61NO4	[M-H]-	/resources/tools/chemdb_ontology?abbrev=Cer 32:2;O3
522.45225	522.4548	.0026	TG 66:6	C69H122O6	[M-2H]2-	/resources/tools/chemdb_ontology?abbrev=TG 66:6
558.42889	558.4295	.0006	Cer 32:2;O3	C32H61NO4	[M+Cl]-	/resources/tools/chemdb_ontology?abbrev=Cer 32:2;O3
558.42889	558.4284	.0005	DG 32:5	C35H58O5	Neutral	/resources/tools/chemdb_ontology?abbrev=DG 32:5
585.44776	585.4525	.0047	DG 34:5	C37H62O5	[M-H]-	/resources/tools/chemdb_ontology?abbrev=DG 34:5
585.44776	585.4444	.0034	WE 38:7	C38H62O2	[M+Cl]-	/resources/tools/chemdb_ontology?abbrev=WE 38:7
786.50703	786.5079	.0009	PE 40:8	C45H74NO8P	[M-H]-	/resources/tools/chemdb_ontology?abbrev=PE 40:8
786.50703	786.5079	.0009	PC 38:8	C46H76NO8P	[M-CH3]-	/resources/tools/chemdb_ontology?abbrev=PC 38:8
925.50442	925.5084	.0040	PI 38:7	C47H77O13P	[M+Formate]-	/resources/tools/chemdb_ontology?abbrev=PI 38:7
925.50442	925.5084	.0040	PI 37:7	C46H75O13P	[M+OAc]-	/resources/tools/chemdb_ontology?abbrev=PI 37:7
632.48482	632.4893	.0045	CerPE 32:1;O2	C34H69N2O6P	Neutral	/resources/tools/chemdb_ontology?abbrev=CerPE 32:1;O2
632.48482	632.4781	.0067	PA O-32:1	C35H69O7P	Neutral	/resources/tools/chemdb_ontology?abbrev=PA O-32:1
807.56236	807.5546	.0078	PG O-40:6	C46H81O9P	[M-H]-	/resources/tools/chemdb_ontology?abbrev=PG O-40:6
807.56236	807.5676	.0053	PA 41:1	C44H85O8P	[M+Cl]-	/resources/tools/chemdb_ontology?abbrev=PA 41:1
807.56236	807.5546	.0078	PA O-42:6	C45H79O7P	[M+Formate]-	/resources/tools/chemdb_ontology?abbrev=PA O-42:6
807.56236	807.5626	.0002	IPC 36:1;O2	C42H82NO11P	Neutral	/resources/tools/chemdb_ontology?abbrev=IPC 36:1;O2
807.56236	807.5530	.0093	SHexCer 36:1;O2	C42H81NO11S	Neutral	/resources/tools/chemdb_ontology?abbrev=SHexCer 36:1;O2
875.48935	875.4847	.0047	PI O-36:6	C45H77O12P	[M+Cl]-	/resources/tools/chemdb_ontology?abbrev=PI O-36:6
875.48935	875.4927	.0034	PI 34:4	C43H75O13P	[M+Formate]-	/resources/tools/chemdb_ontology?abbrev=PI 34:4
875.48935	875.4927	.0034	PI 33:4	C42H73O13P	[M+OAc]-	/resources/tools/chemdb_ontology?abbrev=PI 33:4
857.51808	857.5186	.0005	PI 36:4	C45H79O13P	[M-H]-	/resources/tools/chemdb_ontology?abbrev=PI 36:4
857.51808	857.5105	.0076	PG 40:6	C46H79O10P	[M+Cl]-	/resources/tools/chemdb_ontology?abbrev=PG 40:6
857.51808	857.5207	.0026	PS 42:9	C48H76NO10P	Neutral	/resources/tools/chemdb_ontology?abbrev=PS 42:9
809.50866	809.5186	.0099	PI 32:0	C41H79O13P	[M-H]-	/resources/tools/chemdb_ontology?abbrev=PI 32:0
809.50866	809.5105	.0018	PG 36:2	C42H79O10P	[M+Cl]-	/resources/tools/chemdb_ontology?abbrev=PG 36:2
809.50866	809.4996	.0091	PE 42:11	C47H72NO8P	Neutral	/resources/tools/chemdb_ontology?abbrev=PE 42:11
858.52114	858.5291	.0079	PS 42:8	C48H78NO10P	[M-H]-	/resources/tools/chemdb_ontology?abbrev=PS 42:8
858.52114	858.5174	.0038	SHexCer 36:1;O3	C42H81NO12S	[M+Cl]-	/resources/tools/chemdb_ontology?abbrev=SHexCer 36:1;O3
858.52114	858.5291	.0079	PE 42:9	C47H76NO8P	[M+Formate]-	/resources/tools/chemdb_ontology?abbrev=PE 42:9
858.52114	858.5291	.0079	PC 38:9	C46H74NO8P	[M+OAc]-	/resources/tools/chemdb_ontology?abbrev=PC 38:9
858.52114	858.5258	.0047	PI 36:4	C45H79O13P	Neutral	/resources/tools/chemdb_ontology?abbrev=PI 36:4
807.50252	807.5029	.0004	PI 32:1	C41H77O13P	[M-H]-	/resources/tools/chemdb_ontology?abbrev=PI 32:1
807.50252	807.4948	.0077	PG 36:3	C42H77O10P	[M+Cl]-	/resources/tools/chemdb_ontology?abbrev=PG 36:3
807.50252	807.5050	.0025	PS 38:6	C44H74NO10P	Neutral	/resources/tools/chemdb_ontology?abbrev=PS 38:6
859.52369	859.5261	.0025	PG 40:5	C46H81O10P	[M+Cl]-	/resources/tools/chemdb_ontology?abbrev=PG 40:5
808.50621	808.5134	.0072	PS 38:5	C44H76NO10P	[M-H]-	/resources/tools/chemdb_ontology?abbrev=PS 38:5
808.50621	808.5053	.0009	PE O-40:8	C45H76NO7P	[M+Cl]-	/resources/tools/chemdb_ontology?abbrev=PE O-40:8
808.50621	808.5134	.0072	PC 35:6	C43H74NO8P	[M+Formate]-	/resources/tools/chemdb_ontology?abbrev=PC 35:6
808.50621	808.5134	.0072	PE 38:6	C43H74NO8P	[M+Formate]-	/resources/tools/chemdb_ontology?abbrev=PE 38:6
808.50621	808.5134	.0072	PE O-38:7;O	C43H74NO8P	[M+Formate]-	/resources/tools/chemdb_ontology?abbrev=PE O-38:7;O
808.50621	808.5134	.0072	PC 34:6	C42H72NO8P	[M+OAc]-	/resources/tools/chemdb_ontology?abbrev=PC 34:6
808.50621	808.5134	.0072	PE 37:6	C42H72NO8P	[M+OAc]-	/resources/tools/chemdb_ontology?abbrev=PE 37:6
808.50621	808.5102	.0040	PI 32:1	C41H77O13P	Neutral	/resources/tools/chemdb_ontology?abbrev=PI 32:1
631.48153	631.4821	.0005	CerPE 32:1;O2	C34H69N2O6P	[M-H]-	/resources/tools/chemdb_ontology?abbrev=CerPE 32:1;O2
631.48153	631.4821	.0005	SM 30:1;O2	C35H71N2O6P	[M-CH3]-	/resources/tools/chemdb_ontology?abbrev=SM 30:1;O2
710.47587	710.4766	.0008	PE 34:4	C39H70NO8P	[M-H]-	/resources/tools/chemdb_ontology?abbrev=PE 34:4
710.47587	710.4766	.0008	PC 32:4	C40H72NO8P	[M-CH3]-	/resources/tools/chemdb_ontology?abbrev=PC 32:4
850.55974	850.5604	.0006	PS 41:5	C47H82NO10P	[M-H]-	/resources/tools/chemdb_ontology?abbrev=PS 41:5
850.55974	850.5604	.0006	PC 38:6	C46H80NO8P	[M+Formate]-	/resources/tools/chemdb_ontology?abbrev=PC 38:6
850.55974	850.5604	.0006	PE 41:6	C46H80NO8P	[M+Formate]-	/resources/tools/chemdb_ontology?abbrev=PE 41:6
850.55974	850.5534	.0064	Hex2Cer 30:1;O2	C42H79NO13	[M+Formate]-	/resources/tools/chemdb_ontology?abbrev=Hex2Cer 30:1;O2
850.55974	850.5604	.0006	PC 37:6	C45H78NO8P	[M+OAc]-	/resources/tools/chemdb_ontology?abbrev=PC 37:6
850.55974	850.5604	.0006	PE 40:6	C45H78NO8P	[M+OAc]-	/resources/tools/chemdb_ontology?abbrev=PE 40:6
850.55974	850.5604	.0006	PE O-40:7;O	C45H78NO8P	[M+OAc]-	/resources/tools/chemdb_ontology?abbrev=PE O-40:7;O
850.55974	850.5571	.0026	PI 35:1	C44H83O13P	Neutral	/resources/tools/chemdb_ontology?abbrev=PI 35:1
634.4448	634.4453	.0005	PE 28:0	C33H66NO8P	[M-H]-	/resources/tools/chemdb_ontology?abbrev=PE 28:0
634.4448	634.4453	.0005	CerP 32:1;O2	C32H64NO6P	[M+Formate]-	/resources/tools/chemdb_ontology?abbrev=CerP 32:1;O2
634.4448	634.4453	.0005	PC 26:0	C34H68NO8P	[M-CH3]-	/resources/tools/chemdb_ontology?abbrev=PC 26:0
583.36704	583.3617	.0054	LPG O-20:1	C26H53O8P	[M+OAc]-	/resources/tools/chemdb_ontology?abbrev=LPG O-20:1
951.5201	951.5240	.0039	PI 40:8	C49H79O13P	[M+Formate]-	/resources/tools/chemdb_ontology?abbrev=PI 40:8
951.5201	951.5240	.0039	PI 39:8	C48H77O13P	[M+OAc]-	/resources/tools/chemdb_ontology?abbrev=PI 39:8
835.52432	835.5342	.0099	PI 34:1	C43H81O13P	[M-H]-	/resources/tools/chemdb_ontology?abbrev=PI 34:1
835.52432	835.5261	.0018	PG 38:3	C44H81O10P	[M+Cl]-	/resources/tools/chemdb_ontology?abbrev=PG 38:3
835.52432	835.5152	.0091	PE 44:12	C49H74NO8P	Neutral	/resources/tools/chemdb_ontology?abbrev=PE 44:12
883.53375	883.5342	.0005	PI 38:5	C47H81O13P	[M-H]-	/resources/tools/chemdb_ontology?abbrev=PI 38:5
883.53375	883.5261	.0076	PG 42:7	C48H81O10P	[M+Cl]-	/resources/tools/chemdb_ontology?abbrev=PG 42:7
883.53375	883.5366	.0028	TG 49:14;O2	C52H72O8	[M+OAc]-	/resources/tools/chemdb_ontology?abbrev=TG 49:14;O2
883.53375	883.5363	.0026	PS 44:10	C50H78NO10P	Neutral	/resources/tools/chemdb_ontology?abbrev=PS 44:10
614.49123	614.4921	.0008	Cer 36:2;O3	C36H69NO4	[M+Cl]-	/resources/tools/chemdb_ontology?abbrev=Cer 36:2;O3
614.49123	614.4910	.0002	DG 36:5	C39H66O5	Neutral	/resources/tools/chemdb_ontology?abbrev=DG 36:5
833.57882	833.5702	.0086	PG O-42:7	C48H83O9P	[M-H]-	/resources/tools/chemdb_ontology?abbrev=PG O-42:7
833.57882	833.5833	.0044	PA 43:2	C46H87O8P	[M+Cl]-	/resources/tools/chemdb_ontology?abbrev=PA 43:2
833.57882	833.5864	.0076	Hex2Cer 32:1;O2	C44H83NO13	Neutral	/resources/tools/chemdb_ontology?abbrev=Hex2Cer 32:1;O2
624.52026	624.5128	.0075	Cer 38:3;O2	C38H71NO3	[M+Cl]-	/resources/tools/chemdb_ontology?abbrev=Cer 38:3;O2
624.52026	624.5209	.0006	Cer 36:2;O3	C36H69NO4	[M+Formate]-	/resources/tools/chemdb_ontology?abbrev=Cer 36:2;O3
624.52026	624.5209	.0006	Cer 35:2;O3	C35H67NO4	[M+OAc]-	/resources/tools/chemdb_ontology?abbrev=Cer 35:2;O3
884.53699	884.5447	.0077	PE 44:10	C49H78NO8P	[M+Formate]-	/resources/tools/chemdb_ontology?abbrev=PE 44:10
884.53699	884.5447	.0077	PC 40:10	C48H76NO8P	[M+OAc]-	/resources/tools/chemdb_ontology?abbrev=PC 40:10
884.53699	884.5415	.0045	PI 38:5	C47H81O13P	Neutral	/resources/tools/chemdb_ontology?abbrev=PI 38:5
729.45087	729.4501	.0008	PA 39:8	C42H67O8P	[M-H]-	/resources/tools/chemdb_ontology?abbrev=PA 39:8
729.45087	729.4479	.0030	PG 30:0	C36H71O10P	[M+Cl]-	/resources/tools/chemdb_ontology?abbrev=PG 30:0
729.45087	729.4581	.0072	PC 30:4;O2	C38H68NO10P	Neutral	/resources/tools/chemdb_ontology?abbrev=PC 30:4;O2
729.45087	729.4581	.0072	PS 32:3	C38H68NO10P	Neutral	/resources/tools/chemdb_ontology?abbrev=PS 32:3
641.51035	641.5151	.0047	DG 38:5	C41H70O5	[M-H]-	/resources/tools/chemdb_ontology?abbrev=DG 38:5
503.3949	503.3873	.0076	FA 29:1;O2	C29H56O4	[M+Cl]-	/resources/tools/chemdb_ontology?abbrev=FA 29:1;O2
503.3949	503.4008	.0059	NAT 26:0	C28H57NO4S	Neutral	/resources/tools/chemdb_ontology?abbrev=NAT 26:0
869.53478	869.5338	.0010	PG 44:10	C50H79O10P	[M-H]-	/resources/tools/chemdb_ontology?abbrev=PG 44:10
869.53478	869.5316	.0032	PI O-35:2	C44H83O12P	[M+Cl]-	/resources/tools/chemdb_ontology?abbrev=PI O-35:2
869.53478	869.5397	.0049	PI 33:0	C42H81O13P	[M+Formate]-	/resources/tools/chemdb_ontology?abbrev=PI 33:0
869.53478	869.5397	.0049	PI 32:0	C41H79O13P	[M+OAc]-	/resources/tools/chemdb_ontology?abbrev=PI 32:0
796.4348	796.4406	.0058	PS 34:6	C40H66NO10P	[M+Formate]-	/resources/tools/chemdb_ontology?abbrev=PS 34:6
801.5477	801.5440	.0037	PA 44:7	C47H79O8P	[M-H]-	/resources/tools/chemdb_ontology?abbrev=PA 44:7
801.5477	801.5571	.0094	PA O-42:4	C45H83O7P	[M+Cl]-	/resources/tools/chemdb_ontology?abbrev=PA O-42:4
801.5477	801.5520	.0043	PS 37:2	C43H80NO10P	Neutral	/resources/tools/chemdb_ontology?abbrev=PS 37:2
743.48649	743.4869	.0004	PG 34:3	C40H73O10P	[M-H]-	/resources/tools/chemdb_ontology?abbrev=PG 34:3
743.48649	743.4788	.0077	PA O-38:5	C41H73O7P	[M+Cl]-	/resources/tools/chemdb_ontology?abbrev=PA O-38:5
743.48649	743.4869	.0004	PA 36:3	C39H71O8P	[M+Formate]-	/resources/tools/chemdb_ontology?abbrev=PA 36:3
743.48649	743.4869	.0004	PA 35:3	C38H69O8P	[M+OAc]-	/resources/tools/chemdb_ontology?abbrev=PA 35:3
738.49778	738.4927	.0051	PS O-30:0	C36H72NO9P	[M+Formate]-	/resources/tools/chemdb_ontology?abbrev=PS O-30:0
738.49778	738.4927	.0051	LPS O-29:1;O	C35H70NO9P	[M+OAc]-	/resources/tools/chemdb_ontology?abbrev=LPS O-29:1;O
738.49778	738.4927	.0051	PS O-29:0	C35H70NO9P	[M+OAc]-	/resources/tools/chemdb_ontology?abbrev=PS O-29:0
738.49778	738.5023	.0045	CL 74:7	C83H148O17P2	[M-2H]2-	/resources/tools/chemdb_ontology?abbrev=CL 74:7
800.54433	800.5447	.0004	PS 37:2	C43H80NO10P	[M-H]-	/resources/tools/chemdb_ontology?abbrev=PS 37:2
800.54433	800.5366	.0077	PC O-36:5	C44H80NO7P	[M+Cl]-	/resources/tools/chemdb_ontology?abbrev=PC O-36:5
800.54433	800.5447	.0004	PC 34:3	C42H78NO8P	[M+Formate]-	/resources/tools/chemdb_ontology?abbrev=PC 34:3
800.54433	800.5447	.0004	PE 37:3	C42H78NO8P	[M+Formate]-	/resources/tools/chemdb_ontology?abbrev=PE 37:3
800.54433	800.5447	.0004	PC 33:3	C41H76NO8P	[M+OAc]-	/resources/tools/chemdb_ontology?abbrev=PC 33:3
800.54433	800.5447	.0004	PE 36:3	C41H76NO8P	[M+OAc]-	/resources/tools/chemdb_ontology?abbrev=PE 36:3
800.54433	800.5356	.0087	PA 44:8	C47H77O8P	Neutral	/resources/tools/chemdb_ontology?abbrev=PA 44:8
868.53162	868.5345	.0029	PS 39:5	C45H78NO10P	[M+Formate]-	/resources/tools/chemdb_ontology?abbrev=PS 39:5
868.53162	868.5345	.0029	PC 36:6;O2	C44H76NO10P	[M+OAc]-	/resources/tools/chemdb_ontology?abbrev=PC 36:6;O2
868.53162	868.5345	.0029	PS 38:5	C44H76NO10P	[M+OAc]-	/resources/tools/chemdb_ontology?abbrev=PS 38:5
802.55059	802.5604	.0098	PS 37:1	C43H82NO10P	[M-H]-	/resources/tools/chemdb_ontology?abbrev=PS 37:1
802.55059	802.5523	.0017	PC O-36:4	C44H82NO7P	[M+Cl]-	/resources/tools/chemdb_ontology?abbrev=PC O-36:4
802.55059	802.5604	.0098	PC 34:2	C42H80NO8P	[M+Formate]-	/resources/tools/chemdb_ontology?abbrev=PC 34:2
802.55059	802.5604	.0098	PE 37:2	C42H80NO8P	[M+Formate]-	/resources/tools/chemdb_ontology?abbrev=PE 37:2
802.55059	802.5604	.0098	PC 33:2	C41H78NO8P	[M+OAc]-	/resources/tools/chemdb_ontology?abbrev=PC 33:2
802.55059	802.5604	.0098	PE 36:2	C41H78NO8P	[M+OAc]-	/resources/tools/chemdb_ontology?abbrev=PE 36:2
802.55059	802.5513	.0007	PA 44:7	C47H79O8P	Neutral	/resources/tools/chemdb_ontology?abbrev=PA 44:7
728.44771	728.4508	.0031	PS 32:3	C38H68NO10P	[M-H]-	/resources/tools/chemdb_ontology?abbrev=PS 32:3
728.44771	728.4508	.0031	PE 32:4	C37H66NO8P	[M+Formate]-	/resources/tools/chemdb_ontology?abbrev=PE 32:4
728.44771	728.4508	.0031	PE 31:4	C36H64NO8P	[M+OAc]-	/resources/tools/chemdb_ontology?abbrev=PE 31:4
737.49511	737.5006	.0055	CerPE 36:2;O3	C38H75N2O7P	[M+Cl]-	/resources/tools/chemdb_ontology?abbrev=CerPE 36:2;O3
737.49511	737.4894	.0057	PA 36:1	C39H75O8P	[M+Cl]-	/resources/tools/chemdb_ontology?abbrev=PA 36:1
737.49511	737.4974	.0023	PG O-31:1	C37H73O9P	[M+Formate]-	/resources/tools/chemdb_ontology?abbrev=PG O-31:1
737.49511	737.4974	.0023	PG O-30:1	C36H71O9P	[M+OAc]-	/resources/tools/chemdb_ontology?abbrev=PG O-30:1
737.49511	737.4945	.0006	CL 74:8	C83H146O17P2	[M-2H]2-	/resources/tools/chemdb_ontology?abbrev=CL 74:8
737.49511	737.4996	.0044	PC 33:5	C41H72NO8P	Neutral	/resources/tools/chemdb_ontology?abbrev=PC 33:5
737.49511	737.4996	.0044	PE 36:5	C41H72NO8P	Neutral	/resources/tools/chemdb_ontology?abbrev=PE 36:5
736.49187	736.4923	.0004	PE 36:5	C41H72NO8P	[M-H]-	/resources/tools/chemdb_ontology?abbrev=PE 36:5
736.49187	736.4923	.0004	PC 34:5	C42H74NO8P	[M-CH3]-	/resources/tools/chemdb_ontology?abbrev=PC 34:5
660.4606	660.4610	.0004	PE 30:1	C35H68NO8P	[M-H]-	/resources/tools/chemdb_ontology?abbrev=PE 30:1
660.4606	660.4610	.0004	PC 28:1	C36H70NO8P	[M-CH3]-	/resources/tools/chemdb_ontology?abbrev=PC 28:1
661.4639	661.4604	.0035	DG 37:6	C40H66O5	[M+Cl]-	/resources/tools/chemdb_ontology?abbrev=DG 37:6
661.4639	661.4604	.0035	FA 40:7;O3	C40H66O5	[M+Cl]-	/resources/tools/chemdb_ontology?abbrev=FA 40:7;O3
661.4639	661.4562	.0077	CerPE 30:2;O2	C32H63N2O6P	[M+OAc]-	/resources/tools/chemdb_ontology?abbrev=CerPE 30:2;O2
661.4639	661.4683	.0044	PC 27:1	C35H68NO8P	Neutral	/resources/tools/chemdb_ontology?abbrev=PC 27:1
661.4639	661.4683	.0044	PE 30:1	C35H68NO8P	Neutral	/resources/tools/chemdb_ontology?abbrev=PE 30:1
804.47863	804.4821	.0035	PS 38:7	C44H72NO10P	[M-H]-	/resources/tools/chemdb_ontology?abbrev=PS 38:7
804.47863	804.4821	.0035	PE 38:8	C43H70NO8P	[M+Formate]-	/resources/tools/chemdb_ontology?abbrev=PE 38:8
804.47863	804.4789	.0003	PI 32:3	C41H73O13P	Neutral	/resources/tools/chemdb_ontology?abbrev=PI 32:3
655.3892	655.3828	.0064	LPI 22:0	C31H61O12P	[M-H]-	/resources/tools/chemdb_ontology?abbrev=LPI 22:0
655.3892	655.3828	.0064	PG 24:0	C30H59O10P	[M+Formate]-	/resources/tools/chemdb_ontology?abbrev=PG 24:0
893.53445	893.5397	.0052	PI 35:2	C44H81O13P	[M+Formate]-	/resources/tools/chemdb_ontology?abbrev=PI 35:2
893.53445	893.5397	.0052	PI 34:2	C43H79O13P	[M+OAc]-	/resources/tools/chemdb_ontology?abbrev=PI 34:2
1376.9677	1376.9722	.0045	CL 66:2	C75H142O17P2	Neutral	/resources/tools/chemdb_ontology?abbrev=CL 66:2
688.53778	688.5287	.0091	PE O-33:1	C38H76NO7P	[M-H]-	/resources/tools/chemdb_ontology?abbrev=PE O-33:1
688.53778	688.5287	.0091	PC O-31:1	C39H78NO7P	[M-CH3]-	/resources/tools/chemdb_ontology?abbrev=PC O-31:1
688.53778	688.5407	.0029	PA O-36:1	C39H77O7P	Neutral	/resources/tools/chemdb_ontology?abbrev=PA O-36:1
892.53125	892.5345	.0033	PS 41:7	C47H78NO10P	[M+Formate]-	/resources/tools/chemdb_ontology?abbrev=PS 41:7
892.53125	892.5345	.0033	PS 40:7	C46H76NO10P	[M+OAc]-	/resources/tools/chemdb_ontology?abbrev=PS 40:7
687.47972	687.4761	.0036	DG 39:7	C42H68O5	[M+Cl]-	/resources/tools/chemdb_ontology?abbrev=DG 39:7
687.47972	687.4719	.0078	CerPE 32:3;O2	C34H65N2O6P	[M+OAc]-	/resources/tools/chemdb_ontology?abbrev=CerPE 32:3;O2
687.47972	687.4788	.0009	CL 66:2	C75H142O17P2	[M-2H]2-	/resources/tools/chemdb_ontology?abbrev=CL 66:2
687.47972	687.4839	.0042	PC 29:2	C37H70NO8P	Neutral	/resources/tools/chemdb_ontology?abbrev=PC 29:2
687.47972	687.4839	.0042	PE 32:2	C37H70NO8P	Neutral	/resources/tools/chemdb_ontology?abbrev=PE 32:2
691.28511	691.2867	.0016	PI 21:1	C29H53O14P	[M+Cl]-	/resources/tools/chemdb_ontology?abbrev=PI 21:1
826.55972	826.5604	.0006	PS 39:3	C45H82NO10P	[M-H]-	/resources/tools/chemdb_ontology?abbrev=PS 39:3
826.55972	826.5523	.0074	PC O-38:6	C46H82NO7P	[M+Cl]-	/resources/tools/chemdb_ontology?abbrev=PC O-38:6
826.55972	826.5604	.0006	PC 36:4	C44H80NO8P	[M+Formate]-	/resources/tools/chemdb_ontology?abbrev=PC 36:4
826.55972	826.5604	.0006	PE 39:4	C44H80NO8P	[M+Formate]-	/resources/tools/chemdb_ontology?abbrev=PE 39:4
826.55972	826.5604	.0006	PC 35:4	C43H78NO8P	[M+OAc]-	/resources/tools/chemdb_ontology?abbrev=PC 35:4
826.55972	826.5604	.0006	PE 38:4	C43H78NO8P	[M+OAc]-	/resources/tools/chemdb_ontology?abbrev=PE 38:4
826.55972	826.5604	.0006	PE O-38:5;O	C43H78NO8P	[M+OAc]-	/resources/tools/chemdb_ontology?abbrev=PE O-38:5;O
824.54426	824.5447	.0005	PS 39:4	C45H80NO10P	[M-H]-	/resources/tools/chemdb_ontology?abbrev=PS 39:4
824.54426	824.5366	.0076	PC O-38:7	C46H80NO7P	[M+Cl]-	/resources/tools/chemdb_ontology?abbrev=PC O-38:7
824.54426	824.5447	.0005	PC 36:5	C44H78NO8P	[M+Formate]-	/resources/tools/chemdb_ontology?abbrev=PC 36:5
824.54426	824.5447	.0005	PE 39:5	C44H78NO8P	[M+Formate]-	/resources/tools/chemdb_ontology?abbrev=PE 39:5
824.54426	824.5447	.0005	PC 35:5	C43H76NO8P	[M+OAc]-	/resources/tools/chemdb_ontology?abbrev=PC 35:5
824.54426	824.5447	.0005	PE 38:5	C43H76NO8P	[M+OAc]-	/resources/tools/chemdb_ontology?abbrev=PE 38:5
824.54426	824.5447	.0005	PE O-38:6;O	C43H76NO8P	[M+OAc]-	/resources/tools/chemdb_ontology?abbrev=PE O-38:6;O
824.54426	824.5415	.0028	PI 33:0	C42H81O13P	Neutral	/resources/tools/chemdb_ontology?abbrev=PI 33:0
825.54758	825.5418	.0058	PG 37:1	C43H83O10P	[M+Cl]-	/resources/tools/chemdb_ontology?abbrev=PG 37:1
825.54758	825.5520	.0044	PS 39:4	C45H80NO10P	Neutral	/resources/tools/chemdb_ontology?abbrev=PS 39:4
811.49849	811.5050	.0065	PA 42:6	C45H77O8P	[M+Cl]-	/resources/tools/chemdb_ontology?abbrev=PA 42:6
811.49849	811.4978	.0007	PI O-30:1	C39H75O12P	[M+Formate]-	/resources/tools/chemdb_ontology?abbrev=PI O-30:1
811.49849	811.4978	.0007	PI O-29:1	C38H73O12P	[M+OAc]-	/resources/tools/chemdb_ontology?abbrev=PI O-29:1
693.47041	693.4712	.0008	PG 30:0	C36H71O10P	[M-H]-	/resources/tools/chemdb_ontology?abbrev=PG 30:0
693.47041	693.4744	.0040	CerPE 34:2;O2	C36H71N2O6P	[M+Cl]-	/resources/tools/chemdb_ontology?abbrev=CerPE 34:2;O2
693.47041	693.4632	.0073	PA O-34:2	C37H71O7P	[M+Cl]-	/resources/tools/chemdb_ontology?abbrev=PA O-34:2
693.47041	693.4712	.0008	PA 32:0	C35H69O8P	[M+Formate]-	/resources/tools/chemdb_ontology?abbrev=PA 32:0
693.47041	693.4712	.0008	PA 31:0	C34H67O8P	[M+OAc]-	/resources/tools/chemdb_ontology?abbrev=PA 31:0
693.47041	693.4736	.0032	DG 38:9	C41H62O5	[M+OAc]-	/resources/tools/chemdb_ontology?abbrev=DG 38:9
618.2863	618.2805	.0058	LPI 20:5	C29H47O12P	Neutral	/resources/tools/chemdb_ontology?abbrev=LPI 20:5
755.46708	755.4635	.0035	PG 32:1	C38H73O10P	[M+Cl]-	/resources/tools/chemdb_ontology?abbrev=PG 32:1
755.46708	755.4687	.0016	CL 72:8;O4	C81H142O21P2	[M-2H]2-	/resources/tools/chemdb_ontology?abbrev=CL 72:8;O4
755.46708	755.4737	.0067	PS 34:4	C40H70NO10P	Neutral	/resources/tools/chemdb_ontology?abbrev=PS 34:4
744.43451	744.4377	.0032	PE 34:5	C39H68NO8P	[M+Cl]-	/resources/tools/chemdb_ontology?abbrev=PE 34:5
732.48129	732.4821	.0008	PS 32:1	C38H72NO10P	[M-H]-	/resources/tools/chemdb_ontology?abbrev=PS 32:1
732.48129	732.4740	.0072	PE O-34:4	C39H72NO7P	[M+Cl]-	/resources/tools/chemdb_ontology?abbrev=PE O-34:4
732.48129	732.4821	.0008	PC 29:2	C37H70NO8P	[M+Formate]-	/resources/tools/chemdb_ontology?abbrev=PC 29:2
732.48129	732.4821	.0008	PE 32:2	C37H70NO8P	[M+Formate]-	/resources/tools/chemdb_ontology?abbrev=PE 32:2
732.48129	732.4821	.0008	PC 28:2	C36H68NO8P	[M+OAc]-	/resources/tools/chemdb_ontology?abbrev=PC 28:2
732.48129	732.4821	.0008	PE 31:2	C36H68NO8P	[M+OAc]-	/resources/tools/chemdb_ontology?abbrev=PE 31:2
732.48129	732.4730	.0083	PA 39:7	C42H69O8P	Neutral	/resources/tools/chemdb_ontology?abbrev=PA 39:7
823.4542	823.4614	.0072	PI 30:2	C39H71O13P	[M+Formate]-	/resources/tools/chemdb_ontology?abbrev=PI 30:2
823.4542	823.4614	.0072	PI 29:2	C38H69O13P	[M+OAc]-	/resources/tools/chemdb_ontology?abbrev=PI 29:2
801.45919	801.4560	.0032	PI 32:4	C41H71O13P	[M-H]-	/resources/tools/chemdb_ontology?abbrev=PI 32:4
801.45919	801.4595	.0003	SQDG 30:0	C39H74O12S	[M+Cl]-	/resources/tools/chemdb_ontology?abbrev=SQDG 30:0
801.45919	801.4690	.0098	PI O-30:1	C39H75O12P	[M+Cl]-	/resources/tools/chemdb_ontology?abbrev=PI O-30:1
801.45919	801.4581	.0011	PS 38:9	C44H68NO10P	Neutral	/resources/tools/chemdb_ontology?abbrev=PS 38:9
686.53029	686.5250	.0052	PA O-36:2	C39H75O7P	Neutral	/resources/tools/chemdb_ontology?abbrev=PA O-36:2
686.53029	686.5363	.0060	CerPE 36:2;O2	C38H75N2O6P	Neutral	/resources/tools/chemdb_ontology?abbrev=CerPE 36:2;O2
686.53029	686.5363	.0060	SM 33:2;O2	C38H75N2O6P	Neutral	/resources/tools/chemdb_ontology?abbrev=SM 33:2;O2
756.46985	756.4610	.0089	PE 38:9	C43H68NO8P	[M-H]-	/resources/tools/chemdb_ontology?abbrev=PE 38:9
756.46985	756.4740	.0042	PE O-36:6	C41H72NO7P	[M+Cl]-	/resources/tools/chemdb_ontology?abbrev=PE O-36:6
834.52156	834.5291	.0075	PS 40:6	C46H78NO10P	[M-H]-	/resources/tools/chemdb_ontology?abbrev=PS 40:6
834.52156	834.5291	.0075	PC 37:7	C45H76NO8P	[M+Formate]-	/resources/tools/chemdb_ontology?abbrev=PC 37:7
834.52156	834.5291	.0075	PE 40:7	C45H76NO8P	[M+Formate]-	/resources/tools/chemdb_ontology?abbrev=PE 40:7
834.52156	834.5291	.0075	PC 36:7	C44H74NO8P	[M+OAc]-	/resources/tools/chemdb_ontology?abbrev=PC 36:7
834.52156	834.5291	.0075	PE 39:7	C44H74NO8P	[M+OAc]-	/resources/tools/chemdb_ontology?abbrev=PE 39:7
834.52156	834.5258	.0043	PI 34:2	C43H79O13P	Neutral	/resources/tools/chemdb_ontology?abbrev=PI 34:2
822.45109	822.4563	.0052	PS 36:7	C42H68NO10P	[M+Formate]-	/resources/tools/chemdb_ontology?abbrev=PS 36:7
754.46371	754.4665	.0028	PS 34:4	C40H70NO10P	[M-H]-	/resources/tools/chemdb_ontology?abbrev=PS 34:4
754.46371	754.4665	.0028	PE 34:5	C39H68NO8P	[M+Formate]-	/resources/tools/chemdb_ontology?abbrev=PE 34:5
754.46371	754.4665	.0028	PE 33:5	C38H66NO8P	[M+OAc]-	/resources/tools/chemdb_ontology?abbrev=PE 33:5
754.46371	754.4632	.0005	PI 28:0	C37H71O13P	Neutral	/resources/tools/chemdb_ontology?abbrev=PI 28:0
1375.9653	1375.9650	.0003	CL 66:2	C75H142O17P2	[M-H]-	/resources/tools/chemdb_ontology?abbrev=CL 66:2
686.47646	686.4766	.0002	PE 32:2	C37H70NO8P	[M-H]-	/resources/tools/chemdb_ontology?abbrev=PE 32:2
686.47646	686.4849	.0084	HexCer 30:2;O2	C36H67NO8	[M+Formate]-	/resources/tools/chemdb_ontology?abbrev=HexCer 30:2;O2
686.47646	686.4766	.0002	PC 30:2	C38H72NO8P	[M-CH3]-	/resources/tools/chemdb_ontology?abbrev=PC 30:2
771.45342	771.4454	.0080	PG 33:5	C39H67O10P	[M+Formate]-	/resources/tools/chemdb_ontology?abbrev=PG 33:5
771.45342	771.4454	.0080	PG 32:5	C38H65O10P	[M+OAc]-	/resources/tools/chemdb_ontology?abbrev=PG 32:5
687.53303	687.5334	.0004	PA O-36:1	C39H77O7P	[M-H]-	/resources/tools/chemdb_ontology?abbrev=PA O-36:1
687.53303	687.5336	.0006	TG 37:0	C40H76O6	[M+Cl]-	/resources/tools/chemdb_ontology?abbrev=TG 37:0
689.48542	689.4763	.0091	PG O-31:2	C37H71O9P	[M-H]-	/resources/tools/chemdb_ontology?abbrev=PG O-31:2
689.48542	689.4917	.0063	DG 39:6	C42H70O5	[M+Cl]-	/resources/tools/chemdb_ontology?abbrev=DG 39:6
689.48542	689.4875	.0021	CerPE 33:2;O2	C35H69N2O6P	[M+Formate]-	/resources/tools/chemdb_ontology?abbrev=CerPE 33:2;O2
689.48542	689.4763	.0091	PA O-33:2	C36H69O7P	[M+Formate]-	/resources/tools/chemdb_ontology?abbrev=PA O-33:2
689.48542	689.4875	.0021	CerPE 32:2;O2	C34H67N2O6P	[M+OAc]-	/resources/tools/chemdb_ontology?abbrev=CerPE 32:2;O2
689.48542	689.4763	.0091	PA O-32:2	C35H67O7P	[M+OAc]-	/resources/tools/chemdb_ontology?abbrev=PA O-32:2
918.54647	918.5502	.0037	PS 42:8	C48H78NO10P	[M+OAc]-	/resources/tools/chemdb_ontology?abbrev=PS 42:8
585.32812	585.3329	.0047	PA 25:0	C28H55O8P	[M+Cl]-	/resources/tools/chemdb_ontology?abbrev=PA 25:0
688.48269	688.4923	.0096	PE 32:1	C37H72NO8P	[M-H]-	/resources/tools/chemdb_ontology?abbrev=PE 32:1
688.48269	688.4923	.0096	PC 30:1	C38H74NO8P	[M-CH3]-	/resources/tools/chemdb_ontology?abbrev=PC 30:1
688.48269	688.4867	.0040	CL 66:1	C75H144O17P2	[M-2H]2-	/resources/tools/chemdb_ontology?abbrev=CL 66:1
851.56299	851.5655	.0025	PI 35:0	C44H85O13P	[M-H]-	/resources/tools/chemdb_ontology?abbrev=PI 35:0
851.56299	851.5574	.0055	PG 39:2	C45H85O10P	[M+Cl]-	/resources/tools/chemdb_ontology?abbrev=PG 39:2
851.56299	851.5676	.0046	PS 41:5	C47H82NO10P	Neutral	/resources/tools/chemdb_ontology?abbrev=PS 41:5
719.54326	719.5387	.0046	DG 41:5	C44H76O5	[M+Cl]-	/resources/tools/chemdb_ontology?abbrev=DG 41:5
719.54326	719.5345	.0088	CerPE 35:1;O2	C37H75N2O6P	[M+Formate]-	/resources/tools/chemdb_ontology?abbrev=CerPE 35:1;O2
719.54326	719.5345	.0088	SM 32:1;O2	C37H75N2O6P	[M+Formate]-	/resources/tools/chemdb_ontology?abbrev=SM 32:1;O2
719.54326	719.5345	.0088	CerPE 34:1;O2	C36H73N2O6P	[M+OAc]-	/resources/tools/chemdb_ontology?abbrev=CerPE 34:1;O2
719.54326	719.5465	.0032	PC 31:0	C39H78NO8P	Neutral	/resources/tools/chemdb_ontology?abbrev=PC 31:0
719.54326	719.5465	.0032	PE 34:0	C39H78NO8P	Neutral	/resources/tools/chemdb_ontology?abbrev=PE 34:0
848.46678	848.4719	.0052	PS 38:8	C44H70NO10P	[M+Formate]-	/resources/tools/chemdb_ontology?abbrev=PS 38:8
749.51534	749.5127	.0027	PA 40:5	C43H75O8P	[M-H]-	/resources/tools/chemdb_ontology?abbrev=PA 40:5
749.51534	749.5207	.0053	PS 33:0	C39H76NO10P	Neutral	/resources/tools/chemdb_ontology?abbrev=PS 33:0
800.45684	800.4508	.0060	PS 38:9	C44H68NO10P	[M-H]-	/resources/tools/chemdb_ontology?abbrev=PS 38:9
800.45684	800.4639	.0070	PS O-36:6	C42H72NO9P	[M+Cl]-	/resources/tools/chemdb_ontology?abbrev=PS O-36:6
800.45684	800.4476	.0093	PI 32:5	C41H69O13P	Neutral	/resources/tools/chemdb_ontology?abbrev=PI 32:5
769.5018	769.5025	.0007	PG 36:4	C42H75O10P	[M-H]-	/resources/tools/chemdb_ontology?abbrev=PG 36:4
769.5018	769.4945	.0074	PA O-40:6	C43H75O7P	[M+Cl]-	/resources/tools/chemdb_ontology?abbrev=PA O-40:6
769.5018	769.5025	.0007	PA 38:4	C41H73O8P	[M+Formate]-	/resources/tools/chemdb_ontology?abbrev=PA 38:4
769.5018	769.5025	.0007	PA 37:4	C40H71O8P	[M+OAc]-	/resources/tools/chemdb_ontology?abbrev=PA 37:4
673.27623	673.2761	.0001	PG 23:3;O3	C29H51O13P	[M+Cl]-	/resources/tools/chemdb_ontology?abbrev=PG 23:3;O3
759.50056	759.4970	.0035	PA 41:7	C44H73O8P	[M-H]-	/resources/tools/chemdb_ontology?abbrev=PA 41:7
759.50056	759.5050	.0045	PS 34:2	C40H74NO10P	Neutral	/resources/tools/chemdb_ontology?abbrev=PS 34:2
344.28031	344.2806	.0003	NAE 16:0	C18H37NO2	[M+Formate]-	/resources/tools/chemdb_ontology?abbrev=NAE 16:0
344.28031	344.2806	.0003	SPB 18:1;O2	C18H37NO2	[M+Formate]-	/resources/tools/chemdb_ontology?abbrev=SPB 18:1;O2
344.28031	344.2806	.0003	NAE 15:0	C17H35NO2	[M+OAc]-	/resources/tools/chemdb_ontology?abbrev=NAE 15:0
344.28031	344.2806	.0003	SPB 17:1;O2	C17H35NO2	[M+OAc]-	/resources/tools/chemdb_ontology?abbrev=SPB 17:1;O2
344.28031	344.2827	.0023	TG 40:2	C43H78O6	[M-2H]2-	/resources/tools/chemdb_ontology?abbrev=TG 40:2
344.28031	344.2765	.0038	SM 33:0;O2	C38H79N2O6P	[M-2H]2-	/resources/tools/chemdb_ontology?abbrev=SM 33:0;O2
344.28031	344.2715	.0088	FA 23:5	C23H36O2	Neutral	/resources/tools/chemdb_ontology?abbrev=FA 23:5
344.28031	344.2715	.0088	ST 23:2;O2	C23H36O2	Neutral	/resources/tools/chemdb_ontology?abbrev=ST 23:2;O2
901.50499	901.5003	.0047	PI O-38:7	C47H79O12P	[M+Cl]-	/resources/tools/chemdb_ontology?abbrev=PI O-38:7
901.50499	901.5084	.0034	PI 36:5	C45H77O13P	[M+Formate]-	/resources/tools/chemdb_ontology?abbrev=PI 36:5
901.50499	901.5084	.0034	PI 35:5	C44H75O13P	[M+OAc]-	/resources/tools/chemdb_ontology?abbrev=PI 35:5
788.4769	788.4719	.0050	PS 33:3	C39H70NO10P	[M+Formate]-	/resources/tools/chemdb_ontology?abbrev=PS 33:3
788.4769	788.4719	.0050	PC 30:4;O2	C38H68NO10P	[M+OAc]-	/resources/tools/chemdb_ontology?abbrev=PC 30:4;O2
788.4769	788.4719	.0050	PS 32:3	C38H68NO10P	[M+OAc]-	/resources/tools/chemdb_ontology?abbrev=PS 32:3
780.47933	780.4821	.0028	PS 36:5	C42H72NO10P	[M-H]-	/resources/tools/chemdb_ontology?abbrev=PS 36:5
780.47933	780.4821	.0028	PE 36:6	C41H70NO8P	[M+Formate]-	/resources/tools/chemdb_ontology?abbrev=PE 36:6
780.47933	780.4821	.0028	PE 35:6	C40H68NO8P	[M+OAc]-	/resources/tools/chemdb_ontology?abbrev=PE 35:6
780.47933	780.4789	.0004	PI 30:1	C39H73O13P	Neutral	/resources/tools/chemdb_ontology?abbrev=PI 30:1
758.49725	758.4978	.0005	PS 34:2	C40H74NO10P	[M-H]-	/resources/tools/chemdb_ontology?abbrev=PS 34:2
758.49725	758.4897	.0076	PE O-36:5	C41H74NO7P	[M+Cl]-	/resources/tools/chemdb_ontology?abbrev=PE O-36:5
758.49725	758.4978	.0005	PC 31:3	C39H72NO8P	[M+Formate]-	/resources/tools/chemdb_ontology?abbrev=PC 31:3
758.49725	758.4978	.0005	PE 34:3	C39H72NO8P	[M+Formate]-	/resources/tools/chemdb_ontology?abbrev=PE 34:3
758.49725	758.4978	.0005	PC 30:3	C38H70NO8P	[M+OAc]-	/resources/tools/chemdb_ontology?abbrev=PC 30:3
758.49725	758.4978	.0005	PE 33:3	C38H70NO8P	[M+OAc]-	/resources/tools/chemdb_ontology?abbrev=PE 33:3
326.28124	326.2821	.0009	FA 20:1;O	C20H38O3	Neutral	/resources/tools/chemdb_ontology?abbrev=FA 20:1;O
760.5033	760.5053	.0020	PE O-36:4	C41H76NO7P	[M+Cl]-	/resources/tools/chemdb_ontology?abbrev=PE O-36:4
760.5033	760.5043	.0010	PA 41:7	C44H73O8P	Neutral	/resources/tools/chemdb_ontology?abbrev=PA 41:7
736.34545	736.3435	.0019	PI 25:4;O2	C34H57O15P	Neutral	/resources/tools/chemdb_ontology?abbrev=PI 25:4;O2
686.30802	686.3078	.0002	PS 24:2;O2	C30H54NO12P	[M+Cl]-	/resources/tools/chemdb_ontology?abbrev=PS 24:2;O2
719.48653	719.4869	.0003	PG 32:1	C38H73O10P	[M-H]-	/resources/tools/chemdb_ontology?abbrev=PG 32:1
719.48653	719.4900	.0035	CerPE 36:3;O2	C38H73N2O6P	[M+Cl]-	/resources/tools/chemdb_ontology?abbrev=CerPE 36:3;O2
719.48653	719.4788	.0077	PA O-36:3	C39H73O7P	[M+Cl]-	/resources/tools/chemdb_ontology?abbrev=PA O-36:3
719.48653	719.4869	.0003	PA 34:1	C37H71O8P	[M+Formate]-	/resources/tools/chemdb_ontology?abbrev=PA 34:1
719.48653	719.4869	.0003	PA 33:1	C36H69O8P	[M+OAc]-	/resources/tools/chemdb_ontology?abbrev=PA 33:1
719.48653	719.4892	.0027	DG 40:10	C43H64O5	[M+OAc]-	/resources/tools/chemdb_ontology?abbrev=DG 40:10
721.49279	721.5025	.0097	PG 32:0	C38H75O10P	[M-H]-	/resources/tools/chemdb_ontology?abbrev=PG 32:0
721.49279	721.4945	.0017	PA O-36:2	C39H75O7P	[M+Cl]-	/resources/tools/chemdb_ontology?abbrev=PA O-36:2
721.49279	721.5025	.0097	PA 34:0	C37H73O8P	[M+Formate]-	/resources/tools/chemdb_ontology?abbrev=PA 34:0
721.49279	721.5025	.0097	PA 33:0	C36H71O8P	[M+OAc]-	/resources/tools/chemdb_ontology?abbrev=PA 33:0
721.49279	721.4894	.0034	PS 31:0	C37H72NO10P	Neutral	/resources/tools/chemdb_ontology?abbrev=PS 31:0
720.48995	720.4974	.0074	PE O-36:6	C41H72NO7P	[M-H]-	/resources/tools/chemdb_ontology?abbrev=PE O-36:6
720.48995	720.4821	.0078	PS 31:0	C37H72NO10P	[M-H]-	/resources/tools/chemdb_ontology?abbrev=PS 31:0
720.48995	720.4823	.0077	HexCer 32:2;O3	C38H71NO9	[M+Cl]-	/resources/tools/chemdb_ontology?abbrev=HexCer 32:2;O3
720.48995	720.4821	.0078	PC 28:1	C36H70NO8P	[M+Formate]-	/resources/tools/chemdb_ontology?abbrev=PC 28:1
720.48995	720.4821	.0078	PE 31:1	C36H70NO8P	[M+Formate]-	/resources/tools/chemdb_ontology?abbrev=PE 31:1
720.48995	720.4821	.0078	PC 27:1	C35H68NO8P	[M+OAc]-	/resources/tools/chemdb_ontology?abbrev=PC 27:1
720.48995	720.4821	.0078	PE 30:1	C35H68NO8P	[M+OAc]-	/resources/tools/chemdb_ontology?abbrev=PE 30:1
720.48995	720.4941	.0042	PG 32:1	C38H73O10P	Neutral	/resources/tools/chemdb_ontology?abbrev=PG 32:1
787.47372	787.4686	.0051	PG O-36:6	C42H73O9P	[M+Cl]-	/resources/tools/chemdb_ontology?abbrev=PG O-36:6
787.47372	787.4767	.0030	PG 34:4	C40H71O10P	[M+Formate]-	/resources/tools/chemdb_ontology?abbrev=PG 34:4
787.47372	787.4767	.0030	PG 33:4	C39H69O10P	[M+OAc]-	/resources/tools/chemdb_ontology?abbrev=PG 33:4
774.52793	774.5291	.0011	PS 35:1	C41H78NO10P	[M-H]-	/resources/tools/chemdb_ontology?abbrev=PS 35:1
774.52793	774.5210	.0069	PC O-34:4	C42H78NO7P	[M+Cl]-	/resources/tools/chemdb_ontology?abbrev=PC O-34:4
774.52793	774.5291	.0011	PC 32:2	C40H76NO8P	[M+Formate]-	/resources/tools/chemdb_ontology?abbrev=PC 32:2
774.52793	774.5291	.0011	PE 35:2	C40H76NO8P	[M+Formate]-	/resources/tools/chemdb_ontology?abbrev=PE 35:2
774.52793	774.5291	.0011	PC 31:2	C39H74NO8P	[M+OAc]-	/resources/tools/chemdb_ontology?abbrev=PC 31:2
774.52793	774.5291	.0011	PE 34:2	C39H74NO8P	[M+OAc]-	/resources/tools/chemdb_ontology?abbrev=PE 34:2
774.52793	774.5282	.0003	MGDG 36:6	C45H74O10	Neutral	/resources/tools/chemdb_ontology?abbrev=MGDG 36:6
774.52793	774.5200	.0080	PA 42:7	C45H75O8P	Neutral	/resources/tools/chemdb_ontology?abbrev=PA 42:7
862.5421	862.5370	.0051	PS 39:3	C45H82NO10P	[M+Cl]-	/resources/tools/chemdb_ontology?abbrev=PS 39:3
862.5421	862.5392	.0029	PC 44:12	C52H80NO8P	[M-CH3]-	/resources/tools/chemdb_ontology?abbrev=PC 44:12
861.53987	861.5499	.0100	PI 36:2	C45H83O13P	[M-H]-	/resources/tools/chemdb_ontology?abbrev=PI 36:2
861.53987	861.5418	.0019	PG 40:4	C46H83O10P	[M+Cl]-	/resources/tools/chemdb_ontology?abbrev=PG 40:4
795.51697	795.5182	.0012	PG 38:5	C44H77O10P	[M-H]-	/resources/tools/chemdb_ontology?abbrev=PG 38:5
795.51697	795.5101	.0069	PA O-42:7	C45H77O7P	[M+Cl]-	/resources/tools/chemdb_ontology?abbrev=PA O-42:7
795.51697	795.5182	.0012	PA 40:5	C43H75O8P	[M+Formate]-	/resources/tools/chemdb_ontology?abbrev=PA 40:5
795.51697	795.5182	.0012	PA 39:5	C42H73O8P	[M+OAc]-	/resources/tools/chemdb_ontology?abbrev=PA 39:5
795.51697	795.5167	.0003	SHexCer 34:1;O3	C40H77NO12S	Neutral	/resources/tools/chemdb_ontology?abbrev=SHexCer 34:1;O3
339.19956	339.1944	.0052	FA 16:0;O3	C16H32O5	[M+Cl]-	/resources/tools/chemdb_ontology?abbrev=FA 16:0;O3
860.53718	860.5447	.0075	PS 42:7	C48H80NO10P	[M-H]-	/resources/tools/chemdb_ontology?abbrev=PS 42:7
860.53718	860.5425	.0053	IPC 36:0;O3	C42H84NO12P	[M+Cl]-	/resources/tools/chemdb_ontology?abbrev=IPC 36:0;O3
860.53718	860.5447	.0075	PC 39:8	C47H78NO8P	[M+Formate]-	/resources/tools/chemdb_ontology?abbrev=PC 39:8
860.53718	860.5447	.0075	PE 42:8	C47H78NO8P	[M+Formate]-	/resources/tools/chemdb_ontology?abbrev=PE 42:8
860.53718	860.5447	.0075	PC 38:8	C46H76NO8P	[M+OAc]-	/resources/tools/chemdb_ontology?abbrev=PC 38:8
860.53718	860.5415	.0043	PI 36:3	C45H81O13P	Neutral	/resources/tools/chemdb_ontology?abbrev=PI 36:3
859.53381	859.5342	.0004	PI 36:3	C45H81O13P	[M-H]-	/resources/tools/chemdb_ontology?abbrev=PI 36:3
859.53381	859.5261	.0077	PG 40:5	C46H81O10P	[M+Cl]-	/resources/tools/chemdb_ontology?abbrev=PG 40:5
859.53381	859.5363	.0025	PS 42:8	C48H78NO10P	Neutral	/resources/tools/chemdb_ontology?abbrev=PS 42:8
927.52045	927.5240	.0036	PI 38:6	C47H79O13P	[M+Formate]-	/resources/tools/chemdb_ontology?abbrev=PI 38:6
927.52045	927.5240	.0036	PI 37:6	C46H77O13P	[M+OAc]-	/resources/tools/chemdb_ontology?abbrev=PI 37:6
723.42673	723.4243	.0025	PA 35:6	C38H63O8P	[M+Formate]-	/resources/tools/chemdb_ontology?abbrev=PA 35:6
723.42673	723.4243	.0025	PA 34:6	C37H61O8P	[M+OAc]-	/resources/tools/chemdb_ontology?abbrev=PA 34:6
842.51623	842.5108	.0054	PE 40:6;O	C45H78NO9P	[M+Cl]-	/resources/tools/chemdb_ontology?abbrev=PE 40:6;O
842.51623	842.5224	.0062	SHexCer 36:1;O2	C42H81NO11S	[M+Cl]-	/resources/tools/chemdb_ontology?abbrev=SHexCer 36:1;O2
842.51623	842.5189	.0027	PS 37:4	C43H76NO10P	[M+Formate]-	/resources/tools/chemdb_ontology?abbrev=PS 37:4
842.51623	842.5189	.0027	PS 36:4	C42H74NO10P	[M+OAc]-	/resources/tools/chemdb_ontology?abbrev=PS 36:4
842.51623	842.5098	.0064	PG 42:10	C48H75O10P	Neutral	/resources/tools/chemdb_ontology?abbrev=PG 42:10
747.50855	747.5182	.0096	PG 34:1	C40H77O10P	[M-H]-	/resources/tools/chemdb_ontology?abbrev=PG 34:1
747.50855	747.5101	.0016	PA O-38:3	C41H77O7P	[M+Cl]-	/resources/tools/chemdb_ontology?abbrev=PA O-38:3
747.50855	747.5182	.0096	PA 36:1	C39H75O8P	[M+Formate]-	/resources/tools/chemdb_ontology?abbrev=PA 36:1
747.50855	747.5182	.0096	PA 35:1	C38H73O8P	[M+OAc]-	/resources/tools/chemdb_ontology?abbrev=PA 35:1
747.50855	747.5050	.0035	PS 33:1	C39H74NO10P	Neutral	/resources/tools/chemdb_ontology?abbrev=PS 33:1
293.17595	293.1758	.0001	FA 16:4	C16H24O2	[M+Formate]-	/resources/tools/chemdb_ontology?abbrev=FA 16:4
293.17595	293.1758	.0001	SFE 16:4	C16H24O2	[M+Formate]-	/resources/tools/chemdb_ontology?abbrev=SFE 16:4
293.17595	293.1758	.0001	FA 15:4	C15H22O2	[M+OAc]-	/resources/tools/chemdb_ontology?abbrev=FA 15:4
293.17595	293.1758	.0001	WE 15:4	C15H22O2	[M+OAc]-	/resources/tools/chemdb_ontology?abbrev=WE 15:4
293.17595	293.1758	.0001	ST 28:3;O2;GlcA	C34H52O8	[M-2H]2-	/resources/tools/chemdb_ontology?abbrev=ST 28:3;O2;GlcA
311.16888	311.1783	.0095	FA 18:4	C18H28O2	[M+Cl]-	/resources/tools/chemdb_ontology?abbrev=FA 18:4
311.16888	311.1783	.0095	ST 18:1;O2	C18H28O2	[M+Cl]-	/resources/tools/chemdb_ontology?abbrev=ST 18:1;O2
311.16888	311.1682	.0007	ST 33:2_O7	C33H52O11	[M-2H]2-	/resources/tools/chemdb_ontology?abbrev=ST 33:2_O7
814.4927	814.4911	.0016	SHexCer 34:1;O2	C40H77NO11S	[M+Cl]-	/resources/tools/chemdb_ontology?abbrev=SHexCer 34:1;O2
814.4927	814.5007	.0080	IPC 34:1;O2	C40H78NO11P	[M+Cl]-	/resources/tools/chemdb_ontology?abbrev=IPC 34:1;O2
814.4927	814.4876	.0051	PS 35:4	C41H72NO10P	[M+Formate]-	/resources/tools/chemdb_ontology?abbrev=PS 35:4
814.4927	814.4876	.0051	PS 34:4	C40H70NO10P	[M+OAc]-	/resources/tools/chemdb_ontology?abbrev=PS 34:4
814.4927	814.4996	.0069	PI O-34:5	C43H75O12P	Neutral	/resources/tools/chemdb_ontology?abbrev=PI O-34:5
675.51061	675.5083	.0023	CerPE 34:1;O3	C36H73N2O7P	[M-H]-	/resources/tools/chemdb_ontology?abbrev=CerPE 34:1;O3
675.51061	675.5205	.0099	DG 37:4	C40H70O5	[M+Formate]-	/resources/tools/chemdb_ontology?abbrev=DG 37:4
675.51061	675.5205	.0099	DG 36:4	C39H68O5	[M+OAc]-	/resources/tools/chemdb_ontology?abbrev=DG 36:4
675.51061	675.5203	.0097	PC O-29:1	C37H74NO7P	Neutral	/resources/tools/chemdb_ontology?abbrev=PC O-29:1
675.51061	675.5203	.0097	PE O-32:1	C37H74NO7P	Neutral	/resources/tools/chemdb_ontology?abbrev=PE O-32:1
742.5002	742.5029	.0027	PS O-34:3	C40H74NO9P	[M-H]-	/resources/tools/chemdb_ontology?abbrev=PS O-34:3
742.5002	742.5029	.0027	PE O-34:4	C39H72NO7P	[M+Formate]-	/resources/tools/chemdb_ontology?abbrev=PE O-34:4
745.55933	745.5543	.0050	DG 43:6	C46H78O5	[M+Cl]-	/resources/tools/chemdb_ontology?abbrev=DG 43:6
745.55933	745.5501	.0092	CerPE 37:2;O2	C39H77N2O6P	[M+Formate]-	/resources/tools/chemdb_ontology?abbrev=CerPE 37:2;O2
745.55933	745.5501	.0092	SM 34:2;O2	C39H77N2O6P	[M+Formate]-	/resources/tools/chemdb_ontology?abbrev=SM 34:2;O2
745.55933	745.5501	.0092	CerPE 36:2;O2	C38H75N2O6P	[M+OAc]-	/resources/tools/chemdb_ontology?abbrev=CerPE 36:2;O2
745.55933	745.5501	.0092	SM 33:2;O2	C38H75N2O6P	[M+OAc]-	/resources/tools/chemdb_ontology?abbrev=SM 33:2;O2
745.55933	745.5571	.0022	CL 74:0	C83H162O17P2	[M-2H]2-	/resources/tools/chemdb_ontology?abbrev=CL 74:0
745.55933	745.5622	.0028	PC 33:1	C41H80NO8P	Neutral	/resources/tools/chemdb_ontology?abbrev=PC 33:1
745.55933	745.5622	.0028	PE 36:1	C41H80NO8P	Neutral	/resources/tools/chemdb_ontology?abbrev=PE 36:1
813.48945	813.4923	.0029	PI O-34:5	C43H75O12P	[M-H]-	/resources/tools/chemdb_ontology?abbrev=PI O-34:5
813.48945	813.4843	.0052	PG O-38:7	C44H75O9P	[M+Cl]-	/resources/tools/chemdb_ontology?abbrev=PG O-38:7
813.48945	813.4923	.0029	PG 36:5	C42H73O10P	[M+Formate]-	/resources/tools/chemdb_ontology?abbrev=PG 36:5
813.48945	813.4795	.0100	MGDG 36:9	C45H68O10	[M+Formate]-	/resources/tools/chemdb_ontology?abbrev=MGDG 36:9
813.48945	813.4923	.0029	PG 35:5	C41H71O10P	[M+OAc]-	/resources/tools/chemdb_ontology?abbrev=PG 35:5
745.5022	745.5025	.0003	PG 34:2	C40H75O10P	[M-H]-	/resources/tools/chemdb_ontology?abbrev=PG 34:2
745.5022	745.4945	.0078	PA O-38:4	C41H75O7P	[M+Cl]-	/resources/tools/chemdb_ontology?abbrev=PA O-38:4
745.5022	745.5025	.0003	PA 36:2	C39H73O8P	[M+Formate]-	/resources/tools/chemdb_ontology?abbrev=PA 36:2
745.5022	745.5025	.0003	PA 35:2	C38H71O8P	[M+OAc]-	/resources/tools/chemdb_ontology?abbrev=PA 35:2
745.5022	745.5049	.0027	DG 42:11	C45H66O5	[M+OAc]-	/resources/tools/chemdb_ontology?abbrev=DG 42:11
894.54669	894.5502	.0035	PS 41:6	C47H80NO10P	[M+Formate]-	/resources/tools/chemdb_ontology?abbrev=PS 41:6
894.54669	894.5502	.0035	PS 40:6	C46H78NO10P	[M+OAc]-	/resources/tools/chemdb_ontology?abbrev=PS 40:6
674.50984	674.5130	.0032	PE O-32:1	C37H74NO7P	[M-H]-	/resources/tools/chemdb_ontology?abbrev=PE O-32:1
674.50984	674.5130	.0032	PC O-30:1	C38H76NO7P	[M-CH3]-	/resources/tools/chemdb_ontology?abbrev=PC O-30:1
674.50984	674.4999	.0100	CerPE 34:2;O3	C36H71N2O7P	Neutral	/resources/tools/chemdb_ontology?abbrev=CerPE 34:2;O3
673.50653	673.5049	.0016	DG 37:5	C40H68O5	[M+Formate]-	/resources/tools/chemdb_ontology?abbrev=DG 37:5
673.50653	673.5049	.0016	DG 36:5	C39H66O5	[M+OAc]-	/resources/tools/chemdb_ontology?abbrev=DG 36:5
673.50653	673.5046	.0019	PE O-32:2	C37H72NO7P	Neutral	/resources/tools/chemdb_ontology?abbrev=PE O-32:2
491.35832	491.3509	.0074	DG 24:0	C27H52O5	[M+Cl]-	/resources/tools/chemdb_ontology?abbrev=DG 24:0
843.51882	843.5182	.0007	PG 42:9	C48H77O10P	[M-H]-	/resources/tools/chemdb_ontology?abbrev=PG 42:9
843.51882	843.5160	.0028	PI O-33:1	C42H81O12P	[M+Cl]-	/resources/tools/chemdb_ontology?abbrev=PI O-33:1
843.51882	843.5264	.0076	MGDG 38:8	C47H74O10	[M+Formate]-	/resources/tools/chemdb_ontology?abbrev=MGDG 38:8
746.5056	746.5130	.0074	PE O-38:7	C43H74NO7P	[M-H]-	/resources/tools/chemdb_ontology?abbrev=PE O-38:7
746.5056	746.4978	.0078	PS 33:1	C39H74NO10P	[M-H]-	/resources/tools/chemdb_ontology?abbrev=PS 33:1
746.5056	746.4978	.0078	PC 30:2	C38H72NO8P	[M+Formate]-	/resources/tools/chemdb_ontology?abbrev=PC 30:2
746.5056	746.4978	.0078	PE 33:2	C38H72NO8P	[M+Formate]-	/resources/tools/chemdb_ontology?abbrev=PE 33:2
746.5056	746.4978	.0078	PC 29:2	C37H70NO8P	[M+OAc]-	/resources/tools/chemdb_ontology?abbrev=PC 29:2
746.5056	746.4978	.0078	PE 32:2	C37H70NO8P	[M+OAc]-	/resources/tools/chemdb_ontology?abbrev=PE 32:2
746.5056	746.5098	.0042	PG 34:2	C40H75O10P	Neutral	/resources/tools/chemdb_ontology?abbrev=PG 34:2
746.5056	746.4969	.0087	MGDG 34:6	C43H70O10	Neutral	/resources/tools/chemdb_ontology?abbrev=MGDG 34:6
830.49439	830.4978	.0034	PS 40:8	C46H74NO10P	[M-H]-	/resources/tools/chemdb_ontology?abbrev=PS 40:8
830.49439	830.4861	.0083	SHexCer 34:1;O3	C40H77NO12S	[M+Cl]-	/resources/tools/chemdb_ontology?abbrev=SHexCer 34:1;O3
830.49439	830.4978	.0034	PE 40:9	C45H72NO8P	[M+Formate]-	/resources/tools/chemdb_ontology?abbrev=PE 40:9
830.49439	830.4945	.0001	PI 34:4	C43H75O13P	Neutral	/resources/tools/chemdb_ontology?abbrev=PI 34:4
809.46562	809.4610	.0046	PG 36:7	C42H69O10P	[M+Formate]-	/resources/tools/chemdb_ontology?abbrev=PG 36:7
742.48294	742.4795	.0034	PS O-31:0	C37H74NO9P	[M+Cl]-	/resources/tools/chemdb_ontology?abbrev=PS O-31:0
742.48294	742.4785	.0045	PG 34:4	C40H71O10P	Neutral	/resources/tools/chemdb_ontology?abbrev=PG 34:4
673.54804	673.5543	.0063	DG 37:0	C40H78O5	[M+Cl]-	/resources/tools/chemdb_ontology?abbrev=DG 37:0
673.54804	673.5493	.0012	HexCer 32:0;O2	C38H75NO8	Neutral	/resources/tools/chemdb_ontology?abbrev=HexCer 32:0;O2
673.54804	673.5410	.0070	CerP 38:1;O2	C38H76NO6P	Neutral	/resources/tools/chemdb_ontology?abbrev=CerP 38:1;O2
741.47969	741.4712	.0085	PG 34:4	C40H71O10P	[M-H]-	/resources/tools/chemdb_ontology?abbrev=PG 34:4
741.47969	741.4843	.0046	PG O-32:1	C38H75O9P	[M+Cl]-	/resources/tools/chemdb_ontology?abbrev=PG O-32:1
741.47969	741.4712	.0085	PA 36:4	C39H69O8P	[M+Formate]-	/resources/tools/chemdb_ontology?abbrev=PA 36:4
741.47969	741.4712	.0085	PA 35:4	C38H67O8P	[M+OAc]-	/resources/tools/chemdb_ontology?abbrev=PA 35:4
239.05947	239.0692	.0097	FA 9:1;O3	C9H16O5	[M+Cl]-	/resources/tools/chemdb_ontology?abbrev=FA 9:1;O3
239.05947	239.0561	.0034	FA 10:5;O2	C10H10O4	[M+Formate]-	/resources/tools/chemdb_ontology?abbrev=FA 10:5;O2
165.04076	165.0324	.0084	FA 6:1;O	C6H10O3	[M+Cl]-	/resources/tools/chemdb_ontology?abbrev=FA 6:1;O
165.04076	165.0405	.0003	FA 4:0;O2	C4H8O4	[M+Formate]-	/resources/tools/chemdb_ontology?abbrev=FA 4:0;O2
714.55416	714.5526	.0016	HexCer 34:1;O3	C40H77NO9	[M-H]-	/resources/tools/chemdb_ontology?abbrev=HexCer 34:1;O3
714.55416	714.5443	.0098	PE O-35:2	C40H78NO7P	[M-H]-	/resources/tools/chemdb_ontology?abbrev=PE O-35:2
714.55416	714.5443	.0098	PC O-33:2	C41H80NO7P	[M-CH3]-	/resources/tools/chemdb_ontology?abbrev=PC O-33:2
714.55416	714.5563	.0022	PA O-38:2	C41H79O7P	Neutral	/resources/tools/chemdb_ontology?abbrev=PA O-38:2
885.53971	885.5418	.0021	PG 42:6	C48H83O10P	[M+Cl]-	/resources/tools/chemdb_ontology?abbrev=PG 42:6
951.52009	951.5240	.0040	PI 40:8	C49H79O13P	[M+Formate]-	/resources/tools/chemdb_ontology?abbrev=PI 40:8
951.52009	951.5240	.0040	PI 39:8	C48H77O13P	[M+OAc]-	/resources/tools/chemdb_ontology?abbrev=PI 39:8
837.51364	837.5207	.0070	PA 44:7	C47H79O8P	[M+Cl]-	/resources/tools/chemdb_ontology?abbrev=PA 44:7
837.51364	837.5135	.0002	PI O-32:2	C41H77O12P	[M+Formate]-	/resources/tools/chemdb_ontology?abbrev=PI O-32:2
837.51364	837.5040	.0097	SQDG 32:1	C41H76O12S	[M+Formate]-	/resources/tools/chemdb_ontology?abbrev=SQDG 32:1
837.51364	837.5135	.0002	PI O-31:2	C40H75O12P	[M+OAc]-	/resources/tools/chemdb_ontology?abbrev=PI O-31:2
674.49627	674.4999	.0036	CerPE 34:2;O3	C36H71N2O7P	Neutral	/resources/tools/chemdb_ontology?abbrev=CerPE 34:2;O3
674.49627	674.4887	.0076	PA 34:1	C37H71O8P	Neutral	/resources/tools/chemdb_ontology?abbrev=PA 34:1
801.54692	801.5440	.0029	PA 44:7	C47H79O8P	[M-H]-	/resources/tools/chemdb_ontology?abbrev=PA 44:7
801.54692	801.5520	.0051	PS 37:2	C43H80NO10P	Neutral	/resources/tools/chemdb_ontology?abbrev=PS 37:2
568.4585	568.4502	.0083	Cer 34:3;O2	C34H63NO3	[M+Cl]-	/resources/tools/chemdb_ontology?abbrev=Cer 34:3;O2
568.4585	568.4583	.0002	Cer 32:2;O3	C32H61NO4	[M+Formate]-	/resources/tools/chemdb_ontology?abbrev=Cer 32:2;O3
884.53704	884.5447	.0077	PE 44:10	C49H78NO8P	[M+Formate]-	/resources/tools/chemdb_ontology?abbrev=PE 44:10
884.53704	884.5447	.0077	PC 40:10	C48H76NO8P	[M+OAc]-	/resources/tools/chemdb_ontology?abbrev=PC 40:10
884.53704	884.5415	.0044	PI 38:5	C47H81O13P	Neutral	/resources/tools/chemdb_ontology?abbrev=PI 38:5
883.53377	883.5342	.0004	PI 38:5	C47H81O13P	[M-H]-	/resources/tools/chemdb_ontology?abbrev=PI 38:5
883.53377	883.5261	.0076	PG 42:7	C48H81O10P	[M+Cl]-	/resources/tools/chemdb_ontology?abbrev=PG 42:7
883.53377	883.5366	.0028	TG 49:14;O2	C52H72O8	[M+OAc]-	/resources/tools/chemdb_ontology?abbrev=TG 49:14;O2
883.53377	883.5363	.0026	PS 44:10	C50H78NO10P	Neutral	/resources/tools/chemdb_ontology?abbrev=PS 44:10
1447.97142	1447.9650	.0065	CL 72:8	C81H142O17P2	[M-H]-	/resources/tools/chemdb_ontology?abbrev=CL 72:8
675.49947	675.4970	.0024	PA 34:0	C37H73O8P	[M-H]-	/resources/tools/chemdb_ontology?abbrev=PA 34:0
675.49947	675.5083	.0088	CerPE 34:1;O3	C36H73N2O7P	[M-H]-	/resources/tools/chemdb_ontology?abbrev=CerPE 34:1;O3
770.45007	770.4533	.0032	PE 36:6	C41H70NO8P	[M+Cl]-	/resources/tools/chemdb_ontology?abbrev=PE 36:6
673.49306	673.4926	.0004	CerPE 34:2;O3	C36H71N2O7P	[M-H]-	/resources/tools/chemdb_ontology?abbrev=CerPE 34:2;O3
713.55014	713.5491	.0011	PA O-38:2	C41H79O7P	[M-H]-	/resources/tools/chemdb_ontology?abbrev=PA O-38:2
713.55014	713.5492	.0009	TG 39:1	C42H78O6	[M+Cl]-	/resources/tools/chemdb_ontology?abbrev=TG 39:1
713.55014	713.5442	.0060	HexCer 34:2;O3	C40H75NO9	Neutral	/resources/tools/chemdb_ontology?abbrev=HexCer 34:2;O3
558.42932	558.4295	.0001	Cer 32:2;O3	C32H61NO4	[M+Cl]-	/resources/tools/chemdb_ontology?abbrev=Cer 32:2;O3
558.42932	558.4284	.0009	DG 32:5	C35H58O5	Neutral	/resources/tools/chemdb_ontology?abbrev=DG 32:5
1425.99013	1425.9806	.0095	CL 70:5	C79H144O17P2	[M-H]-	/resources/tools/chemdb_ontology?abbrev=CL 70:5
782.48552	782.4766	.0089	PE 40:10	C45H70NO8P	[M-H]-	/resources/tools/chemdb_ontology?abbrev=PE 40:10
782.48552	782.4897	.0042	PE O-38:7	C43H74NO7P	[M+Cl]-	/resources/tools/chemdb_ontology?abbrev=PE O-38:7
782.48552	782.4945	.0090	PI 30:0	C39H75O13P	Neutral	/resources/tools/chemdb_ontology?abbrev=PI 30:0
1426.99353	1426.9879	.0057	CL 70:5	C79H144O17P2	Neutral	/resources/tools/chemdb_ontology?abbrev=CL 70:5
713.49537	713.4945	.0009	CL 70:4	C79H146O17P2	[M-2H]2-	/resources/tools/chemdb_ontology?abbrev=CL 70:4
713.49537	713.4996	.0042	PC 31:3	C39H72NO8P	Neutral	/resources/tools/chemdb_ontology?abbrev=PC 31:3
713.49537	713.4996	.0042	PE 34:3	C39H72NO8P	Neutral	/resources/tools/chemdb_ontology?abbrev=PE 34:3
797.46889	797.4610	.0078	PG 35:6	C41H69O10P	[M+Formate]-	/resources/tools/chemdb_ontology?abbrev=PG 35:6
797.46889	797.4610	.0078	PG 34:6	C40H67O10P	[M+OAc]-	/resources/tools/chemdb_ontology?abbrev=PG 34:6
849.4699	849.4690	.0009	PI O-34:5	C43H75O12P	[M+Cl]-	/resources/tools/chemdb_ontology?abbrev=PI O-34:5
849.4699	849.4771	.0072	PI 32:3	C41H73O13P	[M+Formate]-	/resources/tools/chemdb_ontology?abbrev=PI 32:3
849.4699	849.4771	.0072	PI 31:3	C40H71O13P	[M+OAc]-	/resources/tools/chemdb_ontology?abbrev=PI 31:3
712.49211	712.4923	.0002	PE 34:3	C39H72NO8P	[M-H]-	/resources/tools/chemdb_ontology?abbrev=PE 34:3
712.49211	712.5005	.0084	HexCer 32:3;O2	C38H69NO8	[M+Formate]-	/resources/tools/chemdb_ontology?abbrev=HexCer 32:3;O2
712.49211	712.4923	.0002	PC 32:3	C40H74NO8P	[M-CH3]-	/resources/tools/chemdb_ontology?abbrev=PC 32:3
746.56287	746.5705	.0077	PE 36:0	C41H82NO8P	[M-H]-	/resources/tools/chemdb_ontology?abbrev=PE 36:0
746.56287	746.5707	.0078	DGTS 32:0	C42H81NO7	[M+Cl]-	/resources/tools/chemdb_ontology?abbrev=DGTS 32:0
746.56287	746.5705	.0077	CerP 40:1;O2	C40H80NO6P	[M+Formate]-	/resources/tools/chemdb_ontology?abbrev=CerP 40:1;O2
746.56287	746.5705	.0077	PC 34:0	C42H84NO8P	[M-CH3]-	/resources/tools/chemdb_ontology?abbrev=PC 34:0
715.50116	715.4920	.0092	PG O-33:3	C39H73O9P	[M-H]-	/resources/tools/chemdb_ontology?abbrev=PG O-33:3
715.50116	715.5074	.0062	DG 41:7	C44H72O5	[M+Cl]-	/resources/tools/chemdb_ontology?abbrev=DG 41:7
715.50116	715.4920	.0092	PA O-35:3	C38H71O7P	[M+Formate]-	/resources/tools/chemdb_ontology?abbrev=PA O-35:3
715.50116	715.5032	.0020	CerPE 34:3;O2	C36H69N2O6P	[M+OAc]-	/resources/tools/chemdb_ontology?abbrev=CerPE 34:3;O2
715.50116	715.4920	.0092	PA O-34:3	C37H69O7P	[M+OAc]-	/resources/tools/chemdb_ontology?abbrev=PA O-34:3
1448.97483	1448.9722	.0026	CL 72:8	C81H142O17P2	Neutral	/resources/tools/chemdb_ontology?abbrev=CL 72:8
712.54648	712.5369	.0096	HexCer 34:2;O3	C40H75NO9	[M-H]-	/resources/tools/chemdb_ontology?abbrev=HexCer 34:2;O3
712.54648	712.5519	.0054	CerPE 38:3;O2	C40H77N2O6P	Neutral	/resources/tools/chemdb_ontology?abbrev=CerPE 38:3;O2
712.54648	712.5407	.0058	PA O-38:3	C41H77O7P	Neutral	/resources/tools/chemdb_ontology?abbrev=PA O-38:3
714.49844	714.5079	.0095	PE 34:2	C39H74NO8P	[M-H]-	/resources/tools/chemdb_ontology?abbrev=PE 34:2
714.49844	714.5079	.0095	PC 32:2	C40H76NO8P	[M-CH3]-	/resources/tools/chemdb_ontology?abbrev=PC 32:2
714.49844	714.5023	.0039	CL 70:3	C79H148O17P2	[M-2H]2-	/resources/tools/chemdb_ontology?abbrev=CL 70:3
781.48268	781.4873	.0046	PI 30:0	C39H75O13P	[M-H]-	/resources/tools/chemdb_ontology?abbrev=PI 30:0
781.48268	781.4792	.0035	PG 34:2	C40H75O10P	[M+Cl]-	/resources/tools/chemdb_ontology?abbrev=PG 34:2
781.48268	781.4894	.0067	PS 36:5	C42H72NO10P	Neutral	/resources/tools/chemdb_ontology?abbrev=PS 36:5
737.49528	737.5006	.0053	CerPE 36:2;O3	C38H75N2O7P	[M+Cl]-	/resources/tools/chemdb_ontology?abbrev=CerPE 36:2;O3
737.49528	737.4894	.0059	PA 36:1	C39H75O8P	[M+Cl]-	/resources/tools/chemdb_ontology?abbrev=PA 36:1
737.49528	737.4974	.0022	PG O-31:1	C37H73O9P	[M+Formate]-	/resources/tools/chemdb_ontology?abbrev=PG O-31:1
737.49528	737.4974	.0022	PG O-30:1	C36H71O9P	[M+OAc]-	/resources/tools/chemdb_ontology?abbrev=PG O-30:1
737.49528	737.4945	.0008	CL 74:8	C83H146O17P2	[M-2H]2-	/resources/tools/chemdb_ontology?abbrev=CL 74:8
737.49528	737.4996	.0043	PC 33:5	C41H72NO8P	Neutral	/resources/tools/chemdb_ontology?abbrev=PC 33:5
737.49528	737.4996	.0043	PE 36:5	C41H72NO8P	Neutral	/resources/tools/chemdb_ontology?abbrev=PE 36:5
494.375	494.3766	.0016	TG 63:13	C66H102O6	[M-2H]2-	/resources/tools/chemdb_ontology?abbrev=TG 63:13
826.47203	826.4665	.0056	PS 40:10	C46H70NO10P	[M-H]-	/resources/tools/chemdb_ontology?abbrev=PS 40:10
826.47203	826.4795	.0075	PS O-38:7	C44H74NO9P	[M+Cl]-	/resources/tools/chemdb_ontology?abbrev=PS O-38:7
826.47203	826.4632	.0088	PI 34:6	C43H71O13P	Neutral	/resources/tools/chemdb_ontology?abbrev=PI 34:6
895.46221	895.4614	.0008	PI 36:8	C45H71O13P	[M+Formate]-	/resources/tools/chemdb_ontology?abbrev=PI 36:8
631.48228	631.4821	.0002	CerPE 32:1;O2	C34H69N2O6P	[M-H]-	/resources/tools/chemdb_ontology?abbrev=CerPE 32:1;O2
631.48228	631.4821	.0002	SM 30:1;O2	C35H71N2O6P	[M-CH3]-	/resources/tools/chemdb_ontology?abbrev=SM 30:1;O2
809.5143	809.5186	.0043	PI 32:0	C41H79O13P	[M-H]-	/resources/tools/chemdb_ontology?abbrev=PI 32:0
809.5143	809.5105	.0038	PG 36:2	C42H79O10P	[M+Cl]-	/resources/tools/chemdb_ontology?abbrev=PG 36:2
809.5143	809.5207	.0064	PC 36:6;O2	C44H76NO10P	Neutral	/resources/tools/chemdb_ontology?abbrev=PC 36:6;O2
809.5143	809.5207	.0064	PS 38:5	C44H76NO10P	Neutral	/resources/tools/chemdb_ontology?abbrev=PS 38:5
721.29666	721.2973	.0006	PI 22:1;O	C30H55O15P	[M+Cl]-	/resources/tools/chemdb_ontology?abbrev=PI 22:1;O
768.51741	768.5185	.0011	PS O-36:4	C42H76NO9P	[M-H]-	/resources/tools/chemdb_ontology?abbrev=PS O-36:4
768.51741	768.5185	.0011	PE O-36:5	C41H74NO7P	[M+Formate]-	/resources/tools/chemdb_ontology?abbrev=PE O-36:5
768.51741	768.5153	.0021	PI O-30:0	C39H77O12P	Neutral	/resources/tools/chemdb_ontology?abbrev=PI O-30:0
734.55264	734.5462	.0065	PG O-34:1	C40H79O9P	Neutral	/resources/tools/chemdb_ontology?abbrev=PG O-34:1
889.46798	889.4639	.0040	PI 36:6	C45H75O13P	[M+Cl]-	/resources/tools/chemdb_ontology?abbrev=PI 36:6
785.51597	785.5105	.0055	PG 34:0	C40H79O10P	[M+Cl]-	/resources/tools/chemdb_ontology?abbrev=PG 34:0
785.51597	785.5207	.0047	PS 36:3	C42H76NO10P	Neutral	/resources/tools/chemdb_ontology?abbrev=PS 36:3
882.47862	882.4707	.0079	TG 53:21;O3	C56H66O9	Neutral	/resources/tools/chemdb_ontology?abbrev=TG 53:21;O3
815.49477	815.4869	.0079	PG 40:9	C46H73O10P	[M-H]-	/resources/tools/chemdb_ontology?abbrev=PG 40:9
815.49477	815.4999	.0052	PG O-38:6	C44H77O9P	[M+Cl]-	/resources/tools/chemdb_ontology?abbrev=PG O-38:6
815.49477	815.4951	.0003	MGDG 36:8	C45H70O10	[M+Formate]-	/resources/tools/chemdb_ontology?abbrev=MGDG 36:8
815.49477	815.4869	.0079	PA 42:9	C45H71O8P	[M+Formate]-	/resources/tools/chemdb_ontology?abbrev=PA 42:9
784.51276	784.5134	.0007	PS 36:3	C42H76NO10P	[M-H]-	/resources/tools/chemdb_ontology?abbrev=PS 36:3
784.51276	784.5053	.0074	PE O-38:6	C43H76NO7P	[M+Cl]-	/resources/tools/chemdb_ontology?abbrev=PE O-38:6
784.51276	784.5134	.0007	PC 33:4	C41H74NO8P	[M+Formate]-	/resources/tools/chemdb_ontology?abbrev=PC 33:4
784.51276	784.5134	.0007	PE 36:4	C41H74NO8P	[M+Formate]-	/resources/tools/chemdb_ontology?abbrev=PE 36:4
784.51276	784.5134	.0007	PE O-36:5;O	C41H74NO8P	[M+Formate]-	/resources/tools/chemdb_ontology?abbrev=PE O-36:5;O
784.51276	784.5134	.0007	PC 32:4	C40H72NO8P	[M+OAc]-	/resources/tools/chemdb_ontology?abbrev=PC 32:4
784.51276	784.5134	.0007	PE 35:4	C40H72NO8P	[M+OAc]-	/resources/tools/chemdb_ontology?abbrev=PE 35:4
738.49863	738.5079	.0093	PE 36:4	C41H74NO8P	[M-H]-	/resources/tools/chemdb_ontology?abbrev=PE 36:4
738.49863	738.5079	.0093	PE O-36:5;O	C41H74NO8P	[M-H]-	/resources/tools/chemdb_ontology?abbrev=PE O-36:5;O
738.49863	738.4927	.0059	PS O-30:0	C36H72NO9P	[M+Formate]-	/resources/tools/chemdb_ontology?abbrev=PS O-30:0
738.49863	738.4927	.0059	LPS O-29:1;O	C35H70NO9P	[M+OAc]-	/resources/tools/chemdb_ontology?abbrev=LPS O-29:1;O
738.49863	738.4927	.0059	PS O-29:0	C35H70NO9P	[M+OAc]-	/resources/tools/chemdb_ontology?abbrev=PS O-29:0
738.49863	738.5079	.0093	PC 34:4	C42H76NO8P	[M-CH3]-	/resources/tools/chemdb_ontology?abbrev=PC 34:4
738.49863	738.5023	.0037	CL 74:7	C83H148O17P2	[M-2H]2-	/resources/tools/chemdb_ontology?abbrev=CL 74:7
806.49491	806.4978	.0029	PS 38:6	C44H74NO10P	[M-H]-	/resources/tools/chemdb_ontology?abbrev=PS 38:6
806.49491	806.4978	.0029	PE 38:7	C43H72NO8P	[M+Formate]-	/resources/tools/chemdb_ontology?abbrev=PE 38:7
806.49491	806.4978	.0029	PE 37:7	C42H70NO8P	[M+OAc]-	/resources/tools/chemdb_ontology?abbrev=PE 37:7
806.49491	806.4945	.0004	PI 32:2	C41H75O13P	Neutral	/resources/tools/chemdb_ontology?abbrev=PI 32:2
733.54937	733.5543	.0050	DG 42:5	C45H78O5	[M+Cl]-	/resources/tools/chemdb_ontology?abbrev=DG 42:5
733.54937	733.5501	.0008	CerPE 36:1;O2	C38H77N2O6P	[M+Formate]-	/resources/tools/chemdb_ontology?abbrev=CerPE 36:1;O2
733.54937	733.5501	.0008	SM 33:1;O2	C38H77N2O6P	[M+Formate]-	/resources/tools/chemdb_ontology?abbrev=SM 33:1;O2
733.54937	733.5501	.0008	CerPE 35:1;O2	C37H75N2O6P	[M+OAc]-	/resources/tools/chemdb_ontology?abbrev=CerPE 35:1;O2
733.54937	733.5501	.0008	SM 32:1;O2	C37H75N2O6P	[M+OAc]-	/resources/tools/chemdb_ontology?abbrev=SM 32:1;O2
633.49698	633.4977	.0007	SM 30:0;O2	C35H73N2O6P	[M-CH3]-	/resources/tools/chemdb_ontology?abbrev=SM 30:0;O2
705.30241	705.3024	.0001	PI 22:1	C30H55O14P	[M+Cl]-	/resources/tools/chemdb_ontology?abbrev=PI 22:1
857.519	857.5186	.0004	PI 36:4	C45H79O13P	[M-H]-	/resources/tools/chemdb_ontology?abbrev=PI 36:4
857.519	857.5105	.0085	PG 40:6	C46H79O10P	[M+Cl]-	/resources/tools/chemdb_ontology?abbrev=PG 40:6
857.519	857.5207	.0017	PS 42:9	C48H76NO10P	Neutral	/resources/tools/chemdb_ontology?abbrev=PS 42:9
765.51777	765.5207	.0029	PA 38:1	C41H79O8P	[M+Cl]-	/resources/tools/chemdb_ontology?abbrev=PA 38:1
805.48194	805.4873	.0053	PI 32:2	C41H75O13P	[M-H]-	/resources/tools/chemdb_ontology?abbrev=PI 32:2
805.48194	805.4792	.0027	PG 36:4	C42H75O10P	[M+Cl]-	/resources/tools/chemdb_ontology?abbrev=PG 36:4
805.48194	805.4894	.0074	PS 38:7	C44H72NO10P	Neutral	/resources/tools/chemdb_ontology?abbrev=PS 38:7
872.466	872.4719	.0059	PS 40:10	C46H70NO10P	[M+Formate]-	/resources/tools/chemdb_ontology?abbrev=PS 40:10
736.4919	736.4923	.0004	PE 36:5	C41H72NO8P	[M-H]-	/resources/tools/chemdb_ontology?abbrev=PE 36:5
736.4919	736.4923	.0004	PC 34:5	C42H74NO8P	[M-CH3]-	/resources/tools/chemdb_ontology?abbrev=PC 34:5
748.51183	748.5134	.0016	PS 33:0	C39H76NO10P	[M-H]-	/resources/tools/chemdb_ontology?abbrev=PS 33:0
748.51183	748.5136	.0018	HexCer 34:2;O3	C40H75NO9	[M+Cl]-	/resources/tools/chemdb_ontology?abbrev=HexCer 34:2;O3
748.51183	748.5053	.0065	PC O-32:3	C40H76NO7P	[M+Cl]-	/resources/tools/chemdb_ontology?abbrev=PC O-32:3
748.51183	748.5053	.0065	PE O-35:3	C40H76NO7P	[M+Cl]-	/resources/tools/chemdb_ontology?abbrev=PE O-35:3
748.51183	748.5134	.0016	PC 30:1	C38H74NO8P	[M+Formate]-	/resources/tools/chemdb_ontology?abbrev=PC 30:1
748.51183	748.5134	.0016	PE 33:1	C38H74NO8P	[M+Formate]-	/resources/tools/chemdb_ontology?abbrev=PE 33:1
748.51183	748.5134	.0016	PC 29:1	C37H72NO8P	[M+OAc]-	/resources/tools/chemdb_ontology?abbrev=PC 29:1
748.51183	748.5134	.0016	PE 32:1	C37H72NO8P	[M+OAc]-	/resources/tools/chemdb_ontology?abbrev=PE 32:1
748.51183	748.5043	.0075	PA 40:6	C43H73O8P	Neutral	/resources/tools/chemdb_ontology?abbrev=PA 40:6
804.47891	804.4821	.0032	PS 38:7	C44H72NO10P	[M-H]-	/resources/tools/chemdb_ontology?abbrev=PS 38:7
804.47891	804.4821	.0032	PE 38:8	C43H70NO8P	[M+Formate]-	/resources/tools/chemdb_ontology?abbrev=PE 38:8
804.47891	804.4789	.0000	PI 32:3	C41H73O13P	Neutral	/resources/tools/chemdb_ontology?abbrev=PI 32:3
833.51819	833.5186	.0004	PI 34:2	C43H79O13P	[M-H]-	/resources/tools/chemdb_ontology?abbrev=PI 34:2
833.51819	833.5105	.0077	PG 38:4	C44H79O10P	[M+Cl]-	/resources/tools/chemdb_ontology?abbrev=PG 38:4
833.51819	833.5207	.0025	PS 40:7	C46H76NO10P	Neutral	/resources/tools/chemdb_ontology?abbrev=PS 40:7
773.52366	773.5209	.0027	MGDG 36:6	C45H74O10	[M-H]-	/resources/tools/chemdb_ontology?abbrev=MGDG 36:6
773.52366	773.5258	.0021	PA O-40:4	C43H79O7P	[M+Cl]-	/resources/tools/chemdb_ontology?abbrev=PA O-40:4
773.52366	773.5207	.0030	PS 35:2	C41H76NO10P	Neutral	/resources/tools/chemdb_ontology?abbrev=PS 35:2
480.35935	480.3609	.0016	TG 61:13	C64H98O6	[M-2H]2-	/resources/tools/chemdb_ontology?abbrev=TG 61:13
763.56872	763.5647	.0040	PA O-42:5	C45H81O7P	[M-H]-	/resources/tools/chemdb_ontology?abbrev=PA O-42:5
763.56872	763.5649	.0038	TG 43:4	C46H80O6	[M+Cl]-	/resources/tools/chemdb_ontology?abbrev=TG 43:4
763.56872	763.5607	.0080	CerPE 37:1;O3	C39H79N2O7P	[M+Formate]-	/resources/tools/chemdb_ontology?abbrev=CerPE 37:1;O3
763.56872	763.5607	.0080	CerPE 36:1;O3	C38H77N2O7P	[M+OAc]-	/resources/tools/chemdb_ontology?abbrev=CerPE 36:1;O3
763.56872	763.5727	.0040	PS O-35:0	C41H82NO9P	Neutral	/resources/tools/chemdb_ontology?abbrev=PS O-35:0
764.51439	764.5236	.0092	PE 38:5	C43H76NO8P	[M-H]-	/resources/tools/chemdb_ontology?abbrev=PE 38:5
764.51439	764.5236	.0092	PE O-38:6;O	C43H76NO8P	[M-H]-	/resources/tools/chemdb_ontology?abbrev=PE O-38:6;O
764.51439	764.5083	.0061	PS O-32:1	C38H74NO9P	[M+Formate]-	/resources/tools/chemdb_ontology?abbrev=PS O-32:1
764.51439	764.5083	.0061	PS O-31:1	C37H72NO9P	[M+OAc]-	/resources/tools/chemdb_ontology?abbrev=PS O-31:1
764.51439	764.5236	.0092	PC 36:5	C44H78NO8P	[M-CH3]-	/resources/tools/chemdb_ontology?abbrev=PC 36:5
764.51439	764.5180	.0036	CL 78:9	C87H152O17P2	[M-2H]2-	/resources/tools/chemdb_ontology?abbrev=CL 78:9
788.54366	788.5447	.0011	PS 36:1	C42H80NO10P	[M-H]-	/resources/tools/chemdb_ontology?abbrev=PS 36:1
788.54366	788.5449	.0012	HexCer 37:3;O3	C43H79NO9	[M+Cl]-	/resources/tools/chemdb_ontology?abbrev=HexCer 37:3;O3
788.54366	788.5366	.0070	PC O-35:4	C43H80NO7P	[M+Cl]-	/resources/tools/chemdb_ontology?abbrev=PC O-35:4
788.54366	788.5366	.0070	PE O-38:4	C43H80NO7P	[M+Cl]-	/resources/tools/chemdb_ontology?abbrev=PE O-38:4
788.54366	788.5447	.0011	PC 33:2	C41H78NO8P	[M+Formate]-	/resources/tools/chemdb_ontology?abbrev=PC 33:2
788.54366	788.5447	.0011	PE 36:2	C41H78NO8P	[M+Formate]-	/resources/tools/chemdb_ontology?abbrev=PE 36:2
788.54366	788.5447	.0011	PC 32:2	C40H76NO8P	[M+OAc]-	/resources/tools/chemdb_ontology?abbrev=PC 32:2
788.54366	788.5447	.0011	PE 35:2	C40H76NO8P	[M+OAc]-	/resources/tools/chemdb_ontology?abbrev=PE 35:2
660.46008	660.4610	.0009	PE 30:1	C35H68NO8P	[M-H]-	/resources/tools/chemdb_ontology?abbrev=PE 30:1
660.46008	660.4610	.0009	PC 28:1	C36H70NO8P	[M-CH3]-	/resources/tools/chemdb_ontology?abbrev=PC 28:1
552.46287	552.4634	.0005	Cer 32:2;O2	C32H61NO3	[M+Formate]-	/resources/tools/chemdb_ontology?abbrev=Cer 32:2;O2
479.35611	479.3531	.0030	TG 61:14	C64H96O6	[M-2H]2-	/resources/tools/chemdb_ontology?abbrev=TG 61:14
899.48463	899.4927	.0081	PI 36:6	C45H75O13P	[M+Formate]-	/resources/tools/chemdb_ontology?abbrev=PI 36:6
899.48463	899.4927	.0081	PI 35:6	C44H73O13P	[M+OAc]-	/resources/tools/chemdb_ontology?abbrev=PI 35:6
772.52097	772.5134	.0076	PS 35:2	C41H76NO10P	[M-H]-	/resources/tools/chemdb_ontology?abbrev=PS 35:2
772.52097	772.5287	.0077	PE O-40:8	C45H76NO7P	[M-H]-	/resources/tools/chemdb_ontology?abbrev=PE O-40:8
772.52097	772.5134	.0076	PC 32:3	C40H74NO8P	[M+Formate]-	/resources/tools/chemdb_ontology?abbrev=PC 32:3
772.52097	772.5134	.0076	PE 35:3	C40H74NO8P	[M+Formate]-	/resources/tools/chemdb_ontology?abbrev=PE 35:3
772.52097	772.5134	.0076	PC 31:3	C39H72NO8P	[M+OAc]-	/resources/tools/chemdb_ontology?abbrev=PC 31:3
772.52097	772.5134	.0076	PE 34:3	C39H72NO8P	[M+OAc]-	/resources/tools/chemdb_ontology?abbrev=PE 34:3
772.52097	772.5254	.0045	PG 36:3	C42H77O10P	Neutral	/resources/tools/chemdb_ontology?abbrev=PG 36:3
772.52097	772.5126	.0084	MGDG 36:7	C45H72O10	Neutral	/resources/tools/chemdb_ontology?abbrev=MGDG 36:7
762.56573	762.5655	.0003	PS O-35:0	C41H82NO9P	[M-H]-	/resources/tools/chemdb_ontology?abbrev=PS O-35:0
762.56573	762.5656	.0001	DGCC 32:0	C42H81NO8	[M+Cl]-	/resources/tools/chemdb_ontology?abbrev=DGCC 32:0
762.56573	762.5656	.0001	HexCer 36:1;O2	C42H81NO8	[M+Cl]-	/resources/tools/chemdb_ontology?abbrev=HexCer 36:1;O2
762.56573	762.5574	.0083	CerP 42:2;O2	C42H82NO6P	[M+Cl]-	/resources/tools/chemdb_ontology?abbrev=CerP 42:2;O2
762.56573	762.5655	.0003	PC O-32:1	C40H80NO7P	[M+Formate]-	/resources/tools/chemdb_ontology?abbrev=PC O-32:1
762.56573	762.5655	.0003	PE O-35:1	C40H80NO7P	[M+Formate]-	/resources/tools/chemdb_ontology?abbrev=PE O-35:1
762.56573	762.5737	.0080	HexCer 34:0;O3	C40H79NO9	[M+Formate]-	/resources/tools/chemdb_ontology?abbrev=HexCer 34:0;O3
762.56573	762.5655	.0003	PC O-31:1	C39H78NO7P	[M+OAc]-	/resources/tools/chemdb_ontology?abbrev=PC O-31:1
762.56573	762.5655	.0003	PE O-34:1	C39H78NO7P	[M+OAc]-	/resources/tools/chemdb_ontology?abbrev=PE O-34:1
762.56573	762.5563	.0094	PA O-42:6	C45H79O7P	Neutral	/resources/tools/chemdb_ontology?abbrev=PA O-42:6
736.54912	736.5500	.0009	HexCer 34:0;O2	C40H79NO8	[M+Cl]-	/resources/tools/chemdb_ontology?abbrev=HexCer 34:0;O2
736.54912	736.5417	.0074	CerP 40:1;O2	C40H80NO6P	[M+Cl]-	/resources/tools/chemdb_ontology?abbrev=CerP 40:1;O2
736.54912	736.5498	.0007	PC O-30:0	C38H78NO7P	[M+Formate]-	/resources/tools/chemdb_ontology?abbrev=PC O-30:0
736.54912	736.5498	.0007	PE O-33:0	C38H78NO7P	[M+Formate]-	/resources/tools/chemdb_ontology?abbrev=PE O-33:0
736.54912	736.5498	.0007	PC O-29:0	C37H76NO7P	[M+OAc]-	/resources/tools/chemdb_ontology?abbrev=PC O-29:0
736.54912	736.5498	.0007	PE O-32:0	C37H76NO7P	[M+OAc]-	/resources/tools/chemdb_ontology?abbrev=PE O-32:0
736.54912	736.5407	.0084	PA O-40:5	C43H77O7P	Neutral	/resources/tools/chemdb_ontology?abbrev=PA O-40:5
847.48355	847.4767	.0069	PG 38:9	C44H69O10P	[M+OAc]-	/resources/tools/chemdb_ontology?abbrev=PG 38:9
771.51776	771.5182	.0004	PG 36:3	C42H77O10P	[M-H]-	/resources/tools/chemdb_ontology?abbrev=PG 36:3
771.51776	771.5101	.0077	PA O-40:5	C43H77O7P	[M+Cl]-	/resources/tools/chemdb_ontology?abbrev=PA O-40:5
771.51776	771.5182	.0004	PA 38:3	C41H75O8P	[M+Formate]-	/resources/tools/chemdb_ontology?abbrev=PA 38:3
771.51776	771.5182	.0004	PA 37:3	C40H73O8P	[M+OAc]-	/resources/tools/chemdb_ontology?abbrev=PA 37:3
771.51776	771.5205	.0028	DG 44:12	C47H68O5	[M+OAc]-	/resources/tools/chemdb_ontology?abbrev=DG 44:12
503.39564	503.3873	.0084	FA 29:1;O2	C29H56O4	[M+Cl]-	/resources/tools/chemdb_ontology?abbrev=FA 29:1;O2
503.39564	503.4000	.0044	TG 64:11	C67H108O6	[M-2H]2-	/resources/tools/chemdb_ontology?abbrev=TG 64:11
503.39564	503.4008	.0052	NAT 26:0	C28H57NO4S	Neutral	/resources/tools/chemdb_ontology?abbrev=NAT 26:0
762.5076	762.5079	.0003	PE 38:6	C43H74NO8P	[M-H]-	/resources/tools/chemdb_ontology?abbrev=PE 38:6
762.5076	762.5079	.0003	PE O-38:7;O	C43H74NO8P	[M-H]-	/resources/tools/chemdb_ontology?abbrev=PE O-38:7;O
762.5076	762.5079	.0003	PC 36:6	C44H76NO8P	[M-CH3]-	/resources/tools/chemdb_ontology?abbrev=PC 36:6
831.49769	831.5029	.0052	PI 34:3	C43H77O13P	[M-H]-	/resources/tools/chemdb_ontology?abbrev=PI 34:3
831.49769	831.4948	.0028	PG 38:5	C44H77O10P	[M+Cl]-	/resources/tools/chemdb_ontology?abbrev=PG 38:5
831.49769	831.5050	.0073	PS 40:8	C46H74NO10P	Neutral	/resources/tools/chemdb_ontology?abbrev=PS 40:8
839.5045	839.5080	.0035	PI O-36:6	C45H77O12P	[M-H]-	/resources/tools/chemdb_ontology?abbrev=PI O-36:6
839.5045	839.4985	.0060	SQDG 38:6	C45H76O12S	[M-H]-	/resources/tools/chemdb_ontology?abbrev=SQDG 38:6
839.5045	839.5080	.0035	PG 38:6	C44H75O10P	[M+Formate]-	/resources/tools/chemdb_ontology?abbrev=PG 38:6
839.5045	839.5080	.0035	PG 37:6	C43H73O10P	[M+OAc]-	/resources/tools/chemdb_ontology?abbrev=PG 37:6
898.4816	898.4876	.0060	PS 42:11	C48H72NO10P	[M+Formate]-	/resources/tools/chemdb_ontology?abbrev=PS 42:11
763.51097	763.5162	.0053	CerPE 38:3;O3	C40H77N2O7P	[M+Cl]-	/resources/tools/chemdb_ontology?abbrev=CerPE 38:3;O3
763.51097	763.5050	.0060	PA 38:2	C41H77O8P	[M+Cl]-	/resources/tools/chemdb_ontology?abbrev=PA 38:2
763.51097	763.5131	.0021	PG O-33:2	C39H75O9P	[M+Formate]-	/resources/tools/chemdb_ontology?abbrev=PG O-33:2
763.51097	763.5131	.0021	PG O-32:2	C38H73O9P	[M+OAc]-	/resources/tools/chemdb_ontology?abbrev=PG O-32:2
763.51097	763.5101	.0008	CL 78:10	C87H150O17P2	[M-2H]2-	/resources/tools/chemdb_ontology?abbrev=CL 78:10
763.51097	763.5152	.0042	PC 35:6	C43H74NO8P	Neutral	/resources/tools/chemdb_ontology?abbrev=PC 35:6
763.51097	763.5152	.0042	PE 38:6	C43H74NO8P	Neutral	/resources/tools/chemdb_ontology?abbrev=PE 38:6
763.51097	763.5152	.0042	PE O-38:7;O	C43H74NO8P	Neutral	/resources/tools/chemdb_ontology?abbrev=PE O-38:7;O
860.53651	860.5447	.0082	PS 42:7	C48H80NO10P	[M-H]-	/resources/tools/chemdb_ontology?abbrev=PS 42:7
860.53651	860.5425	.0060	IPC 36:0;O3	C42H84NO12P	[M+Cl]-	/resources/tools/chemdb_ontology?abbrev=IPC 36:0;O3
860.53651	860.5447	.0082	PC 39:8	C47H78NO8P	[M+Formate]-	/resources/tools/chemdb_ontology?abbrev=PC 39:8
860.53651	860.5447	.0082	PE 42:8	C47H78NO8P	[M+Formate]-	/resources/tools/chemdb_ontology?abbrev=PE 42:8
860.53651	860.5447	.0082	PC 38:8	C46H76NO8P	[M+OAc]-	/resources/tools/chemdb_ontology?abbrev=PC 38:8
860.53651	860.5415	.0050	PI 36:3	C45H81O13P	Neutral	/resources/tools/chemdb_ontology?abbrev=PI 36:3
451.3248	451.3194	.0054	LPA O-20:0	C23H49O6P	[M-H]-	/resources/tools/chemdb_ontology?abbrev=LPA O-20:0
674.47604	674.4766	.0006	PE 31:1	C36H70NO8P	[M-H]-	/resources/tools/chemdb_ontology?abbrev=PE 31:1
674.47604	674.4766	.0006	PC 29:1	C37H72NO8P	[M-CH3]-	/resources/tools/chemdb_ontology?abbrev=PC 29:1
897.55183	897.5499	.0020	PI 39:5	C48H83O13P	[M-H]-	/resources/tools/chemdb_ontology?abbrev=PI 39:5
897.55183	897.5522	.0004	TG 51:14;O2	C54H76O8	[M+Formate]-	/resources/tools/chemdb_ontology?abbrev=TG 51:14;O2
868.53099	868.5345	.0036	PS 39:5	C45H78NO10P	[M+Formate]-	/resources/tools/chemdb_ontology?abbrev=PS 39:5
868.53099	868.5345	.0036	PC 36:6;O2	C44H76NO10P	[M+OAc]-	/resources/tools/chemdb_ontology?abbrev=PC 36:6;O2
868.53099	868.5345	.0036	PS 38:5	C44H76NO10P	[M+OAc]-	/resources/tools/chemdb_ontology?abbrev=PS 38:5
800.544	800.5447	.0007	PS 37:2	C43H80NO10P	[M-H]-	/resources/tools/chemdb_ontology?abbrev=PS 37:2
800.544	800.5366	.0074	PC O-36:5	C44H80NO7P	[M+Cl]-	/resources/tools/chemdb_ontology?abbrev=PC O-36:5
800.544	800.5447	.0007	PC 34:3	C42H78NO8P	[M+Formate]-	/resources/tools/chemdb_ontology?abbrev=PC 34:3
800.544	800.5447	.0007	PE 37:3	C42H78NO8P	[M+Formate]-	/resources/tools/chemdb_ontology?abbrev=PE 37:3
800.544	800.5447	.0007	PC 33:3	C41H76NO8P	[M+OAc]-	/resources/tools/chemdb_ontology?abbrev=PC 33:3
800.544	800.5447	.0007	PE 36:3	C41H76NO8P	[M+OAc]-	/resources/tools/chemdb_ontology?abbrev=PE 36:3
800.544	800.5356	.0084	PA 44:8	C47H77O8P	Neutral	/resources/tools/chemdb_ontology?abbrev=PA 44:8
466.34373	466.3453	.0015	TG 59:13	C62H94O6	[M-2H]2-	/resources/tools/chemdb_ontology?abbrev=TG 59:13
624.56806	624.5693	.0012	DG 36:0	C39H76O5	Neutral	/resources/tools/chemdb_ontology?abbrev=DG 36:0
828.56205	828.5679	.0059	PC O-38:5	C46H84NO7P	[M+Cl]-	/resources/tools/chemdb_ontology?abbrev=PC O-38:5
896.54864	896.5447	.0039	PC 42:11	C50H78NO8P	[M+Formate]-	/resources/tools/chemdb_ontology?abbrev=PC 42:11
896.54864	896.5415	.0072	PI 39:6	C48H81O13P	Neutral	/resources/tools/chemdb_ontology?abbrev=PI 39:6
830.56705	830.5705	.0035	PC 41:7	C49H84NO8P	[M-CH3]-	/resources/tools/chemdb_ontology?abbrev=PC 41:7
829.56537	829.5600	.0053	PG O-38:4	C44H81O9P	[M+Formate]-	/resources/tools/chemdb_ontology?abbrev=PG O-38:4
829.56537	829.5622	.0032	PC 40:8	C48H80NO8P	Neutral	/resources/tools/chemdb_ontology?abbrev=PC 40:8
827.56313	827.5574	.0057	PG 37:0	C43H85O10P	[M+Cl]-	/resources/tools/chemdb_ontology?abbrev=PG 37:0
827.56313	827.5676	.0045	PS 39:3	C45H82NO10P	Neutral	/resources/tools/chemdb_ontology?abbrev=PS 39:3
859.53322	859.5342	.0010	PI 36:3	C45H81O13P	[M-H]-	/resources/tools/chemdb_ontology?abbrev=PI 36:3
859.53322	859.5261	.0071	PG 40:5	C46H81O10P	[M+Cl]-	/resources/tools/chemdb_ontology?abbrev=PG 40:5
859.53322	859.5363	.0031	PS 42:8	C48H78NO10P	Neutral	/resources/tools/chemdb_ontology?abbrev=PS 42:8
822.45117	822.4563	.0051	PS 36:7	C42H68NO10P	[M+Formate]-	/resources/tools/chemdb_ontology?abbrev=PS 36:7
699.5073	699.5083	.0010	CerPE 36:3;O3	C38H73N2O7P	[M-H]-	/resources/tools/chemdb_ontology?abbrev=CerPE 36:3;O3
754.46387	754.4665	.0026	PS 34:4	C40H70NO10P	[M-H]-	/resources/tools/chemdb_ontology?abbrev=PS 34:4
754.46387	754.4665	.0026	PE 34:5	C39H68NO8P	[M+Formate]-	/resources/tools/chemdb_ontology?abbrev=PE 34:5
754.46387	754.4665	.0026	PE 33:5	C38H66NO8P	[M+OAc]-	/resources/tools/chemdb_ontology?abbrev=PE 33:5
754.46387	754.4632	.0006	PI 28:0	C37H71O13P	Neutral	/resources/tools/chemdb_ontology?abbrev=PI 28:0
824.54447	824.5447	.0002	PS 39:4	C45H80NO10P	[M-H]-	/resources/tools/chemdb_ontology?abbrev=PS 39:4
824.54447	824.5366	.0078	PC O-38:7	C46H80NO7P	[M+Cl]-	/resources/tools/chemdb_ontology?abbrev=PC O-38:7
824.54447	824.5447	.0002	PC 36:5	C44H78NO8P	[M+Formate]-	/resources/tools/chemdb_ontology?abbrev=PC 36:5
824.54447	824.5447	.0002	PE 39:5	C44H78NO8P	[M+Formate]-	/resources/tools/chemdb_ontology?abbrev=PE 39:5
824.54447	824.5447	.0002	PC 35:5	C43H76NO8P	[M+OAc]-	/resources/tools/chemdb_ontology?abbrev=PC 35:5
824.54447	824.5447	.0002	PE 38:5	C43H76NO8P	[M+OAc]-	/resources/tools/chemdb_ontology?abbrev=PE 38:5
824.54447	824.5447	.0002	PE O-38:6;O	C43H76NO8P	[M+OAc]-	/resources/tools/chemdb_ontology?abbrev=PE O-38:6;O
824.54447	824.5415	.0030	PI 33:0	C42H81O13P	Neutral	/resources/tools/chemdb_ontology?abbrev=PI 33:0
808.5055	808.5134	.0079	PS 38:5	C44H76NO10P	[M-H]-	/resources/tools/chemdb_ontology?abbrev=PS 38:5
808.5055	808.5053	.0002	PE O-40:8	C45H76NO7P	[M+Cl]-	/resources/tools/chemdb_ontology?abbrev=PE O-40:8
808.5055	808.5134	.0079	PC 35:6	C43H74NO8P	[M+Formate]-	/resources/tools/chemdb_ontology?abbrev=PC 35:6
808.5055	808.5134	.0079	PE 38:6	C43H74NO8P	[M+Formate]-	/resources/tools/chemdb_ontology?abbrev=PE 38:6
808.5055	808.5134	.0079	PE O-38:7;O	C43H74NO8P	[M+Formate]-	/resources/tools/chemdb_ontology?abbrev=PE O-38:7;O
808.5055	808.5134	.0079	PC 34:6	C42H72NO8P	[M+OAc]-	/resources/tools/chemdb_ontology?abbrev=PC 34:6
808.5055	808.5134	.0079	PE 37:6	C42H72NO8P	[M+OAc]-	/resources/tools/chemdb_ontology?abbrev=PE 37:6
808.5055	808.5102	.0047	PI 32:1	C41H77O13P	Neutral	/resources/tools/chemdb_ontology?abbrev=PI 32:1
686.47592	686.4766	.0007	PE 32:2	C37H70NO8P	[M-H]-	/resources/tools/chemdb_ontology?abbrev=PE 32:2
686.47592	686.4849	.0090	HexCer 30:2;O2	C36H67NO8	[M+Formate]-	/resources/tools/chemdb_ontology?abbrev=HexCer 30:2;O2
686.47592	686.4766	.0007	PC 30:2	C38H72NO8P	[M-CH3]-	/resources/tools/chemdb_ontology?abbrev=PC 30:2
738.56468	738.5563	.0083	PA O-40:4	C43H79O7P	Neutral	/resources/tools/chemdb_ontology?abbrev=PA O-40:4
597.38315	597.3927	.0096	ST 28:1;O;Hex	C34H58O6	[M+Cl]-	/resources/tools/chemdb_ontology?abbrev=ST 28:1;O;Hex
892.5321	892.5345	.0024	PS 41:7	C47H78NO10P	[M+Formate]-	/resources/tools/chemdb_ontology?abbrev=PS 41:7
892.5321	892.5345	.0024	PS 40:7	C46H76NO10P	[M+OAc]-	/resources/tools/chemdb_ontology?abbrev=PS 40:7
473.3996	473.4000	.0004	ST 30:1;O	C30H52O	[M+Formate]-	/resources/tools/chemdb_ontology?abbrev=ST 30:1;O
473.3996	473.4000	.0004	ST 29:1;O	C29H50O	[M+OAc]-	/resources/tools/chemdb_ontology?abbrev=ST 29:1;O
473.3996	473.4000	.0004	TG 59:6	C62H108O6	[M-2H]2-	/resources/tools/chemdb_ontology?abbrev=TG 59:6
745.54959	745.5543	.0047	DG 43:6	C46H78O5	[M+Cl]-	/resources/tools/chemdb_ontology?abbrev=DG 43:6
745.54959	745.5501	.0005	CerPE 37:2;O2	C39H77N2O6P	[M+Formate]-	/resources/tools/chemdb_ontology?abbrev=CerPE 37:2;O2
745.54959	745.5501	.0005	SM 34:2;O2	C39H77N2O6P	[M+Formate]-	/resources/tools/chemdb_ontology?abbrev=SM 34:2;O2
745.54959	745.5501	.0005	CerPE 36:2;O2	C38H75N2O6P	[M+OAc]-	/resources/tools/chemdb_ontology?abbrev=CerPE 36:2;O2
745.54959	745.5501	.0005	SM 33:2;O2	C38H75N2O6P	[M+OAc]-	/resources/tools/chemdb_ontology?abbrev=SM 33:2;O2
858.59361	858.5866	.0070	PS O-38:3	C44H82NO9P	[M+OAc]-	/resources/tools/chemdb_ontology?abbrev=PS O-38:3
437.30914	437.3061	.0030	ST 27:5;O	C27H38O	[M+OAc]-	/resources/tools/chemdb_ontology?abbrev=ST 27:5;O
437.30914	437.3141	.0050	CAR 18:3;O	C25H43NO5	Neutral	/resources/tools/chemdb_ontology?abbrev=CAR 18:3;O
739.56794	739.5647	.0032	PA O-40:3	C43H81O7P	[M-H]-	/resources/tools/chemdb_ontology?abbrev=PA O-40:3
739.56794	739.5760	.0080	CerPE 40:3;O2	C42H81N2O6P	[M-H]-	/resources/tools/chemdb_ontology?abbrev=CerPE 40:3;O2
739.56794	739.5649	.0030	TG 41:2	C44H80O6	[M+Cl]-	/resources/tools/chemdb_ontology?abbrev=TG 41:2
739.56794	739.5760	.0080	SM 38:3;O2	C43H83N2O6P	[M-CH3]-	/resources/tools/chemdb_ontology?abbrev=SM 38:3;O2
573.29019	573.2834	.0068	PA 25:4;O2	C28H47O10P	[M-H]-	/resources/tools/chemdb_ontology?abbrev=PA 25:4;O2
573.29019	573.2965	.0063	LPG 20:1	C26H51O9P	[M+Cl]-	/resources/tools/chemdb_ontology?abbrev=LPG 20:1
771.45348	771.4454	.0081	PG 33:5	C39H67O10P	[M+Formate]-	/resources/tools/chemdb_ontology?abbrev=PG 33:5
771.45348	771.4454	.0081	PG 32:5	C38H65O10P	[M+OAc]-	/resources/tools/chemdb_ontology?abbrev=PG 32:5
582.47336	582.4739	.0006	Cer 32:2;O3	C32H61NO4	[M+OAc]-	/resources/tools/chemdb_ontology?abbrev=Cer 32:2;O3
826.52797	826.5370	.0091	PS 36:0	C42H82NO10P	[M+Cl]-	/resources/tools/chemdb_ontology?abbrev=PS 36:0
826.52797	826.5240	.0040	PE 38:5;O	C43H76NO9P	[M+Formate]-	/resources/tools/chemdb_ontology?abbrev=PE 38:5;O
826.52797	826.5240	.0040	PS O-36:5	C42H74NO9P	[M+OAc]-	/resources/tools/chemdb_ontology?abbrev=PS O-36:5
758.54181	758.5342	.0077	PS O-35:2	C41H78NO9P	[M-H]-	/resources/tools/chemdb_ontology?abbrev=PS O-35:2
758.54181	758.5424	.0006	HexCer 34:2;O3	C40H75NO9	[M+Formate]-	/resources/tools/chemdb_ontology?abbrev=HexCer 34:2;O3
758.54181	758.5342	.0077	PC O-32:3	C40H76NO7P	[M+Formate]-	/resources/tools/chemdb_ontology?abbrev=PC O-32:3
758.54181	758.5342	.0077	PE O-35:3	C40H76NO7P	[M+Formate]-	/resources/tools/chemdb_ontology?abbrev=PE O-35:3
758.54181	758.5342	.0077	PE O-34:3	C39H74NO7P	[M+OAc]-	/resources/tools/chemdb_ontology?abbrev=PE O-34:3
758.54181	758.5462	.0044	PG O-36:3	C42H79O9P	Neutral	/resources/tools/chemdb_ontology?abbrev=PG O-36:3
759.54505	759.5546	.0095	PG O-36:2	C42H81O9P	[M-H]-	/resources/tools/chemdb_ontology?abbrev=PG O-36:2
759.54505	759.5546	.0095	PA O-38:2	C41H79O7P	[M+Formate]-	/resources/tools/chemdb_ontology?abbrev=PA O-38:2
759.54505	759.5546	.0095	PA O-37:2	C40H77O7P	[M+OAc]-	/resources/tools/chemdb_ontology?abbrev=PA O-37:2
759.54505	759.5414	.0036	PS O-35:2	C41H78NO9P	Neutral	/resources/tools/chemdb_ontology?abbrev=PS O-35:2
554.36542	554.3584	.0070	LPG 21:0	C27H55O9P	Neutral	/resources/tools/chemdb_ontology?abbrev=LPG 21:0
712.53608	712.5369	.0008	HexCer 34:2;O3	C40H75NO9	[M-H]-	/resources/tools/chemdb_ontology?abbrev=HexCer 34:2;O3
712.53608	712.5287	.0074	PE O-35:3	C40H76NO7P	[M-H]-	/resources/tools/chemdb_ontology?abbrev=PE O-35:3
712.53608	712.5287	.0074	PC O-33:3	C41H78NO7P	[M-CH3]-	/resources/tools/chemdb_ontology?abbrev=PC O-33:3
712.53608	712.5407	.0046	PA O-38:3	C41H77O7P	Neutral	/resources/tools/chemdb_ontology?abbrev=PA O-38:3
583.47659	583.4732	.0034	FA 37:6	C37H62O2	[M+Formate]-	/resources/tools/chemdb_ontology?abbrev=FA 37:6
583.47659	583.4732	.0034	FA 36:6	C36H60O2	[M+OAc]-	/resources/tools/chemdb_ontology?abbrev=FA 36:6
583.47659	583.4732	.0034	WE 36:6	C36H60O2	[M+OAc]-	/resources/tools/chemdb_ontology?abbrev=WE 36:6
823.48376	823.4767	.0071	PG 37:7	C43H71O10P	[M+Formate]-	/resources/tools/chemdb_ontology?abbrev=PG 37:7
823.48376	823.4767	.0071	PG 36:7	C42H69O10P	[M+OAc]-	/resources/tools/chemdb_ontology?abbrev=PG 36:7
686.30803	686.3078	.0003	PS 24:2;O2	C30H54NO12P	[M+Cl]-	/resources/tools/chemdb_ontology?abbrev=PS 24:2;O2
775.53154	775.5283	.0032	PA 42:6	C45H77O8P	[M-H]-	/resources/tools/chemdb_ontology?abbrev=PA 42:6
775.53154	775.5366	.0050	MGDG 36:5	C45H76O10	[M-H]-	/resources/tools/chemdb_ontology?abbrev=MGDG 36:5
775.53154	775.5414	.0099	PA O-40:3	C43H81O7P	[M+Cl]-	/resources/tools/chemdb_ontology?abbrev=PA O-40:3
775.53154	775.5363	.0048	PS 35:1	C41H78NO10P	Neutral	/resources/tools/chemdb_ontology?abbrev=PS 35:1
583.31883	583.3124	.0064	ST 24:1;O5;GlcA	C30H48O11	[M-H]-	/resources/tools/chemdb_ontology?abbrev=ST 24:1;O5;GlcA
583.31883	583.3253	.0065	LPI O-18:1	C27H53O11P	[M-H]-	/resources/tools/chemdb_ontology?abbrev=LPI O-18:1
583.31883	583.3253	.0065	LPG 20:1	C26H51O9P	[M+Formate]-	/resources/tools/chemdb_ontology?abbrev=LPG 20:1
583.31883	583.3253	.0065	LPG 19:1	C25H49O9P	[M+OAc]-	/resources/tools/chemdb_ontology?abbrev=LPG 19:1
575.28819	575.2862	.0020	ST 29:6;O8	C29H40O8	[M+OAc]-	/resources/tools/chemdb_ontology?abbrev=ST 29:6;O8
563.26136	563.2627	.0013	PA 23:3;O3	C26H45O11P	[M-H]-	/resources/tools/chemdb_ontology?abbrev=PA 23:3;O3
563.26136	563.2627	.0013	LPG 18:4	C24H41O9P	[M+OAc]-	/resources/tools/chemdb_ontology?abbrev=LPG 18:4
574.29324	574.2917	.0015	LPS 19:0	C25H50NO9P	[M+Cl]-	/resources/tools/chemdb_ontology?abbrev=LPS 19:0
574.29324	574.2917	.0015	LPS O-19:1;O	C25H50NO9P	[M+Cl]-	/resources/tools/chemdb_ontology?abbrev=LPS O-19:1;O
574.29324	574.2907	.0026	PA 25:4;O2	C28H47O10P	Neutral	/resources/tools/chemdb_ontology?abbrev=PA 25:4;O2
875.48535	875.4847	.0007	PI O-36:6	C45H77O12P	[M+Cl]-	/resources/tools/chemdb_ontology?abbrev=PI O-36:6
875.48535	875.4927	.0074	PI 34:4	C43H75O13P	[M+Formate]-	/resources/tools/chemdb_ontology?abbrev=PI 34:4
875.48535	875.4927	.0074	PI 33:4	C42H73O13P	[M+OAc]-	/resources/tools/chemdb_ontology?abbrev=PI 33:4
565.25875	565.2654	.0067	ST 21:3;O3;GlcA	C27H38O9	[M+OAc]-	/resources/tools/chemdb_ontology?abbrev=ST 21:3;O3;GlcA
833.51837	833.5186	.0002	PI 34:2	C43H79O13P	[M-H]-	/resources/tools/chemdb_ontology?abbrev=PI 34:2
833.51837	833.5105	.0079	PG 38:4	C44H79O10P	[M+Cl]-	/resources/tools/chemdb_ontology?abbrev=PG 38:4
833.51837	833.5207	.0023	PS 40:7	C46H76NO10P	Neutral	/resources/tools/chemdb_ontology?abbrev=PS 40:7
326.30948	326.3065	.0030	NAE 18:0	C20H41NO2	[M-H]-	/resources/tools/chemdb_ontology?abbrev=NAE 18:0
326.30948	326.3065	.0030	SPB 20:1;O2	C20H41NO2	[M-H]-	/resources/tools/chemdb_ontology?abbrev=SPB 20:1;O2
326.30948	326.3185	.0090	FA 21:0	C21H42O2	Neutral	/resources/tools/chemdb_ontology?abbrev=FA 21:0
326.30948	326.3185	.0090	SFE 21:0	C21H42O2	Neutral	/resources/tools/chemdb_ontology?abbrev=SFE 21:0
326.30948	326.3185	.0090	WE 21:0	C21H42O2	Neutral	/resources/tools/chemdb_ontology?abbrev=WE 21:0
673.27539	673.2761	.0008	PG 23:3;O3	C29H51O13P	[M+Cl]-	/resources/tools/chemdb_ontology?abbrev=PG 23:3;O3
584.32195	584.3125	.0095	PC 19:1	C27H52NO8P	[M+Cl]-	/resources/tools/chemdb_ontology?abbrev=PC 19:1
584.32195	584.3205	.0014	LPS 19:0	C25H50NO9P	[M+Formate]-	/resources/tools/chemdb_ontology?abbrev=LPS 19:0
584.32195	584.3205	.0014	LPS O-19:1;O	C25H50NO9P	[M+Formate]-	/resources/tools/chemdb_ontology?abbrev=LPS O-19:1;O
584.32195	584.3205	.0014	LPS 18:0	C24H48NO9P	[M+OAc]-	/resources/tools/chemdb_ontology?abbrev=LPS 18:0
584.32195	584.3205	.0014	LPS O-18:1;O	C24H48NO9P	[M+OAc]-	/resources/tools/chemdb_ontology?abbrev=LPS O-18:1;O
584.32195	584.3197	.0023	ST 24:1;O5;GlcA	C30H48O11	Neutral	/resources/tools/chemdb_ontology?abbrev=ST 24:1;O5;GlcA
921.4776	921.4714	.0062	TG 53:19;O3	C56H70O9	[M+Cl]-	/resources/tools/chemdb_ontology?abbrev=TG 53:19;O3
921.4776	921.4771	.0005	PI 38:9	C47H73O13P	[M+Formate]-	/resources/tools/chemdb_ontology?abbrev=PI 38:9
344.28048	344.2806	.0002	NAE 16:0	C18H37NO2	[M+Formate]-	/resources/tools/chemdb_ontology?abbrev=NAE 16:0
344.28048	344.2806	.0002	SPB 18:1;O2	C18H37NO2	[M+Formate]-	/resources/tools/chemdb_ontology?abbrev=SPB 18:1;O2
344.28048	344.2806	.0002	NAE 15:0	C17H35NO2	[M+OAc]-	/resources/tools/chemdb_ontology?abbrev=NAE 15:0
344.28048	344.2806	.0002	SPB 17:1;O2	C17H35NO2	[M+OAc]-	/resources/tools/chemdb_ontology?abbrev=SPB 17:1;O2
344.28048	344.2827	.0022	TG 40:2	C43H78O6	[M-2H]2-	/resources/tools/chemdb_ontology?abbrev=TG 40:2
344.28048	344.2765	.0040	SM 33:0;O2	C38H79N2O6P	[M-2H]2-	/resources/tools/chemdb_ontology?abbrev=SM 33:0;O2
344.28048	344.2715	.0089	FA 23:5	C23H36O2	Neutral	/resources/tools/chemdb_ontology?abbrev=FA 23:5
344.28048	344.2715	.0089	ST 23:2;O2	C23H36O2	Neutral	/resources/tools/chemdb_ontology?abbrev=ST 23:2;O2
719.48677	719.4869	.0001	PG 32:1	C38H73O10P	[M-H]-	/resources/tools/chemdb_ontology?abbrev=PG 32:1
719.48677	719.4900	.0033	CerPE 36:3;O2	C38H73N2O6P	[M+Cl]-	/resources/tools/chemdb_ontology?abbrev=CerPE 36:3;O2
719.48677	719.4788	.0080	PA O-36:3	C39H73O7P	[M+Cl]-	/resources/tools/chemdb_ontology?abbrev=PA O-36:3
719.48677	719.4869	.0001	PA 34:1	C37H71O8P	[M+Formate]-	/resources/tools/chemdb_ontology?abbrev=PA 34:1
719.48677	719.4869	.0001	PA 33:1	C36H69O8P	[M+OAc]-	/resources/tools/chemdb_ontology?abbrev=PA 33:1
719.48677	719.4892	.0025	DG 40:10	C43H64O5	[M+OAc]-	/resources/tools/chemdb_ontology?abbrev=DG 40:10
769.5027	769.5025	.0002	PG 36:4	C42H75O10P	[M-H]-	/resources/tools/chemdb_ontology?abbrev=PG 36:4
769.5027	769.4945	.0083	PA O-40:6	C43H75O7P	[M+Cl]-	/resources/tools/chemdb_ontology?abbrev=PA O-40:6
769.5027	769.5025	.0002	PA 38:4	C41H73O8P	[M+Formate]-	/resources/tools/chemdb_ontology?abbrev=PA 38:4
769.5027	769.5025	.0002	PA 37:4	C40H71O8P	[M+OAc]-	/resources/tools/chemdb_ontology?abbrev=PA 37:4
850.55939	850.5604	.0010	PS 41:5	C47H82NO10P	[M-H]-	/resources/tools/chemdb_ontology?abbrev=PS 41:5
850.55939	850.5604	.0010	PC 38:6	C46H80NO8P	[M+Formate]-	/resources/tools/chemdb_ontology?abbrev=PC 38:6
850.55939	850.5604	.0010	PE 41:6	C46H80NO8P	[M+Formate]-	/resources/tools/chemdb_ontology?abbrev=PE 41:6
850.55939	850.5534	.0060	Hex2Cer 30:1;O2	C42H79NO13	[M+Formate]-	/resources/tools/chemdb_ontology?abbrev=Hex2Cer 30:1;O2
850.55939	850.5604	.0010	PC 37:6	C45H78NO8P	[M+OAc]-	/resources/tools/chemdb_ontology?abbrev=PC 37:6
850.55939	850.5604	.0010	PE 40:6	C45H78NO8P	[M+OAc]-	/resources/tools/chemdb_ontology?abbrev=PE 40:6
850.55939	850.5604	.0010	PE O-40:7;O	C45H78NO8P	[M+OAc]-	/resources/tools/chemdb_ontology?abbrev=PE O-40:7;O
850.55939	850.5571	.0023	PI 35:1	C44H83O13P	Neutral	/resources/tools/chemdb_ontology?abbrev=PI 35:1
901.50636	901.5003	.0060	PI O-38:7	C47H79O12P	[M+Cl]-	/resources/tools/chemdb_ontology?abbrev=PI O-38:7
901.50636	901.5084	.0020	PI 36:5	C45H77O13P	[M+Formate]-	/resources/tools/chemdb_ontology?abbrev=PI 36:5
901.50636	901.5084	.0020	PI 35:5	C44H75O13P	[M+OAc]-	/resources/tools/chemdb_ontology?abbrev=PI 35:5
874.4822	874.4876	.0054	PS 40:9	C46H72NO10P	[M+Formate]-	/resources/tools/chemdb_ontology?abbrev=PS 40:9
760.51218	760.5134	.0012	PS 34:1	C40H76NO10P	[M-H]-	/resources/tools/chemdb_ontology?abbrev=PS 34:1
760.51218	760.5136	.0014	HexCer 35:3;O3	C41H75NO9	[M+Cl]-	/resources/tools/chemdb_ontology?abbrev=HexCer 35:3;O3
760.51218	760.5053	.0068	PE O-36:4	C41H76NO7P	[M+Cl]-	/resources/tools/chemdb_ontology?abbrev=PE O-36:4
760.51218	760.5134	.0012	PC 31:2	C39H74NO8P	[M+Formate]-	/resources/tools/chemdb_ontology?abbrev=PC 31:2
760.51218	760.5134	.0012	PE 34:2	C39H74NO8P	[M+Formate]-	/resources/tools/chemdb_ontology?abbrev=PE 34:2
760.51218	760.5134	.0012	PC 30:2	C38H72NO8P	[M+OAc]-	/resources/tools/chemdb_ontology?abbrev=PC 30:2
760.51218	760.5134	.0012	PE 33:2	C38H72NO8P	[M+OAc]-	/resources/tools/chemdb_ontology?abbrev=PE 33:2
760.51218	760.5043	.0079	PA 41:7	C44H73O8P	Neutral	/resources/tools/chemdb_ontology?abbrev=PA 41:7
796.46532	796.4690	.0036	PE 38:7	C43H72NO8P	[M+Cl]-	/resources/tools/chemdb_ontology?abbrev=PE 38:7
714.49814	714.5079	.0098	PE 34:2	C39H74NO8P	[M-H]-	/resources/tools/chemdb_ontology?abbrev=PE 34:2
714.49814	714.5079	.0098	PC 32:2	C40H76NO8P	[M-CH3]-	/resources/tools/chemdb_ontology?abbrev=PC 32:2
714.49814	714.5023	.0042	CL 70:3	C79H148O17P2	[M-2H]2-	/resources/tools/chemdb_ontology?abbrev=CL 70:3
758.49676	758.4978	.0010	PS 34:2	C40H74NO10P	[M-H]-	/resources/tools/chemdb_ontology?abbrev=PS 34:2
758.49676	758.4897	.0071	PE O-36:5	C41H74NO7P	[M+Cl]-	/resources/tools/chemdb_ontology?abbrev=PE O-36:5
758.49676	758.4978	.0010	PC 31:3	C39H72NO8P	[M+Formate]-	/resources/tools/chemdb_ontology?abbrev=PC 31:3
758.49676	758.4978	.0010	PE 34:3	C39H72NO8P	[M+Formate]-	/resources/tools/chemdb_ontology?abbrev=PE 34:3
758.49676	758.4978	.0010	PC 30:3	C38H70NO8P	[M+OAc]-	/resources/tools/chemdb_ontology?abbrev=PC 30:3
758.49676	758.4978	.0010	PE 33:3	C38H70NO8P	[M+OAc]-	/resources/tools/chemdb_ontology?abbrev=PE 33:3
787.47338	787.4686	.0048	PG O-36:6	C42H73O9P	[M+Cl]-	/resources/tools/chemdb_ontology?abbrev=PG O-36:6
787.47338	787.4767	.0033	PG 34:4	C40H71O10P	[M+Formate]-	/resources/tools/chemdb_ontology?abbrev=PG 34:4
787.47338	787.4767	.0033	PG 33:4	C39H69O10P	[M+OAc]-	/resources/tools/chemdb_ontology?abbrev=PG 33:4
851.56385	851.5655	.0017	PI 35:0	C44H85O13P	[M-H]-	/resources/tools/chemdb_ontology?abbrev=PI 35:0
851.56385	851.5574	.0064	PG 39:2	C45H85O10P	[M+Cl]-	/resources/tools/chemdb_ontology?abbrev=PG 39:2
851.56385	851.5676	.0038	PS 41:5	C47H82NO10P	Neutral	/resources/tools/chemdb_ontology?abbrev=PS 41:5
780.47908	780.4821	.0030	PS 36:5	C42H72NO10P	[M-H]-	/resources/tools/chemdb_ontology?abbrev=PS 36:5
780.47908	780.4821	.0030	PE 36:6	C41H70NO8P	[M+Formate]-	/resources/tools/chemdb_ontology?abbrev=PE 36:6
780.47908	780.4821	.0030	PE 35:6	C40H68NO8P	[M+OAc]-	/resources/tools/chemdb_ontology?abbrev=PE 35:6
780.47908	780.4789	.0002	PI 30:1	C39H73O13P	Neutral	/resources/tools/chemdb_ontology?abbrev=PI 30:1
739.51099	739.5162	.0053	CerPE 36:1;O3	C38H77N2O7P	[M+Cl]-	/resources/tools/chemdb_ontology?abbrev=CerPE 36:1;O3
739.51099	739.5050	.0060	PA 36:0	C39H77O8P	[M+Cl]-	/resources/tools/chemdb_ontology?abbrev=PA 36:0
739.51099	739.5131	.0021	PG O-31:0	C37H75O9P	[M+Formate]-	/resources/tools/chemdb_ontology?abbrev=PG O-31:0
739.51099	739.5131	.0021	PG O-30:0	C36H73O9P	[M+OAc]-	/resources/tools/chemdb_ontology?abbrev=PG O-30:0
739.51099	739.5101	.0008	CL 74:6	C83H150O17P2	[M-2H]2-	/resources/tools/chemdb_ontology?abbrev=CL 74:6
739.51099	739.5152	.0042	PC 33:4	C41H74NO8P	Neutral	/resources/tools/chemdb_ontology?abbrev=PC 33:4
739.51099	739.5152	.0042	PE 36:4	C41H74NO8P	Neutral	/resources/tools/chemdb_ontology?abbrev=PE 36:4
739.51099	739.5152	.0042	PE O-36:5;O	C41H74NO8P	Neutral	/resources/tools/chemdb_ontology?abbrev=PE O-36:5;O
738.5076	738.5079	.0003	PE 36:4	C41H74NO8P	[M-H]-	/resources/tools/chemdb_ontology?abbrev=PE 36:4
738.5076	738.5079	.0003	PE O-36:5;O	C41H74NO8P	[M-H]-	/resources/tools/chemdb_ontology?abbrev=PE O-36:5;O
738.5076	738.5079	.0003	PC 34:4	C42H76NO8P	[M-CH3]-	/resources/tools/chemdb_ontology?abbrev=PC 34:4
712.49191	712.4923	.0004	PE 34:3	C39H72NO8P	[M-H]-	/resources/tools/chemdb_ontology?abbrev=PE 34:3
712.49191	712.5005	.0086	HexCer 32:3;O2	C38H69NO8	[M+Formate]-	/resources/tools/chemdb_ontology?abbrev=HexCer 32:3;O2
712.49191	712.4923	.0004	PC 32:3	C40H74NO8P	[M-CH3]-	/resources/tools/chemdb_ontology?abbrev=PC 32:3
577.2782	577.2783	.0001	PA 24:3;O3	C27H47O11P	[M-H]-	/resources/tools/chemdb_ontology?abbrev=PA 24:3;O3
577.2782	577.2783	.0001	LPG 20:4	C26H45O9P	[M+Formate]-	/resources/tools/chemdb_ontology?abbrev=LPG 20:4
713.49519	713.4945	.0007	CL 70:4	C79H146O17P2	[M-2H]2-	/resources/tools/chemdb_ontology?abbrev=CL 70:4
713.49519	713.4996	.0044	PC 31:3	C39H72NO8P	Neutral	/resources/tools/chemdb_ontology?abbrev=PC 31:3
713.49519	713.4996	.0044	PE 34:3	C39H72NO8P	Neutral	/resources/tools/chemdb_ontology?abbrev=PE 34:3
474.40307	474.4079	.0048	TG 59:5	C62H110O6	[M-2H]2-	/resources/tools/chemdb_ontology?abbrev=TG 59:5
781.48211	781.4873	.0052	PI 30:0	C39H75O13P	[M-H]-	/resources/tools/chemdb_ontology?abbrev=PI 30:0
781.48211	781.4792	.0029	PG 34:2	C40H75O10P	[M+Cl]-	/resources/tools/chemdb_ontology?abbrev=PG 34:2
781.48211	781.4894	.0073	PS 36:5	C42H72NO10P	Neutral	/resources/tools/chemdb_ontology?abbrev=PS 36:5
479.3561	479.3531	.0030	TG 61:14	C64H96O6	[M-2H]2-	/resources/tools/chemdb_ontology?abbrev=TG 61:14
807.49831	807.5029	.0046	PI 32:1	C41H77O13P	[M-H]-	/resources/tools/chemdb_ontology?abbrev=PI 32:1
807.49831	807.4948	.0035	PG 36:3	C42H77O10P	[M+Cl]-	/resources/tools/chemdb_ontology?abbrev=PG 36:3
807.49831	807.5050	.0067	PS 38:6	C44H74NO10P	Neutral	/resources/tools/chemdb_ontology?abbrev=PS 38:6
567.24979	567.2495	.0003	LPG 20:4	C26H45O9P	[M+Cl]-	/resources/tools/chemdb_ontology?abbrev=LPG 20:4
713.53917	713.5491	.0099	PA O-38:2	C41H79O7P	[M-H]-	/resources/tools/chemdb_ontology?abbrev=PA O-38:2
713.53917	713.5362	.0030	DG 40:6	C43H72O5	[M+Formate]-	/resources/tools/chemdb_ontology?abbrev=DG 40:6
713.53917	713.5362	.0030	DG 39:6	C42H70O5	[M+OAc]-	/resources/tools/chemdb_ontology?abbrev=DG 39:6
713.53917	713.5359	.0032	PC O-32:3	C40H76NO7P	Neutral	/resources/tools/chemdb_ontology?abbrev=PC O-32:3
713.53917	713.5359	.0032	PE O-35:3	C40H76NO7P	Neutral	/resources/tools/chemdb_ontology?abbrev=PE O-35:3
713.53917	713.5442	.0050	HexCer 34:2;O3	C40H75NO9	Neutral	/resources/tools/chemdb_ontology?abbrev=HexCer 34:2;O3
786.52795	786.5291	.0011	PS 36:2	C42H78NO10P	[M-H]-	/resources/tools/chemdb_ontology?abbrev=PS 36:2
786.52795	786.5210	.0070	PE O-38:5	C43H78NO7P	[M+Cl]-	/resources/tools/chemdb_ontology?abbrev=PE O-38:5
786.52795	786.5291	.0011	PC 33:3	C41H76NO8P	[M+Formate]-	/resources/tools/chemdb_ontology?abbrev=PC 33:3
786.52795	786.5291	.0011	PE 36:3	C41H76NO8P	[M+Formate]-	/resources/tools/chemdb_ontology?abbrev=PE 36:3
786.52795	786.5291	.0011	PC 32:3	C40H74NO8P	[M+OAc]-	/resources/tools/chemdb_ontology?abbrev=PC 32:3
786.52795	786.5291	.0011	PE 35:3	C40H74NO8P	[M+OAc]-	/resources/tools/chemdb_ontology?abbrev=PE 35:3
451.32478	451.3194	.0054	LPA O-20:0	C23H49O6P	[M-H]-	/resources/tools/chemdb_ontology?abbrev=LPA O-20:0
787.53133	787.5363	.0050	PS 36:2	C42H78NO10P	Neutral	/resources/tools/chemdb_ontology?abbrev=PS 36:2
848.46612	848.4719	.0058	PS 38:8	C44H70NO10P	[M+Formate]-	/resources/tools/chemdb_ontology?abbrev=PS 38:8
473.36341	473.3636	.0002	ST 30:2;O4	C30H50O4	[M-H]-	/resources/tools/chemdb_ontology?abbrev=ST 30:2;O4
473.36341	473.3556	.0078	ST 31:3;O	C31H50O	[M+Cl]-	/resources/tools/chemdb_ontology?abbrev=ST 31:3;O
473.36341	473.3636	.0002	ST 29:2;O2	C29H48O2	[M+Formate]-	/resources/tools/chemdb_ontology?abbrev=ST 29:2;O2
473.36341	473.3636	.0002	FA 28:5	C28H46O2	[M+OAc]-	/resources/tools/chemdb_ontology?abbrev=FA 28:5
473.36341	473.3636	.0002	ST 28:2;O2	C28H46O2	[M+OAc]-	/resources/tools/chemdb_ontology?abbrev=ST 28:2;O2
473.36341	473.3539	.0095	NAT 24:1	C26H51NO4S	Neutral	/resources/tools/chemdb_ontology?abbrev=NAT 24:1
673.49356	673.4926	.0009	CerPE 34:2;O3	C36H71N2O7P	[M-H]-	/resources/tools/chemdb_ontology?abbrev=CerPE 34:2;O3
474.36673	474.3623	.0045	NAT 24:0	C26H53NO4S	[M-H]-	/resources/tools/chemdb_ontology?abbrev=NAT 24:0
474.36673	474.3589	.0078	CAR 22:4	C29H49NO4	[M-H]-	/resources/tools/chemdb_ontology?abbrev=CAR 22:4
474.36673	474.3709	.0042	ST 30:2;O4	C30H50O4	Neutral	/resources/tools/chemdb_ontology?abbrev=ST 30:2;O4
741.51651	741.5076	.0089	PA O-36:4	C39H71O7P	[M+OAc]-	/resources/tools/chemdb_ontology?abbrev=PA O-36:4
813.48974	813.4923	.0026	PI O-34:5	C43H75O12P	[M-H]-	/resources/tools/chemdb_ontology?abbrev=PI O-34:5
813.48974	813.4843	.0055	PG O-38:7	C44H75O9P	[M+Cl]-	/resources/tools/chemdb_ontology?abbrev=PG O-38:7
813.48974	813.4923	.0026	PG 36:5	C42H73O10P	[M+Formate]-	/resources/tools/chemdb_ontology?abbrev=PG 36:5
813.48974	813.4923	.0026	PG 35:5	C41H71O10P	[M+OAc]-	/resources/tools/chemdb_ontology?abbrev=PG 35:5
614.40248	614.3958	.0067	LPC 22:0	C30H62NO7P	[M+Cl]-	/resources/tools/chemdb_ontology?abbrev=LPC 22:0
614.40248	614.3958	.0067	LPE O-25:1;O	C30H62NO7P	[M+Cl]-	/resources/tools/chemdb_ontology?abbrev=LPE O-25:1;O
614.40248	614.3958	.0067	PC O-22:0	C30H62NO7P	[M+Cl]-	/resources/tools/chemdb_ontology?abbrev=PC O-22:0
614.40248	614.3948	.0077	PA 30:3	C33H59O8P	Neutral	/resources/tools/chemdb_ontology?abbrev=PA 30:3
717.50715	717.5076	.0005	PG O-33:2	C39H75O9P	[M-H]-	/resources/tools/chemdb_ontology?abbrev=PG O-33:2
717.50715	717.5076	.0005	PA O-35:2	C38H73O7P	[M+Formate]-	/resources/tools/chemdb_ontology?abbrev=PA O-35:2
717.50715	717.5076	.0005	PA O-34:2	C37H71O7P	[M+OAc]-	/resources/tools/chemdb_ontology?abbrev=PA O-34:2
753.54093	753.5440	.0031	PA 40:3	C43H79O8P	[M-H]-	/resources/tools/chemdb_ontology?abbrev=PA 40:3
753.54093	753.5319	.0090	CerPE 37:1;O3	C39H79N2O7P	[M+Cl]-	/resources/tools/chemdb_ontology?abbrev=CerPE 37:1;O3
447.34777	447.3480	.0002	ST 28:1;O4	C28H48O4	[M-H]-	/resources/tools/chemdb_ontology?abbrev=ST 28:1;O4
447.34777	447.3399	.0078	ST 29:2;O	C29H48O	[M+Cl]-	/resources/tools/chemdb_ontology?abbrev=ST 29:2;O
447.34777	447.3480	.0002	FA 27:4	C27H46O2	[M+Formate]-	/resources/tools/chemdb_ontology?abbrev=FA 27:4
447.34777	447.3480	.0002	ST 27:1;O2	C27H46O2	[M+Formate]-	/resources/tools/chemdb_ontology?abbrev=ST 27:1;O2
447.34777	447.3480	.0002	FA 26:4	C26H44O2	[M+OAc]-	/resources/tools/chemdb_ontology?abbrev=FA 26:4
447.34777	447.3480	.0002	WE 26:4	C26H44O2	[M+OAc]-	/resources/tools/chemdb_ontology?abbrev=WE 26:4
447.34777	447.3382	.0095	NAT 22:0	C24H49NO4S	Neutral	/resources/tools/chemdb_ontology?abbrev=NAT 22:0
611.45085	611.4448	.0061	DG 33:3	C36H64O5	[M+Cl]-	/resources/tools/chemdb_ontology?abbrev=DG 33:3
613.40267	613.4006	.0021	PA O-28:0	C31H63O7P	[M+Cl]-	/resources/tools/chemdb_ontology?abbrev=PA O-28:0
741.47969	741.4712	.0085	PG 34:4	C40H71O10P	[M-H]-	/resources/tools/chemdb_ontology?abbrev=PG 34:4
741.47969	741.4843	.0046	PG O-32:1	C38H75O9P	[M+Cl]-	/resources/tools/chemdb_ontology?abbrev=PG O-32:1
741.47969	741.4712	.0085	PA 36:4	C39H69O8P	[M+Formate]-	/resources/tools/chemdb_ontology?abbrev=PA 36:4
741.47969	741.4712	.0085	PA 35:4	C38H67O8P	[M+OAc]-	/resources/tools/chemdb_ontology?abbrev=PA 35:4
826.55959	826.5604	.0008	PS 39:3	C45H82NO10P	[M-H]-	/resources/tools/chemdb_ontology?abbrev=PS 39:3
826.55959	826.5523	.0073	PC O-38:6	C46H82NO7P	[M+Cl]-	/resources/tools/chemdb_ontology?abbrev=PC O-38:6
826.55959	826.5604	.0008	PC 36:4	C44H80NO8P	[M+Formate]-	/resources/tools/chemdb_ontology?abbrev=PC 36:4
826.55959	826.5604	.0008	PE 39:4	C44H80NO8P	[M+Formate]-	/resources/tools/chemdb_ontology?abbrev=PE 39:4
826.55959	826.5604	.0008	PC 35:4	C43H78NO8P	[M+OAc]-	/resources/tools/chemdb_ontology?abbrev=PC 35:4
826.55959	826.5604	.0008	PE 38:4	C43H78NO8P	[M+OAc]-	/resources/tools/chemdb_ontology?abbrev=PE 38:4
826.55959	826.5604	.0008	PE O-38:5;O	C43H78NO8P	[M+OAc]-	/resources/tools/chemdb_ontology?abbrev=PE O-38:5;O
740.51393	740.5236	.0097	PE 36:3	C41H76NO8P	[M-H]-	/resources/tools/chemdb_ontology?abbrev=PE 36:3
740.51393	740.5236	.0097	PC 34:3	C42H78NO8P	[M-CH3]-	/resources/tools/chemdb_ontology?abbrev=PC 34:3
740.51393	740.5180	.0040	CL 74:5	C83H152O17P2	[M-2H]2-	/resources/tools/chemdb_ontology?abbrev=CL 74:5
945.5093	945.5158	.0065	TG 53:19;O3	C56H70O9	[M+OAc]-	/resources/tools/chemdb_ontology?abbrev=TG 53:19;O3
674.47594	674.4766	.0007	PE 31:1	C36H70NO8P	[M-H]-	/resources/tools/chemdb_ontology?abbrev=PE 31:1
674.47594	674.4766	.0007	PC 29:1	C37H72NO8P	[M-CH3]-	/resources/tools/chemdb_ontology?abbrev=PC 29:1
493.38674	493.3899	.0031	ST 29:0;O3	C29H52O3	[M+Formate]-	/resources/tools/chemdb_ontology?abbrev=ST 29:0;O3
493.38674	493.3899	.0031	ST 28:0;O3	C28H50O3	[M+OAc]-	/resources/tools/chemdb_ontology?abbrev=ST 28:0;O3
239.05964	239.0692	.0095	FA 9:1;O3	C9H16O5	[M+Cl]-	/resources/tools/chemdb_ontology?abbrev=FA 9:1;O3
239.05964	239.0561	.0035	FA 10:5;O2	C10H10O4	[M+Formate]-	/resources/tools/chemdb_ontology?abbrev=FA 10:5;O2
810.53853	810.5291	.0095	PS 38:4	C44H78NO10P	[M-H]-	/resources/tools/chemdb_ontology?abbrev=PS 38:4
810.53853	810.5421	.0036	PS O-36:1	C42H82NO9P	[M+Cl]-	/resources/tools/chemdb_ontology?abbrev=PS O-36:1
810.53853	810.5291	.0095	PC 35:5	C43H76NO8P	[M+Formate]-	/resources/tools/chemdb_ontology?abbrev=PC 35:5
810.53853	810.5291	.0095	PE 38:5	C43H76NO8P	[M+Formate]-	/resources/tools/chemdb_ontology?abbrev=PE 38:5
810.53853	810.5291	.0095	PE O-38:6;O	C43H76NO8P	[M+Formate]-	/resources/tools/chemdb_ontology?abbrev=PE O-38:6;O
810.53853	810.5291	.0095	PC 34:5	C42H74NO8P	[M+OAc]-	/resources/tools/chemdb_ontology?abbrev=PC 34:5
810.53853	810.5291	.0095	PE 37:5	C42H74NO8P	[M+OAc]-	/resources/tools/chemdb_ontology?abbrev=PE 37:5
810.53853	810.5411	.0026	PG 39:5	C45H79O10P	Neutral	/resources/tools/chemdb_ontology?abbrev=PG 39:5
659.50364	659.5021	.0015	PA O-34:1	C37H73O7P	[M-H]-	/resources/tools/chemdb_ontology?abbrev=PA O-34:1
659.50364	659.5134	.0097	CerPE 34:1;O2	C36H73N2O6P	[M-H]-	/resources/tools/chemdb_ontology?abbrev=CerPE 34:1;O2
659.50364	659.5134	.0097	SM 32:1;O2	C37H75N2O6P	[M-CH3]-	/resources/tools/chemdb_ontology?abbrev=SM 32:1;O2
825.52237	825.5207	.0017	PA 43:6	C46H79O8P	[M+Cl]-	/resources/tools/chemdb_ontology?abbrev=PA 43:6
825.52237	825.5287	.0064	PG O-38:6	C44H77O9P	[M+Formate]-	/resources/tools/chemdb_ontology?abbrev=PG O-38:6
825.52237	825.5135	.0089	PI O-31:1	C40H77O12P	[M+Formate]-	/resources/tools/chemdb_ontology?abbrev=PI O-31:1
825.52237	825.5135	.0089	PI O-30:1	C39H75O12P	[M+OAc]-	/resources/tools/chemdb_ontology?abbrev=PI O-30:1
825.52237	825.5309	.0085	PC 40:10	C48H76NO8P	Neutral	/resources/tools/chemdb_ontology?abbrev=PC 40:10
739.53796	739.5283	.0096	PA 39:3	C42H77O8P	[M-H]-	/resources/tools/chemdb_ontology?abbrev=PA 39:3
739.53796	739.5414	.0034	PA O-37:0	C40H81O7P	[M+Cl]-	/resources/tools/chemdb_ontology?abbrev=PA O-37:0
741.60656	741.6039	.0027	TG 44:4	C47H82O6	[M-H]-	/resources/tools/chemdb_ontology?abbrev=TG 44:4
741.60656	741.6119	.0053	HexCer 37:1;O2	C43H83NO8	Neutral	/resources/tools/chemdb_ontology?abbrev=HexCer 37:1;O2
687.50774	687.5083	.0005	CerPE 35:2;O3	C37H73N2O7P	[M-H]-	/resources/tools/chemdb_ontology?abbrev=CerPE 35:2;O3
687.50774	687.4994	.0083	DG 42:10	C45H68O5	[M-H]-	/resources/tools/chemdb_ontology?abbrev=DG 42:10
809.53662	809.5338	.0028	PG 39:5	C45H79O10P	[M-H]-	/resources/tools/chemdb_ontology?abbrev=PG 39:5
809.53662	809.5338	.0028	PA 41:5	C44H77O8P	[M+Formate]-	/resources/tools/chemdb_ontology?abbrev=PA 41:5
809.53662	809.5338	.0028	PA 40:5	C43H75O8P	[M+OAc]-	/resources/tools/chemdb_ontology?abbrev=PA 40:5
740.60201	740.6046	.0026	HexCer 37:1;O2	C43H83NO8	[M-H]-	/resources/tools/chemdb_ontology?abbrev=HexCer 37:1;O2
740.60201	740.5955	.0065	TG 44:5	C47H80O6	Neutral	/resources/tools/chemdb_ontology?abbrev=TG 44:5
740.54606	740.5366	.0094	PC O-31:0	C39H80NO7P	[M+Cl]-	/resources/tools/chemdb_ontology?abbrev=PC O-31:0
740.54606	740.5366	.0094	PE O-34:0	C39H80NO7P	[M+Cl]-	/resources/tools/chemdb_ontology?abbrev=PE O-34:0
877.52294	877.5236	.0007	PG 40:8	C46H75O10P	[M+OAc]-	/resources/tools/chemdb_ontology?abbrev=PG 40:8
808.53322	808.5265	.0067	PS O-36:2	C42H80NO9P	[M+Cl]-	/resources/tools/chemdb_ontology?abbrev=PS O-36:2
808.53322	808.5345	.0013	PS 34:0	C40H78NO10P	[M+Formate]-	/resources/tools/chemdb_ontology?abbrev=PS 34:0
808.53322	808.5345	.0013	PS 33:0	C39H76NO10P	[M+OAc]-	/resources/tools/chemdb_ontology?abbrev=PS 33:0
808.53322	808.5254	.0078	PG 39:6	C45H77O10P	Neutral	/resources/tools/chemdb_ontology?abbrev=PG 39:6
726.48795	726.4846	.0033	PC 29:0	C37H74NO8P	[M+Cl]-	/resources/tools/chemdb_ontology?abbrev=PC 29:0
726.48795	726.4846	.0033	PE 32:0	C37H74NO8P	[M+Cl]-	/resources/tools/chemdb_ontology?abbrev=PE 32:0
726.48795	726.4836	.0044	PG O-34:5	C40H71O9P	Neutral	/resources/tools/chemdb_ontology?abbrev=PG O-34:5
657.49737	657.4977	.0003	CerPE 34:2;O2	C36H71N2O6P	[M-H]-	/resources/tools/chemdb_ontology?abbrev=CerPE 34:2;O2
657.49737	657.4977	.0003	SM 32:2;O2	C37H73N2O6P	[M-CH3]-	/resources/tools/chemdb_ontology?abbrev=SM 32:2;O2
725.48462	725.4763	.0083	PG O-34:5	C40H71O9P	[M-H]-	/resources/tools/chemdb_ontology?abbrev=PG O-34:5
725.48462	725.4894	.0047	PA 35:0	C38H75O8P	[M+Cl]-	/resources/tools/chemdb_ontology?abbrev=PA 35:0
725.48462	725.4917	.0071	DG 42:9	C45H70O5	[M+Cl]-	/resources/tools/chemdb_ontology?abbrev=DG 42:9
725.48462	725.4763	.0083	PA O-36:5	C39H69O7P	[M+Formate]-	/resources/tools/chemdb_ontology?abbrev=PA O-36:5
658.50069	658.5050	.0043	CerPE 34:2;O2	C36H71N2O6P	Neutral	/resources/tools/chemdb_ontology?abbrev=CerPE 34:2;O2
658.50069	658.4937	.0069	PA O-34:2	C37H71O7P	Neutral	/resources/tools/chemdb_ontology?abbrev=PA O-34:2
700.49185	700.4923	.0004	PE 33:2	C38H72NO8P	[M-H]-	/resources/tools/chemdb_ontology?abbrev=PE 33:2
700.49185	700.5005	.0087	HexCer 30:2;O2	C36H67NO8	[M+OAc]-	/resources/tools/chemdb_ontology?abbrev=HexCer 30:2;O2
700.49185	700.4923	.0004	PC 31:2	C39H74NO8P	[M-CH3]-	/resources/tools/chemdb_ontology?abbrev=PC 31:2
840.46665	840.4588	.0079	PS 38:7	C44H72NO10P	[M+Cl]-	/resources/tools/chemdb_ontology?abbrev=PS 38:7
839.46282	839.4716	.0088	PI 35:6	C44H73O13P	[M-H]-	/resources/tools/chemdb_ontology?abbrev=PI 35:6
839.46282	839.4635	.0007	PG 39:8	C45H73O10P	[M+Cl]-	/resources/tools/chemdb_ontology?abbrev=PG 39:8
741.54949	741.5440	.0055	PA 39:2	C42H79O8P	[M-H]-	/resources/tools/chemdb_ontology?abbrev=PA 39:2
657.55189	657.5464	.0055	DG 39:4	C42H74O5	[M-H]-	/resources/tools/chemdb_ontology?abbrev=DG 39:4
800.54427	800.5447	.0004	PS 37:2	C43H80NO10P	[M-H]-	/resources/tools/chemdb_ontology?abbrev=PS 37:2
800.54427	800.5366	.0076	PC O-36:5	C44H80NO7P	[M+Cl]-	/resources/tools/chemdb_ontology?abbrev=PC O-36:5
800.54427	800.5447	.0004	PC 34:3	C42H78NO8P	[M+Formate]-	/resources/tools/chemdb_ontology?abbrev=PC 34:3
800.54427	800.5447	.0004	PE 37:3	C42H78NO8P	[M+Formate]-	/resources/tools/chemdb_ontology?abbrev=PE 37:3
800.54427	800.5447	.0004	PC 33:3	C41H76NO8P	[M+OAc]-	/resources/tools/chemdb_ontology?abbrev=PC 33:3
800.54427	800.5447	.0004	PE 36:3	C41H76NO8P	[M+OAc]-	/resources/tools/chemdb_ontology?abbrev=PE 36:3
800.54427	800.5356	.0087	PA 44:8	C47H77O8P	Neutral	/resources/tools/chemdb_ontology?abbrev=PA 44:8
793.47148	793.4792	.0077	PG 35:3	C41H75O10P	[M+Cl]-	/resources/tools/chemdb_ontology?abbrev=PG 35:3
700.50847	700.5005	.0079	HexCer 30:2;O2	C36H67NO8	[M+OAc]-	/resources/tools/chemdb_ontology?abbrev=HexCer 30:2;O2
700.50847	700.5043	.0042	PA 36:2	C39H73O8P	Neutral	/resources/tools/chemdb_ontology?abbrev=PA 36:2
700.50847	700.5155	.0071	CerPE 36:3;O3	C38H73N2O7P	Neutral	/resources/tools/chemdb_ontology?abbrev=CerPE 36:3;O3
713.55183	713.5491	.0028	PA O-38:2	C41H79O7P	[M-H]-	/resources/tools/chemdb_ontology?abbrev=PA O-38:2
713.55183	713.5603	.0085	CerPE 38:2;O2	C40H79N2O6P	[M-H]-	/resources/tools/chemdb_ontology?abbrev=CerPE 38:2;O2
713.55183	713.5492	.0026	TG 39:1	C42H78O6	[M+Cl]-	/resources/tools/chemdb_ontology?abbrev=TG 39:1
713.55183	713.5603	.0085	SM 36:2;O2	C41H81N2O6P	[M-CH3]-	/resources/tools/chemdb_ontology?abbrev=SM 36:2;O2
713.55183	713.5442	.0076	HexCer 34:2;O3	C40H75NO9	Neutral	/resources/tools/chemdb_ontology?abbrev=HexCer 34:2;O3
883.53785	883.5342	.0036	PI 38:5	C47H81O13P	[M-H]-	/resources/tools/chemdb_ontology?abbrev=PI 38:5
883.53785	883.5473	.0094	PI O-36:2	C45H85O12P	[M+Cl]-	/resources/tools/chemdb_ontology?abbrev=PI O-36:2
883.53785	883.5366	.0013	TG 49:14;O2	C52H72O8	[M+OAc]-	/resources/tools/chemdb_ontology?abbrev=TG 49:14;O2
883.53785	883.5363	.0015	PS 44:10	C50H78NO10P	Neutral	/resources/tools/chemdb_ontology?abbrev=PS 44:10
847.53325	847.5342	.0010	PI 35:2	C44H81O13P	[M-H]-	/resources/tools/chemdb_ontology?abbrev=PI 35:2
847.53325	847.5261	.0071	PG 39:4	C45H81O10P	[M+Cl]-	/resources/tools/chemdb_ontology?abbrev=PG 39:4
847.53325	847.5363	.0031	PS 41:7	C47H78NO10P	Neutral	/resources/tools/chemdb_ontology?abbrev=PS 41:7
699.50746	699.5083	.0008	CerPE 36:3;O3	C38H73N2O7P	[M-H]-	/resources/tools/chemdb_ontology?abbrev=CerPE 36:3;O3
797.46838	797.4610	.0073	PG 35:6	C41H69O10P	[M+Formate]-	/resources/tools/chemdb_ontology?abbrev=PG 35:6
797.46838	797.4610	.0073	PG 34:6	C40H67O10P	[M+OAc]-	/resources/tools/chemdb_ontology?abbrev=PG 34:6
1425.99221	1426.0017	.0095	CL 66:0	C75H146O17P2	[M+Formate]-	/resources/tools/chemdb_ontology?abbrev=CL 66:0
797.54105	797.5338	.0072	PG 38:4	C44H79O10P	[M-H]-	/resources/tools/chemdb_ontology?abbrev=PG 38:4
797.54105	797.5469	.0058	PG O-36:1	C42H83O9P	[M+Cl]-	/resources/tools/chemdb_ontology?abbrev=PG O-36:1
797.54105	797.5338	.0072	PA 40:4	C43H77O8P	[M+Formate]-	/resources/tools/chemdb_ontology?abbrev=PA 40:4
797.54105	797.5338	.0072	PA 39:4	C42H75O8P	[M+OAc]-	/resources/tools/chemdb_ontology?abbrev=PA 39:4
797.54105	797.5418	.0008	IPC 34:0;O3	C40H80NO12P	Neutral	/resources/tools/chemdb_ontology?abbrev=IPC 34:0;O3
737.49521	737.5006	.0054	CerPE 36:2;O3	C38H75N2O7P	[M+Cl]-	/resources/tools/chemdb_ontology?abbrev=CerPE 36:2;O3
737.49521	737.4894	.0058	PA 36:1	C39H75O8P	[M+Cl]-	/resources/tools/chemdb_ontology?abbrev=PA 36:1
737.49521	737.4974	.0022	PG O-31:1	C37H73O9P	[M+Formate]-	/resources/tools/chemdb_ontology?abbrev=PG O-31:1
737.49521	737.4974	.0022	PG O-30:1	C36H71O9P	[M+OAc]-	/resources/tools/chemdb_ontology?abbrev=PG O-30:1
737.49521	737.4945	.0007	CL 74:8	C83H146O17P2	[M-2H]2-	/resources/tools/chemdb_ontology?abbrev=CL 74:8
737.49521	737.4996	.0043	PC 33:5	C41H72NO8P	Neutral	/resources/tools/chemdb_ontology?abbrev=PC 33:5
737.49521	737.4996	.0043	PE 36:5	C41H72NO8P	Neutral	/resources/tools/chemdb_ontology?abbrev=PE 36:5
745.50243	745.5025	.0001	PG 34:2	C40H75O10P	[M-H]-	/resources/tools/chemdb_ontology?abbrev=PG 34:2
745.50243	745.4945	.0080	PA O-38:4	C41H75O7P	[M+Cl]-	/resources/tools/chemdb_ontology?abbrev=PA O-38:4
745.50243	745.5025	.0001	PA 36:2	C39H73O8P	[M+Formate]-	/resources/tools/chemdb_ontology?abbrev=PA 36:2
745.50243	745.5025	.0001	PA 35:2	C38H71O8P	[M+OAc]-	/resources/tools/chemdb_ontology?abbrev=PA 35:2
745.50243	745.5049	.0025	DG 42:11	C45H66O5	[M+OAc]-	/resources/tools/chemdb_ontology?abbrev=DG 42:11
736.49218	736.4923	.0001	PE 36:5	C41H72NO8P	[M-H]-	/resources/tools/chemdb_ontology?abbrev=PE 36:5
736.49218	736.4923	.0001	PC 34:5	C42H74NO8P	[M-CH3]-	/resources/tools/chemdb_ontology?abbrev=PC 34:5
763.51125	763.5162	.0050	CerPE 38:3;O3	C40H77N2O7P	[M+Cl]-	/resources/tools/chemdb_ontology?abbrev=CerPE 38:3;O3
763.51125	763.5050	.0062	PA 38:2	C41H77O8P	[M+Cl]-	/resources/tools/chemdb_ontology?abbrev=PA 38:2
763.51125	763.5131	.0018	PG O-33:2	C39H75O9P	[M+Formate]-	/resources/tools/chemdb_ontology?abbrev=PG O-33:2
763.51125	763.5131	.0018	PG O-32:2	C38H73O9P	[M+OAc]-	/resources/tools/chemdb_ontology?abbrev=PG O-32:2
763.51125	763.5101	.0011	CL 78:10	C87H150O17P2	[M-2H]2-	/resources/tools/chemdb_ontology?abbrev=CL 78:10
763.51125	763.5152	.0040	PC 35:6	C43H74NO8P	Neutral	/resources/tools/chemdb_ontology?abbrev=PC 35:6
763.51125	763.5152	.0040	PE 38:6	C43H74NO8P	Neutral	/resources/tools/chemdb_ontology?abbrev=PE 38:6
763.51125	763.5152	.0040	PE O-38:7;O	C43H74NO8P	Neutral	/resources/tools/chemdb_ontology?abbrev=PE O-38:7;O
784.51236	784.5134	.0011	PS 36:3	C42H76NO10P	[M-H]-	/resources/tools/chemdb_ontology?abbrev=PS 36:3
784.51236	784.5053	.0070	PE O-38:6	C43H76NO7P	[M+Cl]-	/resources/tools/chemdb_ontology?abbrev=PE O-38:6
784.51236	784.5134	.0011	PC 33:4	C41H74NO8P	[M+Formate]-	/resources/tools/chemdb_ontology?abbrev=PC 33:4
784.51236	784.5134	.0011	PE 36:4	C41H74NO8P	[M+Formate]-	/resources/tools/chemdb_ontology?abbrev=PE 36:4
784.51236	784.5134	.0011	PE O-36:5;O	C41H74NO8P	[M+Formate]-	/resources/tools/chemdb_ontology?abbrev=PE O-36:5;O
784.51236	784.5134	.0011	PC 32:4	C40H72NO8P	[M+OAc]-	/resources/tools/chemdb_ontology?abbrev=PC 32:4
784.51236	784.5134	.0011	PE 35:4	C40H72NO8P	[M+OAc]-	/resources/tools/chemdb_ontology?abbrev=PE 35:4
514.29579	514.2939	.0019	LPC 18:4	C26H46NO7P	[M-H]-	/resources/tools/chemdb_ontology?abbrev=LPC 18:4
514.29579	514.2964	.0006	ST 27:1;O4;S	C27H46O7S	Neutral	/resources/tools/chemdb_ontology?abbrev=ST 27:1;O4;S
514.29579	514.2931	.0027	ST 30:6;O7	C30H42O7	Neutral	/resources/tools/chemdb_ontology?abbrev=ST 30:6;O7
504.26704	504.2723	.0053	ST 28:5;O8	C28H40O8	Neutral	/resources/tools/chemdb_ontology?abbrev=ST 28:5;O8
804.48021	804.4821	.0019	PS 38:7	C44H72NO10P	[M-H]-	/resources/tools/chemdb_ontology?abbrev=PS 38:7
804.48021	804.4821	.0019	PE 38:8	C43H70NO8P	[M+Formate]-	/resources/tools/chemdb_ontology?abbrev=PE 38:8
804.48021	804.4789	.0013	PI 32:3	C41H73O13P	Neutral	/resources/tools/chemdb_ontology?abbrev=PI 32:3
747.56536	747.5700	.0046	DG 43:5	C46H80O5	[M+Cl]-	/resources/tools/chemdb_ontology?abbrev=DG 43:5
747.56536	747.5658	.0004	CerPE 37:1;O2	C39H79N2O6P	[M+Formate]-	/resources/tools/chemdb_ontology?abbrev=CerPE 37:1;O2
747.56536	747.5658	.0004	SM 34:1;O2	C39H79N2O6P	[M+Formate]-	/resources/tools/chemdb_ontology?abbrev=SM 34:1;O2
747.56536	747.5658	.0004	CerPE 36:1;O2	C38H77N2O6P	[M+OAc]-	/resources/tools/chemdb_ontology?abbrev=CerPE 36:1;O2
747.56536	747.5658	.0004	SM 33:1;O2	C38H77N2O6P	[M+OAc]-	/resources/tools/chemdb_ontology?abbrev=SM 33:1;O2
675.50743	675.5083	.0008	CerPE 34:1;O3	C36H73N2O7P	[M-H]-	/resources/tools/chemdb_ontology?abbrev=CerPE 34:1;O3
691.52379	691.5307	.0069	DG 42:8	C45H72O5	[M-H]-	/resources/tools/chemdb_ontology?abbrev=DG 42:8
691.52379	691.5152	.0086	PC 29:0	C37H74NO8P	Neutral	/resources/tools/chemdb_ontology?abbrev=PC 29:0
691.52379	691.5152	.0086	PE 32:0	C37H74NO8P	Neutral	/resources/tools/chemdb_ontology?abbrev=PE 32:0
686.30797	686.3078	.0002	PS 24:2;O2	C30H54NO12P	[M+Cl]-	/resources/tools/chemdb_ontology?abbrev=PS 24:2;O2
812.5433	812.5447	.0014	PS 38:3	C44H80NO10P	[M-H]-	/resources/tools/chemdb_ontology?abbrev=PS 38:3
812.5433	812.5366	.0067	PE O-40:6	C45H80NO7P	[M+Cl]-	/resources/tools/chemdb_ontology?abbrev=PE O-40:6
812.5433	812.5447	.0014	PC 35:4	C43H78NO8P	[M+Formate]-	/resources/tools/chemdb_ontology?abbrev=PC 35:4
812.5433	812.5447	.0014	PE 38:4	C43H78NO8P	[M+Formate]-	/resources/tools/chemdb_ontology?abbrev=PE 38:4
812.5433	812.5447	.0014	PE O-38:5;O	C43H78NO8P	[M+Formate]-	/resources/tools/chemdb_ontology?abbrev=PE O-38:5;O
812.5433	812.5447	.0014	PC 34:4	C42H76NO8P	[M+OAc]-	/resources/tools/chemdb_ontology?abbrev=PC 34:4
812.5433	812.5447	.0014	PE 37:4	C42H76NO8P	[M+OAc]-	/resources/tools/chemdb_ontology?abbrev=PE 37:4
762.50749	762.5079	.0004	PE 38:6	C43H74NO8P	[M-H]-	/resources/tools/chemdb_ontology?abbrev=PE 38:6
762.50749	762.5079	.0004	PE O-38:7;O	C43H74NO8P	[M-H]-	/resources/tools/chemdb_ontology?abbrev=PE O-38:7;O
762.50749	762.5079	.0004	PC 36:6	C44H76NO8P	[M-CH3]-	/resources/tools/chemdb_ontology?abbrev=PC 36:6
742.55214	742.5475	.0047	HexCer 34:2;O2	C40H75NO8	[M+Formate]-	/resources/tools/chemdb_ontology?abbrev=HexCer 34:2;O2
742.55214	742.5475	.0047	HexCer 33:2;O2	C39H73NO8	[M+OAc]-	/resources/tools/chemdb_ontology?abbrev=HexCer 33:2;O2
742.55214	742.5513	.0009	PA 39:2	C42H79O8P	Neutral	/resources/tools/chemdb_ontology?abbrev=PA 39:2
771.51774	771.5182	.0004	PG 36:3	C42H77O10P	[M-H]-	/resources/tools/chemdb_ontology?abbrev=PG 36:3
771.51774	771.5101	.0076	PA O-40:5	C43H77O7P	[M+Cl]-	/resources/tools/chemdb_ontology?abbrev=PA O-40:5
771.51774	771.5182	.0004	PA 38:3	C41H75O8P	[M+Formate]-	/resources/tools/chemdb_ontology?abbrev=PA 38:3
771.51774	771.5182	.0004	PA 37:3	C40H73O8P	[M+OAc]-	/resources/tools/chemdb_ontology?abbrev=PA 37:3
771.51774	771.5205	.0028	DG 44:12	C47H68O5	[M+OAc]-	/resources/tools/chemdb_ontology?abbrev=DG 44:12
830.49503	830.4978	.0027	PS 40:8	C46H74NO10P	[M-H]-	/resources/tools/chemdb_ontology?abbrev=PS 40:8
830.49503	830.4861	.0090	SHexCer 34:1;O3	C40H77NO12S	[M+Cl]-	/resources/tools/chemdb_ontology?abbrev=SHexCer 34:1;O3
830.49503	830.4978	.0027	PE 40:9	C45H72NO8P	[M+Formate]-	/resources/tools/chemdb_ontology?abbrev=PE 40:9
830.49503	830.4945	.0005	PI 34:4	C43H75O13P	Neutral	/resources/tools/chemdb_ontology?abbrev=PI 34:4
898.48332	898.4876	.0043	PS 42:11	C48H72NO10P	[M+Formate]-	/resources/tools/chemdb_ontology?abbrev=PS 42:11
466.34373	466.3453	.0015	TG 59:13	C62H94O6	[M-2H]2-	/resources/tools/chemdb_ontology?abbrev=TG 59:13
828.56498	828.5679	.0030	PC O-38:5	C46H84NO7P	[M+Cl]-	/resources/tools/chemdb_ontology?abbrev=PC O-38:5
673.48043	673.4814	.0010	PA 34:1	C37H71O8P	[M-H]-	/resources/tools/chemdb_ontology?abbrev=PA 34:1
743.55511	743.5596	.0045	PA 39:1	C42H81O8P	[M-H]-	/resources/tools/chemdb_ontology?abbrev=PA 39:1
743.55511	743.5465	.0086	PC 33:2	C41H78NO8P	Neutral	/resources/tools/chemdb_ontology?abbrev=PC 33:2
743.55511	743.5465	.0086	PE 36:2	C41H78NO8P	Neutral	/resources/tools/chemdb_ontology?abbrev=PE 36:2
620.30116	620.2962	.0050	LPI 20:4	C29H49O12P	Neutral	/resources/tools/chemdb_ontology?abbrev=LPI 20:4
759.52125	759.5182	.0031	PG 35:2	C41H77O10P	[M-H]-	/resources/tools/chemdb_ontology?abbrev=PG 35:2
759.52125	759.5205	.0007	DG 44:11	C47H70O5	[M+Formate]-	/resources/tools/chemdb_ontology?abbrev=DG 44:11
759.52125	759.5182	.0031	PA 37:2	C40H75O8P	[M+Formate]-	/resources/tools/chemdb_ontology?abbrev=PA 37:2
759.52125	759.5182	.0031	PA 36:2	C39H73O8P	[M+OAc]-	/resources/tools/chemdb_ontology?abbrev=PA 36:2
759.52125	759.5294	.0081	CerPE 36:3;O3	C38H73N2O7P	[M+OAc]-	/resources/tools/chemdb_ontology?abbrev=CerPE 36:3;O3
788.5225	788.5236	.0011	PE 40:7	C45H76NO8P	[M-H]-	/resources/tools/chemdb_ontology?abbrev=PE 40:7
788.5225	788.5236	.0011	PC 38:7	C46H78NO8P	[M-CH3]-	/resources/tools/chemdb_ontology?abbrev=PC 38:7
634.35301	634.3482	.0048	PA 28:3;O3	C31H55O11P	Neutral	/resources/tools/chemdb_ontology?abbrev=PA 28:3;O3
733.50244	733.5025	.0001	PG 33:1	C39H75O10P	[M-H]-	/resources/tools/chemdb_ontology?abbrev=PG 33:1
733.50244	733.4945	.0080	PA O-37:3	C40H75O7P	[M+Cl]-	/resources/tools/chemdb_ontology?abbrev=PA O-37:3
733.50244	733.5025	.0001	PA 35:1	C38H73O8P	[M+Formate]-	/resources/tools/chemdb_ontology?abbrev=PA 35:1
733.50244	733.5049	.0024	DG 42:10	C45H68O5	[M+Formate]-	/resources/tools/chemdb_ontology?abbrev=DG 42:10
733.50244	733.5025	.0001	PA 34:1	C37H71O8P	[M+OAc]-	/resources/tools/chemdb_ontology?abbrev=PA 34:1
750.52815	750.5292	.0011	HexCer 34:1;O3	C40H77NO9	[M+Cl]-	/resources/tools/chemdb_ontology?abbrev=HexCer 34:1;O3
750.52815	750.5210	.0072	PC O-32:2	C40H78NO7P	[M+Cl]-	/resources/tools/chemdb_ontology?abbrev=PC O-32:2
750.52815	750.5210	.0072	PE O-35:2	C40H78NO7P	[M+Cl]-	/resources/tools/chemdb_ontology?abbrev=PE O-35:2
750.52815	750.5291	.0009	PC 30:0	C38H76NO8P	[M+Formate]-	/resources/tools/chemdb_ontology?abbrev=PC 30:0
750.52815	750.5291	.0009	PE 33:0	C38H76NO8P	[M+Formate]-	/resources/tools/chemdb_ontology?abbrev=PE 33:0
750.52815	750.5291	.0009	PC 29:0	C37H74NO8P	[M+OAc]-	/resources/tools/chemdb_ontology?abbrev=PC 29:0
750.52815	750.5291	.0009	PE 32:0	C37H74NO8P	[M+OAc]-	/resources/tools/chemdb_ontology?abbrev=PE 32:0
750.52815	750.5200	.0082	PA 40:5	C43H75O8P	Neutral	/resources/tools/chemdb_ontology?abbrev=PA 40:5
738.50734	738.5079	.0006	PE 36:4	C41H74NO8P	[M-H]-	/resources/tools/chemdb_ontology?abbrev=PE 36:4
738.50734	738.5079	.0006	PE O-36:5;O	C41H74NO8P	[M-H]-	/resources/tools/chemdb_ontology?abbrev=PE O-36:5;O
738.50734	738.5079	.0006	PC 34:4	C42H76NO8P	[M-CH3]-	/resources/tools/chemdb_ontology?abbrev=PC 34:4
859.53479	859.5342	.0006	PI 36:3	C45H81O13P	[M-H]-	/resources/tools/chemdb_ontology?abbrev=PI 36:3
859.53479	859.5261	.0086	PG 40:5	C46H81O10P	[M+Cl]-	/resources/tools/chemdb_ontology?abbrev=PG 40:5
859.53479	859.5363	.0015	PS 42:8	C48H78NO10P	Neutral	/resources/tools/chemdb_ontology?abbrev=PS 42:8
688.51061	688.5067	.0039	DG 42:10	C45H68O5	Neutral	/resources/tools/chemdb_ontology?abbrev=DG 42:10
688.51061	688.5155	.0049	CerPE 35:2;O3	C37H73N2O7P	Neutral	/resources/tools/chemdb_ontology?abbrev=CerPE 35:2;O3
688.51061	688.5043	.0063	PA 35:1	C38H73O8P	Neutral	/resources/tools/chemdb_ontology?abbrev=PA 35:1
751.53149	751.5283	.0032	PA 40:4	C43H77O8P	[M-H]-	/resources/tools/chemdb_ontology?abbrev=PA 40:4
751.53149	751.5414	.0099	PA O-38:1	C41H81O7P	[M+Cl]-	/resources/tools/chemdb_ontology?abbrev=PA O-38:1
701.49506	701.4917	.0033	DG 40:7	C43H70O5	[M+Cl]-	/resources/tools/chemdb_ontology?abbrev=DG 40:7
701.49506	701.4875	.0075	CerPE 34:3;O2	C36H69N2O6P	[M+Formate]-	/resources/tools/chemdb_ontology?abbrev=CerPE 34:3;O2
701.49506	701.4945	.0006	CL 68:2	C77H146O17P2	[M-2H]2-	/resources/tools/chemdb_ontology?abbrev=CL 68:2
701.49506	701.4996	.0045	PC 30:2	C38H72NO8P	Neutral	/resources/tools/chemdb_ontology?abbrev=PC 30:2
701.49506	701.4996	.0045	PE 33:2	C38H72NO8P	Neutral	/resources/tools/chemdb_ontology?abbrev=PE 33:2
894.54653	894.5502	.0037	PS 41:6	C47H80NO10P	[M+Formate]-	/resources/tools/chemdb_ontology?abbrev=PS 41:6
894.54653	894.5502	.0037	PS 40:6	C46H78NO10P	[M+OAc]-	/resources/tools/chemdb_ontology?abbrev=PS 40:6
827.56297	827.5574	.0055	PG 37:0	C43H85O10P	[M+Cl]-	/resources/tools/chemdb_ontology?abbrev=PG 37:0
827.56297	827.5676	.0047	PS 39:3	C45H82NO10P	Neutral	/resources/tools/chemdb_ontology?abbrev=PS 39:3
764.52254	764.5236	.0010	PE 38:5	C43H76NO8P	[M-H]-	/resources/tools/chemdb_ontology?abbrev=PE 38:5
764.52254	764.5236	.0010	PE O-38:6;O	C43H76NO8P	[M-H]-	/resources/tools/chemdb_ontology?abbrev=PE O-38:6;O
764.52254	764.5236	.0010	PC 36:5	C44H78NO8P	[M-CH3]-	/resources/tools/chemdb_ontology?abbrev=PC 36:5
764.52254	764.5180	.0046	CL 78:9	C87H152O17P2	[M-2H]2-	/resources/tools/chemdb_ontology?abbrev=CL 78:9
826.55977	826.5604	.0006	PS 39:3	C45H82NO10P	[M-H]-	/resources/tools/chemdb_ontology?abbrev=PS 39:3
826.55977	826.5523	.0075	PC O-38:6	C46H82NO7P	[M+Cl]-	/resources/tools/chemdb_ontology?abbrev=PC O-38:6
826.55977	826.5604	.0006	PC 36:4	C44H80NO8P	[M+Formate]-	/resources/tools/chemdb_ontology?abbrev=PC 36:4
826.55977	826.5604	.0006	PE 39:4	C44H80NO8P	[M+Formate]-	/resources/tools/chemdb_ontology?abbrev=PE 39:4
826.55977	826.5604	.0006	PC 35:4	C43H78NO8P	[M+OAc]-	/resources/tools/chemdb_ontology?abbrev=PC 35:4
826.55977	826.5604	.0006	PE 38:4	C43H78NO8P	[M+OAc]-	/resources/tools/chemdb_ontology?abbrev=PE 38:4
826.55977	826.5604	.0006	PE O-38:5;O	C43H78NO8P	[M+OAc]-	/resources/tools/chemdb_ontology?abbrev=PE O-38:5;O
582.47439	582.4739	.0005	Cer 32:2;O3	C32H61NO4	[M+OAc]-	/resources/tools/chemdb_ontology?abbrev=Cer 32:2;O3
726.50739	726.5079	.0005	PE 35:3	C40H74NO8P	[M-H]-	/resources/tools/chemdb_ontology?abbrev=PE 35:3
726.50739	726.5162	.0088	HexCer 32:3;O2	C38H69NO8	[M+OAc]-	/resources/tools/chemdb_ontology?abbrev=HexCer 32:3;O2
726.50739	726.5079	.0005	PC 33:3	C41H76NO8P	[M-CH3]-	/resources/tools/chemdb_ontology?abbrev=PC 33:3
758.54341	758.5342	.0093	PS O-35:2	C41H78NO9P	[M-H]-	/resources/tools/chemdb_ontology?abbrev=PS O-35:2
758.54341	758.5424	.0010	HexCer 34:2;O3	C40H75NO9	[M+Formate]-	/resources/tools/chemdb_ontology?abbrev=HexCer 34:2;O3
758.54341	758.5342	.0093	PC O-32:3	C40H76NO7P	[M+Formate]-	/resources/tools/chemdb_ontology?abbrev=PC O-32:3
758.54341	758.5342	.0093	PE O-35:3	C40H76NO7P	[M+Formate]-	/resources/tools/chemdb_ontology?abbrev=PE O-35:3
758.54341	758.5342	.0093	PE O-34:3	C39H74NO7P	[M+OAc]-	/resources/tools/chemdb_ontology?abbrev=PE O-34:3
758.54341	758.5462	.0028	PG O-36:3	C42H79O9P	Neutral	/resources/tools/chemdb_ontology?abbrev=PG O-36:3
807.49763	807.5029	.0053	PI 32:1	C41H77O13P	[M-H]-	/resources/tools/chemdb_ontology?abbrev=PI 32:1
807.49763	807.4948	.0028	PG 36:3	C42H77O10P	[M+Cl]-	/resources/tools/chemdb_ontology?abbrev=PG 36:3
807.49763	807.5050	.0074	PS 38:6	C44H74NO10P	Neutral	/resources/tools/chemdb_ontology?abbrev=PS 38:6
875.48746	875.4847	.0028	PI O-36:6	C45H77O12P	[M+Cl]-	/resources/tools/chemdb_ontology?abbrev=PI O-36:6
875.48746	875.4927	.0053	PI 34:4	C43H75O13P	[M+Formate]-	/resources/tools/chemdb_ontology?abbrev=PI 34:4
875.48746	875.4927	.0053	PI 33:4	C42H73O13P	[M+OAc]-	/resources/tools/chemdb_ontology?abbrev=PI 33:4
768.5158	768.5185	.0027	PS O-36:4	C42H76NO9P	[M-H]-	/resources/tools/chemdb_ontology?abbrev=PS O-36:4
768.5158	768.5185	.0027	PE O-36:5	C41H74NO7P	[M+Formate]-	/resources/tools/chemdb_ontology?abbrev=PE O-36:5
768.5158	768.5153	.0005	PI O-30:0	C39H77O12P	Neutral	/resources/tools/chemdb_ontology?abbrev=PI O-30:0
361.16299	361.1657	.0027	ST 19:4;O4	C19H24O4	[M+Formate]-	/resources/tools/chemdb_ontology?abbrev=ST 19:4;O4
361.16299	361.1657	.0027	ST 18:4;O4	C18H22O4	[M+OAc]-	/resources/tools/chemdb_ontology?abbrev=ST 18:4;O4
361.16299	361.1645	.0015	PI 24:3;O2	C33H57O15P	[M-2H]2-	/resources/tools/chemdb_ontology?abbrev=PI 24:3;O2
852.57511	852.5760	.0009	PS 41:4	C47H84NO10P	[M-H]-	/resources/tools/chemdb_ontology?abbrev=PS 41:4
852.57511	852.5679	.0072	PC O-40:7	C48H84NO7P	[M+Cl]-	/resources/tools/chemdb_ontology?abbrev=PC O-40:7
852.57511	852.5760	.0009	PC 38:5	C46H82NO8P	[M+Formate]-	/resources/tools/chemdb_ontology?abbrev=PC 38:5
852.57511	852.5760	.0009	PE 41:5	C46H82NO8P	[M+Formate]-	/resources/tools/chemdb_ontology?abbrev=PE 41:5
852.57511	852.5760	.0009	PC 37:5	C45H80NO8P	[M+OAc]-	/resources/tools/chemdb_ontology?abbrev=PC 37:5
852.57511	852.5760	.0009	PE 40:5	C45H80NO8P	[M+OAc]-	/resources/tools/chemdb_ontology?abbrev=PE 40:5
852.57511	852.5728	.0023	PI 35:0	C44H85O13P	Neutral	/resources/tools/chemdb_ontology?abbrev=PI 35:0
766.51546	766.5159	.0005	PC 32:1	C40H78NO8P	[M+Cl]-	/resources/tools/chemdb_ontology?abbrev=PC 32:1
766.51546	766.5159	.0005	PE 35:1	C40H78NO8P	[M+Cl]-	/resources/tools/chemdb_ontology?abbrev=PE 35:1
766.51546	766.5242	.0087	HexCer 34:1;O4	C40H77NO10	[M+Cl]-	/resources/tools/chemdb_ontology?abbrev=HexCer 34:1;O4
766.51546	766.5240	.0085	PS O-32:0	C38H76NO9P	[M+Formate]-	/resources/tools/chemdb_ontology?abbrev=PS O-32:0
766.51546	766.5240	.0085	PS O-31:0	C37H74NO9P	[M+OAc]-	/resources/tools/chemdb_ontology?abbrev=PS O-31:0
808.50923	808.5134	.0042	PS 38:5	C44H76NO10P	[M-H]-	/resources/tools/chemdb_ontology?abbrev=PS 38:5
808.50923	808.5053	.0039	PE O-40:8	C45H76NO7P	[M+Cl]-	/resources/tools/chemdb_ontology?abbrev=PE O-40:8
808.50923	808.5134	.0042	PC 35:6	C43H74NO8P	[M+Formate]-	/resources/tools/chemdb_ontology?abbrev=PC 35:6
808.50923	808.5134	.0042	PE 38:6	C43H74NO8P	[M+Formate]-	/resources/tools/chemdb_ontology?abbrev=PE 38:6
808.50923	808.5134	.0042	PE O-38:7;O	C43H74NO8P	[M+Formate]-	/resources/tools/chemdb_ontology?abbrev=PE O-38:7;O
808.50923	808.5134	.0042	PC 34:6	C42H72NO8P	[M+OAc]-	/resources/tools/chemdb_ontology?abbrev=PC 34:6
808.50923	808.5134	.0042	PE 37:6	C42H72NO8P	[M+OAc]-	/resources/tools/chemdb_ontology?abbrev=PE 37:6
808.50923	808.5102	.0010	PI 32:1	C41H77O13P	Neutral	/resources/tools/chemdb_ontology?abbrev=PI 32:1
869.55389	869.5549	.0011	PI O-38:5	C47H83O12P	[M-H]-	/resources/tools/chemdb_ontology?abbrev=PI O-38:5
869.55389	869.5469	.0070	PG O-42:7	C48H83O9P	[M+Cl]-	/resources/tools/chemdb_ontology?abbrev=PG O-42:7
869.55389	869.5549	.0011	PG 40:5	C46H81O10P	[M+Formate]-	/resources/tools/chemdb_ontology?abbrev=PG 40:5
869.55389	869.5549	.0011	PG 39:5	C45H79O10P	[M+OAc]-	/resources/tools/chemdb_ontology?abbrev=PG 39:5
844.53172	844.5345	.0028	PS 37:3	C43H78NO10P	[M+Formate]-	/resources/tools/chemdb_ontology?abbrev=PS 37:3
844.53172	844.5345	.0028	PS 36:3	C42H76NO10P	[M+OAc]-	/resources/tools/chemdb_ontology?abbrev=PS 36:3
844.53172	844.5254	.0063	PG 42:9	C48H77O10P	Neutral	/resources/tools/chemdb_ontology?abbrev=PG 42:9
555.48193	555.4913	.0094	WE 35:1	C35H68O2	[M+Cl]-	/resources/tools/chemdb_ontology?abbrev=WE 35:1
727.51054	727.5074	.0032	DG 42:8	C45H72O5	[M+Cl]-	/resources/tools/chemdb_ontology?abbrev=DG 42:8
727.51054	727.5101	.0004	CL 72:4	C81H150O17P2	[M-2H]2-	/resources/tools/chemdb_ontology?abbrev=CL 72:4
727.51054	727.5152	.0047	PC 32:3	C40H74NO8P	Neutral	/resources/tools/chemdb_ontology?abbrev=PC 32:3
727.51054	727.5152	.0047	PE 35:3	C40H74NO8P	Neutral	/resources/tools/chemdb_ontology?abbrev=PE 35:3
686.30846	686.3078	.0007	PS 24:2;O2	C30H54NO12P	[M+Cl]-	/resources/tools/chemdb_ontology?abbrev=PS 24:2;O2
778.5507	778.5523	.0016	PC O-34:2	C42H82NO7P	[M+Cl]-	/resources/tools/chemdb_ontology?abbrev=PC O-34:2
778.5507	778.5523	.0016	PE O-37:2	C42H82NO7P	[M+Cl]-	/resources/tools/chemdb_ontology?abbrev=PE O-37:2
778.5507	778.5605	.0098	HexCer 36:1;O3	C42H81NO9	[M+Cl]-	/resources/tools/chemdb_ontology?abbrev=HexCer 36:1;O3
778.5507	778.5604	.0097	PC 32:0	C40H80NO8P	[M+Formate]-	/resources/tools/chemdb_ontology?abbrev=PC 32:0
778.5507	778.5604	.0097	PE 35:0	C40H80NO8P	[M+Formate]-	/resources/tools/chemdb_ontology?abbrev=PE 35:0
778.5507	778.5604	.0097	PC 31:0	C39H78NO8P	[M+OAc]-	/resources/tools/chemdb_ontology?abbrev=PC 31:0
778.5507	778.5604	.0097	PE 34:0	C39H78NO8P	[M+OAc]-	/resources/tools/chemdb_ontology?abbrev=PE 34:0
778.5507	778.5513	.0006	PA 42:5	C45H79O8P	Neutral	/resources/tools/chemdb_ontology?abbrev=PA 42:5
778.5507	778.5595	.0088	MGDG 36:4	C45H78O10	Neutral	/resources/tools/chemdb_ontology?abbrev=MGDG 36:4
554.47866	554.4790	.0003	Cer 32:1;O2	C32H63NO3	[M+Formate]-	/resources/tools/chemdb_ontology?abbrev=Cer 32:1;O2
823.55664	823.5495	.0072	PG 40:5	C46H81O10P	[M-H]-	/resources/tools/chemdb_ontology?abbrev=PG 40:5
823.55664	823.5625	.0059	PG O-38:2	C44H85O9P	[M+Cl]-	/resources/tools/chemdb_ontology?abbrev=PG O-38:2
823.55664	823.5577	.0011	MGDG 36:4	C45H78O10	[M+Formate]-	/resources/tools/chemdb_ontology?abbrev=MGDG 36:4
823.55664	823.5495	.0072	PA 42:5	C45H79O8P	[M+Formate]-	/resources/tools/chemdb_ontology?abbrev=PA 42:5
823.55664	823.5495	.0072	PA 41:5	C44H77O8P	[M+OAc]-	/resources/tools/chemdb_ontology?abbrev=PA 41:5
823.55664	823.5480	.0087	SHexCer 36:1;O3	C42H81NO12S	Neutral	/resources/tools/chemdb_ontology?abbrev=SHexCer 36:1;O3
853.57824	853.5731	.0051	PG 39:1	C45H87O10P	[M+Cl]-	/resources/tools/chemdb_ontology?abbrev=PG 39:1
853.57824	853.5833	.0050	PS 41:4	C47H84NO10P	Neutral	/resources/tools/chemdb_ontology?abbrev=PS 41:4
845.53504	845.5338	.0012	PG 42:8	C48H79O10P	[M-H]-	/resources/tools/chemdb_ontology?abbrev=PG 42:8
845.53504	845.5316	.0034	PI O-33:0	C42H83O12P	[M+Cl]-	/resources/tools/chemdb_ontology?abbrev=PI O-33:0
845.53504	845.5338	.0012	PA 44:8	C47H77O8P	[M+Formate]-	/resources/tools/chemdb_ontology?abbrev=PA 44:8
846.53779	846.5291	.0087	PS 41:7	C47H78NO10P	[M-H]-	/resources/tools/chemdb_ontology?abbrev=PS 41:7
846.53779	846.5291	.0087	PC 38:8	C46H76NO8P	[M+Formate]-	/resources/tools/chemdb_ontology?abbrev=PC 38:8
846.53779	846.5291	.0087	PE 40:8	C45H74NO8P	[M+OAc]-	/resources/tools/chemdb_ontology?abbrev=PE 40:8
846.53779	846.5411	.0033	PG 42:8	C48H79O10P	Neutral	/resources/tools/chemdb_ontology?abbrev=PG 42:8
1508.08844	1508.0800	.0085	CL 72:1	C81H156O17P2	[M+Formate]-	/resources/tools/chemdb_ontology?abbrev=CL 72:1
776.60271	776.5931	.0096	PG O-37:1	C43H85O9P	Neutral	/resources/tools/chemdb_ontology?abbrev=PG O-37:1
776.54435	776.5447	.0004	PS 35:0	C41H80NO10P	[M-H]-	/resources/tools/chemdb_ontology?abbrev=PS 35:0
776.54435	776.5449	.0005	HexCer 36:2;O3	C42H79NO9	[M+Cl]-	/resources/tools/chemdb_ontology?abbrev=HexCer 36:2;O3
776.54435	776.5366	.0077	PC O-34:3	C42H80NO7P	[M+Cl]-	/resources/tools/chemdb_ontology?abbrev=PC O-34:3
776.54435	776.5366	.0077	PE O-37:3	C42H80NO7P	[M+Cl]-	/resources/tools/chemdb_ontology?abbrev=PE O-37:3
776.54435	776.5447	.0004	PC 32:1	C40H78NO8P	[M+Formate]-	/resources/tools/chemdb_ontology?abbrev=PC 32:1
776.54435	776.5447	.0004	PE 35:1	C40H78NO8P	[M+Formate]-	/resources/tools/chemdb_ontology?abbrev=PE 35:1
776.54435	776.5530	.0086	HexCer 34:1;O4	C40H77NO10	[M+Formate]-	/resources/tools/chemdb_ontology?abbrev=HexCer 34:1;O4
776.54435	776.5447	.0004	PC 31:1	C39H76NO8P	[M+OAc]-	/resources/tools/chemdb_ontology?abbrev=PC 31:1
776.54435	776.5447	.0004	PE 34:1	C39H76NO8P	[M+OAc]-	/resources/tools/chemdb_ontology?abbrev=PE 34:1
776.54435	776.5439	.0005	MGDG 36:5	C45H76O10	Neutral	/resources/tools/chemdb_ontology?abbrev=MGDG 36:5
776.54435	776.5356	.0087	PA 42:6	C45H77O8P	Neutral	/resources/tools/chemdb_ontology?abbrev=PA 42:6
779.5532	779.5596	.0064	PA 42:4	C45H81O8P	[M-H]-	/resources/tools/chemdb_ontology?abbrev=PA 42:4
779.5532	779.5475	.0057	CerPE 39:2;O3	C41H81N2O7P	[M+Cl]-	/resources/tools/chemdb_ontology?abbrev=CerPE 39:2;O3
779.5532	779.5444	.0088	PG O-34:1	C40H79O9P	[M+Formate]-	/resources/tools/chemdb_ontology?abbrev=PG O-34:1
779.5532	779.5444	.0088	PG O-33:1	C39H77O9P	[M+OAc]-	/resources/tools/chemdb_ontology?abbrev=PG O-33:1
779.5532	779.5465	.0067	PC 36:5	C44H78NO8P	Neutral	/resources/tools/chemdb_ontology?abbrev=PC 36:5
779.5532	779.5465	.0067	PE 39:5	C44H78NO8P	Neutral	/resources/tools/chemdb_ontology?abbrev=PE 39:5
491.35867	491.3509	.0078	DG 24:0	C27H52O5	[M+Cl]-	/resources/tools/chemdb_ontology?abbrev=DG 24:0
1534.10448	1534.0956	.0088	CL 74:2	C83H158O17P2	[M+Formate]-	/resources/tools/chemdb_ontology?abbrev=CL 74:2
777.60615	777.6015	.0046	PG O-37:0	C43H87O9P	[M-H]-	/resources/tools/chemdb_ontology?abbrev=PG O-37:0
777.60615	777.6015	.0046	PA O-39:0	C42H85O7P	[M+Formate]-	/resources/tools/chemdb_ontology?abbrev=PA O-39:0
777.60615	777.6127	.0066	SM 36:0;O2	C41H85N2O6P	[M+Formate]-	/resources/tools/chemdb_ontology?abbrev=SM 36:0;O2
777.60615	777.6015	.0046	PA O-38:0	C41H83O7P	[M+OAc]-	/resources/tools/chemdb_ontology?abbrev=PA O-38:0
777.60615	777.6127	.0066	SM 35:0;O2	C40H83N2O6P	[M+OAc]-	/resources/tools/chemdb_ontology?abbrev=SM 35:0;O2
793.53401	793.5389	.0049	PA O-40:6	C43H75O7P	[M+OAc]-	/resources/tools/chemdb_ontology?abbrev=PA O-40:6
793.53401	793.5258	.0082	PS O-38:6	C44H76NO9P	Neutral	/resources/tools/chemdb_ontology?abbrev=PS O-38:6
712.49146	712.4923	.0008	PE 34:3	C39H72NO8P	[M-H]-	/resources/tools/chemdb_ontology?abbrev=PE 34:3
712.49146	712.5005	.0091	HexCer 32:3;O2	C38H69NO8	[M+Formate]-	/resources/tools/chemdb_ontology?abbrev=HexCer 32:3;O2
712.49146	712.4923	.0008	PC 32:3	C40H74NO8P	[M-CH3]-	/resources/tools/chemdb_ontology?abbrev=PC 32:3
712.49146	712.4867	.0048	CL 70:5	C79H144O17P2	[M-2H]2-	/resources/tools/chemdb_ontology?abbrev=CL 70:5
713.4952	713.4945	.0007	CL 70:4	C79H146O17P2	[M-2H]2-	/resources/tools/chemdb_ontology?abbrev=CL 70:4
713.4952	713.4996	.0044	PC 31:3	C39H72NO8P	Neutral	/resources/tools/chemdb_ontology?abbrev=PC 31:3
713.4952	713.4996	.0044	PE 34:3	C39H72NO8P	Neutral	/resources/tools/chemdb_ontology?abbrev=PE 34:3
1560.12013	1560.1113	.0088	CL 76:3	C85H160O17P2	[M+Formate]-	/resources/tools/chemdb_ontology?abbrev=CL 76:3
872.55335	872.5447	.0086	PC 40:9	C48H78NO8P	[M+Formate]-	/resources/tools/chemdb_ontology?abbrev=PC 40:9
872.55335	872.5506	.0028	IPC 34:0;O4	C40H80NO13P	[M+OAc]-	/resources/tools/chemdb_ontology?abbrev=IPC 34:0;O4
872.55335	872.5447	.0086	PE 42:9	C47H76NO8P	[M+OAc]-	/resources/tools/chemdb_ontology?abbrev=PE 42:9
749.5714	749.5702	.0012	PG O-35:0	C41H83O9P	[M-H]-	/resources/tools/chemdb_ontology?abbrev=PG O-35:0
749.5714	749.5702	.0012	PA O-37:0	C40H81O7P	[M+Formate]-	/resources/tools/chemdb_ontology?abbrev=PA O-37:0
749.5714	749.5702	.0012	PA O-36:0	C39H79O7P	[M+OAc]-	/resources/tools/chemdb_ontology?abbrev=PA O-36:0
780.47978	780.4821	.0023	PS 36:5	C42H72NO10P	[M-H]-	/resources/tools/chemdb_ontology?abbrev=PS 36:5
780.47978	780.4821	.0023	PE 36:6	C41H70NO8P	[M+Formate]-	/resources/tools/chemdb_ontology?abbrev=PE 36:6
780.47978	780.4821	.0023	PE 35:6	C40H68NO8P	[M+OAc]-	/resources/tools/chemdb_ontology?abbrev=PE 35:6
780.47978	780.4789	.0009	PI 30:1	C39H73O13P	Neutral	/resources/tools/chemdb_ontology?abbrev=PI 30:1
803.62249	803.6195	.0030	TG 49:8	C52H84O6	[M-H]-	/resources/tools/chemdb_ontology?abbrev=TG 49:8
803.62249	803.6172	.0053	PG O-39:1	C45H89O9P	[M-H]-	/resources/tools/chemdb_ontology?abbrev=PG O-39:1
803.62249	803.6172	.0053	PA O-41:1	C44H87O7P	[M+Formate]-	/resources/tools/chemdb_ontology?abbrev=PA O-41:1
803.62249	803.6284	.0059	SM 38:1;O2	C43H87N2O6P	[M+Formate]-	/resources/tools/chemdb_ontology?abbrev=SM 38:1;O2
803.62249	803.6172	.0053	PA O-40:1	C43H85O7P	[M+OAc]-	/resources/tools/chemdb_ontology?abbrev=PA O-40:1
803.62249	803.6284	.0059	CerPE 40:1;O2	C42H85N2O6P	[M+OAc]-	/resources/tools/chemdb_ontology?abbrev=CerPE 40:1;O2
803.62249	803.6284	.0059	SM 37:1;O2	C42H85N2O6P	[M+OAc]-	/resources/tools/chemdb_ontology?abbrev=SM 37:1;O2
806.4947	806.4978	.0031	PS 38:6	C44H74NO10P	[M-H]-	/resources/tools/chemdb_ontology?abbrev=PS 38:6
806.4947	806.4978	.0031	PE 38:7	C43H72NO8P	[M+Formate]-	/resources/tools/chemdb_ontology?abbrev=PE 38:7
806.4947	806.4978	.0031	PE 37:7	C42H70NO8P	[M+OAc]-	/resources/tools/chemdb_ontology?abbrev=PE 37:7
806.4947	806.4945	.0002	PI 32:2	C41H75O13P	Neutral	/resources/tools/chemdb_ontology?abbrev=PI 32:2
792.53078	792.5316	.0008	PC 34:2	C42H80NO8P	[M+Cl]-	/resources/tools/chemdb_ontology?abbrev=PC 34:2
792.53078	792.5316	.0008	PE 37:2	C42H80NO8P	[M+Cl]-	/resources/tools/chemdb_ontology?abbrev=PE 37:2
792.53078	792.5396	.0089	PS O-34:1	C40H78NO9P	[M+Formate]-	/resources/tools/chemdb_ontology?abbrev=PS O-34:1
792.53078	792.5396	.0089	PS O-33:1	C39H76NO9P	[M+OAc]-	/resources/tools/chemdb_ontology?abbrev=PS O-33:1
802.61827	802.6088	.0095	PG O-39:2	C45H87O9P	Neutral	/resources/tools/chemdb_ontology?abbrev=PG O-39:2
580.4937	580.4947	.0010	Cer 34:2;O2	C34H65NO3	[M+Formate]-	/resources/tools/chemdb_ontology?abbrev=Cer 34:2;O2
580.4937	580.4947	.0010	Cer 33:2;O2	C33H63NO3	[M+OAc]-	/resources/tools/chemdb_ontology?abbrev=Cer 33:2;O2
741.54866	741.5440	.0047	PA 39:2	C42H79O8P	[M-H]-	/resources/tools/chemdb_ontology?abbrev=PA 39:2
874.48192	874.4876	.0057	PS 40:9	C46H72NO10P	[M+Formate]-	/resources/tools/chemdb_ontology?abbrev=PS 40:9
916.53956	916.5345	.0050	PS 42:9	C48H76NO10P	[M+OAc]-	/resources/tools/chemdb_ontology?abbrev=PS 42:9
738.56499	738.5563	.0086	PA O-40:4	C43H79O7P	Neutral	/resources/tools/chemdb_ontology?abbrev=PA O-40:4
753.54205	753.5440	.0019	PA 40:3	C43H79O8P	[M-H]-	/resources/tools/chemdb_ontology?abbrev=PA 40:3
786.52855	786.5291	.0005	PS 36:2	C42H78NO10P	[M-H]-	/resources/tools/chemdb_ontology?abbrev=PS 36:2
786.52855	786.5210	.0076	PE O-38:5	C43H78NO7P	[M+Cl]-	/resources/tools/chemdb_ontology?abbrev=PE O-38:5
786.52855	786.5291	.0005	PC 33:3	C41H76NO8P	[M+Formate]-	/resources/tools/chemdb_ontology?abbrev=PC 33:3
786.52855	786.5291	.0005	PE 36:3	C41H76NO8P	[M+Formate]-	/resources/tools/chemdb_ontology?abbrev=PE 36:3
786.52855	786.5291	.0005	PC 32:3	C40H74NO8P	[M+OAc]-	/resources/tools/chemdb_ontology?abbrev=PC 32:3
786.52855	786.5291	.0005	PE 35:3	C40H74NO8P	[M+OAc]-	/resources/tools/chemdb_ontology?abbrev=PE 35:3
748.56854	748.5618	.0067	PG O-35:1	C41H81O9P	Neutral	/resources/tools/chemdb_ontology?abbrev=PG O-35:1
883.53945	883.5342	.0052	PI 38:5	C47H81O13P	[M-H]-	/resources/tools/chemdb_ontology?abbrev=PI 38:5
883.53945	883.5473	.0078	PI O-36:2	C45H85O12P	[M+Cl]-	/resources/tools/chemdb_ontology?abbrev=PI O-36:2
883.53945	883.5366	.0029	TG 49:14;O2	C52H72O8	[M+OAc]-	/resources/tools/chemdb_ontology?abbrev=TG 49:14;O2
883.53945	883.5363	.0031	PS 44:10	C50H78NO10P	Neutral	/resources/tools/chemdb_ontology?abbrev=PS 44:10
747.62337	747.6297	.0063	CE 22:3	C49H82O2	[M+Formate]-	/resources/tools/chemdb_ontology?abbrev=CE 22:3
747.62337	747.6144	.0089	DG 42:3	C45H82O5	[M+Formate]-	/resources/tools/chemdb_ontology?abbrev=DG 42:3
747.62337	747.6144	.0089	DG 41:3	C44H80O5	[M+OAc]-	/resources/tools/chemdb_ontology?abbrev=DG 41:3
747.62337	747.6142	.0092	PC O-34:0	C42H86NO7P	Neutral	/resources/tools/chemdb_ontology?abbrev=PC O-34:0
747.62337	747.6142	.0092	PE O-37:0	C42H86NO7P	Neutral	/resources/tools/chemdb_ontology?abbrev=PE O-37:0
815.55233	815.5444	.0079	PG O-36:4	C42H77O9P	[M+OAc]-	/resources/tools/chemdb_ontology?abbrev=PG O-36:4
815.55233	815.5465	.0058	PC 39:8	C47H78NO8P	Neutral	/resources/tools/chemdb_ontology?abbrev=PC 39:8
815.55233	815.5465	.0058	PE 42:8	C47H78NO8P	Neutral	/resources/tools/chemdb_ontology?abbrev=PE 42:8
653.51011	653.5151	.0049	DG 39:6	C42H70O5	[M-H]-	/resources/tools/chemdb_ontology?abbrev=DG 39:6
653.51011	653.5070	.0031	CE 16:3	C43H70O2	[M+Cl]-	/resources/tools/chemdb_ontology?abbrev=CE 16:3
772.60812	772.5982	.0099	PA 41:1	C44H85O8P	Neutral	/resources/tools/chemdb_ontology?abbrev=PA 41:1
919.6149	919.6200	.0051	PG 44:3	C50H93O10P	[M+Cl]-	/resources/tools/chemdb_ontology?abbrev=PG 44:3
809.51766	809.5186	.0009	PI 32:0	C41H79O13P	[M-H]-	/resources/tools/chemdb_ontology?abbrev=PI 32:0
809.51766	809.5105	.0072	PG 36:2	C42H79O10P	[M+Cl]-	/resources/tools/chemdb_ontology?abbrev=PG 36:2
809.51766	809.5207	.0030	PC 36:6;O2	C44H76NO10P	Neutral	/resources/tools/chemdb_ontology?abbrev=PC 36:6;O2
809.51766	809.5207	.0030	PS 38:5	C44H76NO10P	Neutral	/resources/tools/chemdb_ontology?abbrev=PS 38:5
657.49748	657.4977	.0002	CerPE 34:2;O2	C36H71N2O6P	[M-H]-	/resources/tools/chemdb_ontology?abbrev=CerPE 34:2;O2
657.49748	657.4977	.0002	SM 32:2;O2	C37H73N2O6P	[M-CH3]-	/resources/tools/chemdb_ontology?abbrev=SM 32:2;O2
611.45241	611.4448	.0076	DG 33:3	C36H64O5	[M+Cl]-	/resources/tools/chemdb_ontology?abbrev=DG 33:3
816.55572	816.5549	.0008	PE 42:7	C47H80NO8P	[M-H]-	/resources/tools/chemdb_ontology?abbrev=PE 42:7
816.55572	816.5549	.0008	PC 40:7	C48H82NO8P	[M-CH3]-	/resources/tools/chemdb_ontology?abbrev=PC 40:7
760.55715	760.5498	.0073	PS O-35:1	C41H80NO9P	[M-H]-	/resources/tools/chemdb_ontology?abbrev=PS O-35:1
760.55715	760.5500	.0072	HexCer 36:2;O2	C42H79NO8	[M+Cl]-	/resources/tools/chemdb_ontology?abbrev=HexCer 36:2;O2
760.55715	760.5580	.0009	HexCer 34:1;O3	C40H77NO9	[M+Formate]-	/resources/tools/chemdb_ontology?abbrev=HexCer 34:1;O3
760.55715	760.5498	.0073	PC O-32:2	C40H78NO7P	[M+Formate]-	/resources/tools/chemdb_ontology?abbrev=PC O-32:2
760.55715	760.5498	.0073	PE O-35:2	C40H78NO7P	[M+Formate]-	/resources/tools/chemdb_ontology?abbrev=PE O-35:2
760.55715	760.5498	.0073	PC O-31:2	C39H76NO7P	[M+OAc]-	/resources/tools/chemdb_ontology?abbrev=PC O-31:2
760.55715	760.5498	.0073	PE O-34:2	C39H76NO7P	[M+OAc]-	/resources/tools/chemdb_ontology?abbrev=PE O-34:2
760.55715	760.5618	.0047	PG O-36:2	C42H81O9P	Neutral	/resources/tools/chemdb_ontology?abbrev=PG O-36:2
783.64087	783.6508	.0100	TG 47:4	C50H88O6	[M-H]-	/resources/tools/chemdb_ontology?abbrev=TG 47:4
783.64087	783.6386	.0023	SM 41:2;O2	C46H91N2O6P	[M-CH3]-	/resources/tools/chemdb_ontology?abbrev=SM 41:2;O2
770.5332	770.5342	.0010	PS O-36:3	C42H78NO9P	[M-H]-	/resources/tools/chemdb_ontology?abbrev=PS O-36:3
770.5332	770.5342	.0010	PE O-36:4	C41H76NO7P	[M+Formate]-	/resources/tools/chemdb_ontology?abbrev=PE O-36:4
770.5332	770.5424	.0092	HexCer 35:3;O3	C41H75NO9	[M+Formate]-	/resources/tools/chemdb_ontology?abbrev=HexCer 35:3;O3
803.56341	803.5596	.0038	PA 44:6	C47H81O8P	[M-H]-	/resources/tools/chemdb_ontology?abbrev=PA 44:6
803.56341	803.5727	.0093	PA O-42:3	C45H85O7P	[M+Cl]-	/resources/tools/chemdb_ontology?abbrev=PA O-42:3
803.56341	803.5676	.0042	PS 37:1	C43H82NO10P	Neutral	/resources/tools/chemdb_ontology?abbrev=PS 37:1
591.28893	591.2940	.0051	PA 25:3;O3	C28H49O11P	[M-H]-	/resources/tools/chemdb_ontology?abbrev=PA 25:3;O3
591.28893	591.2940	.0051	LPG 20:4	C26H45O9P	[M+OAc]-	/resources/tools/chemdb_ontology?abbrev=LPG 20:4
590.28568	590.2856	.0001	PA 25:4;O3	C28H47O11P	Neutral	/resources/tools/chemdb_ontology?abbrev=PA 25:4;O3
782.63752	782.6424	.0049	TG 47:5	C50H86O6	Neutral	/resources/tools/chemdb_ontology?abbrev=TG 47:5
782.63752	782.6302	.0073	SM 40:3;O2	C45H87N2O6P	Neutral	/resources/tools/chemdb_ontology?abbrev=SM 40:3;O2
151.06873	151.0765	.0077	FA 9:3	C9H12O2	[M-H]-	/resources/tools/chemdb_ontology?abbrev=FA 9:3
151.06873	151.0765	.0077	WE 9:3	C9H12O2	[M-H]-	/resources/tools/chemdb_ontology?abbrev=WE 9:3
151.06873	151.0686	.0001	LPA 20:5	C23H37O7P	[M-3H]3-	/resources/tools/chemdb_ontology?abbrev=LPA 20:5
88.04025	88.0424	.0022	SFE 11:4	C11H14O2	[M-2H]2-	/resources/tools/chemdb_ontology?abbrev=SFE 11:4
185.02218	185.0222	.0001	FA 5:0;O3	C5H10O5	[M+Cl]-	/resources/tools/chemdb_ontology?abbrev=FA 5:0;O3
348.09822	348.0984	.0002	LPC 3:0	C11H24NO7P	[M+Cl]-	/resources/tools/chemdb_ontology?abbrev=LPC 3:0
348.09822	348.0984	.0002	PC O-3:0	C11H24NO7P	[M+Cl]-	/resources/tools/chemdb_ontology?abbrev=PC O-3:0
490.15957	490.1614	.0019	PS 12:0	C18H34NO10P	[M+Cl]-	/resources/tools/chemdb_ontology?abbrev=PS 12:0
253.09261	253.1001	.0075	FA 14:5	C14H18O2	[M+Cl]-	/resources/tools/chemdb_ontology?abbrev=FA 14:5
253.09261	253.0848	.0078	FA 10:1;O3	C10H18O5	[M+Cl]-	/resources/tools/chemdb_ontology?abbrev=FA 10:1;O3
116.07162	116.0737	.0021	FA 15:4	C15H22O2	[M-2H]2-	/resources/tools/chemdb_ontology?abbrev=FA 15:4
116.07162	116.0737	.0021	WE 15:4	C15H22O2	[M-2H]2-	/resources/tools/chemdb_ontology?abbrev=WE 15:4
187.00696	187.0168	.0098	SFE 8:4;O	C8H8O3	[M+Cl]-	/resources/tools/chemdb_ontology?abbrev=SFE 8:4;O
83.03612	83.0321	.0041	WE 9:3;O	C9H12O3	[M-2H]2-	/resources/tools/chemdb_ontology?abbrev=WE 9:3;O
403.13568	403.1352	.0005	ST 19:2;O2;S	C19H28O5S	[M+Cl]-	/resources/tools/chemdb_ontology?abbrev=ST 19:2;O2;S
403.13568	403.1294	.0063	PA 12:0	C15H29O8P	[M+Cl]-	/resources/tools/chemdb_ontology?abbrev=PA 12:0
351.11014	351.1157	.0056	FA 22:12	C22H20O2	[M+Cl]-	/resources/tools/chemdb_ontology?abbrev=FA 22:12
401.07529	401.0831	.0078	ST 18:4;O3;S	C18H22O6S	[M+Cl]-	/resources/tools/chemdb_ontology?abbrev=ST 18:4;O3;S
600.38859	600.3801	.0084	LPC 21:0	C29H60NO7P	[M+Cl]-	/resources/tools/chemdb_ontology?abbrev=LPC 21:0
600.38859	600.3801	.0084	LPE 24:0	C29H60NO7P	[M+Cl]-	/resources/tools/chemdb_ontology?abbrev=LPE 24:0
600.38859	600.3801	.0084	LPE O-24:1;O	C29H60NO7P	[M+Cl]-	/resources/tools/chemdb_ontology?abbrev=LPE O-24:1;O
600.38859	600.3801	.0084	PC O-21:0	C29H60NO7P	[M+Cl]-	/resources/tools/chemdb_ontology?abbrev=PC O-21:0
602.3869	602.3958	.0089	LPE O-24:0;O	C29H62NO7P	[M+Cl]-	/resources/tools/chemdb_ontology?abbrev=LPE O-24:0;O
602.3869	602.3948	.0079	PA 29:2	C32H59O8P	Neutral	/resources/tools/chemdb_ontology?abbrev=PA 29:2
610.41697	610.4090	.0080	LPS O-24:0;O	C30H62NO9P	[M-H]-	/resources/tools/chemdb_ontology?abbrev=LPS O-24:0;O
610.41697	610.4090	.0080	LPC 21:0	C29H60NO7P	[M+Formate]-	/resources/tools/chemdb_ontology?abbrev=LPC 21:0
610.41697	610.4090	.0080	LPE 24:0	C29H60NO7P	[M+Formate]-	/resources/tools/chemdb_ontology?abbrev=LPE 24:0
610.41697	610.4090	.0080	LPE O-24:1;O	C29H60NO7P	[M+Formate]-	/resources/tools/chemdb_ontology?abbrev=LPE O-24:1;O
610.41697	610.4090	.0080	PC O-21:0	C29H60NO7P	[M+Formate]-	/resources/tools/chemdb_ontology?abbrev=PC O-21:0
610.41697	610.4090	.0080	LPC 20:0	C28H58NO7P	[M+OAc]-	/resources/tools/chemdb_ontology?abbrev=LPC 20:0
610.41697	610.4090	.0080	PC O-20:0	C28H58NO7P	[M+OAc]-	/resources/tools/chemdb_ontology?abbrev=PC O-20:0
689.42652	689.4188	.0077	PA 36:7	C39H63O8P	[M-H]-	/resources/tools/chemdb_ontology?abbrev=PA 36:7
689.42652	689.4319	.0053	PA O-34:4	C37H67O7P	[M+Cl]-	/resources/tools/chemdb_ontology?abbrev=PA O-34:4
689.42652	689.4268	.0003	PE 30:3;O2	C35H64NO10P	Neutral	/resources/tools/chemdb_ontology?abbrev=PE 30:3;O2
689.42652	689.4268	.0003	PS 29:2	C35H64NO10P	Neutral	/resources/tools/chemdb_ontology?abbrev=PS 29:2
723.5011	723.4970	.0041	PA 38:4	C41H73O8P	[M-H]-	/resources/tools/chemdb_ontology?abbrev=PA 38:4
723.5011	723.5101	.0090	PA O-36:1	C39H77O7P	[M+Cl]-	/resources/tools/chemdb_ontology?abbrev=PA O-36:1
307.08401	307.0823	.0017	FA 13:7;O3	C13H12O5	[M+OAc]-	/resources/tools/chemdb_ontology?abbrev=FA 13:7;O3
326.14448	326.1374	.0071	LPC 4:0	C12H26NO7P	[M-H]-	/resources/tools/chemdb_ontology?abbrev=LPC 4:0
308.13712	308.1330	.0041	LPI 20:5	C29H47O12P	[M-2H]2-	/resources/tools/chemdb_ontology?abbrev=LPI 20:5
87.04511	87.0452	.0001	FA 4:0	C4H8O2	[M-H]-	/resources/tools/chemdb_ontology?abbrev=FA 4:0
87.04511	87.0452	.0001	SFE 4:0	C4H8O2	[M-H]-	/resources/tools/chemdb_ontology?abbrev=SFE 4:0
87.04511	87.0452	.0001	FA 8:0;O2	C8H16O4	[M-2H]2-	/resources/tools/chemdb_ontology?abbrev=FA 8:0;O2
88.04668	88.0424	.0043	SFE 11:4	C11H14O2	[M-2H]2-	/resources/tools/chemdb_ontology?abbrev=SFE 11:4
88.04668	88.0524	.0058	FA 4:0	C4H8O2	Neutral	/resources/tools/chemdb_ontology?abbrev=FA 4:0
88.04668	88.0524	.0058	SFE 4:0	C4H8O2	Neutral	/resources/tools/chemdb_ontology?abbrev=SFE 4:0
174.0882	174.0879	.0003	LPE 22:6	C27H44NO7P	[M-3H]3-	/resources/tools/chemdb_ontology?abbrev=LPE 22:6
174.0882	174.0892	.0010	FA 8:1;O2	C8H14O4	Neutral	/resources/tools/chemdb_ontology?abbrev=FA 8:1;O2
308.09853	308.0906	.0079	CAR 5:2;O2	C12H19NO6	[M+Cl]-	/resources/tools/chemdb_ontology?abbrev=CAR 5:2;O2
148.04364	148.0372	.0065	FA 5:1;O3	C5H8O5	Neutral	/resources/tools/chemdb_ontology?abbrev=FA 5:1;O3
128.04269	128.0473	.0047	FA 6:2;O	C6H8O3	Neutral	/resources/tools/chemdb_ontology?abbrev=FA 6:2;O
185.02771	185.0222	.0055	FA 5:0;O3	C5H10O5	[M+Cl]-	/resources/tools/chemdb_ontology?abbrev=FA 5:0;O3
167.02093	167.0117	.0093	FA 5:1;O2	C5H8O4	[M+Cl]-	/resources/tools/chemdb_ontology?abbrev=FA 5:1;O2
346.08134	346.0828	.0015	LPC 3:1	C11H22NO7P	[M+Cl]-	/resources/tools/chemdb_ontology?abbrev=LPC 3:1
344.10189	344.1116	.0097	LPC 2:0	C10H22NO7P	[M+Formate]-	/resources/tools/chemdb_ontology?abbrev=LPC 2:0
310.15048	310.1427	.0078	CAR 6:0;O	C13H25NO5	[M+Cl]-	/resources/tools/chemdb_ontology?abbrev=CAR 6:0;O
310.15048	310.1486	.0018	LPI 20:3	C29H51O12P	[M-2H]2-	/resources/tools/chemdb_ontology?abbrev=LPI 20:3
310.15048	310.1486	.0018	PG 23:3;O2	C29H51O12P	[M-2H]2-	/resources/tools/chemdb_ontology?abbrev=PG 23:3;O2
160.06142	160.0524	.0090	FA 10:6	C10H8O2	Neutral	/resources/tools/chemdb_ontology?abbrev=FA 10:6
213.01514	213.0171	.0020	FA 6:1;O4	C6H10O6	[M+Cl]-	/resources/tools/chemdb_ontology?abbrev=FA 6:1;O4
129.01919	129.0193	.0002	FA 5:2;O2	C5H6O4	[M-H]-	/resources/tools/chemdb_ontology?abbrev=FA 5:2;O2
129.01919	129.0193	.0002	SFE 5:2;O2	C5H6O4	[M-H]-	/resources/tools/chemdb_ontology?abbrev=SFE 5:2;O2
298.11412	298.1061	.0080	LPC 2:0	C10H22NO7P	[M-H]-	/resources/tools/chemdb_ontology?abbrev=LPC 2:0
298.11412	298.1061	.0080	PC O-3:0	C11H24NO7P	[M-CH3]-	/resources/tools/chemdb_ontology?abbrev=PC O-3:0
164.03859	164.0473	.0088	FA 9:5;O	C9H8O3	Neutral	/resources/tools/chemdb_ontology?abbrev=FA 9:5;O
225.01661	225.0171	.0005	FA 7:2;O4	C7H10O6	[M+Cl]-	/resources/tools/chemdb_ontology?abbrev=FA 7:2;O4
229.06818	229.0718	.0036	FA 9:3;O2	C9H12O4	[M+Formate]-	/resources/tools/chemdb_ontology?abbrev=FA 9:3;O2
344.11359	344.1116	.0020	LPC 2:0	C10H22NO7P	[M+Formate]-	/resources/tools/chemdb_ontology?abbrev=LPC 2:0
344.11359	344.1112	.0024	CoA 17:0;O	C38H68N7O18P3S	[M-3H]3-	/resources/tools/chemdb_ontology?abbrev=CoA 17:0;O
325.12479	325.1212	.0036	FA 17:6;O2	C17H22O4	[M+Cl]-	/resources/tools/chemdb_ontology?abbrev=FA 17:6;O2
325.12479	325.1293	.0045	FA 14:5;O3	C14H18O5	[M+OAc]-	/resources/tools/chemdb_ontology?abbrev=FA 14:5;O3
164.04689	164.0473	.0005	FA 9:5;O	C9H8O3	Neutral	/resources/tools/chemdb_ontology?abbrev=FA 9:5;O
273.14525	273.1437	.0016	ST 27:0;O6;S	C27H48O9S	[M-2H]2-	/resources/tools/chemdb_ontology?abbrev=ST 27:0;O6;S
590.33789	590.3464	.0085	LPC 20:3	C28H52NO7P	[M+Formate]-	/resources/tools/chemdb_ontology?abbrev=LPC 20:3
590.33789	590.3464	.0085	LPC 19:3	C27H50NO7P	[M+OAc]-	/resources/tools/chemdb_ontology?abbrev=LPC 19:3
590.33789	590.3464	.0085	PC 22:2;O	C30H56NO9P	[M-CH3]-	/resources/tools/chemdb_ontology?abbrev=PC 22:2;O
740.5455	740.5366	.0089	PC O-31:0	C39H80NO7P	[M+Cl]-	/resources/tools/chemdb_ontology?abbrev=PC O-31:0
740.5455	740.5366	.0089	PE O-34:0	C39H80NO7P	[M+Cl]-	/resources/tools/chemdb_ontology?abbrev=PE O-34:0
740.5455	740.5356	.0099	PA 39:3	C42H77O8P	Neutral	/resources/tools/chemdb_ontology?abbrev=PA 39:3
808.53367	808.5265	.0072	PS O-36:2	C42H80NO9P	[M+Cl]-	/resources/tools/chemdb_ontology?abbrev=PS O-36:2
808.53367	808.5345	.0009	PS 34:0	C40H78NO10P	[M+Formate]-	/resources/tools/chemdb_ontology?abbrev=PS 34:0
808.53367	808.5345	.0009	PS 33:0	C39H76NO10P	[M+OAc]-	/resources/tools/chemdb_ontology?abbrev=PS 33:0
808.53367	808.5254	.0082	PG 39:6	C45H77O10P	Neutral	/resources/tools/chemdb_ontology?abbrev=PG 39:6
781.63084	781.6352	.0043	TG 47:5	C50H86O6	[M-H]-	/resources/tools/chemdb_ontology?abbrev=TG 47:5
784.64386	784.6458	.0020	SM 40:2;O2	C45H89N2O6P	Neutral	/resources/tools/chemdb_ontology?abbrev=SM 40:2;O2
850.6248	850.6331	.0083	PE 44:4	C49H90NO8P	[M-H]-	/resources/tools/chemdb_ontology?abbrev=PE 44:4
850.6248	850.6181	.0067	HexCer 40:1;O4	C46H89NO10	[M+Cl]-	/resources/tools/chemdb_ontology?abbrev=HexCer 40:1;O4
850.6248	850.6179	.0069	PS O-38:0	C44H88NO9P	[M+Formate]-	/resources/tools/chemdb_ontology?abbrev=PS O-38:0
850.6248	850.6179	.0069	PS O-37:0	C43H86NO9P	[M+OAc]-	/resources/tools/chemdb_ontology?abbrev=PS O-37:0
850.6248	850.6331	.0083	PC 42:4	C50H92NO8P	[M-CH3]-	/resources/tools/chemdb_ontology?abbrev=PC 42:4
614.40321	614.3958	.0074	LPC 22:0	C30H62NO7P	[M+Cl]-	/resources/tools/chemdb_ontology?abbrev=LPC 22:0
614.40321	614.3958	.0074	LPE O-25:1;O	C30H62NO7P	[M+Cl]-	/resources/tools/chemdb_ontology?abbrev=LPE O-25:1;O
614.40321	614.3958	.0074	PC O-22:0	C30H62NO7P	[M+Cl]-	/resources/tools/chemdb_ontology?abbrev=PC O-22:0
614.40321	614.3948	.0085	PA 30:3	C33H59O8P	Neutral	/resources/tools/chemdb_ontology?abbrev=PA 30:3
725.48595	725.4763	.0096	PG O-34:5	C40H71O9P	[M-H]-	/resources/tools/chemdb_ontology?abbrev=PG O-34:5
725.48595	725.4894	.0034	PA 35:0	C38H75O8P	[M+Cl]-	/resources/tools/chemdb_ontology?abbrev=PA 35:0
725.48595	725.4917	.0058	DG 42:9	C45H70O5	[M+Cl]-	/resources/tools/chemdb_ontology?abbrev=DG 42:9
725.48595	725.4763	.0096	PA O-36:5	C39H69O7P	[M+Formate]-	/resources/tools/chemdb_ontology?abbrev=PA O-36:5
851.62805	851.6302	.0022	PA 44:0	C47H93O8P	[M+Cl]-	/resources/tools/chemdb_ontology?abbrev=PA 44:0
721.50213	721.5025	.0004	PG 32:0	C38H75O10P	[M-H]-	/resources/tools/chemdb_ontology?abbrev=PG 32:0
721.50213	721.5057	.0036	CerPE 36:2;O2	C38H75N2O6P	[M+Cl]-	/resources/tools/chemdb_ontology?abbrev=CerPE 36:2;O2
721.50213	721.5057	.0036	SM 33:2;O2	C38H75N2O6P	[M+Cl]-	/resources/tools/chemdb_ontology?abbrev=SM 33:2;O2
721.50213	721.4945	.0077	PA O-36:2	C39H75O7P	[M+Cl]-	/resources/tools/chemdb_ontology?abbrev=PA O-36:2
721.50213	721.5025	.0004	PA 34:0	C37H73O8P	[M+Formate]-	/resources/tools/chemdb_ontology?abbrev=PA 34:0
721.50213	721.5025	.0004	PA 33:0	C36H71O8P	[M+OAc]-	/resources/tools/chemdb_ontology?abbrev=PA 33:0
721.50213	721.5049	.0028	DG 40:9	C43H66O5	[M+OAc]-	/resources/tools/chemdb_ontology?abbrev=DG 40:9
721.50213	721.5046	.0025	PE O-36:6	C41H72NO7P	Neutral	/resources/tools/chemdb_ontology?abbrev=PE O-36:6
918.61176	918.6197	.0080	PI 40:2	C49H91O13P	Neutral	/resources/tools/chemdb_ontology?abbrev=PI 40:2
805.56902	805.5753	.0063	PA 44:5	C47H83O8P	[M-H]-	/resources/tools/chemdb_ontology?abbrev=PA 44:5
805.56902	805.5600	.0090	PG O-36:2	C42H81O9P	[M+Formate]-	/resources/tools/chemdb_ontology?abbrev=PG O-36:2
805.56902	805.5600	.0090	PG O-35:2	C41H79O9P	[M+OAc]-	/resources/tools/chemdb_ontology?abbrev=PG O-35:2
805.56902	805.5622	.0069	PC 38:6	C46H80NO8P	Neutral	/resources/tools/chemdb_ontology?abbrev=PC 38:6
805.56902	805.5622	.0069	PE 41:6	C46H80NO8P	Neutral	/resources/tools/chemdb_ontology?abbrev=PE 41:6
700.49185	700.4923	.0004	PE 33:2	C38H72NO8P	[M-H]-	/resources/tools/chemdb_ontology?abbrev=PE 33:2
700.49185	700.5005	.0087	HexCer 30:2;O2	C36H67NO8	[M+OAc]-	/resources/tools/chemdb_ontology?abbrev=HexCer 30:2;O2
700.49185	700.4923	.0004	PC 31:2	C39H74NO8P	[M-CH3]-	/resources/tools/chemdb_ontology?abbrev=PC 31:2
836.53727	836.5447	.0074	PS 40:5	C46H80NO10P	[M-H]-	/resources/tools/chemdb_ontology?abbrev=PS 40:5
836.53727	836.5447	.0074	PC 37:6	C45H78NO8P	[M+Formate]-	/resources/tools/chemdb_ontology?abbrev=PC 37:6
836.53727	836.5447	.0074	PE 40:6	C45H78NO8P	[M+Formate]-	/resources/tools/chemdb_ontology?abbrev=PE 40:6
836.53727	836.5447	.0074	PE O-40:7;O	C45H78NO8P	[M+Formate]-	/resources/tools/chemdb_ontology?abbrev=PE O-40:7;O
836.53727	836.5447	.0074	PC 36:6	C44H76NO8P	[M+OAc]-	/resources/tools/chemdb_ontology?abbrev=PC 36:6
836.53727	836.5447	.0074	PE 39:6	C44H76NO8P	[M+OAc]-	/resources/tools/chemdb_ontology?abbrev=PE 39:6
836.53727	836.5415	.0042	PI 34:1	C43H81O13P	Neutral	/resources/tools/chemdb_ontology?abbrev=PI 34:1
886.55246	886.5604	.0079	PS 44:8	C50H82NO10P	[M-H]-	/resources/tools/chemdb_ontology?abbrev=PS 44:8
886.55246	886.5487	.0038	SHexCer 38:1;O3	C44H85NO12S	[M+Cl]-	/resources/tools/chemdb_ontology?abbrev=SHexCer 38:1;O3
886.55246	886.5451	.0073	PC 36:5;O3	C44H78NO11P	[M+OAc]-	/resources/tools/chemdb_ontology?abbrev=PC 36:5;O3
886.55246	886.5604	.0079	PC 40:9	C48H78NO8P	[M+OAc]-	/resources/tools/chemdb_ontology?abbrev=PC 40:9
886.55246	886.5571	.0047	PI 38:4	C47H83O13P	Neutral	/resources/tools/chemdb_ontology?abbrev=PI 38:4
838.54228	838.5392	.0030	PE 44:10	C49H78NO8P	[M-H]-	/resources/tools/chemdb_ontology?abbrev=PE 44:10
838.54228	838.5370	.0052	PS 37:1	C43H82NO10P	[M+Cl]-	/resources/tools/chemdb_ontology?abbrev=PS 37:1
838.54228	838.5451	.0028	IPC 34:1;O2	C40H78NO11P	[M+OAc]-	/resources/tools/chemdb_ontology?abbrev=IPC 34:1;O2
838.54228	838.5356	.0067	SHexCer 34:1;O2	C40H77NO11S	[M+OAc]-	/resources/tools/chemdb_ontology?abbrev=SHexCer 34:1;O2
838.54228	838.5392	.0030	PC 42:10	C50H80NO8P	[M-CH3]-	/resources/tools/chemdb_ontology?abbrev=PC 42:10
825.52322	825.5207	.0026	PA 43:6	C46H79O8P	[M+Cl]-	/resources/tools/chemdb_ontology?abbrev=PA 43:6
825.52322	825.5287	.0055	PG O-38:6	C44H77O9P	[M+Formate]-	/resources/tools/chemdb_ontology?abbrev=PG O-38:6
825.52322	825.5135	.0097	PI O-31:1	C40H77O12P	[M+Formate]-	/resources/tools/chemdb_ontology?abbrev=PI O-31:1
825.52322	825.5135	.0097	PI O-30:1	C39H75O12P	[M+OAc]-	/resources/tools/chemdb_ontology?abbrev=PI O-30:1
825.52322	825.5309	.0076	PC 40:10	C48H76NO8P	Neutral	/resources/tools/chemdb_ontology?abbrev=PC 40:10
885.5494	885.5499	.0005	PI 38:4	C47H83O13P	[M-H]-	/resources/tools/chemdb_ontology?abbrev=PI 38:4
885.5494	885.5418	.0076	PG 42:6	C48H83O10P	[M+Cl]-	/resources/tools/chemdb_ontology?abbrev=PG 42:6
887.55466	887.5574	.0028	PG 42:5	C48H85O10P	[M+Cl]-	/resources/tools/chemdb_ontology?abbrev=PG 42:5
748.5274	748.5287	.0013	PE O-38:6	C43H76NO7P	[M-H]-	/resources/tools/chemdb_ontology?abbrev=PE O-38:6
748.5274	748.5287	.0013	PC O-36:6	C44H78NO7P	[M-CH3]-	/resources/tools/chemdb_ontology?abbrev=PC O-36:6
748.5274	748.5254	.0020	PG 34:1	C40H77O10P	Neutral	/resources/tools/chemdb_ontology?abbrev=PG 34:1
835.59436	835.5859	.0085	PG O-42:6	C48H85O9P	[M-H]-	/resources/tools/chemdb_ontology?abbrev=PG O-42:6
835.59436	835.5989	.0046	PA 43:1	C46H89O8P	[M+Cl]-	/resources/tools/chemdb_ontology?abbrev=PA 43:1
835.59436	835.6021	.0077	Hex2Cer 32:0;O2	C44H85NO13	Neutral	/resources/tools/chemdb_ontology?abbrev=Hex2Cer 32:0;O2
741.60751	741.6039	.0036	TG 44:4	C47H82O6	[M-H]-	/resources/tools/chemdb_ontology?abbrev=TG 44:4
741.60751	741.6169	.0094	DG 42:1	C45H86O5	[M+Cl]-	/resources/tools/chemdb_ontology?abbrev=DG 42:1
741.60751	741.6119	.0044	HexCer 37:1;O2	C43H83NO8	Neutral	/resources/tools/chemdb_ontology?abbrev=HexCer 37:1;O2
911.56417	911.5655	.0013	PI 40:5	C49H85O13P	[M-H]-	/resources/tools/chemdb_ontology?abbrev=PI 40:5
911.56417	911.5574	.0067	PG 44:7	C50H85O10P	[M+Cl]-	/resources/tools/chemdb_ontology?abbrev=PG 44:7
911.56417	911.5679	.0037	TG 51:14;O2	C54H76O8	[M+OAc]-	/resources/tools/chemdb_ontology?abbrev=TG 51:14;O2
837.54016	837.5499	.0097	PI 34:0	C43H83O13P	[M-H]-	/resources/tools/chemdb_ontology?abbrev=PI 34:0
837.54016	837.5418	.0016	PG 38:2	C44H83O10P	[M+Cl]-	/resources/tools/chemdb_ontology?abbrev=PG 38:2
903.52082	903.5160	.0048	PI O-38:6	C47H81O12P	[M+Cl]-	/resources/tools/chemdb_ontology?abbrev=PI O-38:6
903.52082	903.5240	.0032	PI 36:4	C45H79O13P	[M+Formate]-	/resources/tools/chemdb_ontology?abbrev=PI 36:4
903.52082	903.5240	.0032	PI 35:4	C44H77O13P	[M+OAc]-	/resources/tools/chemdb_ontology?abbrev=PI 35:4
592.29202	592.2892	.0028	LPS 20:3	C26H46NO9P	[M+Formate]-	/resources/tools/chemdb_ontology?abbrev=LPS 20:3
592.29202	592.3013	.0092	PA 25:3;O3	C28H49O11P	Neutral	/resources/tools/chemdb_ontology?abbrev=PA 25:3;O3
701.49571	701.4917	.0040	DG 40:7	C43H70O5	[M+Cl]-	/resources/tools/chemdb_ontology?abbrev=DG 40:7
701.49571	701.4875	.0082	CerPE 34:3;O2	C36H69N2O6P	[M+Formate]-	/resources/tools/chemdb_ontology?abbrev=CerPE 34:3;O2
701.49571	701.4945	.0012	CL 68:2	C77H146O17P2	[M-2H]2-	/resources/tools/chemdb_ontology?abbrev=CL 68:2
701.49571	701.4996	.0038	PC 30:2	C38H72NO8P	Neutral	/resources/tools/chemdb_ontology?abbrev=PC 30:2
701.49571	701.4996	.0038	PE 33:2	C38H72NO8P	Neutral	/resources/tools/chemdb_ontology?abbrev=PE 33:2
810.53954	810.5421	.0026	PS O-36:1	C42H82NO9P	[M+Cl]-	/resources/tools/chemdb_ontology?abbrev=PS O-36:1
810.53954	810.5411	.0015	PG 39:5	C45H79O10P	Neutral	/resources/tools/chemdb_ontology?abbrev=PG 39:5
862.55279	862.5604	.0076	PS 42:6	C48H82NO10P	[M-H]-	/resources/tools/chemdb_ontology?abbrev=PS 42:6
862.55279	862.5604	.0076	PC 39:7	C47H80NO8P	[M+Formate]-	/resources/tools/chemdb_ontology?abbrev=PC 39:7
862.55279	862.5604	.0076	PE 42:7	C47H80NO8P	[M+Formate]-	/resources/tools/chemdb_ontology?abbrev=PE 42:7
862.55279	862.5604	.0076	PC 38:7	C46H78NO8P	[M+OAc]-	/resources/tools/chemdb_ontology?abbrev=PC 38:7
862.55279	862.5604	.0076	PE 41:7	C46H78NO8P	[M+OAc]-	/resources/tools/chemdb_ontology?abbrev=PE 41:7
862.55279	862.5571	.0043	PI 36:2	C45H83O13P	Neutral	/resources/tools/chemdb_ontology?abbrev=PI 36:2
614.48229	614.4921	.0098	Cer 36:2;O3	C36H69NO4	[M+Cl]-	/resources/tools/chemdb_ontology?abbrev=Cer 36:2;O3
614.48229	614.4910	.0087	DG 36:5	C39H66O5	Neutral	/resources/tools/chemdb_ontology?abbrev=DG 36:5
861.54942	861.5499	.0004	PI 36:2	C45H83O13P	[M-H]-	/resources/tools/chemdb_ontology?abbrev=PI 36:2
861.54942	861.5418	.0076	PG 40:4	C46H83O10P	[M+Cl]-	/resources/tools/chemdb_ontology?abbrev=PG 40:4
861.54942	861.5520	.0026	PS 42:7	C48H80NO10P	Neutral	/resources/tools/chemdb_ontology?abbrev=PS 42:7
929.53593	929.5268	.0091	DGDG 36:9	C51H78O15	[M-H]-	/resources/tools/chemdb_ontology?abbrev=DGDG 36:9
929.53593	929.5316	.0043	PI O-40:7	C49H83O12P	[M+Cl]-	/resources/tools/chemdb_ontology?abbrev=PI O-40:7
929.53593	929.5397	.0038	PI 38:5	C47H81O13P	[M+Formate]-	/resources/tools/chemdb_ontology?abbrev=PI 38:5
929.53593	929.5397	.0038	PI 37:5	C46H79O13P	[M+OAc]-	/resources/tools/chemdb_ontology?abbrev=PI 37:5
864.55787	864.5527	.0052	PS 39:2	C45H84NO10P	[M+Cl]-	/resources/tools/chemdb_ontology?abbrev=PS 39:2
614.26959	614.2736	.0040	LPS 22:6	C28H44NO9P	[M+Formate]-	/resources/tools/chemdb_ontology?abbrev=LPS 22:6
831.58432	831.5757	.0086	PG O-38:3	C44H83O9P	[M+Formate]-	/resources/tools/chemdb_ontology?abbrev=PG O-38:3
831.58432	831.5757	.0086	PG O-37:3	C43H81O9P	[M+OAc]-	/resources/tools/chemdb_ontology?abbrev=PG O-37:3
831.58432	831.5778	.0065	PC 40:7	C48H82NO8P	Neutral	/resources/tools/chemdb_ontology?abbrev=PC 40:7
730.4631	730.4665	.0034	PS 32:2	C38H70NO10P	[M-H]-	/resources/tools/chemdb_ontology?abbrev=PS 32:2
730.4631	730.4584	.0047	PE O-34:5	C39H70NO7P	[M+Cl]-	/resources/tools/chemdb_ontology?abbrev=PE O-34:5
730.4631	730.4665	.0034	PE 32:3	C37H68NO8P	[M+Formate]-	/resources/tools/chemdb_ontology?abbrev=PE 32:3
730.4631	730.4665	.0034	PE 31:3	C36H66NO8P	[M+OAc]-	/resources/tools/chemdb_ontology?abbrev=PE 31:3
730.4631	730.4574	.0057	PA 39:8	C42H67O8P	Neutral	/resources/tools/chemdb_ontology?abbrev=PA 39:8
717.52575	717.5230	.0027	DG 41:6	C44H74O5	[M+Cl]-	/resources/tools/chemdb_ontology?abbrev=DG 41:6
717.52575	717.5188	.0069	CerPE 35:2;O2	C37H73N2O6P	[M+Formate]-	/resources/tools/chemdb_ontology?abbrev=CerPE 35:2;O2
717.52575	717.5188	.0069	SM 32:2;O2	C37H73N2O6P	[M+Formate]-	/resources/tools/chemdb_ontology?abbrev=SM 32:2;O2
717.52575	717.5188	.0069	CerPE 34:2;O2	C36H71N2O6P	[M+OAc]-	/resources/tools/chemdb_ontology?abbrev=CerPE 34:2;O2
717.52575	717.5258	.0000	CL 70:0	C79H154O17P2	[M-2H]2-	/resources/tools/chemdb_ontology?abbrev=CL 70:0
717.52575	717.5309	.0051	PC 31:1	C39H76NO8P	Neutral	/resources/tools/chemdb_ontology?abbrev=PC 31:1
717.52575	717.5309	.0051	PE 34:1	C39H76NO8P	Neutral	/resources/tools/chemdb_ontology?abbrev=PE 34:1
613.47919	613.4838	.0046	DG 36:5	C39H66O5	[M-H]-	/resources/tools/chemdb_ontology?abbrev=DG 36:5
551.48698	551.4834	.0036	FA 38:6	C38H64O2	[M-H]-	/resources/tools/chemdb_ontology?abbrev=FA 38:6
551.48698	551.4834	.0036	WE 38:6	C38H64O2	[M-H]-	/resources/tools/chemdb_ontology?abbrev=WE 38:6
551.48698	551.4914	.0044	Cer 34:2;O3	C34H65NO4	Neutral	/resources/tools/chemdb_ontology?abbrev=Cer 34:2;O3
473.39972	473.4000	.0003	ST 30:1;O	C30H52O	[M+Formate]-	/resources/tools/chemdb_ontology?abbrev=ST 30:1;O
473.39972	473.4000	.0003	ST 29:1;O	C29H50O	[M+OAc]-	/resources/tools/chemdb_ontology?abbrev=ST 29:1;O
473.39972	473.4000	.0003	TG 59:6	C62H108O6	[M-2H]2-	/resources/tools/chemdb_ontology?abbrev=TG 59:6
239.05946	239.0692	.0097	FA 9:1;O3	C9H16O5	[M+Cl]-	/resources/tools/chemdb_ontology?abbrev=FA 9:1;O3
239.05946	239.0561	.0033	FA 10:5;O2	C10H10O4	[M+Formate]-	/resources/tools/chemdb_ontology?abbrev=FA 10:5;O2
664.47765	664.4679	.0097	PG O-29:1	C35H69O9P	Neutral	/resources/tools/chemdb_ontology?abbrev=PG O-29:1
165.04073	165.0324	.0083	FA 6:1;O	C6H10O3	[M+Cl]-	/resources/tools/chemdb_ontology?abbrev=FA 6:1;O
165.04073	165.0405	.0003	FA 4:0;O2	C4H8O4	[M+Formate]-	/resources/tools/chemdb_ontology?abbrev=FA 4:0;O2
587.46359	587.4681	.0045	DG 34:4	C37H64O5	[M-H]-	/resources/tools/chemdb_ontology?abbrev=DG 34:4
587.46359	587.4600	.0036	FA 38:6	C38H64O2	[M+Cl]-	/resources/tools/chemdb_ontology?abbrev=FA 38:6
587.46359	587.4600	.0036	WE 38:6	C38H64O2	[M+Cl]-	/resources/tools/chemdb_ontology?abbrev=WE 38:6
586.46032	586.4608	.0004	Cer 34:2;O3	C34H65NO4	[M+Cl]-	/resources/tools/chemdb_ontology?abbrev=Cer 34:2;O3
586.46032	586.4597	.0006	DG 34:5	C37H62O5	Neutral	/resources/tools/chemdb_ontology?abbrev=DG 34:5
984.81564	984.8146	.0010	TG 62:9	C65H108O6	Neutral	/resources/tools/chemdb_ontology?abbrev=TG 62:9
550.48374	550.4841	.0004	Cer 34:2;O3	C34H65NO4	[M-H]-	/resources/tools/chemdb_ontology?abbrev=Cer 34:2;O3
550.48374	550.4750	.0088	WE 38:7	C38H62O2	Neutral	/resources/tools/chemdb_ontology?abbrev=WE 38:7
596.48923	596.4815	.0077	Cer 36:3;O2	C36H67NO3	[M+Cl]-	/resources/tools/chemdb_ontology?abbrev=Cer 36:3;O2
596.48923	596.4896	.0003	Cer 34:2;O3	C34H65NO4	[M+Formate]-	/resources/tools/chemdb_ontology?abbrev=Cer 34:2;O3
598.49556	598.4972	.0016	Cer 36:2;O2	C36H69NO3	[M+Cl]-	/resources/tools/chemdb_ontology?abbrev=Cer 36:2;O2
598.49556	598.5052	.0097	Cer 34:1;O3	C34H67NO4	[M+Formate]-	/resources/tools/chemdb_ontology?abbrev=Cer 34:1;O3
598.49556	598.5052	.0097	CAR 26:0	C33H65NO4	[M+OAc]-	/resources/tools/chemdb_ontology?abbrev=CAR 26:0
596.54158	596.5380	.0036	DG 34:0	C37H72O5	Neutral	/resources/tools/chemdb_ontology?abbrev=DG 34:0
983.81233	983.8073	.0050	TG 62:9	C65H108O6	[M-H]-	/resources/tools/chemdb_ontology?abbrev=TG 62:9
871.55072	871.5473	.0034	PI O-35:1	C44H85O12P	[M+Cl]-	/resources/tools/chemdb_ontology?abbrev=PI O-35:1
597.49257	597.4888	.0037	FA 38:6	C38H64O2	[M+Formate]-	/resources/tools/chemdb_ontology?abbrev=FA 38:6
597.49257	597.4888	.0037	WE 38:6	C38H64O2	[M+Formate]-	/resources/tools/chemdb_ontology?abbrev=WE 38:6
597.49257	597.4888	.0037	FA 37:6	C37H62O2	[M+OAc]-	/resources/tools/chemdb_ontology?abbrev=FA 37:6
662.52195	662.5130	.0089	PE O-31:0	C36H74NO7P	[M-H]-	/resources/tools/chemdb_ontology?abbrev=PE O-31:0
662.52195	662.5130	.0089	PC O-29:0	C37H76NO7P	[M-CH3]-	/resources/tools/chemdb_ontology?abbrev=PC O-29:0
662.52195	662.5250	.0031	PA O-34:0	C37H75O7P	Neutral	/resources/tools/chemdb_ontology?abbrev=PA O-34:0
743.5418	743.5345	.0073	CerPE 36:3;O2	C38H73N2O6P	[M+OAc]-	/resources/tools/chemdb_ontology?abbrev=CerPE 36:3;O2
743.5418	743.5414	.0004	CL 74:2	C83H158O17P2	[M-2H]2-	/resources/tools/chemdb_ontology?abbrev=CL 74:2
743.5418	743.5465	.0047	PC 33:2	C41H78NO8P	Neutral	/resources/tools/chemdb_ontology?abbrev=PC 33:2
743.5418	743.5465	.0047	PE 36:2	C41H78NO8P	Neutral	/resources/tools/chemdb_ontology?abbrev=PE 36:2
804.5664	804.5760	.0096	PS 37:0	C43H84NO10P	[M-H]-	/resources/tools/chemdb_ontology?abbrev=PS 37:0
804.5664	804.5679	.0015	PC O-36:3	C44H84NO7P	[M+Cl]-	/resources/tools/chemdb_ontology?abbrev=PC O-36:3
804.5664	804.5762	.0098	HexCer 38:2;O3	C44H83NO9	[M+Cl]-	/resources/tools/chemdb_ontology?abbrev=HexCer 38:2;O3
804.5664	804.5760	.0096	PC 34:1	C42H82NO8P	[M+Formate]-	/resources/tools/chemdb_ontology?abbrev=PC 34:1
804.5664	804.5760	.0096	PE 37:1	C42H82NO8P	[M+Formate]-	/resources/tools/chemdb_ontology?abbrev=PE 37:1
804.5664	804.5760	.0096	PC 33:1	C41H80NO8P	[M+OAc]-	/resources/tools/chemdb_ontology?abbrev=PC 33:1
804.5664	804.5760	.0096	PE 36:1	C41H80NO8P	[M+OAc]-	/resources/tools/chemdb_ontology?abbrev=PE 36:1
804.5664	804.5669	.0005	PA 44:6	C47H81O8P	Neutral	/resources/tools/chemdb_ontology?abbrev=PA 44:6
795.48725	795.4970	.0098	PA 44:10	C47H73O8P	[M-H]-	/resources/tools/chemdb_ontology?abbrev=PA 44:10
795.48725	795.4948	.0076	PG 35:2	C41H77O10P	[M+Cl]-	/resources/tools/chemdb_ontology?abbrev=PG 35:2
896.56293	896.5658	.0029	PS 41:5	C47H82NO10P	[M+Formate]-	/resources/tools/chemdb_ontology?abbrev=PS 41:5
896.56293	896.5658	.0029	PS 40:5	C46H80NO10P	[M+OAc]-	/resources/tools/chemdb_ontology?abbrev=PS 40:5
830.58192	830.5917	.0097	PS 39:1	C45H86NO10P	[M-H]-	/resources/tools/chemdb_ontology?abbrev=PS 39:1
830.58192	830.5836	.0017	PC O-38:4	C46H86NO7P	[M+Cl]-	/resources/tools/chemdb_ontology?abbrev=PC O-38:4
830.58192	830.5917	.0097	PC 36:2	C44H84NO8P	[M+Formate]-	/resources/tools/chemdb_ontology?abbrev=PC 36:2
830.58192	830.5917	.0097	PE 39:2	C44H84NO8P	[M+Formate]-	/resources/tools/chemdb_ontology?abbrev=PE 39:2
830.58192	830.5917	.0097	PC 35:2	C43H82NO8P	[M+OAc]-	/resources/tools/chemdb_ontology?abbrev=PC 35:2
830.58192	830.5917	.0097	PE 38:2	C43H82NO8P	[M+OAc]-	/resources/tools/chemdb_ontology?abbrev=PE 38:2
315.07563	315.0794	.0037	FA 18:10;O	C18H16O3	[M+Cl]-	/resources/tools/chemdb_ontology?abbrev=FA 18:10;O
897.56614	897.5629	.0032	PI O-37:2	C46H87O12P	[M+Cl]-	/resources/tools/chemdb_ontology?abbrev=PI O-37:2
897.56614	897.5710	.0049	PI 35:0	C44H85O13P	[M+Formate]-	/resources/tools/chemdb_ontology?abbrev=PI 35:0
897.56614	897.5710	.0049	PI 34:0	C43H83O13P	[M+OAc]-	/resources/tools/chemdb_ontology?abbrev=PI 34:0
832.50962	832.5134	.0038	PS 40:7	C46H76NO10P	[M-H]-	/resources/tools/chemdb_ontology?abbrev=PS 40:7
832.50962	832.5112	.0016	IPC 34:0;O3	C40H80NO12P	[M+Cl]-	/resources/tools/chemdb_ontology?abbrev=IPC 34:0;O3
832.50962	832.5134	.0038	PE 40:8	C45H74NO8P	[M+Formate]-	/resources/tools/chemdb_ontology?abbrev=PE 40:8
832.50962	832.5134	.0038	PC 36:8	C44H72NO8P	[M+OAc]-	/resources/tools/chemdb_ontology?abbrev=PC 36:8
832.50962	832.5134	.0038	PE 39:8	C44H72NO8P	[M+OAc]-	/resources/tools/chemdb_ontology?abbrev=PE 39:8
832.50962	832.5102	.0006	PI 34:3	C43H77O13P	Neutral	/resources/tools/chemdb_ontology?abbrev=PI 34:3
695.40584	695.4141	.0083	PG 27:1	C33H63O10P	[M+Formate]-	/resources/tools/chemdb_ontology?abbrev=PG 27:1
695.40584	695.4141	.0083	PG 26:1	C32H61O10P	[M+OAc]-	/resources/tools/chemdb_ontology?abbrev=PG 26:1
728.50375	728.4992	.0045	PG O-34:4	C40H73O9P	Neutral	/resources/tools/chemdb_ontology?abbrev=PG O-34:4
740.51359	740.5236	.0100	PE 36:3	C41H76NO8P	[M-H]-	/resources/tools/chemdb_ontology?abbrev=PE 36:3
740.51359	740.5236	.0100	PC 34:3	C42H78NO8P	[M-CH3]-	/resources/tools/chemdb_ontology?abbrev=PC 34:3
740.51359	740.5180	.0044	CL 74:5	C83H152O17P2	[M-2H]2-	/resources/tools/chemdb_ontology?abbrev=CL 74:5
742.53851	742.5392	.0007	PE 36:2	C41H78NO8P	[M-H]-	/resources/tools/chemdb_ontology?abbrev=PE 36:2
742.53851	742.5475	.0090	HexCer 34:2;O2	C40H75NO8	[M+Formate]-	/resources/tools/chemdb_ontology?abbrev=HexCer 34:2;O2
742.53851	742.5475	.0090	HexCer 33:2;O2	C39H73NO8	[M+OAc]-	/resources/tools/chemdb_ontology?abbrev=HexCer 33:2;O2
742.53851	742.5392	.0007	PC 34:2	C42H80NO8P	[M-CH3]-	/resources/tools/chemdb_ontology?abbrev=PC 34:2
742.53851	742.5336	.0049	CL 74:3	C83H156O17P2	[M-2H]2-	/resources/tools/chemdb_ontology?abbrev=CL 74:3
663.4793	663.4761	.0032	DG 37:5	C40H68O5	[M+Cl]-	/resources/tools/chemdb_ontology?abbrev=DG 37:5
663.4793	663.4719	.0074	CerPE 30:1;O2	C32H65N2O6P	[M+OAc]-	/resources/tools/chemdb_ontology?abbrev=CerPE 30:1;O2
663.4793	663.4839	.0046	PC 27:0	C35H70NO8P	Neutral	/resources/tools/chemdb_ontology?abbrev=PC 27:0
663.4793	663.4839	.0046	PE 30:0	C35H70NO8P	Neutral	/resources/tools/chemdb_ontology?abbrev=PE 30:0
662.4761	662.4766	.0005	PE 30:0	C35H70NO8P	[M-H]-	/resources/tools/chemdb_ontology?abbrev=PE 30:0
662.4761	662.4766	.0005	CerP 34:1;O2	C34H68NO6P	[M+Formate]-	/resources/tools/chemdb_ontology?abbrev=CerP 34:1;O2
662.4761	662.4766	.0005	PC 28:0	C36H72NO8P	[M-CH3]-	/resources/tools/chemdb_ontology?abbrev=PC 28:0
660.57067	660.5693	.0014	DG 39:3	C42H76O5	Neutral	/resources/tools/chemdb_ontology?abbrev=DG 39:3
825.46975	825.4771	.0073	PI 30:1	C39H73O13P	[M+Formate]-	/resources/tools/chemdb_ontology?abbrev=PI 30:1
825.46975	825.4712	.0015	PA 42:11	C45H67O8P	[M+OAc]-	/resources/tools/chemdb_ontology?abbrev=PA 42:11
825.46975	825.4771	.0073	PI 29:1	C38H71O13P	[M+OAc]-	/resources/tools/chemdb_ontology?abbrev=PI 29:1
825.46975	825.4795	.0097	MGDG 36:10	C45H66O10	[M+OAc]-	/resources/tools/chemdb_ontology?abbrev=MGDG 36:10
661.51942	661.5178	.0016	PA O-34:0	C37H75O7P	[M-H]-	/resources/tools/chemdb_ontology?abbrev=PA O-34:0
661.51942	661.5290	.0096	SM 32:0;O2	C37H77N2O6P	[M-CH3]-	/resources/tools/chemdb_ontology?abbrev=SM 32:0;O2
727.50054	727.4920	.0086	PG O-34:4	C40H73O9P	[M-H]-	/resources/tools/chemdb_ontology?abbrev=PG O-34:4
727.50054	727.5074	.0068	DG 42:8	C45H72O5	[M+Cl]-	/resources/tools/chemdb_ontology?abbrev=DG 42:8
727.50054	727.4920	.0086	PA O-36:4	C39H71O7P	[M+Formate]-	/resources/tools/chemdb_ontology?abbrev=PA O-36:4
802.56005	802.5604	.0003	PS 37:1	C43H82NO10P	[M-H]-	/resources/tools/chemdb_ontology?abbrev=PS 37:1
802.56005	802.5523	.0078	PC O-36:4	C44H82NO7P	[M+Cl]-	/resources/tools/chemdb_ontology?abbrev=PC O-36:4
802.56005	802.5604	.0003	PC 34:2	C42H80NO8P	[M+Formate]-	/resources/tools/chemdb_ontology?abbrev=PC 34:2
802.56005	802.5604	.0003	PE 37:2	C42H80NO8P	[M+Formate]-	/resources/tools/chemdb_ontology?abbrev=PE 37:2
802.56005	802.5604	.0003	PC 33:2	C41H78NO8P	[M+OAc]-	/resources/tools/chemdb_ontology?abbrev=PC 33:2
802.56005	802.5604	.0003	PE 36:2	C41H78NO8P	[M+OAc]-	/resources/tools/chemdb_ontology?abbrev=PE 36:2
802.56005	802.5513	.0088	PA 44:7	C47H79O8P	Neutral	/resources/tools/chemdb_ontology?abbrev=PA 44:7
810.52742	810.5291	.0016	PS 38:4	C44H78NO10P	[M-H]-	/resources/tools/chemdb_ontology?abbrev=PS 38:4
810.52742	810.5210	.0064	PE O-40:7	C45H78NO7P	[M+Cl]-	/resources/tools/chemdb_ontology?abbrev=PE O-40:7
810.52742	810.5291	.0016	PC 35:5	C43H76NO8P	[M+Formate]-	/resources/tools/chemdb_ontology?abbrev=PC 35:5
810.52742	810.5291	.0016	PE 38:5	C43H76NO8P	[M+Formate]-	/resources/tools/chemdb_ontology?abbrev=PE 38:5
810.52742	810.5291	.0016	PE O-38:6;O	C43H76NO8P	[M+Formate]-	/resources/tools/chemdb_ontology?abbrev=PE O-38:6;O
810.52742	810.5291	.0016	PC 34:5	C42H74NO8P	[M+OAc]-	/resources/tools/chemdb_ontology?abbrev=PC 34:5
810.52742	810.5291	.0016	PE 37:5	C42H74NO8P	[M+OAc]-	/resources/tools/chemdb_ontology?abbrev=PE 37:5
810.52742	810.5258	.0016	PI 32:0	C41H79O13P	Neutral	/resources/tools/chemdb_ontology?abbrev=PI 32:0
660.5164	660.5206	.0042	CerPE 34:1;O2	C36H73N2O6P	Neutral	/resources/tools/chemdb_ontology?abbrev=CerPE 34:1;O2
660.5164	660.5094	.0070	PA O-34:1	C37H73O7P	Neutral	/resources/tools/chemdb_ontology?abbrev=PA O-34:1
685.37697	685.3853	.0083	PG 27:1	C33H63O10P	[M+Cl]-	/resources/tools/chemdb_ontology?abbrev=PG 27:1
739.5107	739.5162	.0055	CerPE 36:1;O3	C38H77N2O7P	[M+Cl]-	/resources/tools/chemdb_ontology?abbrev=CerPE 36:1;O3
739.5107	739.5050	.0057	PA 36:0	C39H77O8P	[M+Cl]-	/resources/tools/chemdb_ontology?abbrev=PA 36:0
739.5107	739.5131	.0024	PG O-31:0	C37H75O9P	[M+Formate]-	/resources/tools/chemdb_ontology?abbrev=PG O-31:0
739.5107	739.5131	.0024	PG O-30:0	C36H73O9P	[M+OAc]-	/resources/tools/chemdb_ontology?abbrev=PG O-30:0
739.5107	739.5101	.0006	CL 74:6	C83H150O17P2	[M-2H]2-	/resources/tools/chemdb_ontology?abbrev=CL 74:6
739.5107	739.5152	.0045	PC 33:4	C41H74NO8P	Neutral	/resources/tools/chemdb_ontology?abbrev=PC 33:4
739.5107	739.5152	.0045	PE 36:4	C41H74NO8P	Neutral	/resources/tools/chemdb_ontology?abbrev=PE 36:4
739.5107	739.5152	.0045	PE O-36:5;O	C41H74NO8P	Neutral	/resources/tools/chemdb_ontology?abbrev=PE O-36:5;O
766.5292	766.5242	.0050	HexCer 34:1;O4	C40H77NO10	[M+Cl]-	/resources/tools/chemdb_ontology?abbrev=HexCer 34:1;O4
766.5292	766.5240	.0052	PS O-32:0	C38H76NO9P	[M+Formate]-	/resources/tools/chemdb_ontology?abbrev=PS O-32:0
766.5292	766.5240	.0052	PS O-31:0	C37H74NO9P	[M+OAc]-	/resources/tools/chemdb_ontology?abbrev=PS O-31:0
738.50747	738.5079	.0005	PE 36:4	C41H74NO8P	[M-H]-	/resources/tools/chemdb_ontology?abbrev=PE 36:4
738.50747	738.5079	.0005	PE O-36:5;O	C41H74NO8P	[M-H]-	/resources/tools/chemdb_ontology?abbrev=PE O-36:5;O
738.50747	738.5079	.0005	PC 34:4	C42H76NO8P	[M-CH3]-	/resources/tools/chemdb_ontology?abbrev=PC 34:4
690.5532	690.5443	.0089	PE O-33:0	C38H78NO7P	[M-H]-	/resources/tools/chemdb_ontology?abbrev=PE O-33:0
690.5532	690.5443	.0089	PC O-31:0	C39H80NO7P	[M-CH3]-	/resources/tools/chemdb_ontology?abbrev=PC O-31:0
690.5532	690.5563	.0031	PA O-36:0	C39H79O7P	Neutral	/resources/tools/chemdb_ontology?abbrev=PA O-36:0
1400.97513	1400.9722	.0029	CL 68:4	C77H142O17P2	Neutral	/resources/tools/chemdb_ontology?abbrev=CL 68:4
659.51306	659.5134	.0003	CerPE 34:1;O2	C36H73N2O6P	[M-H]-	/resources/tools/chemdb_ontology?abbrev=CerPE 34:1;O2
659.51306	659.5134	.0003	SM 32:1;O2	C37H75N2O6P	[M-CH3]-	/resources/tools/chemdb_ontology?abbrev=SM 32:1;O2
758.48558	758.4766	.0089	PE 38:8	C43H70NO8P	[M-H]-	/resources/tools/chemdb_ontology?abbrev=PE 38:8
758.48558	758.4897	.0041	PE O-36:5	C41H74NO7P	[M+Cl]-	/resources/tools/chemdb_ontology?abbrev=PE O-36:5
758.48558	758.4766	.0089	PC 36:8	C44H72NO8P	[M-CH3]-	/resources/tools/chemdb_ontology?abbrev=PC 36:8
659.56655	659.5620	.0045	DG 39:3	C42H76O5	[M-H]-	/resources/tools/chemdb_ontology?abbrev=DG 39:3
813.51372	813.5207	.0069	PA 42:5	C45H79O8P	[M+Cl]-	/resources/tools/chemdb_ontology?abbrev=PA 42:5
813.51372	813.5135	.0002	PI O-30:0	C39H77O12P	[M+Formate]-	/resources/tools/chemdb_ontology?abbrev=PI O-30:0
813.51372	813.5135	.0002	PI O-29:0	C38H75O12P	[M+OAc]-	/resources/tools/chemdb_ontology?abbrev=PI O-29:0
764.52327	764.5236	.0003	PE 38:5	C43H76NO8P	[M-H]-	/resources/tools/chemdb_ontology?abbrev=PE 38:5
764.52327	764.5236	.0003	PE O-38:6;O	C43H76NO8P	[M-H]-	/resources/tools/chemdb_ontology?abbrev=PE O-38:6;O
764.52327	764.5236	.0003	PC 36:5	C44H78NO8P	[M-CH3]-	/resources/tools/chemdb_ontology?abbrev=PC 36:5
765.52652	765.5319	.0054	CerPE 38:2;O3	C40H79N2O7P	[M+Cl]-	/resources/tools/chemdb_ontology?abbrev=CerPE 38:2;O3
765.52652	765.5207	.0059	PA 38:1	C41H79O8P	[M+Cl]-	/resources/tools/chemdb_ontology?abbrev=PA 38:1
765.52652	765.5287	.0022	PG O-33:1	C39H77O9P	[M+Formate]-	/resources/tools/chemdb_ontology?abbrev=PG O-33:1
765.52652	765.5287	.0022	PG O-32:1	C38H75O9P	[M+OAc]-	/resources/tools/chemdb_ontology?abbrev=PG O-32:1
765.52652	765.5258	.0007	CL 78:8	C87H154O17P2	[M-2H]2-	/resources/tools/chemdb_ontology?abbrev=CL 78:8
765.52652	765.5309	.0043	PC 35:5	C43H76NO8P	Neutral	/resources/tools/chemdb_ontology?abbrev=PC 35:5
765.52652	765.5309	.0043	PE 38:5	C43H76NO8P	Neutral	/resources/tools/chemdb_ontology?abbrev=PE 38:5
765.52652	765.5309	.0043	PE O-38:6;O	C43H76NO8P	Neutral	/resources/tools/chemdb_ontology?abbrev=PE O-38:6;O
824.4667	824.4719	.0052	PS 36:6	C42H70NO10P	[M+Formate]-	/resources/tools/chemdb_ontology?abbrev=PS 36:6
824.4667	824.4719	.0052	PS 35:6	C41H68NO10P	[M+OAc]-	/resources/tools/chemdb_ontology?abbrev=PS 35:6
1399.9718	1399.9650	.0068	CL 68:4	C77H142O17P2	[M-H]-	/resources/tools/chemdb_ontology?abbrev=CL 68:4
688.51139	688.5155	.0041	CerPE 35:2;O3	C37H73N2O7P	Neutral	/resources/tools/chemdb_ontology?abbrev=CerPE 35:2;O3
688.51139	688.5067	.0047	DG 42:10	C45H68O5	Neutral	/resources/tools/chemdb_ontology?abbrev=DG 42:10
688.51139	688.5043	.0071	PA 35:1	C38H73O8P	Neutral	/resources/tools/chemdb_ontology?abbrev=PA 35:1
756.47936	756.4821	.0028	PS 34:3	C40H72NO10P	[M-H]-	/resources/tools/chemdb_ontology?abbrev=PS 34:3
756.47936	756.4740	.0053	PE O-36:6	C41H72NO7P	[M+Cl]-	/resources/tools/chemdb_ontology?abbrev=PE O-36:6
756.47936	756.4821	.0028	PC 31:4	C39H70NO8P	[M+Formate]-	/resources/tools/chemdb_ontology?abbrev=PC 31:4
756.47936	756.4821	.0028	PE 34:4	C39H70NO8P	[M+Formate]-	/resources/tools/chemdb_ontology?abbrev=PE 34:4
756.47936	756.4821	.0028	PC 30:4	C38H68NO8P	[M+OAc]-	/resources/tools/chemdb_ontology?abbrev=PC 30:4
756.47936	756.4821	.0028	PE 33:4	C38H68NO8P	[M+OAc]-	/resources/tools/chemdb_ontology?abbrev=PE 33:4
554.49771	554.4910	.0067	DG 31:0	C34H66O5	Neutral	/resources/tools/chemdb_ontology?abbrev=DG 31:0
554.49771	554.5063	.0086	FA 38:5	C38H66O2	Neutral	/resources/tools/chemdb_ontology?abbrev=FA 38:5
554.49771	554.5063	.0086	WE 38:5	C38H66O2	Neutral	/resources/tools/chemdb_ontology?abbrev=WE 38:5
773.46914	773.4610	.0081	PG 33:4	C39H69O10P	[M+Formate]-	/resources/tools/chemdb_ontology?abbrev=PG 33:4
773.46914	773.4610	.0081	PG 32:4	C38H67O10P	[M+OAc]-	/resources/tools/chemdb_ontology?abbrev=PG 32:4
757.48272	757.4792	.0035	PG 32:0	C38H75O10P	[M+Cl]-	/resources/tools/chemdb_ontology?abbrev=PG 32:0
757.48272	757.4894	.0067	PS 34:3	C40H72NO10P	Neutral	/resources/tools/chemdb_ontology?abbrev=PS 34:3
762.51887	762.5210	.0021	PC O-33:3	C41H78NO7P	[M+Cl]-	/resources/tools/chemdb_ontology?abbrev=PC O-33:3
762.51887	762.5210	.0021	PE O-36:3	C41H78NO7P	[M+Cl]-	/resources/tools/chemdb_ontology?abbrev=PE O-36:3
762.51887	762.5200	.0011	PA 41:6	C44H75O8P	Neutral	/resources/tools/chemdb_ontology?abbrev=PA 41:6
553.49449	553.4990	.0045	FA 38:5	C38H66O2	[M-H]-	/resources/tools/chemdb_ontology?abbrev=FA 38:5
553.49449	553.4990	.0045	WE 38:5	C38H66O2	[M-H]-	/resources/tools/chemdb_ontology?abbrev=WE 38:5
688.49214	688.4923	.0001	PE 32:1	C37H72NO8P	[M-H]-	/resources/tools/chemdb_ontology?abbrev=PE 32:1
688.49214	688.5005	.0084	HexCer 30:1;O2	C36H69NO8	[M+Formate]-	/resources/tools/chemdb_ontology?abbrev=HexCer 30:1;O2
688.49214	688.4923	.0001	PC 30:1	C38H74NO8P	[M-CH3]-	/resources/tools/chemdb_ontology?abbrev=PC 30:1
689.54907	689.5491	.0000	PA O-36:0	C39H79O7P	[M-H]-	/resources/tools/chemdb_ontology?abbrev=PA O-36:0
777.54777	777.5440	.0038	PA 42:5	C45H79O8P	[M-H]-	/resources/tools/chemdb_ontology?abbrev=PA 42:5
777.54777	777.5522	.0045	MGDG 36:4	C45H78O10	[M-H]-	/resources/tools/chemdb_ontology?abbrev=MGDG 36:4
777.54777	777.5571	.0093	PA O-40:2	C43H83O7P	[M+Cl]-	/resources/tools/chemdb_ontology?abbrev=PA O-40:2
777.54777	777.5520	.0042	PS 35:0	C41H80NO10P	Neutral	/resources/tools/chemdb_ontology?abbrev=PS 35:0
687.50866	687.5083	.0004	CerPE 35:2;O3	C37H73N2O7P	[M-H]-	/resources/tools/chemdb_ontology?abbrev=CerPE 35:2;O3
687.50866	687.4994	.0093	DG 42:10	C45H68O5	[M-H]-	/resources/tools/chemdb_ontology?abbrev=DG 42:10
689.49539	689.4917	.0037	DG 39:6	C42H70O5	[M+Cl]-	/resources/tools/chemdb_ontology?abbrev=DG 39:6
689.49539	689.4875	.0079	CerPE 33:2;O2	C35H69N2O6P	[M+Formate]-	/resources/tools/chemdb_ontology?abbrev=CerPE 33:2;O2
689.49539	689.4875	.0079	CerPE 32:2;O2	C34H67N2O6P	[M+OAc]-	/resources/tools/chemdb_ontology?abbrev=CerPE 32:2;O2
689.49539	689.4945	.0009	CL 66:0	C75H146O17P2	[M-2H]2-	/resources/tools/chemdb_ontology?abbrev=CL 66:0
689.49539	689.4996	.0042	PC 29:1	C37H72NO8P	Neutral	/resources/tools/chemdb_ontology?abbrev=PC 29:1
689.49539	689.4996	.0042	PE 32:1	C37H72NO8P	Neutral	/resources/tools/chemdb_ontology?abbrev=PE 32:1
744.51692	744.5185	.0016	PS O-34:2	C40H76NO9P	[M-H]-	/resources/tools/chemdb_ontology?abbrev=PS O-34:2
744.51692	744.5185	.0016	PE O-34:3	C39H74NO7P	[M+Formate]-	/resources/tools/chemdb_ontology?abbrev=PE O-34:3
744.51692	744.5185	.0016	PE O-33:3	C38H72NO7P	[M+OAc]-	/resources/tools/chemdb_ontology?abbrev=PE O-33:3
744.51692	744.5267	.0098	HexCer 32:2;O3	C38H71NO9	[M+OAc]-	/resources/tools/chemdb_ontology?abbrev=HexCer 32:2;O3
1378.99413	1378.9879	.0063	CL 66:1	C75H144O17P2	Neutral	/resources/tools/chemdb_ontology?abbrev=CL 66:1
722.50562	722.5130	.0074	PE O-36:5	C41H74NO7P	[M-H]-	/resources/tools/chemdb_ontology?abbrev=PE O-36:5
722.50562	722.4978	.0079	PC 28:0	C36H72NO8P	[M+Formate]-	/resources/tools/chemdb_ontology?abbrev=PC 28:0
722.50562	722.4978	.0079	PE 31:0	C36H72NO8P	[M+Formate]-	/resources/tools/chemdb_ontology?abbrev=PE 31:0
722.50562	722.4978	.0079	PC 27:0	C35H70NO8P	[M+OAc]-	/resources/tools/chemdb_ontology?abbrev=PC 27:0
722.50562	722.4978	.0079	PE 30:0	C35H70NO8P	[M+OAc]-	/resources/tools/chemdb_ontology?abbrev=PE 30:0
722.50562	722.5130	.0074	PC O-34:5	C42H76NO7P	[M-CH3]-	/resources/tools/chemdb_ontology?abbrev=PC O-34:5
722.50562	722.5098	.0042	PG 32:0	C38H75O10P	Neutral	/resources/tools/chemdb_ontology?abbrev=PG 32:0
852.57501	852.5760	.0010	PS 41:4	C47H84NO10P	[M-H]-	/resources/tools/chemdb_ontology?abbrev=PS 41:4
852.57501	852.5679	.0071	PC O-40:7	C48H84NO7P	[M+Cl]-	/resources/tools/chemdb_ontology?abbrev=PC O-40:7
852.57501	852.5760	.0010	PC 38:5	C46H82NO8P	[M+Formate]-	/resources/tools/chemdb_ontology?abbrev=PC 38:5
852.57501	852.5760	.0010	PE 41:5	C46H82NO8P	[M+Formate]-	/resources/tools/chemdb_ontology?abbrev=PE 41:5
852.57501	852.5760	.0010	PC 37:5	C45H80NO8P	[M+OAc]-	/resources/tools/chemdb_ontology?abbrev=PC 37:5
852.57501	852.5760	.0010	PE 40:5	C45H80NO8P	[M+OAc]-	/resources/tools/chemdb_ontology?abbrev=PE 40:5
852.57501	852.5728	.0022	PI 35:0	C44H85O13P	Neutral	/resources/tools/chemdb_ontology?abbrev=PI 35:0
1379.99691	1379.9963	.0007	CL 66:0	C75H146O17P2	[M-H]-	/resources/tools/chemdb_ontology?abbrev=CL 66:0
853.57827	853.5731	.0052	PG 39:1	C45H87O10P	[M+Cl]-	/resources/tools/chemdb_ontology?abbrev=PG 39:1
853.57827	853.5833	.0050	PS 41:4	C47H84NO10P	Neutral	/resources/tools/chemdb_ontology?abbrev=PS 41:4
761.51623	761.5127	.0035	PA 41:6	C44H75O8P	[M-H]-	/resources/tools/chemdb_ontology?abbrev=PA 41:6
761.51623	761.5207	.0045	PS 34:1	C40H76NO10P	Neutral	/resources/tools/chemdb_ontology?abbrev=PS 34:1
691.50112	691.4920	.0092	PG O-31:1	C37H73O9P	[M-H]-	/resources/tools/chemdb_ontology?abbrev=PG O-31:1
691.50112	691.5074	.0063	DG 39:5	C42H72O5	[M+Cl]-	/resources/tools/chemdb_ontology?abbrev=DG 39:5
691.50112	691.5032	.0021	CerPE 33:1;O2	C35H71N2O6P	[M+Formate]-	/resources/tools/chemdb_ontology?abbrev=CerPE 33:1;O2
691.50112	691.5032	.0021	SM 30:1;O2	C35H71N2O6P	[M+Formate]-	/resources/tools/chemdb_ontology?abbrev=SM 30:1;O2
691.50112	691.4920	.0092	PA O-33:1	C36H71O7P	[M+Formate]-	/resources/tools/chemdb_ontology?abbrev=PA O-33:1
691.50112	691.5032	.0021	CerPE 32:1;O2	C34H69N2O6P	[M+OAc]-	/resources/tools/chemdb_ontology?abbrev=CerPE 32:1;O2
691.50112	691.4920	.0092	PA O-32:1	C35H69O7P	[M+OAc]-	/resources/tools/chemdb_ontology?abbrev=PA O-32:1
1425.98797	1425.9806	.0074	CL 70:5	C79H144O17P2	[M-H]-	/resources/tools/chemdb_ontology?abbrev=CL 70:5
690.49838	690.5079	.0096	PE 32:0	C37H74NO8P	[M-H]-	/resources/tools/chemdb_ontology?abbrev=PE 32:0
690.49838	690.5079	.0096	CerP 36:1;O2	C36H72NO6P	[M+Formate]-	/resources/tools/chemdb_ontology?abbrev=CerP 36:1;O2
690.49838	690.5079	.0096	PC 30:0	C38H76NO8P	[M-CH3]-	/resources/tools/chemdb_ontology?abbrev=PC 30:0
1426.99115	1426.9879	.0033	CL 70:5	C79H144O17P2	Neutral	/resources/tools/chemdb_ontology?abbrev=CL 70:5
760.51291	760.5134	.0005	PS 34:1	C40H76NO10P	[M-H]-	/resources/tools/chemdb_ontology?abbrev=PS 34:1
760.51291	760.5136	.0007	HexCer 35:3;O3	C41H75NO9	[M+Cl]-	/resources/tools/chemdb_ontology?abbrev=HexCer 35:3;O3
760.51291	760.5053	.0076	PE O-36:4	C41H76NO7P	[M+Cl]-	/resources/tools/chemdb_ontology?abbrev=PE O-36:4
760.51291	760.5134	.0005	PC 31:2	C39H74NO8P	[M+Formate]-	/resources/tools/chemdb_ontology?abbrev=PC 31:2
760.51291	760.5134	.0005	PE 34:2	C39H74NO8P	[M+Formate]-	/resources/tools/chemdb_ontology?abbrev=PE 34:2
760.51291	760.5134	.0005	PC 30:2	C38H72NO8P	[M+OAc]-	/resources/tools/chemdb_ontology?abbrev=PC 30:2
760.51291	760.5134	.0005	PE 33:2	C38H72NO8P	[M+OAc]-	/resources/tools/chemdb_ontology?abbrev=PE 33:2
760.51291	760.5043	.0086	PA 41:7	C44H73O8P	Neutral	/resources/tools/chemdb_ontology?abbrev=PA 41:7
870.54755	870.5537	.0062	SHexCer 38:1;O2	C44H85NO11S	[M+Cl]-	/resources/tools/chemdb_ontology?abbrev=SHexCer 38:1;O2
870.54755	870.5502	.0026	PS 39:4	C45H80NO10P	[M+Formate]-	/resources/tools/chemdb_ontology?abbrev=PS 39:4
870.54755	870.5502	.0026	PC 36:5;O2	C44H78NO10P	[M+OAc]-	/resources/tools/chemdb_ontology?abbrev=PC 36:5;O2
870.54755	870.5502	.0026	PS 38:4	C44H78NO10P	[M+OAc]-	/resources/tools/chemdb_ontology?abbrev=PS 38:4
870.54755	870.5411	.0065	PG 44:10	C50H79O10P	Neutral	/resources/tools/chemdb_ontology?abbrev=PG 44:10
748.5213	748.5287	.0074	PE O-38:6	C43H76NO7P	[M-H]-	/resources/tools/chemdb_ontology?abbrev=PE O-38:6
748.5213	748.5134	.0079	PS 33:0	C39H76NO10P	[M-H]-	/resources/tools/chemdb_ontology?abbrev=PS 33:0
748.5213	748.5136	.0077	HexCer 34:2;O3	C40H75NO9	[M+Cl]-	/resources/tools/chemdb_ontology?abbrev=HexCer 34:2;O3
748.5213	748.5134	.0079	PC 30:1	C38H74NO8P	[M+Formate]-	/resources/tools/chemdb_ontology?abbrev=PC 30:1
748.5213	748.5134	.0079	PE 33:1	C38H74NO8P	[M+Formate]-	/resources/tools/chemdb_ontology?abbrev=PE 33:1
748.5213	748.5134	.0079	PC 29:1	C37H72NO8P	[M+OAc]-	/resources/tools/chemdb_ontology?abbrev=PC 29:1
748.5213	748.5134	.0079	PE 32:1	C37H72NO8P	[M+OAc]-	/resources/tools/chemdb_ontology?abbrev=PE 32:1
748.5213	748.5287	.0074	PC O-36:6	C44H78NO7P	[M-CH3]-	/resources/tools/chemdb_ontology?abbrev=PC O-36:6
748.5213	748.5254	.0041	PG 34:1	C40H77O10P	Neutral	/resources/tools/chemdb_ontology?abbrev=PG 34:1
844.53228	844.5345	.0023	PS 37:3	C43H78NO10P	[M+Formate]-	/resources/tools/chemdb_ontology?abbrev=PS 37:3
844.53228	844.5345	.0023	PS 36:3	C42H76NO10P	[M+OAc]-	/resources/tools/chemdb_ontology?abbrev=PS 36:3
844.53228	844.5254	.0068	PG 42:9	C48H77O10P	Neutral	/resources/tools/chemdb_ontology?abbrev=PG 42:9
726.50724	726.5079	.0007	PE 35:3	C40H74NO8P	[M-H]-	/resources/tools/chemdb_ontology?abbrev=PE 35:3
726.50724	726.5162	.0089	HexCer 32:3;O2	C38H69NO8	[M+OAc]-	/resources/tools/chemdb_ontology?abbrev=HexCer 32:3;O2
726.50724	726.5079	.0007	PC 33:3	C41H76NO8P	[M-CH3]-	/resources/tools/chemdb_ontology?abbrev=PC 33:3
726.50724	726.5023	.0049	CL 72:5	C81H148O17P2	[M-2H]2-	/resources/tools/chemdb_ontology?abbrev=CL 72:5
826.55876	826.5604	.0016	PS 39:3	C45H82NO10P	[M-H]-	/resources/tools/chemdb_ontology?abbrev=PS 39:3
826.55876	826.5523	.0065	PC O-38:6	C46H82NO7P	[M+Cl]-	/resources/tools/chemdb_ontology?abbrev=PC O-38:6
826.55876	826.5604	.0016	PC 36:4	C44H80NO8P	[M+Formate]-	/resources/tools/chemdb_ontology?abbrev=PC 36:4
826.55876	826.5604	.0016	PE 39:4	C44H80NO8P	[M+Formate]-	/resources/tools/chemdb_ontology?abbrev=PE 39:4
826.55876	826.5604	.0016	PC 35:4	C43H78NO8P	[M+OAc]-	/resources/tools/chemdb_ontology?abbrev=PC 35:4
826.55876	826.5604	.0016	PE 38:4	C43H78NO8P	[M+OAc]-	/resources/tools/chemdb_ontology?abbrev=PE 38:4
826.55876	826.5604	.0016	PE O-38:5;O	C43H78NO8P	[M+OAc]-	/resources/tools/chemdb_ontology?abbrev=PE O-38:5;O
829.57897	829.5833	.0043	PS 39:2	C45H84NO10P	Neutral	/resources/tools/chemdb_ontology?abbrev=PS 39:2
1406.01297	1406.0119	.0011	CL 68:1	C77H148O17P2	[M-H]-	/resources/tools/chemdb_ontology?abbrev=CL 68:1
1407.0153	1407.0192	.0039	CL 68:1	C77H148O17P2	Neutral	/resources/tools/chemdb_ontology?abbrev=CL 68:1
688.54647	688.5519	.0055	CerPE 36:1;O2	C38H77N2O6P	Neutral	/resources/tools/chemdb_ontology?abbrev=CerPE 36:1;O2
688.54647	688.5519	.0055	SM 33:1;O2	C38H77N2O6P	Neutral	/resources/tools/chemdb_ontology?abbrev=SM 33:1;O2
688.54647	688.5407	.0058	PA O-36:1	C39H77O7P	Neutral	/resources/tools/chemdb_ontology?abbrev=PA O-36:1
863.5556	863.5655	.0099	PI 36:1	C45H85O13P	[M-H]-	/resources/tools/chemdb_ontology?abbrev=PI 36:1
863.5556	863.5574	.0018	PG 40:3	C46H85O10P	[M+Cl]-	/resources/tools/chemdb_ontology?abbrev=PG 40:3
776.54369	776.5447	.0010	PS 35:0	C41H80NO10P	[M-H]-	/resources/tools/chemdb_ontology?abbrev=PS 35:0
776.54369	776.5449	.0012	HexCer 36:2;O3	C42H79NO9	[M+Cl]-	/resources/tools/chemdb_ontology?abbrev=HexCer 36:2;O3
776.54369	776.5366	.0070	PC O-34:3	C42H80NO7P	[M+Cl]-	/resources/tools/chemdb_ontology?abbrev=PC O-34:3
776.54369	776.5366	.0070	PE O-37:3	C42H80NO7P	[M+Cl]-	/resources/tools/chemdb_ontology?abbrev=PE O-37:3
776.54369	776.5447	.0010	PC 32:1	C40H78NO8P	[M+Formate]-	/resources/tools/chemdb_ontology?abbrev=PC 32:1
776.54369	776.5447	.0010	PE 35:1	C40H78NO8P	[M+Formate]-	/resources/tools/chemdb_ontology?abbrev=PE 35:1
776.54369	776.5530	.0093	HexCer 34:1;O4	C40H77NO10	[M+Formate]-	/resources/tools/chemdb_ontology?abbrev=HexCer 34:1;O4
776.54369	776.5447	.0010	PC 31:1	C39H76NO8P	[M+OAc]-	/resources/tools/chemdb_ontology?abbrev=PC 31:1
776.54369	776.5447	.0010	PE 34:1	C39H76NO8P	[M+OAc]-	/resources/tools/chemdb_ontology?abbrev=PE 34:1
776.54369	776.5439	.0002	MGDG 36:5	C45H76O10	Neutral	/resources/tools/chemdb_ontology?abbrev=MGDG 36:5
776.54369	776.5356	.0081	PA 42:6	C45H77O8P	Neutral	/resources/tools/chemdb_ontology?abbrev=PA 42:6
701.53777	701.5362	.0016	DG 39:5	C42H72O5	[M+Formate]-	/resources/tools/chemdb_ontology?abbrev=DG 39:5
701.53777	701.5362	.0016	DG 38:5	C41H70O5	[M+OAc]-	/resources/tools/chemdb_ontology?abbrev=DG 38:5
701.53777	701.5359	.0018	PC O-31:2	C39H76NO7P	Neutral	/resources/tools/chemdb_ontology?abbrev=PC O-31:2
701.53777	701.5359	.0018	PE O-34:2	C39H76NO7P	Neutral	/resources/tools/chemdb_ontology?abbrev=PE O-34:2
839.5296	839.5363	.0067	PA 44:6	C47H81O8P	[M+Cl]-	/resources/tools/chemdb_ontology?abbrev=PA 44:6
839.5296	839.5291	.0005	PI O-32:1	C41H79O12P	[M+Formate]-	/resources/tools/chemdb_ontology?abbrev=PI O-32:1
839.5296	839.5196	.0100	SQDG 32:0	C41H78O12S	[M+Formate]-	/resources/tools/chemdb_ontology?abbrev=SQDG 32:0
839.5296	839.5291	.0005	PI O-31:1	C40H77O12P	[M+OAc]-	/resources/tools/chemdb_ontology?abbrev=PI O-31:1
1405.01003	1405.0035	.0065	CL 68:2	C77H146O17P2	Neutral	/resources/tools/chemdb_ontology?abbrev=CL 68:2
786.52863	786.5291	.0004	PS 36:2	C42H78NO10P	[M-H]-	/resources/tools/chemdb_ontology?abbrev=PS 36:2
786.52863	786.5210	.0076	PE O-38:5	C43H78NO7P	[M+Cl]-	/resources/tools/chemdb_ontology?abbrev=PE O-38:5
786.52863	786.5291	.0004	PC 33:3	C41H76NO8P	[M+Formate]-	/resources/tools/chemdb_ontology?abbrev=PC 33:3
786.52863	786.5291	.0004	PE 36:3	C41H76NO8P	[M+Formate]-	/resources/tools/chemdb_ontology?abbrev=PE 36:3
786.52863	786.5291	.0004	PC 32:3	C40H74NO8P	[M+OAc]-	/resources/tools/chemdb_ontology?abbrev=PC 32:3
786.52863	786.5291	.0004	PE 35:3	C40H74NO8P	[M+OAc]-	/resources/tools/chemdb_ontology?abbrev=PE 35:3
750.52695	750.5292	.0023	HexCer 34:1;O3	C40H77NO9	[M+Cl]-	/resources/tools/chemdb_ontology?abbrev=HexCer 34:1;O3
750.52695	750.5210	.0060	PC O-32:2	C40H78NO7P	[M+Cl]-	/resources/tools/chemdb_ontology?abbrev=PC O-32:2
750.52695	750.5210	.0060	PE O-35:2	C40H78NO7P	[M+Cl]-	/resources/tools/chemdb_ontology?abbrev=PE O-35:2
750.52695	750.5291	.0021	PC 30:0	C38H76NO8P	[M+Formate]-	/resources/tools/chemdb_ontology?abbrev=PC 30:0
750.52695	750.5291	.0021	PE 33:0	C38H76NO8P	[M+Formate]-	/resources/tools/chemdb_ontology?abbrev=PE 33:0
750.52695	750.5291	.0021	PC 29:0	C37H74NO8P	[M+OAc]-	/resources/tools/chemdb_ontology?abbrev=PC 29:0
750.52695	750.5291	.0021	PE 32:0	C37H74NO8P	[M+OAc]-	/resources/tools/chemdb_ontology?abbrev=PE 32:0
750.52695	750.5200	.0070	PA 40:5	C43H75O8P	Neutral	/resources/tools/chemdb_ontology?abbrev=PA 40:5
788.53486	788.5447	.0099	PS 36:1	C42H80NO10P	[M-H]-	/resources/tools/chemdb_ontology?abbrev=PS 36:1
788.53486	788.5366	.0018	PC O-35:4	C43H80NO7P	[M+Cl]-	/resources/tools/chemdb_ontology?abbrev=PC O-35:4
788.53486	788.5366	.0018	PE O-38:4	C43H80NO7P	[M+Cl]-	/resources/tools/chemdb_ontology?abbrev=PE O-38:4
788.53486	788.5447	.0099	PC 33:2	C41H78NO8P	[M+Formate]-	/resources/tools/chemdb_ontology?abbrev=PC 33:2
788.53486	788.5447	.0099	PE 36:2	C41H78NO8P	[M+Formate]-	/resources/tools/chemdb_ontology?abbrev=PE 36:2
788.53486	788.5447	.0099	PC 32:2	C40H76NO8P	[M+OAc]-	/resources/tools/chemdb_ontology?abbrev=PC 32:2
788.53486	788.5447	.0099	PE 35:2	C40H76NO8P	[M+OAc]-	/resources/tools/chemdb_ontology?abbrev=PE 35:2
1433.03111	1433.0348	.0037	CL 70:2	C79H150O17P2	Neutral	/resources/tools/chemdb_ontology?abbrev=CL 70:2
749.52429	749.5338	.0095	PG 34:0	C40H79O10P	[M-H]-	/resources/tools/chemdb_ontology?abbrev=PG 34:0
749.52429	749.5258	.0015	PA O-38:2	C41H79O7P	[M+Cl]-	/resources/tools/chemdb_ontology?abbrev=PA O-38:2
749.52429	749.5338	.0095	PA 36:0	C39H77O8P	[M+Formate]-	/resources/tools/chemdb_ontology?abbrev=PA 36:0
749.52429	749.5338	.0095	PA 35:0	C38H75O8P	[M+OAc]-	/resources/tools/chemdb_ontology?abbrev=PA 35:0
749.52429	749.5207	.0036	PS 33:0	C39H76NO10P	Neutral	/resources/tools/chemdb_ontology?abbrev=PS 33:0
554.47833	554.4790	.0007	Cer 32:1;O2	C32H63NO3	[M+Formate]-	/resources/tools/chemdb_ontology?abbrev=Cer 32:1;O2
623.57281	623.5773	.0045	CE 16:0	C43H76O2	[M-H]-	/resources/tools/chemdb_ontology?abbrev=CE 16:0
1454.01039	1454.0119	.0015	CL 72:5	C81H148O17P2	[M-H]-	/resources/tools/chemdb_ontology?abbrev=CL 72:5
787.532	787.5363	.0043	PS 36:2	C42H78NO10P	Neutral	/resources/tools/chemdb_ontology?abbrev=PS 36:2
747.5737	747.5700	.0037	DG 43:5	C46H80O5	[M+Cl]-	/resources/tools/chemdb_ontology?abbrev=DG 43:5
747.5737	747.5658	.0079	CerPE 37:1;O2	C39H79N2O6P	[M+Formate]-	/resources/tools/chemdb_ontology?abbrev=CerPE 37:1;O2
747.5737	747.5658	.0079	SM 34:1;O2	C39H79N2O6P	[M+Formate]-	/resources/tools/chemdb_ontology?abbrev=SM 34:1;O2
747.5737	747.5658	.0079	CerPE 36:1;O2	C38H77N2O6P	[M+OAc]-	/resources/tools/chemdb_ontology?abbrev=CerPE 36:1;O2
747.5737	747.5658	.0079	SM 33:1;O2	C38H77N2O6P	[M+OAc]-	/resources/tools/chemdb_ontology?abbrev=SM 33:1;O2
747.5737	747.5778	.0041	PC 33:0	C41H82NO8P	Neutral	/resources/tools/chemdb_ontology?abbrev=PC 33:0
747.5737	747.5778	.0041	PE 36:0	C41H82NO8P	Neutral	/resources/tools/chemdb_ontology?abbrev=PE 36:0
1432.02867	1432.0276	.0011	CL 70:2	C79H150O17P2	[M-H]-	/resources/tools/chemdb_ontology?abbrev=CL 70:2
784.50129	784.4923	.0090	PE 40:9	C45H72NO8P	[M-H]-	/resources/tools/chemdb_ontology?abbrev=PE 40:9
784.50129	784.5053	.0041	PE O-38:6	C43H76NO7P	[M+Cl]-	/resources/tools/chemdb_ontology?abbrev=PE O-38:6
784.50129	784.4923	.0090	PC 38:9	C46H74NO8P	[M-CH3]-	/resources/tools/chemdb_ontology?abbrev=PC 38:9
1452.00367	1451.9963	.0074	CL 72:6	C81H146O17P2	[M-H]-	/resources/tools/chemdb_ontology?abbrev=CL 72:6
1453.00686	1453.0035	.0033	CL 72:6	C81H146O17P2	Neutral	/resources/tools/chemdb_ontology?abbrev=CL 72:6
774.53654	774.5291	.0075	PS 35:1	C41H78NO10P	[M-H]-	/resources/tools/chemdb_ontology?abbrev=PS 35:1
774.53654	774.5443	.0078	PE O-40:7	C45H78NO7P	[M-H]-	/resources/tools/chemdb_ontology?abbrev=PE O-40:7
774.53654	774.5291	.0075	PC 32:2	C40H76NO8P	[M+Formate]-	/resources/tools/chemdb_ontology?abbrev=PC 32:2
774.53654	774.5291	.0075	PE 35:2	C40H76NO8P	[M+Formate]-	/resources/tools/chemdb_ontology?abbrev=PE 35:2
774.53654	774.5291	.0075	PC 31:2	C39H74NO8P	[M+OAc]-	/resources/tools/chemdb_ontology?abbrev=PC 31:2
774.53654	774.5291	.0075	PE 34:2	C39H74NO8P	[M+OAc]-	/resources/tools/chemdb_ontology?abbrev=PE 34:2
774.53654	774.5443	.0078	PC O-38:7	C46H80NO7P	[M-CH3]-	/resources/tools/chemdb_ontology?abbrev=PC O-38:7
774.53654	774.5411	.0045	PG 36:2	C42H79O10P	Neutral	/resources/tools/chemdb_ontology?abbrev=PG 36:2
774.53654	774.5282	.0083	MGDG 36:6	C45H74O10	Neutral	/resources/tools/chemdb_ontology?abbrev=MGDG 36:6
761.55157	761.5491	.0025	PA O-42:6	C45H79O7P	[M-H]-	/resources/tools/chemdb_ontology?abbrev=PA O-42:6
761.55157	761.5450	.0065	CerPE 37:2;O3	C39H77N2O7P	[M+Formate]-	/resources/tools/chemdb_ontology?abbrev=CerPE 37:2;O3
761.55157	761.5450	.0065	CerPE 36:2;O3	C38H75N2O7P	[M+OAc]-	/resources/tools/chemdb_ontology?abbrev=CerPE 36:2;O3
761.55157	761.5571	.0055	PS O-35:1	C41H80NO9P	Neutral	/resources/tools/chemdb_ontology?abbrev=PS O-35:1
718.51933	718.5149	.0045	PG O-33:2	C39H75O9P	Neutral	/resources/tools/chemdb_ontology?abbrev=PG O-33:2
815.50526	815.5080	.0027	PI O-34:4	C43H77O12P	[M-H]-	/resources/tools/chemdb_ontology?abbrev=PI O-34:4
815.50526	815.4999	.0053	PG O-38:6	C44H77O9P	[M+Cl]-	/resources/tools/chemdb_ontology?abbrev=PG O-38:6
815.50526	815.5080	.0027	PG 36:4	C42H75O10P	[M+Formate]-	/resources/tools/chemdb_ontology?abbrev=PG 36:4
815.50526	815.5080	.0027	PG 35:4	C41H73O10P	[M+OAc]-	/resources/tools/chemdb_ontology?abbrev=PG 35:4
783.49839	783.4948	.0035	PG 34:1	C40H77O10P	[M+Cl]-	/resources/tools/chemdb_ontology?abbrev=PG 34:1
783.49839	783.5050	.0066	PS 36:4	C42H74NO10P	Neutral	/resources/tools/chemdb_ontology?abbrev=PS 36:4
715.51117	715.5074	.0038	DG 41:7	C44H72O5	[M+Cl]-	/resources/tools/chemdb_ontology?abbrev=DG 41:7
715.51117	715.5032	.0080	CerPE 34:3;O2	C36H69N2O6P	[M+OAc]-	/resources/tools/chemdb_ontology?abbrev=CerPE 34:3;O2
715.51117	715.5101	.0010	CL 70:2	C79H150O17P2	[M-2H]2-	/resources/tools/chemdb_ontology?abbrev=CL 70:2
715.51117	715.5152	.0040	PC 31:2	C39H74NO8P	Neutral	/resources/tools/chemdb_ontology?abbrev=PC 31:2
715.51117	715.5152	.0040	PE 34:2	C39H74NO8P	Neutral	/resources/tools/chemdb_ontology?abbrev=PE 34:2
671.51257	671.5134	.0008	CerPE 35:2;O2	C37H73N2O6P	[M-H]-	/resources/tools/chemdb_ontology?abbrev=CerPE 35:2;O2
671.51257	671.5134	.0008	SM 33:2;O2	C38H75N2O6P	[M-CH3]-	/resources/tools/chemdb_ontology?abbrev=SM 33:2;O2
772.46527	772.4690	.0037	PC 33:5	C41H72NO8P	[M+Cl]-	/resources/tools/chemdb_ontology?abbrev=PC 33:5
772.46527	772.4690	.0037	PE 36:5	C41H72NO8P	[M+Cl]-	/resources/tools/chemdb_ontology?abbrev=PE 36:5
715.56374	715.5647	.0010	PA O-38:1	C41H81O7P	[M-H]-	/resources/tools/chemdb_ontology?abbrev=PA O-38:1
715.56374	715.5649	.0012	TG 39:0	C42H80O6	[M+Cl]-	/resources/tools/chemdb_ontology?abbrev=TG 39:0
715.56374	715.5671	.0034	CE 20:5	C47H74O2	[M+Formate]-	/resources/tools/chemdb_ontology?abbrev=CE 20:5
715.56374	715.5598	.0039	HexCer 34:1;O3	C40H77NO9	Neutral	/resources/tools/chemdb_ontology?abbrev=HexCer 34:1;O3
851.4855	851.4847	.0008	PI O-34:4	C43H77O12P	[M+Cl]-	/resources/tools/chemdb_ontology?abbrev=PI O-34:4
851.4855	851.4927	.0072	PI 32:2	C41H75O13P	[M+Formate]-	/resources/tools/chemdb_ontology?abbrev=PI 32:2
851.4855	851.4869	.0014	PA 44:12	C47H69O8P	[M+OAc]-	/resources/tools/chemdb_ontology?abbrev=PA 44:12
851.4855	851.4927	.0072	PI 31:2	C40H73O13P	[M+OAc]-	/resources/tools/chemdb_ontology?abbrev=PI 31:2
775.5393	775.5366	.0027	MGDG 36:5	C45H76O10	[M-H]-	/resources/tools/chemdb_ontology?abbrev=MGDG 36:5
775.5393	775.5414	.0021	PA O-40:3	C43H81O7P	[M+Cl]-	/resources/tools/chemdb_ontology?abbrev=PA O-40:3
775.5393	775.5363	.0030	PS 35:1	C41H78NO10P	Neutral	/resources/tools/chemdb_ontology?abbrev=PS 35:1
734.53348	734.5342	.0007	PS O-33:0	C39H78NO9P	[M-H]-	/resources/tools/chemdb_ontology?abbrev=PS O-33:0
734.53348	734.5343	.0008	HexCer 34:1;O2	C40H77NO8	[M+Cl]-	/resources/tools/chemdb_ontology?abbrev=HexCer 34:1;O2
734.53348	734.5342	.0007	PC O-30:1	C38H76NO7P	[M+Formate]-	/resources/tools/chemdb_ontology?abbrev=PC O-30:1
734.53348	734.5342	.0007	PE O-33:1	C38H76NO7P	[M+Formate]-	/resources/tools/chemdb_ontology?abbrev=PE O-33:1
734.53348	734.5342	.0007	PC O-29:1	C37H74NO7P	[M+OAc]-	/resources/tools/chemdb_ontology?abbrev=PC O-29:1
734.53348	734.5342	.0007	PE O-32:1	C37H74NO7P	[M+OAc]-	/resources/tools/chemdb_ontology?abbrev=PE O-32:1
734.53348	734.5250	.0084	PA O-40:6	C43H75O7P	Neutral	/resources/tools/chemdb_ontology?abbrev=PA O-40:6
1431.02565	1431.0192	.0065	CL 70:3	C79H148O17P2	Neutral	/resources/tools/chemdb_ontology?abbrev=CL 70:3
782.63641	782.6424	.0060	TG 47:5	C50H86O6	Neutral	/resources/tools/chemdb_ontology?abbrev=TG 47:5
782.63641	782.6302	.0062	SM 40:3;O2	C45H87N2O6P	Neutral	/resources/tools/chemdb_ontology?abbrev=SM 40:3;O2
828.48799	828.4821	.0059	PS 40:9	C46H72NO10P	[M-H]-	/resources/tools/chemdb_ontology?abbrev=PS 40:9
828.48799	828.4952	.0072	PS O-38:6	C44H76NO9P	[M+Cl]-	/resources/tools/chemdb_ontology?abbrev=PS O-38:6
828.48799	828.4821	.0059	PE 40:10	C45H70NO8P	[M+Formate]-	/resources/tools/chemdb_ontology?abbrev=PE 40:10
828.48799	828.4789	.0091	PI 34:5	C43H73O13P	Neutral	/resources/tools/chemdb_ontology?abbrev=PI 34:5
717.51696	717.5076	.0094	PG O-33:2	C39H75O9P	[M-H]-	/resources/tools/chemdb_ontology?abbrev=PG O-33:2
717.51696	717.5230	.0061	DG 41:6	C44H74O5	[M+Cl]-	/resources/tools/chemdb_ontology?abbrev=DG 41:6
717.51696	717.5188	.0019	CerPE 35:2;O2	C37H73N2O6P	[M+Formate]-	/resources/tools/chemdb_ontology?abbrev=CerPE 35:2;O2
717.51696	717.5188	.0019	SM 32:2;O2	C37H73N2O6P	[M+Formate]-	/resources/tools/chemdb_ontology?abbrev=SM 32:2;O2
717.51696	717.5076	.0094	PA O-35:2	C38H73O7P	[M+Formate]-	/resources/tools/chemdb_ontology?abbrev=PA O-35:2
717.51696	717.5188	.0019	CerPE 34:2;O2	C36H71N2O6P	[M+OAc]-	/resources/tools/chemdb_ontology?abbrev=CerPE 34:2;O2
717.51696	717.5076	.0094	PA O-34:2	C37H71O7P	[M+OAc]-	/resources/tools/chemdb_ontology?abbrev=PA O-34:2
744.56214	744.5549	.0073	PE 36:1	C41H80NO8P	[M-H]-	/resources/tools/chemdb_ontology?abbrev=PE 36:1
744.56214	744.5631	.0010	HexCer 34:1;O2	C40H77NO8	[M+Formate]-	/resources/tools/chemdb_ontology?abbrev=HexCer 34:1;O2
744.56214	744.5631	.0010	HexCer 33:1;O2	C39H75NO8	[M+OAc]-	/resources/tools/chemdb_ontology?abbrev=HexCer 33:1;O2
744.56214	744.5549	.0073	PC 34:1	C42H82NO8P	[M-CH3]-	/resources/tools/chemdb_ontology?abbrev=PC 34:1
744.56214	744.5669	.0048	PA 39:1	C42H81O8P	Neutral	/resources/tools/chemdb_ontology?abbrev=PA 39:1
768.55398	768.5549	.0009	PE 38:3	C43H80NO8P	[M-H]-	/resources/tools/chemdb_ontology?abbrev=PE 38:3
768.55398	768.5549	.0009	PC 36:3	C44H82NO8P	[M-CH3]-	/resources/tools/chemdb_ontology?abbrev=PC 36:3
768.55398	768.5493	.0047	CL 78:5	C87H160O17P2	[M-2H]2-	/resources/tools/chemdb_ontology?abbrev=CL 78:5
897.47777	897.4771	.0007	PI 36:7	C45H73O13P	[M+Formate]-	/resources/tools/chemdb_ontology?abbrev=PI 36:7
452.32804	452.3267	.0014	LPA O-20:0	C23H49O6P	Neutral	/resources/tools/chemdb_ontology?abbrev=LPA O-20:0
311.17971	311.1864	.0067	FA 17:3;O3	C17H28O5	[M-H]-	/resources/tools/chemdb_ontology?abbrev=FA 17:3;O3
311.17971	311.1783	.0014	FA 18:4	C18H28O2	[M+Cl]-	/resources/tools/chemdb_ontology?abbrev=FA 18:4
311.17971	311.1783	.0014	ST 18:1;O2	C18H28O2	[M+Cl]-	/resources/tools/chemdb_ontology?abbrev=ST 18:1;O2
311.17971	311.1864	.0067	FA 16:3;O	C16H26O3	[M+Formate]-	/resources/tools/chemdb_ontology?abbrev=FA 16:3;O
311.17971	311.1864	.0067	FA 15:3;O	C15H24O3	[M+OAc]-	/resources/tools/chemdb_ontology?abbrev=FA 15:3;O
770.53258	770.5342	.0016	PS O-36:3	C42H78NO9P	[M-H]-	/resources/tools/chemdb_ontology?abbrev=PS O-36:3
770.53258	770.5342	.0016	PE O-36:4	C41H76NO7P	[M+Formate]-	/resources/tools/chemdb_ontology?abbrev=PE O-36:4
770.53258	770.5424	.0098	HexCer 35:3;O3	C41H75NO9	[M+Formate]-	/resources/tools/chemdb_ontology?abbrev=HexCer 35:3;O3
395.26208	395.2568	.0053	LPA O-16:0	C19H41O6P	[M-H]-	/resources/tools/chemdb_ontology?abbrev=LPA O-16:0
590.33795	590.3464	.0084	LPC 20:3	C28H52NO7P	[M+Formate]-	/resources/tools/chemdb_ontology?abbrev=LPC 20:3
590.33795	590.3464	.0084	LPC 19:3	C27H50NO7P	[M+OAc]-	/resources/tools/chemdb_ontology?abbrev=LPC 19:3
590.33795	590.3464	.0084	PC 22:2;O	C30H56NO9P	[M-CH3]-	/resources/tools/chemdb_ontology?abbrev=PC 22:2;O
803.62309	803.6195	.0036	TG 49:8	C52H84O6	[M-H]-	/resources/tools/chemdb_ontology?abbrev=TG 49:8
803.62309	803.6172	.0059	PG O-39:1	C45H89O9P	[M-H]-	/resources/tools/chemdb_ontology?abbrev=PG O-39:1
803.62309	803.6284	.0053	SM 38:1;O2	C43H87N2O6P	[M+Formate]-	/resources/tools/chemdb_ontology?abbrev=SM 38:1;O2
803.62309	803.6172	.0059	PA O-41:1	C44H87O7P	[M+Formate]-	/resources/tools/chemdb_ontology?abbrev=PA O-41:1
803.62309	803.6284	.0053	CerPE 40:1;O2	C42H85N2O6P	[M+OAc]-	/resources/tools/chemdb_ontology?abbrev=CerPE 40:1;O2
803.62309	803.6284	.0053	SM 37:1;O2	C42H85N2O6P	[M+OAc]-	/resources/tools/chemdb_ontology?abbrev=SM 37:1;O2
803.62309	803.6172	.0059	PA O-40:1	C43H85O7P	[M+OAc]-	/resources/tools/chemdb_ontology?abbrev=PA O-40:1
850.62533	850.6331	.0078	PE 44:4	C49H90NO8P	[M-H]-	/resources/tools/chemdb_ontology?abbrev=PE 44:4
850.62533	850.6181	.0073	HexCer 40:1;O4	C46H89NO10	[M+Cl]-	/resources/tools/chemdb_ontology?abbrev=HexCer 40:1;O4
850.62533	850.6179	.0074	PS O-38:0	C44H88NO9P	[M+Formate]-	/resources/tools/chemdb_ontology?abbrev=PS O-38:0
850.62533	850.6179	.0074	PS O-37:0	C43H86NO9P	[M+OAc]-	/resources/tools/chemdb_ontology?abbrev=PS O-37:0
850.62533	850.6331	.0078	PC 42:4	C50H92NO8P	[M-CH3]-	/resources/tools/chemdb_ontology?abbrev=PC 42:4
761.58023	761.5856	.0054	DG 44:5	C47H82O5	[M+Cl]-	/resources/tools/chemdb_ontology?abbrev=DG 44:5
761.58023	761.5814	.0012	CerPE 38:1;O2	C40H81N2O6P	[M+Formate]-	/resources/tools/chemdb_ontology?abbrev=CerPE 38:1;O2
761.58023	761.5814	.0012	SM 35:1;O2	C40H81N2O6P	[M+Formate]-	/resources/tools/chemdb_ontology?abbrev=SM 35:1;O2
761.58023	761.5814	.0012	CerPE 37:1;O2	C39H79N2O6P	[M+OAc]-	/resources/tools/chemdb_ontology?abbrev=CerPE 37:1;O2
761.58023	761.5814	.0012	SM 34:1;O2	C39H79N2O6P	[M+OAc]-	/resources/tools/chemdb_ontology?abbrev=SM 34:1;O2
253.1442	253.1445	.0003	FA 12:3	C12H18O2	[M+OAc]-	/resources/tools/chemdb_ontology?abbrev=FA 12:3
253.1442	253.1418	.0024	PG 36:8	C42H67O10P	[M-3H]3-	/resources/tools/chemdb_ontology?abbrev=PG 36:8
705.30186	705.3024	.0005	PI 22:1	C30H55O14P	[M+Cl]-	/resources/tools/chemdb_ontology?abbrev=PI 22:1
480.35934	480.3609	.0016	TG 61:13	C64H98O6	[M-2H]2-	/resources/tools/chemdb_ontology?abbrev=TG 61:13
477.34017	477.3428	.0027	CL 70:1	C79H152O17P2	[M-3H]3-	/resources/tools/chemdb_ontology?abbrev=CL 70:1
409.27778	409.2748	.0030	ST 27:5;O3	C27H38O3	[M-H]-	/resources/tools/chemdb_ontology?abbrev=ST 27:5;O3
494.37493	494.3766	.0016	TG 63:13	C66H102O6	[M-2H]2-	/resources/tools/chemdb_ontology?abbrev=TG 63:13
423.29339	423.2905	.0029	ST 28:5;O3	C28H40O3	[M-H]-	/resources/tools/chemdb_ontology?abbrev=ST 28:5;O3
423.29339	423.2881	.0053	LPA O-18:0	C21H45O6P	[M-H]-	/resources/tools/chemdb_ontology?abbrev=LPA O-18:0
423.29339	423.2905	.0029	ST 27:5;O	C27H38O	[M+Formate]-	/resources/tools/chemdb_ontology?abbrev=ST 27:5;O
451.32473	451.3194	.0053	LPA O-20:0	C23H49O6P	[M-H]-	/resources/tools/chemdb_ontology?abbrev=LPA O-20:0
309.17326	309.1708	.0025	FA 17:4;O3	C17H26O5	[M-H]-	/resources/tools/chemdb_ontology?abbrev=FA 17:4;O3
309.17326	309.1708	.0025	FA 16:4;O	C16H24O3	[M+Formate]-	/resources/tools/chemdb_ontology?abbrev=FA 16:4;O
309.17326	309.1708	.0025	FA 15:4;O	C15H22O3	[M+OAc]-	/resources/tools/chemdb_ontology?abbrev=FA 15:4;O
309.17326	309.1772	.0039	PA 28:2;O2	C31H57O10P	[M-2H]2-	/resources/tools/chemdb_ontology?abbrev=PA 28:2;O2
309.17326	309.1707	.0025	DGDG 36:9	C51H78O15	[M-3H]3-	/resources/tools/chemdb_ontology?abbrev=DGDG 36:9
293.17587	293.1758	.0000	FA 16:4	C16H24O2	[M+Formate]-	/resources/tools/chemdb_ontology?abbrev=FA 16:4
293.17587	293.1758	.0000	SFE 16:4	C16H24O2	[M+Formate]-	/resources/tools/chemdb_ontology?abbrev=SFE 16:4
293.17587	293.1758	.0000	FA 15:4	C15H22O2	[M+OAc]-	/resources/tools/chemdb_ontology?abbrev=FA 15:4
293.17587	293.1758	.0000	WE 15:4	C15H22O2	[M+OAc]-	/resources/tools/chemdb_ontology?abbrev=WE 15:4
293.17587	293.1758	.0000	ST 28:3;O2;GlcA	C34H52O8	[M-2H]2-	/resources/tools/chemdb_ontology?abbrev=ST 28:3;O2;GlcA
479.35605	479.3531	.0030	TG 61:14	C64H96O6	[M-2H]2-	/resources/tools/chemdb_ontology?abbrev=TG 61:14
437.30907	437.3061	.0029	ST 27:5;O	C27H38O	[M+OAc]-	/resources/tools/chemdb_ontology?abbrev=ST 27:5;O
437.30907	437.3141	.0051	CAR 18:3;O	C25H43NO5	Neutral	/resources/tools/chemdb_ontology?abbrev=CAR 18:3;O
835.53386	835.5342	.0004	PI 34:1	C43H81O13P	[M-H]-	/resources/tools/chemdb_ontology?abbrev=PI 34:1
835.53386	835.5261	.0077	PG 38:3	C44H81O10P	[M+Cl]-	/resources/tools/chemdb_ontology?abbrev=PG 38:3
835.53386	835.5363	.0025	PS 40:6	C46H78NO10P	Neutral	/resources/tools/chemdb_ontology?abbrev=PS 40:6
311.16833	311.1682	.0001	ST 33:2_O7	C33H52O11	[M-2H]2-	/resources/tools/chemdb_ontology?abbrev=ST 33:2_O7
918.61265	918.6197	.0071	PI 40:2	C49H91O13P	Neutral	/resources/tools/chemdb_ontology?abbrev=PI 40:2
339.19959	339.1944	.0052	FA 16:0;O3	C16H32O5	[M+Cl]-	/resources/tools/chemdb_ontology?abbrev=FA 16:0;O3
297.15272	297.1627	.0100	FA 17:4	C17H26O2	[M+Cl]-	/resources/tools/chemdb_ontology?abbrev=FA 17:4
265.14764	265.1576	.0100	FA 13:0;O	C13H26O3	[M+Cl]-	/resources/tools/chemdb_ontology?abbrev=FA 13:0;O
265.14764	265.1445	.0031	FA 14:4	C14H20O2	[M+Formate]-	/resources/tools/chemdb_ontology?abbrev=FA 14:4
265.14764	265.1445	.0031	FA 13:4	C13H18O2	[M+OAc]-	/resources/tools/chemdb_ontology?abbrev=FA 13:4
265.14764	265.1445	.0031	SFE 13:4	C13H18O2	[M+OAc]-	/resources/tools/chemdb_ontology?abbrev=SFE 13:4
265.14764	265.1462	.0014	ST 27:0;O5;S	C27H48O8S	[M-2H]2-	/resources/tools/chemdb_ontology?abbrev=ST 27:0;O5;S
265.14764	265.1445	.0031	ST 30:5;O8	C30H44O8	[M-2H]2-	/resources/tools/chemdb_ontology?abbrev=ST 30:5;O8
353.19992	353.1970	.0029	FA 19:4;O4	C19H30O6	[M-H]-	/resources/tools/chemdb_ontology?abbrev=FA 19:4;O4
353.19992	353.1970	.0029	FA 18:4;O2	C18H28O4	[M+Formate]-	/resources/tools/chemdb_ontology?abbrev=FA 18:4;O2
397.2261	397.2232	.0029	FA 20:4;O3	C20H32O5	[M+Formate]-	/resources/tools/chemdb_ontology?abbrev=FA 20:4;O3
397.2261	397.2232	.0029	ST 19:1;O5	C19H30O5	[M+OAc]-	/resources/tools/chemdb_ontology?abbrev=ST 19:1;O5
397.2261	397.2229	.0032	LPC 9:0	C17H36NO7P	Neutral	/resources/tools/chemdb_ontology?abbrev=LPC 9:0
397.2261	397.2229	.0032	LPE 12:0	C17H36NO7P	Neutral	/resources/tools/chemdb_ontology?abbrev=LPE 12:0
762.58368	762.5737	.0100	HexCer 34:0;O3	C40H79NO9	[M+Formate]-	/resources/tools/chemdb_ontology?abbrev=HexCer 34:0;O3
762.58368	762.5775	.0062	PG O-36:1	C42H83O9P	Neutral	/resources/tools/chemdb_ontology?abbrev=PG O-36:1
590.2861	590.2856	.0005	PA 25:4;O3	C28H47O11P	Neutral	/resources/tools/chemdb_ontology?abbrev=PA 25:4;O3
279.16315	279.1602	.0030	FA 16:4;O2	C16H24O4	[M-H]-	/resources/tools/chemdb_ontology?abbrev=FA 16:4;O2
279.16315	279.1602	.0030	FA 15:4	C15H22O2	[M+Formate]-	/resources/tools/chemdb_ontology?abbrev=FA 15:4
279.16315	279.1602	.0030	WE 15:4	C15H22O2	[M+Formate]-	/resources/tools/chemdb_ontology?abbrev=WE 15:4
279.16315	279.1602	.0030	FA 14:4	C14H20O2	[M+OAc]-	/resources/tools/chemdb_ontology?abbrev=FA 14:4
279.16315	279.1602	.0030	ST 32:5;O8	C32H48O8	[M-2H]2-	/resources/tools/chemdb_ontology?abbrev=ST 32:5;O8
279.16315	279.1645	.0013	PI O-36:6	C45H77O12P	[M-3H]3-	/resources/tools/chemdb_ontology?abbrev=PI O-36:6
279.16315	279.1613	.0019	SQDG 38:6	C45H76O12S	[M-3H]3-	/resources/tools/chemdb_ontology?abbrev=SQDG 38:6
325.19557	325.2021	.0065	FA 18:3;O3	C18H30O5	[M-H]-	/resources/tools/chemdb_ontology?abbrev=FA 18:3;O3
325.19557	325.1940	.0016	FA 19:4	C19H30O2	[M+Cl]-	/resources/tools/chemdb_ontology?abbrev=FA 19:4
325.19557	325.1940	.0016	ST 19:1;O2	C19H30O2	[M+Cl]-	/resources/tools/chemdb_ontology?abbrev=ST 19:1;O2
325.19557	325.2021	.0065	FA 17:3;O	C17H28O3	[M+Formate]-	/resources/tools/chemdb_ontology?abbrev=FA 17:3;O
325.19557	325.2021	.0065	FA 16:3;O	C16H26O3	[M+OAc]-	/resources/tools/chemdb_ontology?abbrev=FA 16:3;O
325.19557	325.1979	.0024	PA 33:5	C36H61O8P	[M-2H]2-	/resources/tools/chemdb_ontology?abbrev=PA 33:5
466.34372	466.3453	.0015	TG 59:13	C62H94O6	[M-2H]2-	/resources/tools/chemdb_ontology?abbrev=TG 59:13
728.52255	728.5236	.0010	PE 35:2	C40H76NO8P	[M-H]-	/resources/tools/chemdb_ontology?abbrev=PE 35:2
728.52255	728.5318	.0093	HexCer 33:2;O2	C39H73NO8	[M+Formate]-	/resources/tools/chemdb_ontology?abbrev=HexCer 33:2;O2
728.52255	728.5318	.0093	HexCer 32:2;O2	C38H71NO8	[M+OAc]-	/resources/tools/chemdb_ontology?abbrev=HexCer 32:2;O2
728.52255	728.5236	.0010	PC 33:2	C41H78NO8P	[M-CH3]-	/resources/tools/chemdb_ontology?abbrev=PC 33:2
728.52255	728.5180	.0046	CL 72:3	C81H152O17P2	[M-2H]2-	/resources/tools/chemdb_ontology?abbrev=CL 72:3
94.99016	94.9905	.0004	FA 2:0	C2H4O2	[M+Cl]-	/resources/tools/chemdb_ontology?abbrev=FA 2:0
741.56088	741.5675	.0066	DG 42:6	C45H76O5	[M+Formate]-	/resources/tools/chemdb_ontology?abbrev=DG 42:6
741.56088	741.5675	.0066	DG 41:6	C44H74O5	[M+OAc]-	/resources/tools/chemdb_ontology?abbrev=DG 41:6
741.56088	741.5672	.0064	PC O-34:3	C42H80NO7P	Neutral	/resources/tools/chemdb_ontology?abbrev=PC O-34:3
741.56088	741.5672	.0064	PE O-37:3	C42H80NO7P	Neutral	/resources/tools/chemdb_ontology?abbrev=PE O-37:3
904.52494	904.5345	.0096	PS 42:8	C48H78NO10P	[M+Formate]-	/resources/tools/chemdb_ontology?abbrev=PS 42:8
741.38466	741.3832	.0015	PI 25:1;O2	C34H63O15P	[M-H]-	/resources/tools/chemdb_ontology?abbrev=PI 25:1;O2
740.496	740.4872	.0088	PS O-34:4	C40H72NO9P	[M-H]-	/resources/tools/chemdb_ontology?abbrev=PS O-34:4
740.496	740.5003	.0043	PC 30:0	C38H76NO8P	[M+Cl]-	/resources/tools/chemdb_ontology?abbrev=PC 30:0
740.496	740.5003	.0043	PE 33:0	C38H76NO8P	[M+Cl]-	/resources/tools/chemdb_ontology?abbrev=PE 33:0
740.496	740.4872	.0088	PE O-34:5	C39H70NO7P	[M+Formate]-	/resources/tools/chemdb_ontology?abbrev=PE O-34:5
716.56994	716.5682	.0017	HexCer 34:0;O3	C40H79NO9	[M-H]-	/resources/tools/chemdb_ontology?abbrev=HexCer 34:0;O3
716.56994	716.5600	.0100	PE O-35:1	C40H80NO7P	[M-H]-	/resources/tools/chemdb_ontology?abbrev=PE O-35:1
716.56994	716.5600	.0100	PC O-33:1	C41H82NO7P	[M-CH3]-	/resources/tools/chemdb_ontology?abbrev=PC O-33:1
716.56994	716.5720	.0021	PA O-38:1	C41H81O7P	Neutral	/resources/tools/chemdb_ontology?abbrev=PA O-38:1
676.49144	676.4923	.0008	PE 31:0	C36H72NO8P	[M-H]-	/resources/tools/chemdb_ontology?abbrev=PE 31:0
676.49144	676.4923	.0008	CerP 34:1;O2	C34H68NO6P	[M+OAc]-	/resources/tools/chemdb_ontology?abbrev=CerP 34:1;O2
676.49144	676.4923	.0008	PC 29:0	C37H74NO8P	[M-CH3]-	/resources/tools/chemdb_ontology?abbrev=PC 29:0
742.49414	742.5029	.0087	PS O-34:3	C40H74NO9P	[M-H]-	/resources/tools/chemdb_ontology?abbrev=PS O-34:3
742.49414	742.5029	.0087	PE O-34:4	C39H72NO7P	[M+Formate]-	/resources/tools/chemdb_ontology?abbrev=PE O-34:4
743.58996	743.5960	.0061	PA O-40:1	C43H85O7P	[M-H]-	/resources/tools/chemdb_ontology?abbrev=PA O-40:1
743.58996	743.5962	.0062	TG 41:0	C44H84O6	[M+Cl]-	/resources/tools/chemdb_ontology?abbrev=TG 41:0
743.58996	743.5831	.0068	DG 42:5	C45H78O5	[M+Formate]-	/resources/tools/chemdb_ontology?abbrev=DG 42:5
743.58996	743.5984	.0084	CE 22:5	C49H78O2	[M+Formate]-	/resources/tools/chemdb_ontology?abbrev=CE 22:5
743.58996	743.5831	.0068	DG 41:5	C44H76O5	[M+OAc]-	/resources/tools/chemdb_ontology?abbrev=DG 41:5
743.58996	743.5911	.0012	HexCer 36:1;O3	C42H81NO9	Neutral	/resources/tools/chemdb_ontology?abbrev=HexCer 36:1;O3
743.58996	743.5829	.0071	PC O-34:2	C42H82NO7P	Neutral	/resources/tools/chemdb_ontology?abbrev=PC O-34:2
743.58996	743.5829	.0071	PE O-37:2	C42H82NO7P	Neutral	/resources/tools/chemdb_ontology?abbrev=PE O-37:2
741.49066	741.4843	.0064	PG O-32:1	C38H75O9P	[M+Cl]-	/resources/tools/chemdb_ontology?abbrev=PG O-32:1
741.49066	741.4945	.0038	PS O-34:4	C40H72NO9P	Neutral	/resources/tools/chemdb_ontology?abbrev=PS O-34:4
1458.04308	1458.0432	.0001	CL 72:3	C81H152O17P2	[M-H]-	/resources/tools/chemdb_ontology?abbrev=CL 72:3
885.54987	885.5499	.0000	PI 38:4	C47H83O13P	[M-H]-	/resources/tools/chemdb_ontology?abbrev=PI 38:4
885.54987	885.5418	.0081	PG 42:6	C48H83O10P	[M+Cl]-	/resources/tools/chemdb_ontology?abbrev=PG 42:6
741.44304	741.4501	.0070	PA 40:9	C43H67O8P	[M-H]-	/resources/tools/chemdb_ontology?abbrev=PA 40:9
741.44304	741.4479	.0049	PG 31:1	C37H71O10P	[M+Cl]-	/resources/tools/chemdb_ontology?abbrev=PG 31:1
867.59707	867.5887	.0083	PG 40:1	C46H89O10P	[M+Cl]-	/resources/tools/chemdb_ontology?abbrev=PG 40:1
867.59707	867.5989	.0019	PS 42:4	C48H86NO10P	Neutral	/resources/tools/chemdb_ontology?abbrev=PS 42:4
903.52129	903.5160	.0053	PI O-38:6	C47H81O12P	[M+Cl]-	/resources/tools/chemdb_ontology?abbrev=PI O-38:6
903.52129	903.5240	.0028	PI 36:4	C45H79O13P	[M+Formate]-	/resources/tools/chemdb_ontology?abbrev=PI 36:4
903.52129	903.5240	.0028	PI 35:4	C44H77O13P	[M+OAc]-	/resources/tools/chemdb_ontology?abbrev=PI 35:4
742.58586	742.5839	.0020	HexCer 36:1;O3	C42H81NO9	[M-H]-	/resources/tools/chemdb_ontology?abbrev=HexCer 36:1;O3
742.58586	742.5876	.0018	PA O-40:2	C43H83O7P	Neutral	/resources/tools/chemdb_ontology?abbrev=PA O-40:2
744.53497	744.5267	.0082	HexCer 32:2;O3	C38H71NO9	[M+OAc]-	/resources/tools/chemdb_ontology?abbrev=HexCer 32:2;O3
744.53497	744.5305	.0044	PG O-35:3	C41H77O9P	Neutral	/resources/tools/chemdb_ontology?abbrev=PG O-35:3
865.54535	865.5448	.0006	PI O-34:2	C43H81O12P	[M+Formate]-	/resources/tools/chemdb_ontology?abbrev=PI O-34:2
865.54535	865.5448	.0006	PI O-33:2	C42H79O12P	[M+OAc]-	/resources/tools/chemdb_ontology?abbrev=PI O-33:2
1456.03713	1456.0276	.0096	CL 72:4	C81H150O17P2	[M-H]-	/resources/tools/chemdb_ontology?abbrev=CL 72:4
750.5839	750.5890	.0051	HexCer 38:3;O2	C44H81NO8	[M-H]-	/resources/tools/chemdb_ontology?abbrev=HexCer 38:3;O2
750.5839	750.5775	.0064	PG O-35:0	C41H83O9P	Neutral	/resources/tools/chemdb_ontology?abbrev=PG O-35:0
1457.04043	1457.0348	.0056	CL 72:4	C81H150O17P2	Neutral	/resources/tools/chemdb_ontology?abbrev=CL 72:4
798.66566	798.6615	.0042	SM 41:2;O2	C46H91N2O6P	Neutral	/resources/tools/chemdb_ontology?abbrev=SM 41:2;O2
798.66566	798.6737	.0081	TG 48:4	C51H90O6	Neutral	/resources/tools/chemdb_ontology?abbrev=TG 48:4
876.49775	876.5032	.0055	PS 40:8	C46H74NO10P	[M+Formate]-	/resources/tools/chemdb_ontology?abbrev=PS 40:8
876.49775	876.5032	.0055	PS 39:8	C45H72NO10P	[M+OAc]-	/resources/tools/chemdb_ontology?abbrev=PS 39:8
828.57562	828.5760	.0004	PS 39:2	C45H84NO10P	[M-H]-	/resources/tools/chemdb_ontology?abbrev=PS 39:2
828.57562	828.5679	.0077	PC O-38:5	C46H84NO7P	[M+Cl]-	/resources/tools/chemdb_ontology?abbrev=PC O-38:5
828.57562	828.5760	.0004	PC 36:3	C44H82NO8P	[M+Formate]-	/resources/tools/chemdb_ontology?abbrev=PC 36:3
828.57562	828.5760	.0004	PE 39:3	C44H82NO8P	[M+Formate]-	/resources/tools/chemdb_ontology?abbrev=PE 39:3
828.57562	828.5760	.0004	PC 35:3	C43H80NO8P	[M+OAc]-	/resources/tools/chemdb_ontology?abbrev=PC 35:3
828.57562	828.5760	.0004	PE 38:3	C43H80NO8P	[M+OAc]-	/resources/tools/chemdb_ontology?abbrev=PE 38:3
870.5472	870.5537	.0065	SHexCer 38:1;O2	C44H85NO11S	[M+Cl]-	/resources/tools/chemdb_ontology?abbrev=SHexCer 38:1;O2
870.5472	870.5502	.0030	PS 39:4	C45H80NO10P	[M+Formate]-	/resources/tools/chemdb_ontology?abbrev=PS 39:4
870.5472	870.5502	.0030	PC 36:5;O2	C44H78NO10P	[M+OAc]-	/resources/tools/chemdb_ontology?abbrev=PC 36:5;O2
870.5472	870.5502	.0030	PS 38:4	C44H78NO10P	[M+OAc]-	/resources/tools/chemdb_ontology?abbrev=PS 38:4
870.5472	870.5411	.0061	PG 44:10	C50H79O10P	Neutral	/resources/tools/chemdb_ontology?abbrev=PG 44:10
747.51789	747.5182	.0003	PG 34:1	C40H77O10P	[M-H]-	/resources/tools/chemdb_ontology?abbrev=PG 34:1
747.51789	747.5213	.0034	CerPE 38:3;O2	C40H77N2O6P	[M+Cl]-	/resources/tools/chemdb_ontology?abbrev=CerPE 38:3;O2
747.51789	747.5101	.0078	PA O-38:3	C41H77O7P	[M+Cl]-	/resources/tools/chemdb_ontology?abbrev=PA O-38:3
747.51789	747.5182	.0003	PA 36:1	C39H75O8P	[M+Formate]-	/resources/tools/chemdb_ontology?abbrev=PA 36:1
747.51789	747.5182	.0003	PA 35:1	C38H73O8P	[M+OAc]-	/resources/tools/chemdb_ontology?abbrev=PA 35:1
747.51789	747.5205	.0026	DG 42:10	C45H68O5	[M+OAc]-	/resources/tools/chemdb_ontology?abbrev=DG 42:10
747.51789	747.5203	.0024	PE O-38:7	C43H74NO7P	Neutral	/resources/tools/chemdb_ontology?abbrev=PE O-38:7
740.52359	740.5236	.0000	PE 36:3	C41H76NO8P	[M-H]-	/resources/tools/chemdb_ontology?abbrev=PE 36:3
740.52359	740.5236	.0000	PC 34:3	C42H78NO8P	[M-CH3]-	/resources/tools/chemdb_ontology?abbrev=PC 34:3
1505.03739	1505.0348	.0026	CL 76:8	C85H150O17P2	Neutral	/resources/tools/chemdb_ontology?abbrev=CL 76:8
1504.03405	1504.0276	.0065	CL 76:8	C85H150O17P2	[M-H]-	/resources/tools/chemdb_ontology?abbrev=CL 76:8
866.5483	866.5472	.0011	PC 40:7	C48H82NO8P	[M+Cl]-	/resources/tools/chemdb_ontology?abbrev=PC 40:7
866.5483	866.5553	.0070	PS O-40:6	C46H80NO9P	[M+Formate]-	/resources/tools/chemdb_ontology?abbrev=PS O-40:6
866.5483	866.5553	.0070	PE 40:6;O	C45H78NO9P	[M+OAc]-	/resources/tools/chemdb_ontology?abbrev=PE 40:6;O
825.49974	825.4923	.0074	PG 37:6	C43H73O10P	[M+Formate]-	/resources/tools/chemdb_ontology?abbrev=PG 37:6
825.49974	825.5040	.0042	SQDG 30:0	C39H74O12S	[M+OAc]-	/resources/tools/chemdb_ontology?abbrev=SQDG 30:0
825.49974	825.4923	.0074	PG 36:6	C42H71O10P	[M+OAc]-	/resources/tools/chemdb_ontology?abbrev=PG 36:6
1482.05313	1482.0432	.0099	CL 74:5	C83H152O17P2	[M-H]-	/resources/tools/chemdb_ontology?abbrev=CL 74:5
1493.12835	1493.1287	.0004	CL 74:0	C83H162O17P2	Neutral	/resources/tools/chemdb_ontology?abbrev=CL 74:0
722.55259	722.5462	.0064	PG O-33:0	C39H79O9P	Neutral	/resources/tools/chemdb_ontology?abbrev=PG O-33:0
703.52922	703.5283	.0009	PA 36:0	C39H77O8P	[M-H]-	/resources/tools/chemdb_ontology?abbrev=PA 36:0
702.52645	702.5312	.0047	CerPE 36:2;O3	C38H75N2O7P	Neutral	/resources/tools/chemdb_ontology?abbrev=CerPE 36:2;O3
702.52645	702.5200	.0065	PA 36:1	C39H75O8P	Neutral	/resources/tools/chemdb_ontology?abbrev=PA 36:1
716.51413	716.5236	.0095	PE 34:1	C39H76NO8P	[M-H]-	/resources/tools/chemdb_ontology?abbrev=PE 34:1
716.51413	716.5236	.0095	PC 32:1	C40H78NO8P	[M-CH3]-	/resources/tools/chemdb_ontology?abbrev=PC 32:1
716.51413	716.5180	.0038	CL 70:1	C79H152O17P2	[M-2H]2-	/resources/tools/chemdb_ontology?abbrev=CL 70:1
797.60396	797.6066	.0026	PA 43:2	C46H87O8P	[M-H]-	/resources/tools/chemdb_ontology?abbrev=PA 43:2
741.52684	741.5319	.0051	CerPE 36:0;O3	C38H79N2O7P	[M+Cl]-	/resources/tools/chemdb_ontology?abbrev=CerPE 36:0;O3
741.52684	741.5258	.0010	CL 74:4	C83H154O17P2	[M-2H]2-	/resources/tools/chemdb_ontology?abbrev=CL 74:4
741.52684	741.5309	.0040	PC 33:3	C41H76NO8P	Neutral	/resources/tools/chemdb_ontology?abbrev=PC 33:3
741.52684	741.5309	.0040	PE 36:3	C41H76NO8P	Neutral	/resources/tools/chemdb_ontology?abbrev=PE 36:3
1484.05924	1484.0589	.0004	CL 74:4	C83H154O17P2	[M-H]-	/resources/tools/chemdb_ontology?abbrev=CL 74:4
743.53275	743.5233	.0095	PG O-35:3	C41H77O9P	[M-H]-	/resources/tools/chemdb_ontology?abbrev=PG O-35:3
743.53275	743.5233	.0095	PA O-37:3	C40H75O7P	[M+Formate]-	/resources/tools/chemdb_ontology?abbrev=PA O-37:3
743.53275	743.5345	.0017	CerPE 36:3;O2	C38H73N2O6P	[M+OAc]-	/resources/tools/chemdb_ontology?abbrev=CerPE 36:3;O2
743.53275	743.5233	.0095	PA O-36:3	C39H73O7P	[M+OAc]-	/resources/tools/chemdb_ontology?abbrev=PA O-36:3
1483.05653	1483.0505	.0061	CL 74:5	C83H152O17P2	Neutral	/resources/tools/chemdb_ontology?abbrev=CL 74:5
1485.06154	1485.0661	.0046	CL 74:4	C83H154O17P2	Neutral	/resources/tools/chemdb_ontology?abbrev=CL 74:4
749.58053	749.5856	.0051	DG 43:4	C46H82O5	[M+Cl]-	/resources/tools/chemdb_ontology?abbrev=DG 43:4
749.58053	749.5814	.0009	SM 34:0;O2	C39H81N2O6P	[M+Formate]-	/resources/tools/chemdb_ontology?abbrev=SM 34:0;O2
749.58053	749.5814	.0009	SM 33:0;O2	C38H79N2O6P	[M+OAc]-	/resources/tools/chemdb_ontology?abbrev=SM 33:0;O2
797.66129	797.6665	.0052	TG 48:4	C51H90O6	[M-H]-	/resources/tools/chemdb_ontology?abbrev=TG 48:4
797.66129	797.6542	.0071	SM 42:2;O2	C47H93N2O6P	[M-CH3]-	/resources/tools/chemdb_ontology?abbrev=SM 42:2;O2
239.05988	239.0692	.0093	FA 9:1;O3	C9H16O5	[M+Cl]-	/resources/tools/chemdb_ontology?abbrev=FA 9:1;O3
239.05988	239.0561	.0038	FA 10:5;O2	C10H10O4	[M+Formate]-	/resources/tools/chemdb_ontology?abbrev=FA 10:5;O2
721.54936	721.5543	.0050	DG 41:4	C44H78O5	[M+Cl]-	/resources/tools/chemdb_ontology?abbrev=DG 41:4
721.54936	721.5501	.0008	SM 32:0;O2	C37H77N2O6P	[M+Formate]-	/resources/tools/chemdb_ontology?abbrev=SM 32:0;O2
721.54936	721.5501	.0008	SM 31:0;O2	C36H75N2O6P	[M+OAc]-	/resources/tools/chemdb_ontology?abbrev=SM 31:0;O2
613.47902	613.4838	.0047	DG 36:5	C39H66O5	[M-H]-	/resources/tools/chemdb_ontology?abbrev=DG 36:5
809.514	809.5186	.0046	PI 32:0	C41H79O13P	[M-H]-	/resources/tools/chemdb_ontology?abbrev=PI 32:0
809.514	809.5105	.0035	PG 36:2	C42H79O10P	[M+Cl]-	/resources/tools/chemdb_ontology?abbrev=PG 36:2
809.514	809.5207	.0067	PC 36:6;O2	C44H76NO10P	Neutral	/resources/tools/chemdb_ontology?abbrev=PC 36:6;O2
809.514	809.5207	.0067	PS 38:5	C44H76NO10P	Neutral	/resources/tools/chemdb_ontology?abbrev=PS 38:5
741.58079	741.5804	.0004	PA O-40:2	C43H83O7P	[M-H]-	/resources/tools/chemdb_ontology?abbrev=PA O-40:2
741.58079	741.5805	.0002	TG 41:1	C44H82O6	[M+Cl]-	/resources/tools/chemdb_ontology?abbrev=TG 41:1
741.58079	741.5827	.0020	CE 22:6	C49H76O2	[M+Formate]-	/resources/tools/chemdb_ontology?abbrev=CE 22:6
741.58079	741.5755	.0053	HexCer 36:2;O3	C42H79NO9	Neutral	/resources/tools/chemdb_ontology?abbrev=HexCer 36:2;O3
596.48942	596.4815	.0079	Cer 36:3;O2	C36H67NO3	[M+Cl]-	/resources/tools/chemdb_ontology?abbrev=Cer 36:3;O2
596.48942	596.4896	.0002	Cer 34:2;O3	C34H65NO4	[M+Formate]-	/resources/tools/chemdb_ontology?abbrev=Cer 34:2;O3
701.52357	701.5239	.0003	CerPE 36:2;O3	C38H75N2O7P	[M-H]-	/resources/tools/chemdb_ontology?abbrev=CerPE 36:2;O3
800.61307	800.6175	.0044	PE 40:1	C45H88NO8P	[M-H]-	/resources/tools/chemdb_ontology?abbrev=PE 40:1
800.61307	800.6175	.0044	CerP 44:2;O2	C44H86NO6P	[M+Formate]-	/resources/tools/chemdb_ontology?abbrev=CerP 44:2;O2
800.61307	800.6175	.0044	PC 38:1	C46H90NO8P	[M-CH3]-	/resources/tools/chemdb_ontology?abbrev=PC 38:1
701.57964	701.5856	.0060	DG 39:0	C42H82O5	[M+Cl]-	/resources/tools/chemdb_ontology?abbrev=DG 39:0
701.57964	701.5806	.0009	HexCer 34:0;O2	C40H79NO8	Neutral	/resources/tools/chemdb_ontology?abbrev=HexCer 34:0;O2
701.57964	701.5723	.0073	CerP 40:1;O2	C40H80NO6P	Neutral	/resources/tools/chemdb_ontology?abbrev=CerP 40:1;O2
799.61034	799.6094	.0010	TG 45:5	C48H82O6	[M+Formate]-	/resources/tools/chemdb_ontology?abbrev=TG 45:5
799.61034	799.6094	.0010	TG 44:5	C47H80O6	[M+OAc]-	/resources/tools/chemdb_ontology?abbrev=TG 44:5
799.61034	799.6091	.0012	PC 37:2	C45H86NO8P	Neutral	/resources/tools/chemdb_ontology?abbrev=PC 37:2
799.61034	799.6091	.0012	PE 40:2	C45H86NO8P	Neutral	/resources/tools/chemdb_ontology?abbrev=PE 40:2
714.56469	714.5676	.0029	CerPE 38:2;O2	C40H79N2O6P	Neutral	/resources/tools/chemdb_ontology?abbrev=CerPE 38:2;O2
714.56469	714.5563	.0083	PA O-38:2	C41H79O7P	Neutral	/resources/tools/chemdb_ontology?abbrev=PA O-38:2
598.50389	598.4972	.0067	Cer 36:2;O2	C36H69NO3	[M+Cl]-	/resources/tools/chemdb_ontology?abbrev=Cer 36:2;O2
598.50389	598.5052	.0013	Cer 34:1;O3	C34H67NO4	[M+Formate]-	/resources/tools/chemdb_ontology?abbrev=Cer 34:1;O3
598.50389	598.5052	.0013	CAR 26:0	C33H65NO4	[M+OAc]-	/resources/tools/chemdb_ontology?abbrev=CAR 26:0
984.81726	984.8146	.0027	TG 62:9	C65H108O6	Neutral	/resources/tools/chemdb_ontology?abbrev=TG 62:9
798.60731	798.6018	.0055	PE 40:2	C45H86NO8P	[M-H]-	/resources/tools/chemdb_ontology?abbrev=PE 40:2
798.60731	798.6101	.0028	HexCer 38:2;O2	C44H83NO8	[M+Formate]-	/resources/tools/chemdb_ontology?abbrev=HexCer 38:2;O2
798.60731	798.6101	.0028	HexCer 37:2;O2	C43H81NO8	[M+OAc]-	/resources/tools/chemdb_ontology?abbrev=HexCer 37:2;O2
798.60731	798.6018	.0055	PC 38:2	C46H88NO8P	[M-CH3]-	/resources/tools/chemdb_ontology?abbrev=PC 38:2
798.60731	798.6139	.0065	PA 43:2	C46H87O8P	Neutral	/resources/tools/chemdb_ontology?abbrev=PA 43:2
934.58139	934.5815	.0001	PS 44:7	C50H84NO10P	[M+Formate]-	/resources/tools/chemdb_ontology?abbrev=PS 44:7
742.52981	742.5392	.0094	PE 36:2	C41H78NO8P	[M-H]-	/resources/tools/chemdb_ontology?abbrev=PE 36:2
742.52981	742.5392	.0094	PC 34:2	C42H80NO8P	[M-CH3]-	/resources/tools/chemdb_ontology?abbrev=PC 34:2
742.52981	742.5336	.0038	CL 74:3	C83H156O17P2	[M-2H]2-	/resources/tools/chemdb_ontology?abbrev=CL 74:3
165.04102	165.0324	.0086	FA 6:1;O	C6H10O3	[M+Cl]-	/resources/tools/chemdb_ontology?abbrev=FA 6:1;O
165.04102	165.0405	.0006	FA 4:0;O2	C4H8O4	[M+Formate]-	/resources/tools/chemdb_ontology?abbrev=FA 4:0;O2
550.48377	550.4841	.0003	Cer 34:2;O3	C34H65NO4	[M-H]-	/resources/tools/chemdb_ontology?abbrev=Cer 34:2;O3
550.48377	550.4750	.0088	WE 38:7	C38H62O2	Neutral	/resources/tools/chemdb_ontology?abbrev=WE 38:7
586.46011	586.4608	.0007	Cer 34:2;O3	C34H65NO4	[M+Cl]-	/resources/tools/chemdb_ontology?abbrev=Cer 34:2;O3
586.46011	586.4597	.0004	DG 34:5	C37H62O5	Neutral	/resources/tools/chemdb_ontology?abbrev=DG 34:5
911.58327	911.5786	.0047	PI O-38:2	C47H89O12P	[M+Cl]-	/resources/tools/chemdb_ontology?abbrev=PI O-38:2
911.58327	911.5866	.0034	PI 36:0	C45H87O13P	[M+Formate]-	/resources/tools/chemdb_ontology?abbrev=PI 36:0
911.58327	911.5866	.0034	PI 35:0	C44H85O13P	[M+OAc]-	/resources/tools/chemdb_ontology?abbrev=PI 35:0
787.57426	787.5727	.0015	PS O-37:2	C43H82NO9P	Neutral	/resources/tools/chemdb_ontology?abbrev=PS O-37:2
688.49172	688.4923	.0006	PE 32:1	C37H72NO8P	[M-H]-	/resources/tools/chemdb_ontology?abbrev=PE 32:1
688.49172	688.5005	.0088	HexCer 30:1;O2	C36H69NO8	[M+Formate]-	/resources/tools/chemdb_ontology?abbrev=HexCer 30:1;O2
688.49172	688.4923	.0006	PC 30:1	C38H74NO8P	[M-CH3]-	/resources/tools/chemdb_ontology?abbrev=PC 30:1
659.51243	659.5134	.0009	CerPE 34:1;O2	C36H73N2O6P	[M-H]-	/resources/tools/chemdb_ontology?abbrev=CerPE 34:1;O2
659.51243	659.5134	.0009	SM 32:1;O2	C37H75N2O6P	[M-CH3]-	/resources/tools/chemdb_ontology?abbrev=SM 32:1;O2
551.48788	551.4834	.0045	FA 38:6	C38H64O2	[M-H]-	/resources/tools/chemdb_ontology?abbrev=FA 38:6
551.48788	551.4834	.0045	WE 38:6	C38H64O2	[M-H]-	/resources/tools/chemdb_ontology?abbrev=WE 38:6
551.48788	551.4914	.0035	Cer 34:2;O3	C34H65NO4	Neutral	/resources/tools/chemdb_ontology?abbrev=Cer 34:2;O3
896.56302	896.5658	.0028	PS 41:5	C47H82NO10P	[M+Formate]-	/resources/tools/chemdb_ontology?abbrev=PS 41:5
896.56302	896.5658	.0028	PS 40:5	C46H80NO10P	[M+OAc]-	/resources/tools/chemdb_ontology?abbrev=PS 40:5
769.51045	769.5025	.0079	PG 36:4	C42H75O10P	[M-H]-	/resources/tools/chemdb_ontology?abbrev=PG 36:4
769.51045	769.5156	.0051	PG O-34:1	C40H79O9P	[M+Cl]-	/resources/tools/chemdb_ontology?abbrev=PG O-34:1
769.51045	769.5025	.0079	PA 38:4	C41H73O8P	[M+Formate]-	/resources/tools/chemdb_ontology?abbrev=PA 38:4
769.51045	769.5025	.0079	PA 37:4	C40H71O8P	[M+OAc]-	/resources/tools/chemdb_ontology?abbrev=PA 37:4
790.55916	790.5604	.0012	PS 36:0	C42H82NO10P	[M-H]-	/resources/tools/chemdb_ontology?abbrev=PS 36:0
790.55916	790.5605	.0014	HexCer 37:2;O3	C43H81NO9	[M+Cl]-	/resources/tools/chemdb_ontology?abbrev=HexCer 37:2;O3
790.55916	790.5523	.0069	PC O-35:3	C43H82NO7P	[M+Cl]-	/resources/tools/chemdb_ontology?abbrev=PC O-35:3
790.55916	790.5523	.0069	PE O-38:3	C43H82NO7P	[M+Cl]-	/resources/tools/chemdb_ontology?abbrev=PE O-38:3
790.55916	790.5604	.0012	PC 33:1	C41H80NO8P	[M+Formate]-	/resources/tools/chemdb_ontology?abbrev=PC 33:1
790.55916	790.5604	.0012	PE 36:1	C41H80NO8P	[M+Formate]-	/resources/tools/chemdb_ontology?abbrev=PE 36:1
790.55916	790.5604	.0012	PC 32:1	C40H78NO8P	[M+OAc]-	/resources/tools/chemdb_ontology?abbrev=PC 32:1
790.55916	790.5604	.0012	PE 35:1	C40H78NO8P	[M+OAc]-	/resources/tools/chemdb_ontology?abbrev=PE 35:1
790.55916	790.5686	.0095	HexCer 34:1;O4	C40H77NO10	[M+OAc]-	/resources/tools/chemdb_ontology?abbrev=HexCer 34:1;O4
790.55916	790.5513	.0079	PA 43:6	C46H79O8P	Neutral	/resources/tools/chemdb_ontology?abbrev=PA 43:6
662.47681	662.4766	.0002	PE 30:0	C35H70NO8P	[M-H]-	/resources/tools/chemdb_ontology?abbrev=PE 30:0
662.47681	662.4766	.0002	CerP 34:1;O2	C34H68NO6P	[M+Formate]-	/resources/tools/chemdb_ontology?abbrev=CerP 34:1;O2
662.47681	662.4766	.0002	PC 28:0	C36H72NO8P	[M-CH3]-	/resources/tools/chemdb_ontology?abbrev=PC 28:0
727.50064	727.4920	.0087	PG O-34:4	C40H73O9P	[M-H]-	/resources/tools/chemdb_ontology?abbrev=PG O-34:4
727.50064	727.5074	.0067	DG 42:8	C45H72O5	[M+Cl]-	/resources/tools/chemdb_ontology?abbrev=DG 42:8
727.50064	727.4920	.0087	PA O-36:4	C39H71O7P	[M+Formate]-	/resources/tools/chemdb_ontology?abbrev=PA O-36:4
773.53334	773.5338	.0005	PG 36:2	C42H79O10P	[M-H]-	/resources/tools/chemdb_ontology?abbrev=PG 36:2
773.53334	773.5258	.0076	PA O-40:4	C43H79O7P	[M+Cl]-	/resources/tools/chemdb_ontology?abbrev=PA O-40:4
773.53334	773.5338	.0005	PA 38:2	C41H77O8P	[M+Formate]-	/resources/tools/chemdb_ontology?abbrev=PA 38:2
773.53334	773.5338	.0005	PA 37:2	C40H75O8P	[M+OAc]-	/resources/tools/chemdb_ontology?abbrev=PA 37:2
773.53334	773.5362	.0028	DG 44:11	C47H70O5	[M+OAc]-	/resources/tools/chemdb_ontology?abbrev=DG 44:11
773.53334	773.5359	.0026	PE O-40:8	C45H76NO7P	Neutral	/resources/tools/chemdb_ontology?abbrev=PE O-40:8
622.5044	622.5052	.0008	Cer 36:3;O3	C36H67NO4	[M+Formate]-	/resources/tools/chemdb_ontology?abbrev=Cer 36:3;O3
568.49403	568.4947	.0006	Cer 33:1;O2	C33H65NO3	[M+Formate]-	/resources/tools/chemdb_ontology?abbrev=Cer 33:1;O2
568.49403	568.4947	.0006	Cer 32:1;O2	C32H63NO3	[M+OAc]-	/resources/tools/chemdb_ontology?abbrev=Cer 32:1;O2
659.56761	659.5620	.0056	DG 39:3	C42H76O5	[M-H]-	/resources/tools/chemdb_ontology?abbrev=DG 39:3
877.50091	877.5003	.0006	PI O-36:5	C45H79O12P	[M+Cl]-	/resources/tools/chemdb_ontology?abbrev=PI O-36:5
877.50091	877.5084	.0075	PI 34:3	C43H77O13P	[M+Formate]-	/resources/tools/chemdb_ontology?abbrev=PI 34:3
877.50091	877.5084	.0075	PI 33:3	C42H75O13P	[M+OAc]-	/resources/tools/chemdb_ontology?abbrev=PI 33:3
824.46701	824.4719	.0049	PS 36:6	C42H70NO10P	[M+Formate]-	/resources/tools/chemdb_ontology?abbrev=PS 36:6
824.46701	824.4719	.0049	PS 35:6	C41H68NO10P	[M+OAc]-	/resources/tools/chemdb_ontology?abbrev=PS 35:6
738.50712	738.5079	.0008	PE 36:4	C41H74NO8P	[M-H]-	/resources/tools/chemdb_ontology?abbrev=PE 36:4
738.50712	738.5079	.0008	PE O-36:5;O	C41H74NO8P	[M-H]-	/resources/tools/chemdb_ontology?abbrev=PE O-36:5;O
738.50712	738.5079	.0008	PC 34:4	C42H76NO8P	[M-CH3]-	/resources/tools/chemdb_ontology?abbrev=PC 34:4
738.50712	738.5023	.0048	CL 74:7	C83H148O17P2	[M-2H]2-	/resources/tools/chemdb_ontology?abbrev=CL 74:7
758.48553	758.4766	.0089	PE 38:8	C43H70NO8P	[M-H]-	/resources/tools/chemdb_ontology?abbrev=PE 38:8
758.48553	758.4897	.0042	PE O-36:5	C41H74NO7P	[M+Cl]-	/resources/tools/chemdb_ontology?abbrev=PE O-36:5
758.48553	758.4766	.0089	PC 36:8	C44H72NO8P	[M-CH3]-	/resources/tools/chemdb_ontology?abbrev=PC 36:8
766.52953	766.5392	.0097	PE 38:4	C43H78NO8P	[M-H]-	/resources/tools/chemdb_ontology?abbrev=PE 38:4
766.52953	766.5392	.0097	PE O-38:5;O	C43H78NO8P	[M-H]-	/resources/tools/chemdb_ontology?abbrev=PE O-38:5;O
766.52953	766.5242	.0054	HexCer 34:1;O4	C40H77NO10	[M+Cl]-	/resources/tools/chemdb_ontology?abbrev=HexCer 34:1;O4
766.52953	766.5240	.0055	PS O-32:0	C38H76NO9P	[M+Formate]-	/resources/tools/chemdb_ontology?abbrev=PS O-32:0
766.52953	766.5240	.0055	PS O-31:0	C37H74NO9P	[M+OAc]-	/resources/tools/chemdb_ontology?abbrev=PS O-31:0
766.52953	766.5392	.0097	PC 36:4	C44H80NO8P	[M-CH3]-	/resources/tools/chemdb_ontology?abbrev=PC 36:4
764.52317	764.5236	.0004	PE 38:5	C43H76NO8P	[M-H]-	/resources/tools/chemdb_ontology?abbrev=PE 38:5
764.52317	764.5236	.0004	PE O-38:6;O	C43H76NO8P	[M-H]-	/resources/tools/chemdb_ontology?abbrev=PE O-38:6;O
764.52317	764.5236	.0004	PC 36:5	C44H78NO8P	[M-CH3]-	/resources/tools/chemdb_ontology?abbrev=PC 36:5
756.47927	756.4821	.0028	PS 34:3	C40H72NO10P	[M-H]-	/resources/tools/chemdb_ontology?abbrev=PS 34:3
756.47927	756.4740	.0052	PE O-36:6	C41H72NO7P	[M+Cl]-	/resources/tools/chemdb_ontology?abbrev=PE O-36:6
756.47927	756.4821	.0028	PC 31:4	C39H70NO8P	[M+Formate]-	/resources/tools/chemdb_ontology?abbrev=PC 31:4
756.47927	756.4821	.0028	PE 34:4	C39H70NO8P	[M+Formate]-	/resources/tools/chemdb_ontology?abbrev=PE 34:4
756.47927	756.4821	.0028	PC 30:4	C38H68NO8P	[M+OAc]-	/resources/tools/chemdb_ontology?abbrev=PC 30:4
756.47927	756.4821	.0028	PE 33:4	C38H68NO8P	[M+OAc]-	/resources/tools/chemdb_ontology?abbrev=PE 33:4
832.51003	832.5134	.0034	PS 40:7	C46H76NO10P	[M-H]-	/resources/tools/chemdb_ontology?abbrev=PS 40:7
832.51003	832.5112	.0012	IPC 34:0;O3	C40H80NO12P	[M+Cl]-	/resources/tools/chemdb_ontology?abbrev=IPC 34:0;O3
832.51003	832.5134	.0034	PE 40:8	C45H74NO8P	[M+Formate]-	/resources/tools/chemdb_ontology?abbrev=PE 40:8
832.51003	832.5134	.0034	PC 36:8	C44H72NO8P	[M+OAc]-	/resources/tools/chemdb_ontology?abbrev=PC 36:8
832.51003	832.5134	.0034	PE 39:8	C44H72NO8P	[M+OAc]-	/resources/tools/chemdb_ontology?abbrev=PE 39:8
832.51003	832.5102	.0002	PI 34:3	C43H77O13P	Neutral	/resources/tools/chemdb_ontology?abbrev=PI 34:3
810.51815	810.5210	.0028	PE O-40:7	C45H78NO7P	[M+Cl]-	/resources/tools/chemdb_ontology?abbrev=PE O-40:7
810.51815	810.5138	.0043	IPC 32:1;O2	C38H74NO11P	[M+OAc]-	/resources/tools/chemdb_ontology?abbrev=IPC 32:1;O2
810.51815	810.5258	.0077	PI 32:0	C41H79O13P	Neutral	/resources/tools/chemdb_ontology?abbrev=PI 32:0
757.48191	757.4792	.0027	PG 32:0	C38H75O10P	[M+Cl]-	/resources/tools/chemdb_ontology?abbrev=PG 32:0
757.48191	757.4894	.0075	PS 34:3	C40H72NO10P	Neutral	/resources/tools/chemdb_ontology?abbrev=PS 34:3
660.57149	660.5693	.0022	DG 39:3	C42H76O5	Neutral	/resources/tools/chemdb_ontology?abbrev=DG 39:3
765.52645	765.5319	.0054	CerPE 38:2;O3	C40H79N2O7P	[M+Cl]-	/resources/tools/chemdb_ontology?abbrev=CerPE 38:2;O3
765.52645	765.5207	.0058	PA 38:1	C41H79O8P	[M+Cl]-	/resources/tools/chemdb_ontology?abbrev=PA 38:1
765.52645	765.5287	.0023	PG O-33:1	C39H77O9P	[M+Formate]-	/resources/tools/chemdb_ontology?abbrev=PG O-33:1
765.52645	765.5287	.0023	PG O-32:1	C38H75O9P	[M+OAc]-	/resources/tools/chemdb_ontology?abbrev=PG O-32:1
765.52645	765.5258	.0007	CL 78:8	C87H154O17P2	[M-2H]2-	/resources/tools/chemdb_ontology?abbrev=CL 78:8
765.52645	765.5309	.0044	PC 35:5	C43H76NO8P	Neutral	/resources/tools/chemdb_ontology?abbrev=PC 35:5
765.52645	765.5309	.0044	PE 38:5	C43H76NO8P	Neutral	/resources/tools/chemdb_ontology?abbrev=PE 38:5
765.52645	765.5309	.0044	PE O-38:6;O	C43H76NO8P	Neutral	/resources/tools/chemdb_ontology?abbrev=PE O-38:6;O
704.51561	704.5236	.0080	PE 33:0	C38H76NO8P	[M-H]-	/resources/tools/chemdb_ontology?abbrev=PE 33:0
704.51561	704.5236	.0080	CerP 36:1;O2	C36H72NO6P	[M+OAc]-	/resources/tools/chemdb_ontology?abbrev=CerP 36:1;O2
704.51561	704.5236	.0080	PC 31:0	C39H78NO8P	[M-CH3]-	/resources/tools/chemdb_ontology?abbrev=PC 31:0
773.46905	773.4610	.0080	PG 33:4	C39H69O10P	[M+Formate]-	/resources/tools/chemdb_ontology?abbrev=PG 33:4
773.46905	773.4610	.0080	PG 32:4	C38H67O10P	[M+OAc]-	/resources/tools/chemdb_ontology?abbrev=PG 32:4
434.37194	434.3766	.0046	TG 53:3	C56H102O6	[M-2H]2-	/resources/tools/chemdb_ontology?abbrev=TG 53:3
434.37194	434.3760	.0041	ST 28:0;O3	C28H50O3	Neutral	/resources/tools/chemdb_ontology?abbrev=ST 28:0;O3
689.54902	689.5491	.0001	PA O-36:0	C39H79O7P	[M-H]-	/resources/tools/chemdb_ontology?abbrev=PA O-36:0
610.50474	610.5052	.0005	Cer 35:2;O3	C35H67NO4	[M+Formate]-	/resources/tools/chemdb_ontology?abbrev=Cer 35:2;O3
610.50474	610.5052	.0005	Cer 34:2;O3	C34H65NO4	[M+OAc]-	/resources/tools/chemdb_ontology?abbrev=Cer 34:2;O3
673.5284	673.5290	.0006	CerPE 35:1;O2	C37H75N2O6P	[M-H]-	/resources/tools/chemdb_ontology?abbrev=CerPE 35:1;O2
673.5284	673.5290	.0006	SM 33:1;O2	C38H77N2O6P	[M-CH3]-	/resources/tools/chemdb_ontology?abbrev=SM 33:1;O2
721.50182	721.5025	.0007	PG 32:0	C38H75O10P	[M-H]-	/resources/tools/chemdb_ontology?abbrev=PG 32:0
721.50182	721.5057	.0039	CerPE 36:2;O2	C38H75N2O6P	[M+Cl]-	/resources/tools/chemdb_ontology?abbrev=CerPE 36:2;O2
721.50182	721.5057	.0039	SM 33:2;O2	C38H75N2O6P	[M+Cl]-	/resources/tools/chemdb_ontology?abbrev=SM 33:2;O2
721.50182	721.4945	.0074	PA O-36:2	C39H75O7P	[M+Cl]-	/resources/tools/chemdb_ontology?abbrev=PA O-36:2
721.50182	721.5025	.0007	PA 34:0	C37H73O8P	[M+Formate]-	/resources/tools/chemdb_ontology?abbrev=PA 34:0
721.50182	721.5025	.0007	PA 33:0	C36H71O8P	[M+OAc]-	/resources/tools/chemdb_ontology?abbrev=PA 33:0
721.50182	721.5049	.0031	DG 40:9	C43H66O5	[M+OAc]-	/resources/tools/chemdb_ontology?abbrev=DG 40:9
721.50182	721.5046	.0028	PE O-36:6	C41H72NO7P	Neutral	/resources/tools/chemdb_ontology?abbrev=PE O-36:6
760.51251	760.5134	.0009	PS 34:1	C40H76NO10P	[M-H]-	/resources/tools/chemdb_ontology?abbrev=PS 34:1
760.51251	760.5136	.0011	HexCer 35:3;O3	C41H75NO9	[M+Cl]-	/resources/tools/chemdb_ontology?abbrev=HexCer 35:3;O3
760.51251	760.5053	.0072	PE O-36:4	C41H76NO7P	[M+Cl]-	/resources/tools/chemdb_ontology?abbrev=PE O-36:4
760.51251	760.5134	.0009	PC 31:2	C39H74NO8P	[M+Formate]-	/resources/tools/chemdb_ontology?abbrev=PC 31:2
760.51251	760.5134	.0009	PE 34:2	C39H74NO8P	[M+Formate]-	/resources/tools/chemdb_ontology?abbrev=PE 34:2
760.51251	760.5134	.0009	PC 30:2	C38H72NO8P	[M+OAc]-	/resources/tools/chemdb_ontology?abbrev=PC 30:2
760.51251	760.5134	.0009	PE 33:2	C38H72NO8P	[M+OAc]-	/resources/tools/chemdb_ontology?abbrev=PE 33:2
760.51251	760.5043	.0082	PA 41:7	C44H73O8P	Neutral	/resources/tools/chemdb_ontology?abbrev=PA 41:7
861.54947	861.5499	.0004	PI 36:2	C45H83O13P	[M-H]-	/resources/tools/chemdb_ontology?abbrev=PI 36:2
861.54947	861.5418	.0077	PG 40:4	C46H83O10P	[M+Cl]-	/resources/tools/chemdb_ontology?abbrev=PG 40:4
861.54947	861.5520	.0025	PS 42:7	C48H80NO10P	Neutral	/resources/tools/chemdb_ontology?abbrev=PS 42:7
1425.98798	1425.9806	.0074	CL 70:5	C79H144O17P2	[M-H]-	/resources/tools/chemdb_ontology?abbrev=CL 70:5
747.51844	747.5182	.0003	PG 34:1	C40H77O10P	[M-H]-	/resources/tools/chemdb_ontology?abbrev=PG 34:1
747.51844	747.5213	.0029	CerPE 38:3;O2	C40H77N2O6P	[M+Cl]-	/resources/tools/chemdb_ontology?abbrev=CerPE 38:3;O2
747.51844	747.5101	.0083	PA O-38:3	C41H77O7P	[M+Cl]-	/resources/tools/chemdb_ontology?abbrev=PA O-38:3
747.51844	747.5182	.0003	PA 36:1	C39H75O8P	[M+Formate]-	/resources/tools/chemdb_ontology?abbrev=PA 36:1
747.51844	747.5182	.0003	PA 35:1	C38H73O8P	[M+OAc]-	/resources/tools/chemdb_ontology?abbrev=PA 35:1
747.51844	747.5205	.0021	DG 42:10	C45H68O5	[M+OAc]-	/resources/tools/chemdb_ontology?abbrev=DG 42:10
747.51844	747.5203	.0019	PE O-38:7	C43H74NO7P	Neutral	/resources/tools/chemdb_ontology?abbrev=PE O-38:7
786.52844	786.5291	.0006	PS 36:2	C42H78NO10P	[M-H]-	/resources/tools/chemdb_ontology?abbrev=PS 36:2
786.52844	786.5210	.0074	PE O-38:5	C43H78NO7P	[M+Cl]-	/resources/tools/chemdb_ontology?abbrev=PE O-38:5
786.52844	786.5291	.0006	PC 33:3	C41H76NO8P	[M+Formate]-	/resources/tools/chemdb_ontology?abbrev=PC 33:3
786.52844	786.5291	.0006	PE 36:3	C41H76NO8P	[M+Formate]-	/resources/tools/chemdb_ontology?abbrev=PE 36:3
786.52844	786.5291	.0006	PC 32:3	C40H74NO8P	[M+OAc]-	/resources/tools/chemdb_ontology?abbrev=PC 32:3
786.52844	786.5291	.0006	PE 35:3	C40H74NO8P	[M+OAc]-	/resources/tools/chemdb_ontology?abbrev=PE 35:3
703.51082	703.5074	.0034	DG 40:6	C43H72O5	[M+Cl]-	/resources/tools/chemdb_ontology?abbrev=DG 40:6
703.51082	703.5032	.0076	CerPE 34:2;O2	C36H71N2O6P	[M+Formate]-	/resources/tools/chemdb_ontology?abbrev=CerPE 34:2;O2
703.51082	703.5032	.0076	CerPE 33:2;O2	C35H69N2O6P	[M+OAc]-	/resources/tools/chemdb_ontology?abbrev=CerPE 33:2;O2
703.51082	703.5101	.0007	CL 68:0	C77H150O17P2	[M-2H]2-	/resources/tools/chemdb_ontology?abbrev=CL 68:0
703.51082	703.5152	.0044	PC 30:1	C38H74NO8P	Neutral	/resources/tools/chemdb_ontology?abbrev=PC 30:1
703.51082	703.5152	.0044	PE 33:1	C38H74NO8P	Neutral	/resources/tools/chemdb_ontology?abbrev=PE 33:1
661.52831	661.5290	.0007	SM 32:0;O2	C37H77N2O6P	[M-CH3]-	/resources/tools/chemdb_ontology?abbrev=SM 32:0;O2
782.49501	782.4978	.0028	PS 36:4	C42H74NO10P	[M-H]-	/resources/tools/chemdb_ontology?abbrev=PS 36:4
782.49501	782.4897	.0053	PE O-38:7	C43H74NO7P	[M+Cl]-	/resources/tools/chemdb_ontology?abbrev=PE O-38:7
782.49501	782.4978	.0028	PC 33:5	C41H72NO8P	[M+Formate]-	/resources/tools/chemdb_ontology?abbrev=PC 33:5
782.49501	782.4978	.0028	PE 36:5	C41H72NO8P	[M+Formate]-	/resources/tools/chemdb_ontology?abbrev=PE 36:5
782.49501	782.4978	.0028	PC 32:5	C40H70NO8P	[M+OAc]-	/resources/tools/chemdb_ontology?abbrev=PC 32:5
782.49501	782.4978	.0028	PE 35:5	C40H70NO8P	[M+OAc]-	/resources/tools/chemdb_ontology?abbrev=PE 35:5
782.49501	782.4945	.0005	PI 30:0	C39H75O13P	Neutral	/resources/tools/chemdb_ontology?abbrev=PI 30:0
849.54887	849.5499	.0010	PI 35:1	C44H83O13P	[M-H]-	/resources/tools/chemdb_ontology?abbrev=PI 35:1
849.54887	849.5418	.0071	PG 39:3	C45H83O10P	[M+Cl]-	/resources/tools/chemdb_ontology?abbrev=PG 39:3
849.54887	849.5520	.0031	PS 41:6	C47H80NO10P	Neutral	/resources/tools/chemdb_ontology?abbrev=PS 41:6
433.36848	433.3687	.0002	ST 28:0;O3	C28H50O3	[M-H]-	/resources/tools/chemdb_ontology?abbrev=ST 28:0;O3
433.36848	433.3687	.0002	ST 27:0;O	C27H48O	[M+Formate]-	/resources/tools/chemdb_ontology?abbrev=ST 27:0;O
433.36848	433.3687	.0002	ST 26:0;O	C26H46O	[M+OAc]-	/resources/tools/chemdb_ontology?abbrev=ST 26:0;O
433.36848	433.3687	.0002	TG 53:4	C56H100O6	[M-2H]2-	/resources/tools/chemdb_ontology?abbrev=TG 53:4
761.58064	761.5856	.0050	DG 44:5	C47H82O5	[M+Cl]-	/resources/tools/chemdb_ontology?abbrev=DG 44:5
761.58064	761.5814	.0008	CerPE 38:1;O2	C40H81N2O6P	[M+Formate]-	/resources/tools/chemdb_ontology?abbrev=CerPE 38:1;O2
761.58064	761.5814	.0008	SM 35:1;O2	C40H81N2O6P	[M+Formate]-	/resources/tools/chemdb_ontology?abbrev=SM 35:1;O2
761.58064	761.5814	.0008	CerPE 37:1;O2	C39H79N2O6P	[M+OAc]-	/resources/tools/chemdb_ontology?abbrev=CerPE 37:1;O2
761.58064	761.5814	.0008	SM 34:1;O2	C39H79N2O6P	[M+OAc]-	/resources/tools/chemdb_ontology?abbrev=SM 34:1;O2
850.48225	850.4876	.0053	PS 38:7	C44H72NO10P	[M+Formate]-	/resources/tools/chemdb_ontology?abbrev=PS 38:7
850.48225	850.4876	.0053	PS 37:7	C43H70NO10P	[M+OAc]-	/resources/tools/chemdb_ontology?abbrev=PS 37:7
799.48467	799.4767	.0080	PG 35:5	C41H71O10P	[M+Formate]-	/resources/tools/chemdb_ontology?abbrev=PG 35:5
799.48467	799.4767	.0080	PG 34:5	C40H69O10P	[M+OAc]-	/resources/tools/chemdb_ontology?abbrev=PG 34:5
1430.02118	1430.0119	.0093	CL 70:3	C79H148O17P2	[M-H]-	/resources/tools/chemdb_ontology?abbrev=CL 70:3
702.50761	702.5079	.0003	PE 33:1	C38H74NO8P	[M-H]-	/resources/tools/chemdb_ontology?abbrev=PE 33:1
702.50761	702.5162	.0086	HexCer 30:1;O2	C36H69NO8	[M+OAc]-	/resources/tools/chemdb_ontology?abbrev=HexCer 30:1;O2
702.50761	702.5079	.0003	PC 31:1	C39H76NO8P	[M-CH3]-	/resources/tools/chemdb_ontology?abbrev=PC 31:1
648.48136	648.4842	.0029	CerPE 32:1;O3	C34H69N2O7P	Neutral	/resources/tools/chemdb_ontology?abbrev=CerPE 32:1;O3
648.48136	648.4730	.0084	PA 32:0	C35H69O8P	Neutral	/resources/tools/chemdb_ontology?abbrev=PA 32:0
740.58138	740.5832	.0018	CerPE 40:3;O2	C42H81N2O6P	Neutral	/resources/tools/chemdb_ontology?abbrev=CerPE 40:3;O2
740.58138	740.5720	.0094	PA O-40:3	C43H81O7P	Neutral	/resources/tools/chemdb_ontology?abbrev=PA O-40:3
862.5529	862.5604	.0075	PS 42:6	C48H82NO10P	[M-H]-	/resources/tools/chemdb_ontology?abbrev=PS 42:6
862.5529	862.5604	.0075	PC 39:7	C47H80NO8P	[M+Formate]-	/resources/tools/chemdb_ontology?abbrev=PC 39:7
862.5529	862.5604	.0075	PE 42:7	C47H80NO8P	[M+Formate]-	/resources/tools/chemdb_ontology?abbrev=PE 42:7
862.5529	862.5604	.0075	PC 38:7	C46H78NO8P	[M+OAc]-	/resources/tools/chemdb_ontology?abbrev=PC 38:7
862.5529	862.5604	.0075	PE 41:7	C46H78NO8P	[M+OAc]-	/resources/tools/chemdb_ontology?abbrev=PE 41:7
862.5529	862.5571	.0042	PI 36:2	C45H83O13P	Neutral	/resources/tools/chemdb_ontology?abbrev=PI 36:2
571.46879	571.4732	.0044	FA 36:5	C36H62O2	[M+Formate]-	/resources/tools/chemdb_ontology?abbrev=FA 36:5
571.46879	571.4732	.0044	WE 36:5	C36H62O2	[M+Formate]-	/resources/tools/chemdb_ontology?abbrev=WE 36:5
570.46547	570.4659	.0004	Cer 34:2;O2	C34H65NO3	[M+Cl]-	/resources/tools/chemdb_ontology?abbrev=Cer 34:2;O2
580.54605	580.5431	.0030	DG O-34:1	C37H72O4	Neutral	/resources/tools/chemdb_ontology?abbrev=DG O-34:1
566.47847	566.4790	.0005	Cer 33:2;O2	C33H63NO3	[M+Formate]-	/resources/tools/chemdb_ontology?abbrev=Cer 33:2;O2
566.47847	566.4790	.0005	Cer 32:2;O2	C32H61NO3	[M+OAc]-	/resources/tools/chemdb_ontology?abbrev=Cer 32:2;O2
761.5522	761.5491	.0031	PA O-42:6	C45H79O7P	[M-H]-	/resources/tools/chemdb_ontology?abbrev=PA O-42:6
761.5522	761.5450	.0072	CerPE 37:2;O3	C39H77N2O7P	[M+Formate]-	/resources/tools/chemdb_ontology?abbrev=CerPE 37:2;O3
761.5522	761.5450	.0072	CerPE 36:2;O3	C38H75N2O7P	[M+OAc]-	/resources/tools/chemdb_ontology?abbrev=CerPE 36:2;O3
761.5522	761.5571	.0049	PS O-35:1	C41H80NO9P	Neutral	/resources/tools/chemdb_ontology?abbrev=PS O-35:1
1452.0046	1451.9963	.0083	CL 72:6	C81H146O17P2	[M-H]-	/resources/tools/chemdb_ontology?abbrev=CL 72:6
762.58377	762.5775	.0063	PG O-36:1	C42H83O9P	Neutral	/resources/tools/chemdb_ontology?abbrev=PG O-36:1
597.48447	597.4888	.0044	FA 38:6	C38H64O2	[M+Formate]-	/resources/tools/chemdb_ontology?abbrev=FA 38:6
597.48447	597.4888	.0044	WE 38:6	C38H64O2	[M+Formate]-	/resources/tools/chemdb_ontology?abbrev=WE 38:6
597.48447	597.4888	.0044	FA 37:6	C37H62O2	[M+OAc]-	/resources/tools/chemdb_ontology?abbrev=FA 37:6
580.49434	580.4947	.0003	Cer 34:2;O2	C34H65NO3	[M+Formate]-	/resources/tools/chemdb_ontology?abbrev=Cer 34:2;O2
580.49434	580.4947	.0003	Cer 33:2;O2	C33H63NO3	[M+OAc]-	/resources/tools/chemdb_ontology?abbrev=Cer 33:2;O2
770.49462	770.4978	.0031	PS 35:3	C41H74NO10P	[M-H]-	/resources/tools/chemdb_ontology?abbrev=PS 35:3
770.49462	770.4978	.0031	PC 32:4	C40H72NO8P	[M+Formate]-	/resources/tools/chemdb_ontology?abbrev=PC 32:4
770.49462	770.4978	.0031	PE 35:4	C40H72NO8P	[M+Formate]-	/resources/tools/chemdb_ontology?abbrev=PE 35:4
770.49462	770.4978	.0031	PC 31:4	C39H70NO8P	[M+OAc]-	/resources/tools/chemdb_ontology?abbrev=PC 31:4
770.49462	770.4978	.0031	PE 34:4	C39H70NO8P	[M+OAc]-	/resources/tools/chemdb_ontology?abbrev=PE 34:4
770.49462	770.4969	.0023	MGDG 36:8	C45H70O10	Neutral	/resources/tools/chemdb_ontology?abbrev=MGDG 36:8
770.49462	770.4887	.0060	PA 42:9	C45H71O8P	Neutral	/resources/tools/chemdb_ontology?abbrev=PA 42:9
815.50531	815.5080	.0027	PI O-34:4	C43H77O12P	[M-H]-	/resources/tools/chemdb_ontology?abbrev=PI O-34:4
815.50531	815.4999	.0054	PG O-38:6	C44H77O9P	[M+Cl]-	/resources/tools/chemdb_ontology?abbrev=PG O-38:6
815.50531	815.5080	.0027	PG 36:4	C42H75O10P	[M+Formate]-	/resources/tools/chemdb_ontology?abbrev=PG 36:4
815.50531	815.5080	.0027	PG 35:4	C41H73O10P	[M+OAc]-	/resources/tools/chemdb_ontology?abbrev=PG 35:4
582.50072	582.5103	.0096	Cer 34:1;O2	C34H67NO3	[M+Formate]-	/resources/tools/chemdb_ontology?abbrev=Cer 34:1;O2
582.50072	582.5103	.0096	Cer 33:1;O2	C33H65NO3	[M+OAc]-	/resources/tools/chemdb_ontology?abbrev=Cer 33:1;O2
652.59908	652.6006	.0015	DG 38:0	C41H80O5	Neutral	/resources/tools/chemdb_ontology?abbrev=DG 38:0
588.47576	588.4764	.0007	Cer 34:1;O3	C34H67NO4	[M+Cl]-	/resources/tools/chemdb_ontology?abbrev=Cer 34:1;O3
588.47576	588.4754	.0004	DG 34:4	C37H64O5	Neutral	/resources/tools/chemdb_ontology?abbrev=DG 34:4
598.48771	598.4972	.0094	Cer 36:2;O2	C36H69NO3	[M+Cl]-	/resources/tools/chemdb_ontology?abbrev=Cer 36:2;O2
788.54265	788.5447	.0021	PS 36:1	C42H80NO10P	[M-H]-	/resources/tools/chemdb_ontology?abbrev=PS 36:1
788.54265	788.5449	.0022	HexCer 37:3;O3	C43H79NO9	[M+Cl]-	/resources/tools/chemdb_ontology?abbrev=HexCer 37:3;O3
788.54265	788.5366	.0060	PC O-35:4	C43H80NO7P	[M+Cl]-	/resources/tools/chemdb_ontology?abbrev=PC O-35:4
788.54265	788.5366	.0060	PE O-38:4	C43H80NO7P	[M+Cl]-	/resources/tools/chemdb_ontology?abbrev=PE O-38:4
788.54265	788.5447	.0021	PC 33:2	C41H78NO8P	[M+Formate]-	/resources/tools/chemdb_ontology?abbrev=PC 33:2
788.54265	788.5447	.0021	PE 36:2	C41H78NO8P	[M+Formate]-	/resources/tools/chemdb_ontology?abbrev=PE 36:2
788.54265	788.5447	.0021	PC 32:2	C40H76NO8P	[M+OAc]-	/resources/tools/chemdb_ontology?abbrev=PC 32:2
788.54265	788.5447	.0021	PE 35:2	C40H76NO8P	[M+OAc]-	/resources/tools/chemdb_ontology?abbrev=PE 35:2
679.41087	679.4111	.0002	PA 32:2	C35H65O8P	[M+Cl]-	/resources/tools/chemdb_ontology?abbrev=PA 32:2
679.41087	679.4061	.0048	PE 28:2;O3	C33H62NO11P	Neutral	/resources/tools/chemdb_ontology?abbrev=PE 28:2;O3
599.50757	599.5045	.0031	FA 38:5	C38H66O2	[M+Formate]-	/resources/tools/chemdb_ontology?abbrev=FA 38:5
599.50757	599.5045	.0031	WE 38:5	C38H66O2	[M+Formate]-	/resources/tools/chemdb_ontology?abbrev=WE 38:5
909.55507	909.5499	.0052	PI 40:6	C49H83O13P	[M-H]-	/resources/tools/chemdb_ontology?abbrev=PI 40:6
909.55507	909.5629	.0079	PI O-38:3	C47H87O12P	[M+Cl]-	/resources/tools/chemdb_ontology?abbrev=PI O-38:3
814.55933	814.5604	.0010	PS 38:2	C44H82NO10P	[M-H]-	/resources/tools/chemdb_ontology?abbrev=PS 38:2
814.55933	814.5523	.0070	PE O-40:5	C45H82NO7P	[M+Cl]-	/resources/tools/chemdb_ontology?abbrev=PE O-40:5
814.55933	814.5604	.0010	PC 35:3	C43H80NO8P	[M+Formate]-	/resources/tools/chemdb_ontology?abbrev=PC 35:3
814.55933	814.5604	.0010	PE 38:3	C43H80NO8P	[M+Formate]-	/resources/tools/chemdb_ontology?abbrev=PE 38:3
814.55933	814.5604	.0010	PC 34:3	C42H78NO8P	[M+OAc]-	/resources/tools/chemdb_ontology?abbrev=PC 34:3
814.55933	814.5604	.0010	PE 37:3	C42H78NO8P	[M+OAc]-	/resources/tools/chemdb_ontology?abbrev=PE 37:3
800.56012	800.5567	.0034	PG 38:3	C44H81O10P	Neutral	/resources/tools/chemdb_ontology?abbrev=PG 38:3
886.62544	886.6261	.0007	Hex2Cer 36:2;O2	C48H89NO13	[M-H]-	/resources/tools/chemdb_ontology?abbrev=Hex2Cer 36:2;O2
886.62544	886.6179	.0076	PS O-40:3	C46H86NO9P	[M+OAc]-	/resources/tools/chemdb_ontology?abbrev=PS O-40:3
841.56812	841.5731	.0050	PG 38:0	C44H87O10P	[M+Cl]-	/resources/tools/chemdb_ontology?abbrev=PG 38:0
841.56812	841.5600	.0081	PG O-38:5	C44H79O9P	[M+OAc]-	/resources/tools/chemdb_ontology?abbrev=PG O-38:5
841.56812	841.5680	.0001	IPC 36:0;O4	C42H84NO13P	Neutral	/resources/tools/chemdb_ontology?abbrev=IPC 36:0;O4
774.58419	774.5775	.0067	PG O-37:2	C43H83O9P	Neutral	/resources/tools/chemdb_ontology?abbrev=PG O-37:2
773.58094	773.5814	.0005	CerPE 39:2;O2	C41H81N2O6P	[M+Formate]-	/resources/tools/chemdb_ontology?abbrev=CerPE 39:2;O2
773.58094	773.5814	.0005	SM 36:2;O2	C41H81N2O6P	[M+Formate]-	/resources/tools/chemdb_ontology?abbrev=SM 36:2;O2
773.58094	773.5814	.0005	CerPE 38:2;O2	C40H79N2O6P	[M+OAc]-	/resources/tools/chemdb_ontology?abbrev=CerPE 38:2;O2
773.58094	773.5806	.0004	DGCC 36:5	C46H79NO8	Neutral	/resources/tools/chemdb_ontology?abbrev=DGCC 36:5
293.17597	293.1758	.0001	FA 16:4	C16H24O2	[M+Formate]-	/resources/tools/chemdb_ontology?abbrev=FA 16:4
293.17597	293.1758	.0001	SFE 16:4	C16H24O2	[M+Formate]-	/resources/tools/chemdb_ontology?abbrev=SFE 16:4
293.17597	293.1758	.0001	FA 15:4	C15H22O2	[M+OAc]-	/resources/tools/chemdb_ontology?abbrev=FA 15:4
293.17597	293.1758	.0001	WE 15:4	C15H22O2	[M+OAc]-	/resources/tools/chemdb_ontology?abbrev=WE 15:4
293.17597	293.1758	.0001	ST 28:3;O2;GlcA	C34H52O8	[M-2H]2-	/resources/tools/chemdb_ontology?abbrev=ST 28:3;O2;GlcA
799.55696	799.5495	.0075	PG 38:3	C44H81O10P	[M-H]-	/resources/tools/chemdb_ontology?abbrev=PG 38:3
799.55696	799.5625	.0056	PG O-36:0	C42H85O9P	[M+Cl]-	/resources/tools/chemdb_ontology?abbrev=PG O-36:0
799.55696	799.5577	.0008	MGDG 34:2	C43H78O10	[M+Formate]-	/resources/tools/chemdb_ontology?abbrev=MGDG 34:2
799.55696	799.5495	.0075	PA 40:3	C43H79O8P	[M+Formate]-	/resources/tools/chemdb_ontology?abbrev=PA 40:3
799.55696	799.5495	.0075	PA 39:3	C42H77O8P	[M+OAc]-	/resources/tools/chemdb_ontology?abbrev=PA 39:3
821.554	821.5549	.0009	PI O-34:1	C43H83O12P	[M-H]-	/resources/tools/chemdb_ontology?abbrev=PI O-34:1
821.554	821.5469	.0071	PG O-38:3	C44H83O9P	[M+Cl]-	/resources/tools/chemdb_ontology?abbrev=PG O-38:3
821.554	821.5549	.0009	PG 36:1	C42H81O10P	[M+Formate]-	/resources/tools/chemdb_ontology?abbrev=PG 36:1
821.554	821.5549	.0009	PG 35:1	C41H79O10P	[M+OAc]-	/resources/tools/chemdb_ontology?abbrev=PG 35:1
821.554	821.5571	.0031	PS O-40:6	C46H80NO9P	Neutral	/resources/tools/chemdb_ontology?abbrev=PS O-40:6
854.55997	854.5683	.0084	PS 38:0	C44H86NO10P	[M+Cl]-	/resources/tools/chemdb_ontology?abbrev=PS 38:0
854.55997	854.5553	.0047	PS O-38:5	C44H78NO9P	[M+OAc]-	/resources/tools/chemdb_ontology?abbrev=PS O-38:5
701.52381	701.5239	.0001	CerPE 36:2;O3	C38H75N2O7P	[M-H]-	/resources/tools/chemdb_ontology?abbrev=CerPE 36:2;O3
776.54383	776.5447	.0009	PS 35:0	C41H80NO10P	[M-H]-	/resources/tools/chemdb_ontology?abbrev=PS 35:0
776.54383	776.5449	.0011	HexCer 36:2;O3	C42H79NO9	[M+Cl]-	/resources/tools/chemdb_ontology?abbrev=HexCer 36:2;O3
776.54383	776.5366	.0072	PC O-34:3	C42H80NO7P	[M+Cl]-	/resources/tools/chemdb_ontology?abbrev=PC O-34:3
776.54383	776.5366	.0072	PE O-37:3	C42H80NO7P	[M+Cl]-	/resources/tools/chemdb_ontology?abbrev=PE O-37:3
776.54383	776.5447	.0009	PC 32:1	C40H78NO8P	[M+Formate]-	/resources/tools/chemdb_ontology?abbrev=PC 32:1
776.54383	776.5447	.0009	PE 35:1	C40H78NO8P	[M+Formate]-	/resources/tools/chemdb_ontology?abbrev=PE 35:1
776.54383	776.5530	.0091	HexCer 34:1;O4	C40H77NO10	[M+Formate]-	/resources/tools/chemdb_ontology?abbrev=HexCer 34:1;O4
776.54383	776.5447	.0009	PC 31:1	C39H76NO8P	[M+OAc]-	/resources/tools/chemdb_ontology?abbrev=PC 31:1
776.54383	776.5447	.0009	PE 34:1	C39H76NO8P	[M+OAc]-	/resources/tools/chemdb_ontology?abbrev=PE 34:1
776.54383	776.5439	.0000	MGDG 36:5	C45H76O10	Neutral	/resources/tools/chemdb_ontology?abbrev=MGDG 36:5
776.54383	776.5356	.0082	PA 42:6	C45H77O8P	Neutral	/resources/tools/chemdb_ontology?abbrev=PA 42:6
787.57599	787.5859	.0099	PG O-38:2	C44H85O9P	[M-H]-	/resources/tools/chemdb_ontology?abbrev=PG O-38:2
787.57599	787.5859	.0099	PA O-40:2	C43H83O7P	[M+Formate]-	/resources/tools/chemdb_ontology?abbrev=PA O-40:2
787.57599	787.5859	.0099	PA O-39:2	C42H81O7P	[M+OAc]-	/resources/tools/chemdb_ontology?abbrev=PA O-39:2
787.57599	787.5727	.0033	PS O-37:2	C43H82NO9P	Neutral	/resources/tools/chemdb_ontology?abbrev=PS O-37:2
502.398	502.3936	.0044	NAT 26:0	C28H57NO4S	[M-H]-	/resources/tools/chemdb_ontology?abbrev=NAT 26:0
741.57049	741.5804	.0099	PA O-40:2	C43H83O7P	[M-H]-	/resources/tools/chemdb_ontology?abbrev=PA O-40:2
741.57049	741.5675	.0030	DG 42:6	C45H76O5	[M+Formate]-	/resources/tools/chemdb_ontology?abbrev=DG 42:6
741.57049	741.5675	.0030	DG 41:6	C44H74O5	[M+OAc]-	/resources/tools/chemdb_ontology?abbrev=DG 41:6
741.57049	741.5672	.0032	PC O-34:3	C42H80NO7P	Neutral	/resources/tools/chemdb_ontology?abbrev=PC O-34:3
741.57049	741.5672	.0032	PE O-37:3	C42H80NO7P	Neutral	/resources/tools/chemdb_ontology?abbrev=PE O-37:3
741.57049	741.5755	.0050	HexCer 36:2;O3	C42H79NO9	Neutral	/resources/tools/chemdb_ontology?abbrev=HexCer 36:2;O3
564.49916	564.4997	.0006	Cer 35:2;O3	C35H67NO4	[M-H]-	/resources/tools/chemdb_ontology?abbrev=Cer 35:2;O3
600.47568	600.4764	.0007	Cer 35:2;O3	C35H67NO4	[M+Cl]-	/resources/tools/chemdb_ontology?abbrev=Cer 35:2;O3
600.47568	600.4754	.0003	DG 35:5	C38H64O5	Neutral	/resources/tools/chemdb_ontology?abbrev=DG 35:5
607.45737	607.4579	.0006	DG 32:3	C35H62O5	[M+Formate]-	/resources/tools/chemdb_ontology?abbrev=DG 32:3
607.45737	607.4579	.0006	DG 31:3	C34H60O5	[M+OAc]-	/resources/tools/chemdb_ontology?abbrev=DG 31:3
607.45737	607.4577	.0003	LPC 24:0	C32H66NO7P	Neutral	/resources/tools/chemdb_ontology?abbrev=LPC 24:0
607.45737	607.4577	.0003	LPE O-27:1;O	C32H66NO7P	Neutral	/resources/tools/chemdb_ontology?abbrev=LPE O-27:1;O
740.5231	740.5236	.0005	PE 36:3	C41H76NO8P	[M-H]-	/resources/tools/chemdb_ontology?abbrev=PE 36:3
740.5231	740.5236	.0005	PC 34:3	C42H78NO8P	[M-CH3]-	/resources/tools/chemdb_ontology?abbrev=PC 34:3
797.6037	797.6066	.0029	PA 43:2	C46H87O8P	[M-H]-	/resources/tools/chemdb_ontology?abbrev=PA 43:2
297.15287	297.1627	.0098	FA 17:4	C17H26O2	[M+Cl]-	/resources/tools/chemdb_ontology?abbrev=FA 17:4
796.59755	796.5992	.0017	PC O-35:0	C43H88NO7P	[M+Cl]-	/resources/tools/chemdb_ontology?abbrev=PC O-35:0
796.59755	796.5992	.0017	PE O-38:0	C43H88NO7P	[M+Cl]-	/resources/tools/chemdb_ontology?abbrev=PE O-38:0
796.59755	796.5944	.0031	HexCer 38:3;O2	C44H81NO8	[M+Formate]-	/resources/tools/chemdb_ontology?abbrev=HexCer 38:3;O2
786.57293	786.5655	.0075	PS O-37:2	C43H82NO9P	[M-H]-	/resources/tools/chemdb_ontology?abbrev=PS O-37:2
786.57293	786.5656	.0073	HexCer 38:3;O2	C44H81NO8	[M+Cl]-	/resources/tools/chemdb_ontology?abbrev=HexCer 38:3;O2
786.57293	786.5737	.0008	HexCer 36:2;O3	C42H79NO9	[M+Formate]-	/resources/tools/chemdb_ontology?abbrev=HexCer 36:2;O3
786.57293	786.5655	.0075	PC O-34:3	C42H80NO7P	[M+Formate]-	/resources/tools/chemdb_ontology?abbrev=PC O-34:3
786.57293	786.5655	.0075	PE O-37:3	C42H80NO7P	[M+Formate]-	/resources/tools/chemdb_ontology?abbrev=PE O-37:3
786.57293	786.5737	.0008	HexCer 35:2;O3	C41H77NO9	[M+OAc]-	/resources/tools/chemdb_ontology?abbrev=HexCer 35:2;O3
786.57293	786.5655	.0075	PC O-33:3	C41H78NO7P	[M+OAc]-	/resources/tools/chemdb_ontology?abbrev=PC O-33:3
786.57293	786.5655	.0075	PE O-36:3	C41H78NO7P	[M+OAc]-	/resources/tools/chemdb_ontology?abbrev=PE O-36:3
786.57293	786.5775	.0045	PG O-38:3	C44H83O9P	Neutral	/resources/tools/chemdb_ontology?abbrev=PG O-38:3
325.18416	325.1940	.0098	FA 19:4	C19H30O2	[M+Cl]-	/resources/tools/chemdb_ontology?abbrev=FA 19:4
325.18416	325.1940	.0098	ST 19:1;O2	C19H30O2	[M+Cl]-	/resources/tools/chemdb_ontology?abbrev=ST 19:1;O2
740.5673	740.5682	.0009	HexCer 36:2;O3	C42H79NO9	[M-H]-	/resources/tools/chemdb_ontology?abbrev=HexCer 36:2;O3
740.5673	740.5600	.0073	PE O-37:3	C42H80NO7P	[M-H]-	/resources/tools/chemdb_ontology?abbrev=PE O-37:3
740.5673	740.5600	.0073	PC O-35:3	C43H82NO7P	[M-CH3]-	/resources/tools/chemdb_ontology?abbrev=PC O-35:3
740.5673	740.5720	.0047	PA O-40:3	C43H81O7P	Neutral	/resources/tools/chemdb_ontology?abbrev=PA O-40:3
437.30898	437.3061	.0029	ST 27:5;O	C27H38O	[M+OAc]-	/resources/tools/chemdb_ontology?abbrev=ST 27:5;O
437.30898	437.3141	.0051	CAR 18:3;O	C25H43NO5	Neutral	/resources/tools/chemdb_ontology?abbrev=CAR 18:3;O
714.50788	714.5079	.0001	PE 34:2	C39H74NO8P	[M-H]-	/resources/tools/chemdb_ontology?abbrev=PE 34:2
714.50788	714.5162	.0083	HexCer 32:2;O2	C38H71NO8	[M+Formate]-	/resources/tools/chemdb_ontology?abbrev=HexCer 32:2;O2
714.50788	714.5079	.0001	PC 32:2	C40H76NO8P	[M-CH3]-	/resources/tools/chemdb_ontology?abbrev=PC 32:2
479.35605	479.3531	.0030	TG 61:14	C64H96O6	[M-2H]2-	/resources/tools/chemdb_ontology?abbrev=TG 61:14
611.50788	611.5045	.0034	FA 38:6	C38H64O2	[M+OAc]-	/resources/tools/chemdb_ontology?abbrev=FA 38:6
611.50788	611.5045	.0034	WE 38:6	C38H64O2	[M+OAc]-	/resources/tools/chemdb_ontology?abbrev=WE 38:6
311.1685	311.1783	.0098	FA 18:4	C18H28O2	[M+Cl]-	/resources/tools/chemdb_ontology?abbrev=FA 18:4
311.1685	311.1783	.0098	ST 18:1;O2	C18H28O2	[M+Cl]-	/resources/tools/chemdb_ontology?abbrev=ST 18:1;O2
311.1685	311.1682	.0003	ST 33:2_O7	C33H52O11	[M-2H]2-	/resources/tools/chemdb_ontology?abbrev=ST 33:2_O7
451.32469	451.3194	.0053	LPA O-20:0	C23H49O6P	[M-H]-	/resources/tools/chemdb_ontology?abbrev=LPA O-20:0
639.42948	639.4274	.0020	CerPE 30:1;O2	C32H65N2O6P	[M+Cl]-	/resources/tools/chemdb_ontology?abbrev=CerPE 30:1;O2
845.5257	845.5186	.0071	PI 35:3	C44H79O13P	[M-H]-	/resources/tools/chemdb_ontology?abbrev=PI 35:3
845.5257	845.5338	.0081	PG 42:8	C48H79O10P	[M-H]-	/resources/tools/chemdb_ontology?abbrev=PG 42:8
845.5257	845.5316	.0059	PI O-33:0	C42H83O12P	[M+Cl]-	/resources/tools/chemdb_ontology?abbrev=PI O-33:0
845.5257	845.5338	.0081	PA 44:8	C47H77O8P	[M+Formate]-	/resources/tools/chemdb_ontology?abbrev=PA 44:8
866.59443	866.5917	.0028	PS 42:4	C48H86NO10P	[M-H]-	/resources/tools/chemdb_ontology?abbrev=PS 42:4
866.59443	866.5917	.0028	PC 39:5	C47H84NO8P	[M+Formate]-	/resources/tools/chemdb_ontology?abbrev=PC 39:5
866.59443	866.5917	.0028	PE 42:5	C47H84NO8P	[M+Formate]-	/resources/tools/chemdb_ontology?abbrev=PE 42:5
866.59443	866.5917	.0028	PC 38:5	C46H82NO8P	[M+OAc]-	/resources/tools/chemdb_ontology?abbrev=PC 38:5
866.59443	866.5917	.0028	PE 41:5	C46H82NO8P	[M+OAc]-	/resources/tools/chemdb_ontology?abbrev=PE 41:5
866.59443	866.5884	.0060	PI 36:0	C45H87O13P	Neutral	/resources/tools/chemdb_ontology?abbrev=PI 36:0
339.19977	339.1944	.0054	FA 16:0;O3	C16H32O5	[M+Cl]-	/resources/tools/chemdb_ontology?abbrev=FA 16:0;O3
339.19977	339.2096	.0099	FA 20:4	C20H32O2	[M+Cl]-	/resources/tools/chemdb_ontology?abbrev=FA 20:4
339.19977	339.2096	.0099	ST 20:1;O2	C20H32O2	[M+Cl]-	/resources/tools/chemdb_ontology?abbrev=ST 20:1;O2
423.29315	423.2905	.0027	ST 28:5;O3	C28H40O3	[M-H]-	/resources/tools/chemdb_ontology?abbrev=ST 28:5;O3
423.29315	423.2881	.0050	LPA O-18:0	C21H45O6P	[M-H]-	/resources/tools/chemdb_ontology?abbrev=LPA O-18:0
423.29315	423.2905	.0027	ST 27:5;O	C27H38O	[M+Formate]-	/resources/tools/chemdb_ontology?abbrev=ST 27:5;O
501.39469	501.3949	.0003	FA 30:5	C30H50O2	[M+OAc]-	/resources/tools/chemdb_ontology?abbrev=FA 30:5
501.39469	501.3949	.0003	ST 30:2;O2	C30H50O2	[M+OAc]-	/resources/tools/chemdb_ontology?abbrev=ST 30:2;O2
777.53982	777.5440	.0042	PA 42:5	C45H79O8P	[M-H]-	/resources/tools/chemdb_ontology?abbrev=PA 42:5
777.53982	777.5309	.0090	PC 36:6	C44H76NO8P	Neutral	/resources/tools/chemdb_ontology?abbrev=PC 36:6
777.53982	777.5309	.0090	PE 39:6	C44H76NO8P	Neutral	/resources/tools/chemdb_ontology?abbrev=PE 39:6
711.55743	711.5649	.0075	HexCer 35:2;O2	C41H77NO8	Neutral	/resources/tools/chemdb_ontology?abbrev=HexCer 35:2;O2
808.5106	808.5134	.0028	PS 38:5	C44H76NO10P	[M-H]-	/resources/tools/chemdb_ontology?abbrev=PS 38:5
808.5106	808.5053	.0053	PE O-40:8	C45H76NO7P	[M+Cl]-	/resources/tools/chemdb_ontology?abbrev=PE O-40:8
808.5106	808.5134	.0028	PC 35:6	C43H74NO8P	[M+Formate]-	/resources/tools/chemdb_ontology?abbrev=PC 35:6
808.5106	808.5134	.0028	PE 38:6	C43H74NO8P	[M+Formate]-	/resources/tools/chemdb_ontology?abbrev=PE 38:6
808.5106	808.5134	.0028	PE O-38:7;O	C43H74NO8P	[M+Formate]-	/resources/tools/chemdb_ontology?abbrev=PE O-38:7;O
808.5106	808.5134	.0028	PC 34:6	C42H72NO8P	[M+OAc]-	/resources/tools/chemdb_ontology?abbrev=PC 34:6
808.5106	808.5134	.0028	PE 37:6	C42H72NO8P	[M+OAc]-	/resources/tools/chemdb_ontology?abbrev=PE 37:6
808.5106	808.5102	.0004	PI 32:1	C41H77O13P	Neutral	/resources/tools/chemdb_ontology?abbrev=PI 32:1
705.55445	705.5552	.0008	CerPE 36:0;O3	C38H79N2O7P	[M-H]-	/resources/tools/chemdb_ontology?abbrev=CerPE 36:0;O3
816.57491	816.5760	.0011	PS 38:1	C44H84NO10P	[M-H]-	/resources/tools/chemdb_ontology?abbrev=PS 38:1
816.57491	816.5679	.0070	PC O-37:4	C45H84NO7P	[M+Cl]-	/resources/tools/chemdb_ontology?abbrev=PC O-37:4
816.57491	816.5679	.0070	PE O-40:4	C45H84NO7P	[M+Cl]-	/resources/tools/chemdb_ontology?abbrev=PE O-40:4
816.57491	816.5760	.0011	PC 35:2	C43H82NO8P	[M+Formate]-	/resources/tools/chemdb_ontology?abbrev=PC 35:2
816.57491	816.5760	.0011	PE 38:2	C43H82NO8P	[M+Formate]-	/resources/tools/chemdb_ontology?abbrev=PE 38:2
816.57491	816.5760	.0011	PC 34:2	C42H80NO8P	[M+OAc]-	/resources/tools/chemdb_ontology?abbrev=PC 34:2
816.57491	816.5760	.0011	PE 37:2	C42H80NO8P	[M+OAc]-	/resources/tools/chemdb_ontology?abbrev=PE 37:2
933.57831	933.5710	.0073	PI 38:3	C47H85O13P	[M+Formate]-	/resources/tools/chemdb_ontology?abbrev=PI 38:3
933.57831	933.5710	.0073	PI 37:3	C46H83O13P	[M+OAc]-	/resources/tools/chemdb_ontology?abbrev=PI 37:3
933.57831	933.5862	.0079	PG 44:8	C50H83O10P	[M+OAc]-	/resources/tools/chemdb_ontology?abbrev=PG 44:8
709.55143	709.5543	.0029	DG 40:3	C43H78O5	[M+Cl]-	/resources/tools/chemdb_ontology?abbrev=DG 40:3
710.55479	710.5577	.0029	HexCer 35:2;O2	C41H77NO8	[M-H]-	/resources/tools/chemdb_ontology?abbrev=HexCer 35:2;O2
701.58129	701.5856	.0043	DG 39:0	C42H82O5	[M+Cl]-	/resources/tools/chemdb_ontology?abbrev=DG 39:0
701.58129	701.5806	.0007	HexCer 34:0;O2	C40H79NO8	Neutral	/resources/tools/chemdb_ontology?abbrev=HexCer 34:0;O2
701.58129	701.5723	.0090	CerP 40:1;O2	C40H80NO6P	Neutral	/resources/tools/chemdb_ontology?abbrev=CerP 40:1;O2
725.44176	725.4399	.0018	PG 33:5	C39H67O10P	[M-H]-	/resources/tools/chemdb_ontology?abbrev=PG 33:5
725.44176	725.4399	.0018	PA 35:5	C38H65O8P	[M+Formate]-	/resources/tools/chemdb_ontology?abbrev=PA 35:5
725.44176	725.4399	.0018	PA 34:5	C37H63O8P	[M+OAc]-	/resources/tools/chemdb_ontology?abbrev=PA 34:5
745.36971	745.3700	.0003	PG 28:2;O3	C34H63O13P	[M+Cl]-	/resources/tools/chemdb_ontology?abbrev=PG 28:2;O3
735.34108	735.3362	.0048	PI 25:4;O2	C34H57O15P	[M-H]-	/resources/tools/chemdb_ontology?abbrev=PI 25:4;O2
736.33571	736.3315	.0042	PS 26:4;O3	C32H54NO13P	[M+Formate]-	/resources/tools/chemdb_ontology?abbrev=PS 26:4;O3
736.33571	736.3315	.0042	PS 25:4;O3	C31H52NO13P	[M+OAc]-	/resources/tools/chemdb_ontology?abbrev=PS 25:4;O3
736.33571	736.3435	.0078	PI 25:4;O2	C34H57O15P	Neutral	/resources/tools/chemdb_ontology?abbrev=PI 25:4;O2
755.39843	755.3908	.0077	PG 30:3;O2	C36H65O12P	[M+Cl]-	/resources/tools/chemdb_ontology?abbrev=PG 30:3;O2
755.39843	755.3988	.0004	PG 28:2;O3	C34H63O13P	[M+Formate]-	/resources/tools/chemdb_ontology?abbrev=PG 28:2;O3
1482.05584	1482.0643	.0085	CL 70:0	C79H154O17P2	[M+Formate]-	/resources/tools/chemdb_ontology?abbrev=CL 70:0
1493.12694	1493.1287	.0018	CL 74:0	C83H162O17P2	Neutral	/resources/tools/chemdb_ontology?abbrev=CL 74:0
758.41836	758.4250	.0066	PS 31:4	C37H64NO10P	[M+Formate]-	/resources/tools/chemdb_ontology?abbrev=PS 31:4
758.41836	758.4250	.0066	PS 30:4	C36H62NO10P	[M+OAc]-	/resources/tools/chemdb_ontology?abbrev=PS 30:4
865.59111	865.5812	.0099	PI 36:0	C45H87O13P	[M-H]-	/resources/tools/chemdb_ontology?abbrev=PI 36:0
865.59111	865.5964	.0053	PA 44:5	C47H83O8P	[M+OAc]-	/resources/tools/chemdb_ontology?abbrev=PA 44:5
865.59111	865.5833	.0078	PS 42:5	C48H84NO10P	Neutral	/resources/tools/chemdb_ontology?abbrev=PS 42:5
876.49772	876.5032	.0055	PS 40:8	C46H74NO10P	[M+Formate]-	/resources/tools/chemdb_ontology?abbrev=PS 40:8
876.49772	876.5032	.0055	PS 39:8	C45H72NO10P	[M+OAc]-	/resources/tools/chemdb_ontology?abbrev=PS 39:8
809.51251	809.5186	.0061	PI 32:0	C41H79O13P	[M-H]-	/resources/tools/chemdb_ontology?abbrev=PI 32:0
809.51251	809.5105	.0020	PG 36:2	C42H79O10P	[M+Cl]-	/resources/tools/chemdb_ontology?abbrev=PG 36:2
809.51251	809.5207	.0082	PC 36:6;O2	C44H76NO10P	Neutral	/resources/tools/chemdb_ontology?abbrev=PC 36:6;O2
809.51251	809.5207	.0082	PS 38:5	C44H76NO10P	Neutral	/resources/tools/chemdb_ontology?abbrev=PS 38:5
764.52344	764.5236	.0001	PE 38:5	C43H76NO8P	[M-H]-	/resources/tools/chemdb_ontology?abbrev=PE 38:5
764.52344	764.5236	.0001	PE O-38:6;O	C43H76NO8P	[M-H]-	/resources/tools/chemdb_ontology?abbrev=PE O-38:6;O
764.52344	764.5236	.0001	PC 36:5	C44H78NO8P	[M-CH3]-	/resources/tools/chemdb_ontology?abbrev=PC 36:5
702.50742	702.5079	.0005	PE 33:1	C38H74NO8P	[M-H]-	/resources/tools/chemdb_ontology?abbrev=PE 33:1
702.50742	702.5162	.0088	HexCer 30:1;O2	C36H69NO8	[M+OAc]-	/resources/tools/chemdb_ontology?abbrev=HexCer 30:1;O2
702.50742	702.5079	.0005	PC 31:1	C39H76NO8P	[M-CH3]-	/resources/tools/chemdb_ontology?abbrev=PC 31:1
774.52802	774.5291	.0010	PS 35:1	C41H78NO10P	[M-H]-	/resources/tools/chemdb_ontology?abbrev=PS 35:1
774.52802	774.5210	.0070	PC O-34:4	C42H78NO7P	[M+Cl]-	/resources/tools/chemdb_ontology?abbrev=PC O-34:4
774.52802	774.5291	.0010	PC 32:2	C40H76NO8P	[M+Formate]-	/resources/tools/chemdb_ontology?abbrev=PC 32:2
774.52802	774.5291	.0010	PE 35:2	C40H76NO8P	[M+Formate]-	/resources/tools/chemdb_ontology?abbrev=PE 35:2
774.52802	774.5291	.0010	PC 31:2	C39H74NO8P	[M+OAc]-	/resources/tools/chemdb_ontology?abbrev=PC 31:2
774.52802	774.5291	.0010	PE 34:2	C39H74NO8P	[M+OAc]-	/resources/tools/chemdb_ontology?abbrev=PE 34:2
774.52802	774.5282	.0002	MGDG 36:6	C45H74O10	Neutral	/resources/tools/chemdb_ontology?abbrev=MGDG 36:6
774.52802	774.5200	.0081	PA 42:7	C45H75O8P	Neutral	/resources/tools/chemdb_ontology?abbrev=PA 42:7
796.51022	796.5134	.0032	PS 37:4	C43H76NO10P	[M-H]-	/resources/tools/chemdb_ontology?abbrev=PS 37:4
796.51022	796.5134	.0032	PC 34:5	C42H74NO8P	[M+Formate]-	/resources/tools/chemdb_ontology?abbrev=PC 34:5
796.51022	796.5134	.0032	PE 37:5	C42H74NO8P	[M+Formate]-	/resources/tools/chemdb_ontology?abbrev=PE 37:5
796.51022	796.5134	.0032	PC 33:5	C41H72NO8P	[M+OAc]-	/resources/tools/chemdb_ontology?abbrev=PC 33:5
796.51022	796.5134	.0032	PE 36:5	C41H72NO8P	[M+OAc]-	/resources/tools/chemdb_ontology?abbrev=PE 36:5
796.51022	796.5134	.0032	PC 36:5;O2	C44H78NO10P	[M-CH3]-	/resources/tools/chemdb_ontology?abbrev=PC 36:5;O2
796.51022	796.5102	.0000	PI 31:0	C40H77O13P	Neutral	/resources/tools/chemdb_ontology?abbrev=PI 31:0
796.51022	796.5126	.0023	MGDG 38:9	C47H72O10	Neutral	/resources/tools/chemdb_ontology?abbrev=MGDG 38:9
796.51022	796.5043	.0059	PA 44:10	C47H73O8P	Neutral	/resources/tools/chemdb_ontology?abbrev=PA 44:10
703.51064	703.5074	.0033	DG 40:6	C43H72O5	[M+Cl]-	/resources/tools/chemdb_ontology?abbrev=DG 40:6
703.51064	703.5032	.0075	CerPE 34:2;O2	C36H71N2O6P	[M+Formate]-	/resources/tools/chemdb_ontology?abbrev=CerPE 34:2;O2
703.51064	703.5032	.0075	CerPE 33:2;O2	C35H69N2O6P	[M+OAc]-	/resources/tools/chemdb_ontology?abbrev=CerPE 33:2;O2
703.51064	703.5101	.0005	CL 68:0	C77H150O17P2	[M-2H]2-	/resources/tools/chemdb_ontology?abbrev=CL 68:0
703.51064	703.5152	.0046	PC 30:1	C38H74NO8P	Neutral	/resources/tools/chemdb_ontology?abbrev=PC 30:1
703.51064	703.5152	.0046	PE 33:1	C38H74NO8P	Neutral	/resources/tools/chemdb_ontology?abbrev=PE 33:1
567.5099	567.5147	.0048	CE 12:0	C39H68O2	[M-H]-	/resources/tools/chemdb_ontology?abbrev=CE 12:0
770.4952	770.4978	.0026	PS 35:3	C41H74NO10P	[M-H]-	/resources/tools/chemdb_ontology?abbrev=PS 35:3
770.4952	770.4978	.0026	PC 32:4	C40H72NO8P	[M+Formate]-	/resources/tools/chemdb_ontology?abbrev=PC 32:4
770.4952	770.4978	.0026	PE 35:4	C40H72NO8P	[M+Formate]-	/resources/tools/chemdb_ontology?abbrev=PE 35:4
770.4952	770.4978	.0026	PC 31:4	C39H70NO8P	[M+OAc]-	/resources/tools/chemdb_ontology?abbrev=PC 31:4
770.4952	770.4978	.0026	PE 34:4	C39H70NO8P	[M+OAc]-	/resources/tools/chemdb_ontology?abbrev=PE 34:4
770.4952	770.4969	.0017	MGDG 36:8	C45H70O10	Neutral	/resources/tools/chemdb_ontology?abbrev=MGDG 36:8
770.4952	770.4887	.0065	PA 42:9	C45H71O8P	Neutral	/resources/tools/chemdb_ontology?abbrev=PA 42:9
475.37899	475.3712	.0078	ST 31:2;O	C31H52O	[M+Cl]-	/resources/tools/chemdb_ontology?abbrev=ST 31:2;O
475.37899	475.3793	.0003	FA 29:4	C29H50O2	[M+Formate]-	/resources/tools/chemdb_ontology?abbrev=FA 29:4
475.37899	475.3793	.0003	ST 29:1;O2	C29H50O2	[M+Formate]-	/resources/tools/chemdb_ontology?abbrev=ST 29:1;O2
475.37899	475.3793	.0003	FA 28:4	C28H48O2	[M+OAc]-	/resources/tools/chemdb_ontology?abbrev=FA 28:4
475.37899	475.3793	.0003	ST 28:1;O2	C28H48O2	[M+OAc]-	/resources/tools/chemdb_ontology?abbrev=ST 28:1;O2
475.37899	475.3695	.0095	NAT 24:0	C26H53NO4S	Neutral	/resources/tools/chemdb_ontology?abbrev=NAT 24:0
729.52643	729.5230	.0034	DG 42:7	C45H74O5	[M+Cl]-	/resources/tools/chemdb_ontology?abbrev=DG 42:7
729.52643	729.5188	.0076	CerPE 36:3;O2	C38H73N2O6P	[M+Formate]-	/resources/tools/chemdb_ontology?abbrev=CerPE 36:3;O2
729.52643	729.5258	.0006	CL 72:2	C81H154O17P2	[M-2H]2-	/resources/tools/chemdb_ontology?abbrev=CL 72:2
729.52643	729.5309	.0044	PC 32:2	C40H76NO8P	Neutral	/resources/tools/chemdb_ontology?abbrev=PC 32:2
729.52643	729.5309	.0044	PE 35:2	C40H76NO8P	Neutral	/resources/tools/chemdb_ontology?abbrev=PE 35:2
826.5758	826.5734	.0024	PS O-37:0	C43H86NO9P	[M+Cl]-	/resources/tools/chemdb_ontology?abbrev=PS O-37:0
826.5758	826.5724	.0034	PG 40:4	C46H83O10P	Neutral	/resources/tools/chemdb_ontology?abbrev=PG 40:4
623.43442	623.4294	.0051	PA O-28:0	C31H63O7P	[M+Formate]-	/resources/tools/chemdb_ontology?abbrev=PA O-28:0
685.58427	685.5777	.0066	DG 41:4	C44H78O5	[M-H]-	/resources/tools/chemdb_ontology?abbrev=DG 41:4
685.58427	685.5907	.0064	WD 42:0	C42H82O4	[M+Cl]-	/resources/tools/chemdb_ontology?abbrev=WD 42:0
848.57295	848.5811	.0082	PS O-42:6	C48H84NO9P	[M-H]-	/resources/tools/chemdb_ontology?abbrev=PS O-42:6
848.57295	848.5658	.0071	PS 37:1	C43H82NO10P	[M+Formate]-	/resources/tools/chemdb_ontology?abbrev=PS 37:1
848.57295	848.5811	.0082	PE O-42:7	C47H82NO7P	[M+Formate]-	/resources/tools/chemdb_ontology?abbrev=PE O-42:7
848.57295	848.5658	.0071	PS 36:1	C42H80NO10P	[M+OAc]-	/resources/tools/chemdb_ontology?abbrev=PS 36:1
848.57295	848.5811	.0082	PC O-38:7	C46H80NO7P	[M+OAc]-	/resources/tools/chemdb_ontology?abbrev=PC O-38:7
848.57295	848.5779	.0049	PI O-36:2	C45H85O12P	Neutral	/resources/tools/chemdb_ontology?abbrev=PI O-36:2
825.57254	825.5651	.0074	PG 40:4	C46H83O10P	[M-H]-	/resources/tools/chemdb_ontology?abbrev=PG 40:4
825.57254	825.5782	.0056	PG O-38:1	C44H87O9P	[M+Cl]-	/resources/tools/chemdb_ontology?abbrev=PG O-38:1
825.57254	825.5805	.0080	TG 48:8	C51H82O6	[M+Cl]-	/resources/tools/chemdb_ontology?abbrev=TG 48:8
825.57254	825.5651	.0074	PA 42:4	C45H81O8P	[M+Formate]-	/resources/tools/chemdb_ontology?abbrev=PA 42:4
825.57254	825.5651	.0074	PA 41:4	C44H79O8P	[M+OAc]-	/resources/tools/chemdb_ontology?abbrev=PA 41:4
825.57254	825.5731	.0006	IPC 36:0;O3	C42H84NO12P	Neutral	/resources/tools/chemdb_ontology?abbrev=IPC 36:0;O3
822.50611	822.5057	.0004	PS 36:2	C42H78NO10P	[M+Cl]-	/resources/tools/chemdb_ontology?abbrev=PS 36:2
754.51925	754.5159	.0033	PC 31:0	C39H78NO8P	[M+Cl]-	/resources/tools/chemdb_ontology?abbrev=PC 31:0
754.51925	754.5159	.0033	PE 34:0	C39H78NO8P	[M+Cl]-	/resources/tools/chemdb_ontology?abbrev=PE 34:0
754.51925	754.5149	.0044	PG O-36:5	C42H75O9P	Neutral	/resources/tools/chemdb_ontology?abbrev=PG O-36:5
821.503	821.5105	.0075	PG 37:3	C43H79O10P	[M+Cl]-	/resources/tools/chemdb_ontology?abbrev=PG 37:3
473.39953	473.4000	.0005	ST 30:1;O	C30H52O	[M+Formate]-	/resources/tools/chemdb_ontology?abbrev=ST 30:1;O
473.39953	473.4000	.0005	ST 29:1;O	C29H50O	[M+OAc]-	/resources/tools/chemdb_ontology?abbrev=ST 29:1;O
473.39953	473.4000	.0005	TG 59:6	C62H108O6	[M-2H]2-	/resources/tools/chemdb_ontology?abbrev=TG 59:6
847.56977	847.5706	.0008	PI O-36:2	C45H85O12P	[M-H]-	/resources/tools/chemdb_ontology?abbrev=PI O-36:2
847.56977	847.5625	.0072	PG O-40:4	C46H85O9P	[M+Cl]-	/resources/tools/chemdb_ontology?abbrev=PG O-40:4
847.56977	847.5706	.0008	PG 38:2	C44H83O10P	[M+Formate]-	/resources/tools/chemdb_ontology?abbrev=PG 38:2
847.56977	847.5706	.0008	PG 37:2	C43H81O10P	[M+OAc]-	/resources/tools/chemdb_ontology?abbrev=PG 37:2
847.56977	847.5727	.0030	PS O-42:7	C48H82NO9P	Neutral	/resources/tools/chemdb_ontology?abbrev=PS O-42:7
753.51601	753.5076	.0084	PG O-36:5	C42H75O9P	[M-H]-	/resources/tools/chemdb_ontology?abbrev=PG O-36:5
753.51601	753.5207	.0047	PA 37:0	C40H79O8P	[M+Cl]-	/resources/tools/chemdb_ontology?abbrev=PA 37:0
753.51601	753.5230	.0070	DG 44:9	C47H74O5	[M+Cl]-	/resources/tools/chemdb_ontology?abbrev=DG 44:9
753.51601	753.5076	.0084	PA O-38:5	C41H73O7P	[M+Formate]-	/resources/tools/chemdb_ontology?abbrev=PA O-38:5
685.52867	685.5290	.0003	CerPE 36:2;O2	C38H75N2O6P	[M-H]-	/resources/tools/chemdb_ontology?abbrev=CerPE 36:2;O2
685.52867	685.5290	.0003	SM 34:2;O2	C39H77N2O6P	[M-CH3]-	/resources/tools/chemdb_ontology?abbrev=SM 34:2;O2
687.53509	687.5334	.0017	PA O-36:1	C39H77O7P	[M-H]-	/resources/tools/chemdb_ontology?abbrev=PA O-36:1
687.53509	687.5447	.0096	CerPE 36:1;O2	C38H77N2O6P	[M-H]-	/resources/tools/chemdb_ontology?abbrev=CerPE 36:1;O2
687.53509	687.5336	.0015	TG 37:0	C40H76O6	[M+Cl]-	/resources/tools/chemdb_ontology?abbrev=TG 37:0
687.53509	687.5447	.0096	SM 34:1;O2	C39H79N2O6P	[M-CH3]-	/resources/tools/chemdb_ontology?abbrev=SM 34:1;O2
580.49459	580.4947	.0001	Cer 34:2;O2	C34H65NO3	[M+Formate]-	/resources/tools/chemdb_ontology?abbrev=Cer 34:2;O2
580.49459	580.4947	.0001	Cer 33:2;O2	C33H63NO3	[M+OAc]-	/resources/tools/chemdb_ontology?abbrev=Cer 33:2;O2
787.56785	787.5607	.0072	CerPE 38:3;O3	C40H77N2O7P	[M+OAc]-	/resources/tools/chemdb_ontology?abbrev=CerPE 38:3;O3
787.56785	787.5727	.0049	PS O-37:2	C43H82NO9P	Neutral	/resources/tools/chemdb_ontology?abbrev=PS O-37:2
838.5954	838.5968	.0014	PC O-38:5	C46H84NO7P	[M+Formate]-	/resources/tools/chemdb_ontology?abbrev=PC O-38:5
838.5954	838.5968	.0014	PE O-40:5	C45H82NO7P	[M+OAc]-	/resources/tools/chemdb_ontology?abbrev=PE O-40:5
838.5954	838.5935	.0019	PI O-35:0	C44H87O12P	Neutral	/resources/tools/chemdb_ontology?abbrev=PI O-35:0
838.48194	838.4876	.0057	PS 37:6	C43H72NO10P	[M+Formate]-	/resources/tools/chemdb_ontology?abbrev=PS 37:6
838.48194	838.4876	.0057	PS 36:6	C42H70NO10P	[M+OAc]-	/resources/tools/chemdb_ontology?abbrev=PS 36:6
570.46565	570.4659	.0002	Cer 34:2;O2	C34H65NO3	[M+Cl]-	/resources/tools/chemdb_ontology?abbrev=Cer 34:2;O2
1200.18706	1200.1829	.0041	FA 78:1;O2	C78H154O4	[M+Formate]-	/resources/tools/chemdb_ontology?abbrev=FA 78:1;O2
1200.18706	1200.1829	.0041	FA 77:1;O2	C77H152O4	[M+OAc]-	/resources/tools/chemdb_ontology?abbrev=FA 77:1;O2
839.59879	839.5962	.0026	TG 49:8	C52H84O6	[M+Cl]-	/resources/tools/chemdb_ontology?abbrev=TG 49:8
839.59879	839.5938	.0050	PG O-39:1	C45H89O9P	[M+Cl]-	/resources/tools/chemdb_ontology?abbrev=PG O-39:1
702.56295	702.5676	.0046	CerPE 37:1;O2	C39H79N2O6P	Neutral	/resources/tools/chemdb_ontology?abbrev=CerPE 37:1;O2
702.56295	702.5676	.0046	SM 34:1;O2	C39H79N2O6P	Neutral	/resources/tools/chemdb_ontology?abbrev=SM 34:1;O2
702.56295	702.5563	.0066	PA O-37:1	C40H79O7P	Neutral	/resources/tools/chemdb_ontology?abbrev=PA O-37:1
239.05946	239.0692	.0097	FA 9:1;O3	C9H16O5	[M+Cl]-	/resources/tools/chemdb_ontology?abbrev=FA 9:1;O3
239.05946	239.0561	.0033	FA 10:5;O2	C10H10O4	[M+Formate]-	/resources/tools/chemdb_ontology?abbrev=FA 10:5;O2
165.04073	165.0324	.0083	FA 6:1;O	C6H10O3	[M+Cl]-	/resources/tools/chemdb_ontology?abbrev=FA 6:1;O
165.04073	165.0405	.0003	FA 4:0;O2	C4H8O4	[M+Formate]-	/resources/tools/chemdb_ontology?abbrev=FA 4:0;O2
597.48446	597.4888	.0044	FA 38:6	C38H64O2	[M+Formate]-	/resources/tools/chemdb_ontology?abbrev=FA 38:6
597.48446	597.4888	.0044	WE 38:6	C38H64O2	[M+Formate]-	/resources/tools/chemdb_ontology?abbrev=WE 38:6
597.48446	597.4888	.0044	FA 37:6	C37H62O2	[M+OAc]-	/resources/tools/chemdb_ontology?abbrev=FA 37:6
571.46962	571.4732	.0036	FA 36:5	C36H62O2	[M+Formate]-	/resources/tools/chemdb_ontology?abbrev=FA 36:5
571.46962	571.4732	.0036	WE 36:5	C36H62O2	[M+Formate]-	/resources/tools/chemdb_ontology?abbrev=WE 36:5
700.52793	700.5287	.0007	PE O-34:2	C39H76NO7P	[M-H]-	/resources/tools/chemdb_ontology?abbrev=PE O-34:2
700.52793	700.5287	.0007	PC O-32:2	C40H78NO7P	[M-CH3]-	/resources/tools/chemdb_ontology?abbrev=PC O-32:2
558.31385	558.3049	.0090	LPS O-17:0;O	C23H48NO9P	[M+Formate]-	/resources/tools/chemdb_ontology?abbrev=LPS O-17:0;O
558.31385	558.3106	.0032	ST 24:1;O3;Tau	C26H45NO6S	[M+OAc]-	/resources/tools/chemdb_ontology?abbrev=ST 24:1;O3;Tau
558.31385	558.3049	.0090	LPS O-16:0;O	C22H46NO9P	[M+OAc]-	/resources/tools/chemdb_ontology?abbrev=LPS O-16:0;O
558.31385	558.3169	.0031	LPI O-16:0	C25H51O11P	Neutral	/resources/tools/chemdb_ontology?abbrev=LPI O-16:0
558.31385	558.3193	.0054	ST 32:6;O8	C32H46O8	Neutral	/resources/tools/chemdb_ontology?abbrev=ST 32:6;O8
838.56511	838.5604	.0047	PS 40:4	C46H82NO10P	[M-H]-	/resources/tools/chemdb_ontology?abbrev=PS 40:4
838.56511	838.5734	.0083	PS O-38:1	C44H86NO9P	[M+Cl]-	/resources/tools/chemdb_ontology?abbrev=PS O-38:1
838.56511	838.5604	.0047	PC 37:5	C45H80NO8P	[M+Formate]-	/resources/tools/chemdb_ontology?abbrev=PC 37:5
838.56511	838.5604	.0047	PE 40:5	C45H80NO8P	[M+Formate]-	/resources/tools/chemdb_ontology?abbrev=PE 40:5
838.56511	838.5604	.0047	PC 36:5	C44H78NO8P	[M+OAc]-	/resources/tools/chemdb_ontology?abbrev=PC 36:5
838.56511	838.5604	.0047	PE 39:5	C44H78NO8P	[M+OAc]-	/resources/tools/chemdb_ontology?abbrev=PE 39:5
838.56511	838.5724	.0073	PG 41:5	C47H83O10P	Neutral	/resources/tools/chemdb_ontology?abbrev=PG 41:5
838.56511	838.5571	.0080	PI 34:0	C43H83O13P	Neutral	/resources/tools/chemdb_ontology?abbrev=PI 34:0
760.54921	760.5498	.0006	PS O-35:1	C41H80NO9P	[M-H]-	/resources/tools/chemdb_ontology?abbrev=PS O-35:1
760.54921	760.5500	.0008	HexCer 36:2;O2	C42H79NO8	[M+Cl]-	/resources/tools/chemdb_ontology?abbrev=HexCer 36:2;O2
760.54921	760.5498	.0006	PC O-32:2	C40H78NO7P	[M+Formate]-	/resources/tools/chemdb_ontology?abbrev=PC O-32:2
760.54921	760.5498	.0006	PE O-35:2	C40H78NO7P	[M+Formate]-	/resources/tools/chemdb_ontology?abbrev=PE O-35:2
760.54921	760.5580	.0088	HexCer 34:1;O3	C40H77NO9	[M+Formate]-	/resources/tools/chemdb_ontology?abbrev=HexCer 34:1;O3
760.54921	760.5498	.0006	PC O-31:2	C39H76NO7P	[M+OAc]-	/resources/tools/chemdb_ontology?abbrev=PC O-31:2
760.54921	760.5498	.0006	PE O-34:2	C39H76NO7P	[M+OAc]-	/resources/tools/chemdb_ontology?abbrev=PE O-34:2
760.54921	760.5407	.0085	PA O-42:7	C45H77O7P	Neutral	/resources/tools/chemdb_ontology?abbrev=PA O-42:7
239.0695	239.0692	.0003	FA 9:1;O3	C9H16O5	[M+Cl]-	/resources/tools/chemdb_ontology?abbrev=FA 9:1;O3
239.0695	239.0773	.0078	FA 6:0;O4	C6H12O6	[M+OAc]-	/resources/tools/chemdb_ontology?abbrev=FA 6:0;O4
703.5387	703.5396	.0009	CerPE 36:1;O3	C38H77N2O7P	[M-H]-	/resources/tools/chemdb_ontology?abbrev=CerPE 36:1;O3
772.58434	772.5862	.0018	PE 38:1	C43H84NO8P	[M-H]-	/resources/tools/chemdb_ontology?abbrev=PE 38:1
772.58434	772.5862	.0018	CerP 42:2;O2	C42H82NO6P	[M+Formate]-	/resources/tools/chemdb_ontology?abbrev=CerP 42:2;O2
772.58434	772.5862	.0018	PC 36:1	C44H86NO8P	[M-CH3]-	/resources/tools/chemdb_ontology?abbrev=PC 36:1
772.58434	772.5806	.0038	CL 78:1	C87H168O17P2	[M-2H]2-	/resources/tools/chemdb_ontology?abbrev=CL 78:1
761.55211	761.5491	.0030	PA O-42:6	C45H79O7P	[M-H]-	/resources/tools/chemdb_ontology?abbrev=PA O-42:6
761.55211	761.5450	.0071	CerPE 37:2;O3	C39H77N2O7P	[M+Formate]-	/resources/tools/chemdb_ontology?abbrev=CerPE 37:2;O3
761.55211	761.5450	.0071	CerPE 36:2;O3	C38H75N2O7P	[M+OAc]-	/resources/tools/chemdb_ontology?abbrev=CerPE 36:2;O3
761.55211	761.5571	.0050	PS O-35:1	C41H80NO9P	Neutral	/resources/tools/chemdb_ontology?abbrev=PS O-35:1
762.54835	762.5574	.0090	CerP 42:2;O2	C42H82NO6P	[M+Cl]-	/resources/tools/chemdb_ontology?abbrev=CerP 42:2;O2
762.54835	762.5411	.0073	PG 35:1	C41H79O10P	Neutral	/resources/tools/chemdb_ontology?abbrev=PG 35:1
762.54835	762.5563	.0080	PA O-42:6	C45H79O7P	Neutral	/resources/tools/chemdb_ontology?abbrev=PA O-42:6
841.56924	841.5731	.0039	PG 38:0	C44H87O10P	[M+Cl]-	/resources/tools/chemdb_ontology?abbrev=PG 38:0
841.56924	841.5600	.0092	PG O-38:5	C44H79O9P	[M+OAc]-	/resources/tools/chemdb_ontology?abbrev=PG O-38:5
841.56924	841.5680	.0012	IPC 36:0;O4	C42H84NO13P	Neutral	/resources/tools/chemdb_ontology?abbrev=IPC 36:0;O4
770.57831	770.5705	.0078	PE 38:2	C43H82NO8P	[M-H]-	/resources/tools/chemdb_ontology?abbrev=PE 38:2
770.57831	770.5707	.0076	DGTS 34:2	C44H81NO7	[M+Cl]-	/resources/tools/chemdb_ontology?abbrev=DGTS 34:2
770.57831	770.5788	.0005	HexCer 36:2;O2	C42H79NO8	[M+Formate]-	/resources/tools/chemdb_ontology?abbrev=HexCer 36:2;O2
770.57831	770.5788	.0005	HexCer 35:2;O2	C41H77NO8	[M+OAc]-	/resources/tools/chemdb_ontology?abbrev=HexCer 35:2;O2
770.57831	770.5705	.0078	PC 36:2	C44H84NO8P	[M-CH3]-	/resources/tools/chemdb_ontology?abbrev=PC 36:2
770.57831	770.5826	.0042	PA 41:2	C44H83O8P	Neutral	/resources/tools/chemdb_ontology?abbrev=PA 41:2
771.58165	771.5909	.0093	PA 41:1	C44H85O8P	[M-H]-	/resources/tools/chemdb_ontology?abbrev=PA 41:1
771.58165	771.5778	.0038	PC 35:2	C43H82NO8P	Neutral	/resources/tools/chemdb_ontology?abbrev=PC 35:2
771.58165	771.5778	.0038	PE 38:2	C43H82NO8P	Neutral	/resources/tools/chemdb_ontology?abbrev=PE 38:2
568.34285	568.3409	.0020	LPC 22:5	C30H52NO7P	[M-H]-	/resources/tools/chemdb_ontology?abbrev=LPC 22:5
906.58272	906.5866	.0039	PS O-42:7	C48H82NO9P	[M+OAc]-	/resources/tools/chemdb_ontology?abbrev=PS O-42:7
773.58222	773.5814	.0008	CerPE 39:2;O2	C41H81N2O6P	[M+Formate]-	/resources/tools/chemdb_ontology?abbrev=CerPE 39:2;O2
773.58222	773.5814	.0008	SM 36:2;O2	C41H81N2O6P	[M+Formate]-	/resources/tools/chemdb_ontology?abbrev=SM 36:2;O2
773.58222	773.5814	.0008	CerPE 38:2;O2	C40H79N2O6P	[M+OAc]-	/resources/tools/chemdb_ontology?abbrev=CerPE 38:2;O2
773.58222	773.5806	.0017	DGCC 36:5	C46H79NO8	Neutral	/resources/tools/chemdb_ontology?abbrev=DGCC 36:5
674.51215	674.5130	.0009	PE O-32:1	C37H74NO7P	[M-H]-	/resources/tools/chemdb_ontology?abbrev=PE O-32:1
674.51215	674.5130	.0009	PC O-30:1	C38H76NO7P	[M-CH3]-	/resources/tools/chemdb_ontology?abbrev=PC O-30:1
880.60623	880.6073	.0011	PS 43:4	C49H88NO10P	[M-H]-	/resources/tools/chemdb_ontology?abbrev=PS 43:4
880.60623	880.5992	.0070	PC O-42:7	C50H88NO7P	[M+Cl]-	/resources/tools/chemdb_ontology?abbrev=PC O-42:7
880.60623	880.6073	.0011	PC 40:5	C48H86NO8P	[M+Formate]-	/resources/tools/chemdb_ontology?abbrev=PC 40:5
880.60623	880.6003	.0059	Hex2Cer 32:0;O2	C44H85NO13	[M+Formate]-	/resources/tools/chemdb_ontology?abbrev=Hex2Cer 32:0;O2
880.60623	880.6073	.0011	PC 39:5	C47H84NO8P	[M+OAc]-	/resources/tools/chemdb_ontology?abbrev=PC 39:5
880.60623	880.6073	.0011	PE 42:5	C47H84NO8P	[M+OAc]-	/resources/tools/chemdb_ontology?abbrev=PE 42:5
880.60623	880.6041	.0021	PI 37:0	C46H89O13P	Neutral	/resources/tools/chemdb_ontology?abbrev=PI 37:0
846.54694	846.5502	.0033	PS 37:2	C43H80NO10P	[M+Formate]-	/resources/tools/chemdb_ontology?abbrev=PS 37:2
846.54694	846.5502	.0033	PS 36:2	C42H78NO10P	[M+OAc]-	/resources/tools/chemdb_ontology?abbrev=PS 36:2
846.54694	846.5411	.0059	PG 42:8	C48H79O10P	Neutral	/resources/tools/chemdb_ontology?abbrev=PG 42:8
741.57213	741.5804	.0082	PA O-40:2	C43H83O7P	[M-H]-	/resources/tools/chemdb_ontology?abbrev=PA O-40:2
741.57213	741.5805	.0084	TG 41:1	C44H82O6	[M+Cl]-	/resources/tools/chemdb_ontology?abbrev=TG 41:1
741.57213	741.5675	.0046	DG 42:6	C45H76O5	[M+Formate]-	/resources/tools/chemdb_ontology?abbrev=DG 42:6
741.57213	741.5675	.0046	DG 41:6	C44H74O5	[M+OAc]-	/resources/tools/chemdb_ontology?abbrev=DG 41:6
741.57213	741.5755	.0034	HexCer 36:2;O3	C42H79NO9	Neutral	/resources/tools/chemdb_ontology?abbrev=HexCer 36:2;O3
741.57213	741.5672	.0049	PC O-34:3	C42H80NO7P	Neutral	/resources/tools/chemdb_ontology?abbrev=PC O-34:3
741.57213	741.5672	.0049	PE O-37:3	C42H80NO7P	Neutral	/resources/tools/chemdb_ontology?abbrev=PE O-37:3
776.54513	776.5447	.0004	PS 35:0	C41H80NO10P	[M-H]-	/resources/tools/chemdb_ontology?abbrev=PS 35:0
776.54513	776.5449	.0002	HexCer 36:2;O3	C42H79NO9	[M+Cl]-	/resources/tools/chemdb_ontology?abbrev=HexCer 36:2;O3
776.54513	776.5366	.0085	PC O-34:3	C42H80NO7P	[M+Cl]-	/resources/tools/chemdb_ontology?abbrev=PC O-34:3
776.54513	776.5366	.0085	PE O-37:3	C42H80NO7P	[M+Cl]-	/resources/tools/chemdb_ontology?abbrev=PE O-37:3
776.54513	776.5447	.0004	PC 32:1	C40H78NO8P	[M+Formate]-	/resources/tools/chemdb_ontology?abbrev=PC 32:1
776.54513	776.5447	.0004	PE 35:1	C40H78NO8P	[M+Formate]-	/resources/tools/chemdb_ontology?abbrev=PE 35:1
776.54513	776.5530	.0078	HexCer 34:1;O4	C40H77NO10	[M+Formate]-	/resources/tools/chemdb_ontology?abbrev=HexCer 34:1;O4
776.54513	776.5447	.0004	PC 31:1	C39H76NO8P	[M+OAc]-	/resources/tools/chemdb_ontology?abbrev=PC 31:1
776.54513	776.5447	.0004	PE 34:1	C39H76NO8P	[M+OAc]-	/resources/tools/chemdb_ontology?abbrev=PE 34:1
776.54513	776.5439	.0013	MGDG 36:5	C45H76O10	Neutral	/resources/tools/chemdb_ontology?abbrev=MGDG 36:5
776.54513	776.5356	.0095	PA 42:6	C45H77O8P	Neutral	/resources/tools/chemdb_ontology?abbrev=PA 42:6
786.57373	786.5655	.0083	PS O-37:2	C43H82NO9P	[M-H]-	/resources/tools/chemdb_ontology?abbrev=PS O-37:2
786.57373	786.5656	.0081	HexCer 38:3;O2	C44H81NO8	[M+Cl]-	/resources/tools/chemdb_ontology?abbrev=HexCer 38:3;O2
786.57373	786.5737	.0000	HexCer 36:2;O3	C42H79NO9	[M+Formate]-	/resources/tools/chemdb_ontology?abbrev=HexCer 36:2;O3
786.57373	786.5655	.0083	PC O-34:3	C42H80NO7P	[M+Formate]-	/resources/tools/chemdb_ontology?abbrev=PC O-34:3
786.57373	786.5655	.0083	PE O-37:3	C42H80NO7P	[M+Formate]-	/resources/tools/chemdb_ontology?abbrev=PE O-37:3
786.57373	786.5737	.0000	HexCer 35:2;O3	C41H77NO9	[M+OAc]-	/resources/tools/chemdb_ontology?abbrev=HexCer 35:2;O3
786.57373	786.5655	.0083	PC O-33:3	C41H78NO7P	[M+OAc]-	/resources/tools/chemdb_ontology?abbrev=PC O-33:3
786.57373	786.5655	.0083	PE O-36:3	C41H78NO7P	[M+OAc]-	/resources/tools/chemdb_ontology?abbrev=PE O-36:3
786.57373	786.5775	.0037	PG O-38:3	C44H83O9P	Neutral	/resources/tools/chemdb_ontology?abbrev=PG O-38:3
855.5939	855.5887	.0052	PG 39:0	C45H89O10P	[M+Cl]-	/resources/tools/chemdb_ontology?abbrev=PG 39:0
855.5939	855.5989	.0050	PS 41:3	C47H86NO10P	Neutral	/resources/tools/chemdb_ontology?abbrev=PS 41:3
854.5906	854.5917	.0011	PS 41:3	C47H86NO10P	[M-H]-	/resources/tools/chemdb_ontology?abbrev=PS 41:3
854.5906	854.5836	.0070	PC O-40:6	C48H86NO7P	[M+Cl]-	/resources/tools/chemdb_ontology?abbrev=PC O-40:6
854.5906	854.5917	.0011	PC 38:4	C46H84NO8P	[M+Formate]-	/resources/tools/chemdb_ontology?abbrev=PC 38:4
854.5906	854.5917	.0011	PE 41:4	C46H84NO8P	[M+Formate]-	/resources/tools/chemdb_ontology?abbrev=PE 41:4
854.5906	854.5917	.0011	PC 37:4	C45H82NO8P	[M+OAc]-	/resources/tools/chemdb_ontology?abbrev=PC 37:4
854.5906	854.5917	.0011	PE 40:4	C45H82NO8P	[M+OAc]-	/resources/tools/chemdb_ontology?abbrev=PE 40:4
783.52597	783.5182	.0078	PG 37:4	C43H77O10P	[M-H]-	/resources/tools/chemdb_ontology?abbrev=PG 37:4
783.52597	783.5312	.0053	PG O-35:1	C41H81O9P	[M+Cl]-	/resources/tools/chemdb_ontology?abbrev=PG O-35:1
783.52597	783.5182	.0078	PA 39:4	C42H75O8P	[M+Formate]-	/resources/tools/chemdb_ontology?abbrev=PA 39:4
783.52597	783.5182	.0078	PA 38:4	C41H73O8P	[M+OAc]-	/resources/tools/chemdb_ontology?abbrev=PA 38:4
610.50527	610.5052	.0001	Cer 35:2;O3	C35H67NO4	[M+Formate]-	/resources/tools/chemdb_ontology?abbrev=Cer 35:2;O3
610.50527	610.5052	.0001	Cer 34:2;O3	C34H65NO4	[M+OAc]-	/resources/tools/chemdb_ontology?abbrev=Cer 34:2;O3
728.52317	728.5236	.0004	PE 35:2	C40H76NO8P	[M-H]-	/resources/tools/chemdb_ontology?abbrev=PE 35:2
728.52317	728.5318	.0087	HexCer 33:2;O2	C39H73NO8	[M+Formate]-	/resources/tools/chemdb_ontology?abbrev=HexCer 33:2;O2
728.52317	728.5318	.0087	HexCer 32:2;O2	C38H71NO8	[M+OAc]-	/resources/tools/chemdb_ontology?abbrev=HexCer 32:2;O2
728.52317	728.5236	.0004	PC 33:2	C41H78NO8P	[M-CH3]-	/resources/tools/chemdb_ontology?abbrev=PC 33:2
709.55152	709.5543	.0028	DG 40:3	C43H78O5	[M+Cl]-	/resources/tools/chemdb_ontology?abbrev=DG 40:3
779.56316	779.5596	.0035	PA 42:4	C45H81O8P	[M-H]-	/resources/tools/chemdb_ontology?abbrev=PA 42:4
779.56316	779.5727	.0095	PA O-40:1	C43H85O7P	[M+Cl]-	/resources/tools/chemdb_ontology?abbrev=PA O-40:1
606.50983	606.5103	.0005	Cer 36:3;O2	C36H67NO3	[M+Formate]-	/resources/tools/chemdb_ontology?abbrev=Cer 36:3;O2
702.50754	702.5079	.0004	PE 33:1	C38H74NO8P	[M-H]-	/resources/tools/chemdb_ontology?abbrev=PE 33:1
702.50754	702.5162	.0086	HexCer 30:1;O2	C36H69NO8	[M+OAc]-	/resources/tools/chemdb_ontology?abbrev=HexCer 30:1;O2
702.50754	702.5079	.0004	PC 31:1	C39H76NO8P	[M-CH3]-	/resources/tools/chemdb_ontology?abbrev=PC 31:1
830.65103	830.6424	.0086	TG 51:9	C54H86O6	Neutral	/resources/tools/chemdb_ontology?abbrev=TG 51:9
874.56904	874.5604	.0087	PC 40:8	C48H80NO8P	[M+Formate]-	/resources/tools/chemdb_ontology?abbrev=PC 40:8
874.56904	874.5604	.0087	PC 39:8	C47H78NO8P	[M+OAc]-	/resources/tools/chemdb_ontology?abbrev=PC 39:8
874.56904	874.5604	.0087	PE 42:8	C47H78NO8P	[M+OAc]-	/resources/tools/chemdb_ontology?abbrev=PE 42:8
874.56904	874.5724	.0033	PG 44:8	C50H83O10P	Neutral	/resources/tools/chemdb_ontology?abbrev=PG 44:8
715.53909	715.5396	.0005	CerPE 37:2;O3	C39H77N2O7P	[M-H]-	/resources/tools/chemdb_ontology?abbrev=CerPE 37:2;O3
715.53909	715.5307	.0084	DG 44:10	C47H72O5	[M-H]-	/resources/tools/chemdb_ontology?abbrev=DG 44:10
704.55877	704.5600	.0012	PE O-34:0	C39H80NO7P	[M-H]-	/resources/tools/chemdb_ontology?abbrev=PE O-34:0
704.55877	704.5600	.0012	PC O-32:0	C40H82NO7P	[M-CH3]-	/resources/tools/chemdb_ontology?abbrev=PC O-32:0
838.5523	838.5604	.0081	PS 40:4	C46H82NO10P	[M-H]-	/resources/tools/chemdb_ontology?abbrev=PS 40:4
838.5523	838.5523	.0000	PE O-42:7	C47H82NO7P	[M+Cl]-	/resources/tools/chemdb_ontology?abbrev=PE O-42:7
838.5523	838.5604	.0081	PC 37:5	C45H80NO8P	[M+Formate]-	/resources/tools/chemdb_ontology?abbrev=PC 37:5
838.5523	838.5604	.0081	PE 40:5	C45H80NO8P	[M+Formate]-	/resources/tools/chemdb_ontology?abbrev=PE 40:5
838.5523	838.5451	.0072	IPC 34:1;O2	C40H78NO11P	[M+OAc]-	/resources/tools/chemdb_ontology?abbrev=IPC 34:1;O2
838.5523	838.5604	.0081	PC 36:5	C44H78NO8P	[M+OAc]-	/resources/tools/chemdb_ontology?abbrev=PC 36:5
838.5523	838.5604	.0081	PE 39:5	C44H78NO8P	[M+OAc]-	/resources/tools/chemdb_ontology?abbrev=PE 39:5
838.5523	838.5571	.0048	PI 34:0	C43H83O13P	Neutral	/resources/tools/chemdb_ontology?abbrev=PI 34:0
532.29826	532.3036	.0054	ST 30:5;O8	C30H44O8	Neutral	/resources/tools/chemdb_ontology?abbrev=ST 30:5;O8
532.29826	532.3070	.0087	ST 27:0;O5;S	C27H48O8S	Neutral	/resources/tools/chemdb_ontology?abbrev=ST 27:0;O5;S
794.54626	794.5472	.0010	PC 34:1	C42H82NO8P	[M+Cl]-	/resources/tools/chemdb_ontology?abbrev=PC 34:1
794.54626	794.5472	.0010	PE 37:1	C42H82NO8P	[M+Cl]-	/resources/tools/chemdb_ontology?abbrev=PE 37:1
794.54626	794.5555	.0092	HexCer 36:1;O4	C42H81NO10	[M+Cl]-	/resources/tools/chemdb_ontology?abbrev=HexCer 36:1;O4
794.54626	794.5553	.0090	PS O-34:0	C40H80NO9P	[M+Formate]-	/resources/tools/chemdb_ontology?abbrev=PS O-34:0
794.54626	794.5553	.0090	PS O-33:0	C39H78NO9P	[M+OAc]-	/resources/tools/chemdb_ontology?abbrev=PS O-33:0
716.54174	716.5318	.0099	HexCer 32:1;O2	C38H73NO8	[M+Formate]-	/resources/tools/chemdb_ontology?abbrev=HexCer 32:1;O2
716.54174	716.5380	.0038	DG 44:10	C47H72O5	Neutral	/resources/tools/chemdb_ontology?abbrev=DG 44:10
716.54174	716.5468	.0051	CerPE 37:2;O3	C39H77N2O7P	Neutral	/resources/tools/chemdb_ontology?abbrev=CerPE 37:2;O3
716.54174	716.5356	.0061	PA 37:1	C40H77O8P	Neutral	/resources/tools/chemdb_ontology?abbrev=PA 37:1
639.42997	639.4274	.0025	CerPE 30:1;O2	C32H65N2O6P	[M+Cl]-	/resources/tools/chemdb_ontology?abbrev=CerPE 30:1;O2
804.63463	804.6268	.0078	TG 49:8	C52H84O6	Neutral	/resources/tools/chemdb_ontology?abbrev=TG 49:8
873.56634	873.5651	.0012	PG 44:8	C50H83O10P	[M-H]-	/resources/tools/chemdb_ontology?abbrev=PG 44:8
873.56634	873.5629	.0034	PI O-35:0	C44H87O12P	[M+Cl]-	/resources/tools/chemdb_ontology?abbrev=PI O-35:0
805.63825	805.6352	.0031	TG 49:7	C52H86O6	[M-H]-	/resources/tools/chemdb_ontology?abbrev=TG 49:7
805.63825	805.6328	.0054	PG O-39:0	C45H91O9P	[M-H]-	/resources/tools/chemdb_ontology?abbrev=PG O-39:0
805.63825	805.6328	.0054	PA O-41:0	C44H89O7P	[M+Formate]-	/resources/tools/chemdb_ontology?abbrev=PA O-41:0
805.63825	805.6440	.0058	SM 38:0;O2	C43H89N2O6P	[M+Formate]-	/resources/tools/chemdb_ontology?abbrev=SM 38:0;O2
805.63825	805.6328	.0054	PA O-40:0	C43H87O7P	[M+OAc]-	/resources/tools/chemdb_ontology?abbrev=PA O-40:0
804.57565	804.5760	.0004	PS 37:0	C43H84NO10P	[M-H]-	/resources/tools/chemdb_ontology?abbrev=PS 37:0
804.57565	804.5762	.0005	HexCer 38:2;O3	C44H83NO9	[M+Cl]-	/resources/tools/chemdb_ontology?abbrev=HexCer 38:2;O3
804.57565	804.5679	.0077	PC O-36:3	C44H84NO7P	[M+Cl]-	/resources/tools/chemdb_ontology?abbrev=PC O-36:3
804.57565	804.5760	.0004	PC 34:1	C42H82NO8P	[M+Formate]-	/resources/tools/chemdb_ontology?abbrev=PC 34:1
804.57565	804.5760	.0004	PE 37:1	C42H82NO8P	[M+Formate]-	/resources/tools/chemdb_ontology?abbrev=PE 37:1
804.57565	804.5843	.0086	HexCer 36:1;O4	C42H81NO10	[M+Formate]-	/resources/tools/chemdb_ontology?abbrev=HexCer 36:1;O4
804.57565	804.5760	.0004	PC 33:1	C41H80NO8P	[M+OAc]-	/resources/tools/chemdb_ontology?abbrev=PC 33:1
804.57565	804.5760	.0004	PE 36:1	C41H80NO8P	[M+OAc]-	/resources/tools/chemdb_ontology?abbrev=PE 36:1
804.57565	804.5669	.0087	PA 44:6	C47H81O8P	Neutral	/resources/tools/chemdb_ontology?abbrev=PA 44:6
1564.15103	1564.1426	.0084	CL 76:1	C85H164O17P2	[M+Formate]-	/resources/tools/chemdb_ontology?abbrev=CL 76:1
542.32697	542.3252	.0018	LPC 20:4	C28H50NO7P	[M-H]-	/resources/tools/chemdb_ontology?abbrev=LPC 20:4
807.58455	807.5909	.0064	PA 44:4	C47H85O8P	[M-H]-	/resources/tools/chemdb_ontology?abbrev=PA 44:4
807.58455	807.5757	.0089	PG O-36:1	C42H83O9P	[M+Formate]-	/resources/tools/chemdb_ontology?abbrev=PG O-36:1
807.58455	807.5757	.0089	PG O-35:1	C41H81O9P	[M+OAc]-	/resources/tools/chemdb_ontology?abbrev=PG O-35:1
807.58455	807.5778	.0067	PC 38:5	C46H82NO8P	Neutral	/resources/tools/chemdb_ontology?abbrev=PC 38:5
807.58455	807.5778	.0067	PE 41:5	C46H82NO8P	Neutral	/resources/tools/chemdb_ontology?abbrev=PE 41:5
748.52814	748.5287	.0005	PE O-38:6	C43H76NO7P	[M-H]-	/resources/tools/chemdb_ontology?abbrev=PE O-38:6
748.52814	748.5287	.0005	PC O-36:6	C44H78NO7P	[M-CH3]-	/resources/tools/chemdb_ontology?abbrev=PC O-36:6
748.52814	748.5254	.0027	PG 34:1	C40H77O10P	Neutral	/resources/tools/chemdb_ontology?abbrev=PG 34:1
673.52981	673.5290	.0008	CerPE 35:1;O2	C37H75N2O6P	[M-H]-	/resources/tools/chemdb_ontology?abbrev=CerPE 35:1;O2
673.52981	673.5290	.0008	SM 33:1;O2	C38H77N2O6P	[M-CH3]-	/resources/tools/chemdb_ontology?abbrev=SM 33:1;O2
749.53139	749.5338	.0024	PG 34:0	C40H79O10P	[M-H]-	/resources/tools/chemdb_ontology?abbrev=PG 34:0
749.53139	749.5258	.0056	PA O-38:2	C41H79O7P	[M+Cl]-	/resources/tools/chemdb_ontology?abbrev=PA O-38:2
749.53139	749.5370	.0056	CerPE 38:2;O2	C40H79N2O6P	[M+Cl]-	/resources/tools/chemdb_ontology?abbrev=CerPE 38:2;O2
749.53139	749.5338	.0024	PA 36:0	C39H77O8P	[M+Formate]-	/resources/tools/chemdb_ontology?abbrev=PA 36:0
749.53139	749.5338	.0024	PA 35:0	C38H75O8P	[M+OAc]-	/resources/tools/chemdb_ontology?abbrev=PA 35:0
749.53139	749.5362	.0048	DG 42:9	C45H70O5	[M+OAc]-	/resources/tools/chemdb_ontology?abbrev=DG 42:9
749.53139	749.5359	.0046	PE O-38:6	C43H76NO7P	Neutral	/resources/tools/chemdb_ontology?abbrev=PE O-38:6
686.532	686.5363	.0043	CerPE 36:2;O2	C38H75N2O6P	Neutral	/resources/tools/chemdb_ontology?abbrev=CerPE 36:2;O2
686.532	686.5363	.0043	SM 33:2;O2	C38H75N2O6P	Neutral	/resources/tools/chemdb_ontology?abbrev=SM 33:2;O2
686.532	686.5250	.0070	PA O-36:2	C39H75O7P	Neutral	/resources/tools/chemdb_ontology?abbrev=PA O-36:2
832.59753	832.6073	.0098	PS 39:0	C45H88NO10P	[M-H]-	/resources/tools/chemdb_ontology?abbrev=PS 39:0
832.59753	832.5992	.0017	PC O-38:3	C46H88NO7P	[M+Cl]-	/resources/tools/chemdb_ontology?abbrev=PC O-38:3
832.59753	832.6075	.0100	HexCer 40:2;O3	C46H87NO9	[M+Cl]-	/resources/tools/chemdb_ontology?abbrev=HexCer 40:2;O3
832.59753	832.6073	.0098	PC 36:1	C44H86NO8P	[M+Formate]-	/resources/tools/chemdb_ontology?abbrev=PC 36:1
832.59753	832.6073	.0098	PE 39:1	C44H86NO8P	[M+Formate]-	/resources/tools/chemdb_ontology?abbrev=PE 39:1
832.59753	832.5944	.0031	DGCC 36:5	C46H79NO8	[M+OAc]-	/resources/tools/chemdb_ontology?abbrev=DGCC 36:5
832.59753	832.6073	.0098	PC 35:1	C43H84NO8P	[M+OAc]-	/resources/tools/chemdb_ontology?abbrev=PC 35:1
832.59753	832.6073	.0098	PE 38:1	C43H84NO8P	[M+OAc]-	/resources/tools/chemdb_ontology?abbrev=PE 38:1
837.54895	837.5499	.0009	PI 34:0	C43H83O13P	[M-H]-	/resources/tools/chemdb_ontology?abbrev=PI 34:0
837.54895	837.5418	.0072	PG 38:2	C44H83O10P	[M+Cl]-	/resources/tools/chemdb_ontology?abbrev=PG 38:2
837.54895	837.5520	.0030	PS 40:5	C46H80NO10P	Neutral	/resources/tools/chemdb_ontology?abbrev=PS 40:5
685.52843	685.5290	.0006	CerPE 36:2;O2	C38H75N2O6P	[M-H]-	/resources/tools/chemdb_ontology?abbrev=CerPE 36:2;O2
685.52843	685.5290	.0006	SM 34:2;O2	C39H77N2O6P	[M-CH3]-	/resources/tools/chemdb_ontology?abbrev=SM 34:2;O2
650.49706	650.4910	.0060	DG 39:8	C42H66O5	Neutral	/resources/tools/chemdb_ontology?abbrev=DG 39:8
582.51007	582.5103	.0002	Cer 34:1;O2	C34H67NO3	[M+Formate]-	/resources/tools/chemdb_ontology?abbrev=Cer 34:1;O2
582.51007	582.5103	.0002	Cer 33:1;O2	C33H65NO3	[M+OAc]-	/resources/tools/chemdb_ontology?abbrev=Cer 33:1;O2
664.3085	664.3104	.0019	PS 24:3;O3	C30H52NO13P	[M-H]-	/resources/tools/chemdb_ontology?abbrev=PS 24:3;O3
681.4268	681.4268	.0000	PA 32:1	C35H67O8P	[M+Cl]-	/resources/tools/chemdb_ontology?abbrev=PA 32:1
584.51649	584.5179	.0014	Cer 36:1;O	C36H71NO2	[M+Cl]-	/resources/tools/chemdb_ontology?abbrev=Cer 36:1;O
584.51649	584.5260	.0095	Cer 34:0;O2	C34H69NO3	[M+Formate]-	/resources/tools/chemdb_ontology?abbrev=Cer 34:0;O2
584.51649	584.5260	.0095	Cer 33:0;O2	C33H67NO3	[M+OAc]-	/resources/tools/chemdb_ontology?abbrev=Cer 33:0;O2
682.42991	682.4220	.0079	PC 26:1	C34H66NO8P	[M+Cl]-	/resources/tools/chemdb_ontology?abbrev=PC 26:1
682.42991	682.4220	.0079	PE 29:1	C34H66NO8P	[M+Cl]-	/resources/tools/chemdb_ontology?abbrev=PE 29:1
682.42991	682.4301	.0002	LPS O-26:1;O	C32H64NO9P	[M+Formate]-	/resources/tools/chemdb_ontology?abbrev=LPS O-26:1;O
682.42991	682.4301	.0002	LPS O-25:1;O	C31H62NO9P	[M+OAc]-	/resources/tools/chemdb_ontology?abbrev=LPS O-25:1;O
727.54688	727.5396	.0073	CerPE 38:3;O3	C40H77N2O7P	[M-H]-	/resources/tools/chemdb_ontology?abbrev=CerPE 38:3;O3
727.54688	727.5518	.0050	DG 41:6	C44H74O5	[M+Formate]-	/resources/tools/chemdb_ontology?abbrev=DG 41:6
727.54688	727.5518	.0050	DG 40:6	C43H72O5	[M+OAc]-	/resources/tools/chemdb_ontology?abbrev=DG 40:6
727.54688	727.5516	.0047	PC O-33:3	C41H78NO7P	Neutral	/resources/tools/chemdb_ontology?abbrev=PC O-33:3
727.54688	727.5516	.0047	PE O-36:3	C41H78NO7P	Neutral	/resources/tools/chemdb_ontology?abbrev=PE O-36:3
665.31168	665.3176	.0060	PS 24:3;O3	C30H52NO13P	Neutral	/resources/tools/chemdb_ontology?abbrev=PS 24:3;O3
863.56499	863.5655	.0005	PI 36:1	C45H85O13P	[M-H]-	/resources/tools/chemdb_ontology?abbrev=PI 36:1
863.56499	863.5574	.0075	PG 40:3	C46H85O10P	[M+Cl]-	/resources/tools/chemdb_ontology?abbrev=PG 40:3
863.56499	863.5738	.0088	FA 44:3;O11	C44H82O13	[M+Formate]-	/resources/tools/chemdb_ontology?abbrev=FA 44:3;O11
863.56499	863.5676	.0026	PS 42:6	C48H82NO10P	Neutral	/resources/tools/chemdb_ontology?abbrev=PS 42:6
931.55154	931.5425	.0091	DGDG 36:8	C51H80O15	[M-H]-	/resources/tools/chemdb_ontology?abbrev=DGDG 36:8
931.55154	931.5473	.0043	PI O-40:6	C49H85O12P	[M+Cl]-	/resources/tools/chemdb_ontology?abbrev=PI O-40:6
931.55154	931.5553	.0038	PI 38:4	C47H83O13P	[M+Formate]-	/resources/tools/chemdb_ontology?abbrev=PI 38:4
931.55154	931.5553	.0038	PI 37:4	C46H81O13P	[M+OAc]-	/resources/tools/chemdb_ontology?abbrev=PI 37:4
573.48453	573.4888	.0043	FAHFA 37:3;O	C37H66O4	[M-H]-	/resources/tools/chemdb_ontology?abbrev=FAHFA 37:3;O
573.48453	573.4888	.0043	FA 36:4	C36H64O2	[M+Formate]-	/resources/tools/chemdb_ontology?abbrev=FA 36:4
573.48453	573.4888	.0043	WE 36:4	C36H64O2	[M+Formate]-	/resources/tools/chemdb_ontology?abbrev=WE 36:4
572.48115	572.4815	.0004	Cer 34:1;O2	C34H67NO3	[M+Cl]-	/resources/tools/chemdb_ontology?abbrev=Cer 34:1;O2
726.54359	726.5443	.0007	PE O-36:3	C41H78NO7P	[M-H]-	/resources/tools/chemdb_ontology?abbrev=PE O-36:3
726.54359	726.5526	.0090	HexCer 35:2;O3	C41H77NO9	[M-H]-	/resources/tools/chemdb_ontology?abbrev=HexCer 35:2;O3
726.54359	726.5443	.0007	PC O-34:3	C42H80NO7P	[M-CH3]-	/resources/tools/chemdb_ontology?abbrev=PC O-34:3
600.50349	600.5128	.0093	Cer 36:1;O2	C36H71NO3	[M+Cl]-	/resources/tools/chemdb_ontology?abbrev=Cer 36:1;O2
601.50629	601.4968	.0095	FAHFA 36:0;O	C36H70O4	[M+Cl]-	/resources/tools/chemdb_ontology?abbrev=FAHFA 36:0;O
911.57084	911.5655	.0053	PI 40:5	C49H85O13P	[M-H]-	/resources/tools/chemdb_ontology?abbrev=PI 40:5
911.57084	911.5786	.0077	PI O-38:2	C47H89O12P	[M+Cl]-	/resources/tools/chemdb_ontology?abbrev=PI O-38:2
911.57084	911.5679	.0030	TG 51:14;O2	C54H76O8	[M+OAc]-	/resources/tools/chemdb_ontology?abbrev=TG 51:14;O2
599.50012	599.5045	.0044	FA 38:5	C38H66O2	[M+Formate]-	/resources/tools/chemdb_ontology?abbrev=FA 38:5
599.50012	599.5045	.0044	WE 38:5	C38H66O2	[M+Formate]-	/resources/tools/chemdb_ontology?abbrev=WE 38:5
864.56834	864.5760	.0077	PS 42:5	C48H84NO10P	[M-H]-	/resources/tools/chemdb_ontology?abbrev=PS 42:5
864.56834	864.5760	.0077	PC 39:6	C47H82NO8P	[M+Formate]-	/resources/tools/chemdb_ontology?abbrev=PC 39:6
864.56834	864.5760	.0077	PE 42:6	C47H82NO8P	[M+Formate]-	/resources/tools/chemdb_ontology?abbrev=PE 42:6
864.56834	864.5690	.0007	Hex2Cer 30:1;O2	C42H79NO13	[M+OAc]-	/resources/tools/chemdb_ontology?abbrev=Hex2Cer 30:1;O2
864.56834	864.5760	.0077	PC 38:6	C46H80NO8P	[M+OAc]-	/resources/tools/chemdb_ontology?abbrev=PC 38:6
864.56834	864.5760	.0077	PE 41:6	C46H80NO8P	[M+OAc]-	/resources/tools/chemdb_ontology?abbrev=PE 41:6
864.56834	864.5728	.0044	PI 36:1	C45H85O13P	Neutral	/resources/tools/chemdb_ontology?abbrev=PI 36:1
865.57108	865.5731	.0020	PG 40:2	C46H87O10P	[M+Cl]-	/resources/tools/chemdb_ontology?abbrev=PG 40:2
671.39796	671.3930	.0050	PA 31:4	C34H59O8P	[M+Formate]-	/resources/tools/chemdb_ontology?abbrev=PA 31:4
671.39796	671.4012	.0033	ST 27:0;O4;GlcA	C33H56O10	[M+OAc]-	/resources/tools/chemdb_ontology?abbrev=ST 27:0;O4;GlcA
671.39796	671.3930	.0050	PA 30:4	C33H57O8P	[M+OAc]-	/resources/tools/chemdb_ontology?abbrev=PA 30:4
753.51653	753.5076	.0089	PG O-36:5	C42H75O9P	[M-H]-	/resources/tools/chemdb_ontology?abbrev=PG O-36:5
753.51653	753.5207	.0041	PA 37:0	C40H79O8P	[M+Cl]-	/resources/tools/chemdb_ontology?abbrev=PA 37:0
753.51653	753.5230	.0065	DG 44:9	C47H74O5	[M+Cl]-	/resources/tools/chemdb_ontology?abbrev=DG 44:9
753.51653	753.5076	.0089	PA O-38:5	C41H73O7P	[M+Formate]-	/resources/tools/chemdb_ontology?abbrev=PA O-38:5
821.50416	821.5105	.0063	PG 37:3	C43H79O10P	[M+Cl]-	/resources/tools/chemdb_ontology?abbrev=PG 37:3
932.5547	932.5497	.0050	DGDG 36:8	C51H80O15	Neutral	/resources/tools/chemdb_ontology?abbrev=DGDG 36:8
843.58383	843.5757	.0081	PG O-38:4	C44H81O9P	[M+OAc]-	/resources/tools/chemdb_ontology?abbrev=PG O-38:4
843.58383	843.5778	.0060	PE 44:8	C49H82NO8P	Neutral	/resources/tools/chemdb_ontology?abbrev=PE 44:8
788.58855	788.5811	.0074	PS O-37:1	C43H84NO9P	[M-H]-	/resources/tools/chemdb_ontology?abbrev=PS O-37:1
788.58855	788.5813	.0073	HexCer 38:2;O2	C44H83NO8	[M+Cl]-	/resources/tools/chemdb_ontology?abbrev=HexCer 38:2;O2
788.58855	788.5893	.0008	HexCer 36:1;O3	C42H81NO9	[M+Formate]-	/resources/tools/chemdb_ontology?abbrev=HexCer 36:1;O3
788.58855	788.5811	.0074	PC O-34:2	C42H82NO7P	[M+Formate]-	/resources/tools/chemdb_ontology?abbrev=PC O-34:2
788.58855	788.5811	.0074	PE O-37:2	C42H82NO7P	[M+Formate]-	/resources/tools/chemdb_ontology?abbrev=PE O-37:2
788.58855	788.5811	.0074	PC O-33:2	C41H80NO7P	[M+OAc]-	/resources/tools/chemdb_ontology?abbrev=PC O-33:2
788.58855	788.5811	.0074	PE O-36:2	C41H80NO7P	[M+OAc]-	/resources/tools/chemdb_ontology?abbrev=PE O-36:2
788.58855	788.5931	.0046	PG O-38:2	C44H85O9P	Neutral	/resources/tools/chemdb_ontology?abbrev=PG O-38:2
608.5245	608.5260	.0015	Cer 36:2;O2	C36H69NO3	[M+Formate]-	/resources/tools/chemdb_ontology?abbrev=Cer 36:2;O2
608.5245	608.5260	.0015	Cer 35:2;O2	C35H67NO3	[M+OAc]-	/resources/tools/chemdb_ontology?abbrev=Cer 35:2;O2
583.51338	583.5226	.0093	WE 37:1	C37H72O2	[M+Cl]-	/resources/tools/chemdb_ontology?abbrev=WE 37:1
672.40103	672.4013	.0002	LPS O-26:1;O	C32H64NO9P	[M+Cl]-	/resources/tools/chemdb_ontology?abbrev=LPS O-26:1;O
754.5201	754.5159	.0042	PC 31:0	C39H78NO8P	[M+Cl]-	/resources/tools/chemdb_ontology?abbrev=PC 31:0
754.5201	754.5159	.0042	PE 34:0	C39H78NO8P	[M+Cl]-	/resources/tools/chemdb_ontology?abbrev=PE 34:0
754.5201	754.5149	.0052	PG O-36:5	C42H75O9P	Neutral	/resources/tools/chemdb_ontology?abbrev=PG O-36:5
777.60267	777.6015	.0012	PG O-37:0	C43H87O9P	[M-H]-	/resources/tools/chemdb_ontology?abbrev=PG O-37:0
777.60267	777.6015	.0012	PA O-39:0	C42H85O7P	[M+Formate]-	/resources/tools/chemdb_ontology?abbrev=PA O-39:0
777.60267	777.6015	.0012	PA O-38:0	C41H83O7P	[M+OAc]-	/resources/tools/chemdb_ontology?abbrev=PA O-38:0
683.43243	683.4424	.0100	PA 32:0	C35H69O8P	[M+Cl]-	/resources/tools/chemdb_ontology?abbrev=PA 32:0
673.39648	673.3934	.0031	LPI O-20:0	C29H59O11P	[M+OAc]-	/resources/tools/chemdb_ontology?abbrev=LPI O-20:0
673.39648	673.3955	.0010	PC 26:4;O2	C34H60NO10P	Neutral	/resources/tools/chemdb_ontology?abbrev=PC 26:4;O2
844.5869	844.5862	.0007	PE 44:7	C49H84NO8P	[M-H]-	/resources/tools/chemdb_ontology?abbrev=PE 44:7
844.5869	844.5862	.0007	PC 42:7	C50H86NO8P	[M-CH3]-	/resources/tools/chemdb_ontology?abbrev=PC 42:7
825.57435	825.5651	.0092	PG 40:4	C46H83O10P	[M-H]-	/resources/tools/chemdb_ontology?abbrev=PG 40:4
825.57435	825.5782	.0038	PG O-38:1	C44H87O9P	[M+Cl]-	/resources/tools/chemdb_ontology?abbrev=PG O-38:1
825.57435	825.5805	.0062	TG 48:8	C51H82O6	[M+Cl]-	/resources/tools/chemdb_ontology?abbrev=TG 48:8
825.57435	825.5651	.0092	PA 42:4	C45H81O8P	[M+Formate]-	/resources/tools/chemdb_ontology?abbrev=PA 42:4
825.57435	825.5651	.0092	PA 41:4	C44H79O8P	[M+OAc]-	/resources/tools/chemdb_ontology?abbrev=PA 41:4
825.57435	825.5731	.0012	IPC 36:0;O3	C42H84NO12P	Neutral	/resources/tools/chemdb_ontology?abbrev=IPC 36:0;O3
661.36903	661.3722	.0032	PA 30:3;O3	C33H59O11P	[M-H]-	/resources/tools/chemdb_ontology?abbrev=PA 30:3;O3
661.36903	661.3642	.0049	PA 31:4	C34H59O8P	[M+Cl]-	/resources/tools/chemdb_ontology?abbrev=PA 31:4
594.50966	594.5103	.0006	Cer 35:2;O2	C35H67NO3	[M+Formate]-	/resources/tools/chemdb_ontology?abbrev=Cer 35:2;O2
594.50966	594.5103	.0006	Cer 34:2;O2	C34H65NO3	[M+OAc]-	/resources/tools/chemdb_ontology?abbrev=Cer 34:2;O2
820.53751	820.5345	.0030	PS 35:1	C41H78NO10P	[M+Formate]-	/resources/tools/chemdb_ontology?abbrev=PS 35:1
820.53751	820.5345	.0030	PS 34:1	C40H76NO10P	[M+OAc]-	/resources/tools/chemdb_ontology?abbrev=PS 34:1
820.53751	820.5466	.0091	PI O-34:2	C43H81O12P	Neutral	/resources/tools/chemdb_ontology?abbrev=PI O-34:2
1200.18722	1200.1829	.0043	FA 78:1;O2	C78H154O4	[M+Formate]-	/resources/tools/chemdb_ontology?abbrev=FA 78:1;O2
1200.18722	1200.1829	.0043	FA 77:1;O2	C77H152O4	[M+OAc]-	/resources/tools/chemdb_ontology?abbrev=FA 77:1;O2
627.53118	627.5358	.0046	CE 12:0	C39H68O2	[M+OAc]-	/resources/tools/chemdb_ontology?abbrev=CE 12:0
831.5946	831.5989	.0043	PS 39:1	C45H86NO10P	Neutral	/resources/tools/chemdb_ontology?abbrev=PS 39:1
165.0408	165.0324	.0084	FA 6:1;O	C6H10O3	[M+Cl]-	/resources/tools/chemdb_ontology?abbrev=FA 6:1;O
165.0408	165.0405	.0003	FA 4:0;O2	C4H8O4	[M+Formate]-	/resources/tools/chemdb_ontology?abbrev=FA 4:0;O2
239.05943	239.0692	.0098	FA 9:1;O3	C9H16O5	[M+Cl]-	/resources/tools/chemdb_ontology?abbrev=FA 9:1;O3
239.05943	239.0561	.0033	FA 10:5;O2	C10H10O4	[M+Formate]-	/resources/tools/chemdb_ontology?abbrev=FA 10:5;O2
838.59541	838.5968	.0013	PC O-38:5	C46H84NO7P	[M+Formate]-	/resources/tools/chemdb_ontology?abbrev=PC O-38:5
838.59541	838.5968	.0013	PE O-40:5	C45H82NO7P	[M+OAc]-	/resources/tools/chemdb_ontology?abbrev=PE O-40:5
838.59541	838.5935	.0019	PI O-35:0	C44H87O12P	Neutral	/resources/tools/chemdb_ontology?abbrev=PI O-35:0
887.52176	887.5234	.0017	TG 51:14;O2	C54H76O8	[M+Cl]-	/resources/tools/chemdb_ontology?abbrev=TG 51:14;O2
887.52176	887.5291	.0074	PI O-36:5	C45H79O12P	[M+Formate]-	/resources/tools/chemdb_ontology?abbrev=PI O-36:5
835.52192	835.5261	.0042	PG 38:3	C44H81O10P	[M+Cl]-	/resources/tools/chemdb_ontology?abbrev=PG 38:3
835.52192	835.5152	.0067	PE 44:12	C49H74NO8P	Neutral	/resources/tools/chemdb_ontology?abbrev=PE 44:12
818.5313	818.5342	.0029	PS O-40:7	C46H78NO9P	[M-H]-	/resources/tools/chemdb_ontology?abbrev=PS O-40:7
818.5313	818.5342	.0029	PE O-40:8	C45H76NO7P	[M+Formate]-	/resources/tools/chemdb_ontology?abbrev=PE O-40:8
818.5313	818.5309	.0004	PI O-34:3	C43H79O12P	Neutral	/resources/tools/chemdb_ontology?abbrev=PI O-34:3
886.51859	886.5159	.0027	PC 42:11	C50H78NO8P	[M+Cl]-	/resources/tools/chemdb_ontology?abbrev=PC 42:11
753.55321	753.5522	.0010	MGDG 34:2	C43H78O10	[M-H]-	/resources/tools/chemdb_ontology?abbrev=MGDG 34:2
753.55321	753.5440	.0092	PA 40:3	C43H79O8P	[M-H]-	/resources/tools/chemdb_ontology?abbrev=PA 40:3
753.55321	753.5571	.0038	PA O-38:0	C41H83O7P	[M+Cl]-	/resources/tools/chemdb_ontology?abbrev=PA O-38:0
750.54396	750.5443	.0004	PE O-38:5	C43H78NO7P	[M-H]-	/resources/tools/chemdb_ontology?abbrev=PE O-38:5
750.54396	750.5443	.0004	PC O-36:5	C44H80NO7P	[M-CH3]-	/resources/tools/chemdb_ontology?abbrev=PC O-36:5
750.54396	750.5411	.0029	PG 34:0	C40H79O10P	Neutral	/resources/tools/chemdb_ontology?abbrev=PG 34:0
819.5346	819.5393	.0047	PI O-34:2	C43H81O12P	[M-H]-	/resources/tools/chemdb_ontology?abbrev=PI O-34:2
819.5346	819.5312	.0034	PG O-38:4	C44H81O9P	[M+Cl]-	/resources/tools/chemdb_ontology?abbrev=PG O-38:4
819.5346	819.5393	.0047	PG 36:2	C42H79O10P	[M+Formate]-	/resources/tools/chemdb_ontology?abbrev=PG 36:2
819.5346	819.5264	.0082	MGDG 36:6	C45H74O10	[M+Formate]-	/resources/tools/chemdb_ontology?abbrev=MGDG 36:6
819.5346	819.5393	.0047	PG 35:2	C41H77O10P	[M+OAc]-	/resources/tools/chemdb_ontology?abbrev=PG 35:2
819.5346	819.5414	.0068	PS O-40:7	C46H78NO9P	Neutral	/resources/tools/chemdb_ontology?abbrev=PS O-40:7
899.58166	899.5786	.0031	PI O-37:1	C46H89O12P	[M+Cl]-	/resources/tools/chemdb_ontology?abbrev=PI O-37:1
751.60473	751.6013	.0034	DG 43:3	C46H84O5	[M+Cl]-	/resources/tools/chemdb_ontology?abbrev=DG 43:3
751.60473	751.6094	.0046	TG 41:1	C44H82O6	[M+Formate]-	/resources/tools/chemdb_ontology?abbrev=TG 41:1
751.60473	751.6094	.0046	TG 40:1	C43H80O6	[M+OAc]-	/resources/tools/chemdb_ontology?abbrev=TG 40:1
751.60473	751.5962	.0085	HexCer 38:3;O2	C44H81NO8	Neutral	/resources/tools/chemdb_ontology?abbrev=HexCer 38:3;O2
760.54945	760.5498	.0004	PS O-35:1	C41H80NO9P	[M-H]-	/resources/tools/chemdb_ontology?abbrev=PS O-35:1
760.54945	760.5500	.0005	HexCer 36:2;O2	C42H79NO8	[M+Cl]-	/resources/tools/chemdb_ontology?abbrev=HexCer 36:2;O2
760.54945	760.5498	.0004	PC O-32:2	C40H78NO7P	[M+Formate]-	/resources/tools/chemdb_ontology?abbrev=PC O-32:2
760.54945	760.5498	.0004	PE O-35:2	C40H78NO7P	[M+Formate]-	/resources/tools/chemdb_ontology?abbrev=PE O-35:2
760.54945	760.5580	.0086	HexCer 34:1;O3	C40H77NO9	[M+Formate]-	/resources/tools/chemdb_ontology?abbrev=HexCer 34:1;O3
760.54945	760.5498	.0004	PC O-31:2	C39H76NO7P	[M+OAc]-	/resources/tools/chemdb_ontology?abbrev=PC O-31:2
760.54945	760.5498	.0004	PE O-34:2	C39H76NO7P	[M+OAc]-	/resources/tools/chemdb_ontology?abbrev=PE O-34:2
760.54945	760.5407	.0088	PA O-42:7	C45H77O7P	Neutral	/resources/tools/chemdb_ontology?abbrev=PA O-42:7
598.54058	598.5416	.0010	Cer 36:0;O4	C36H73NO5	[M-H]-	/resources/tools/chemdb_ontology?abbrev=Cer 36:0;O4
598.54058	598.5416	.0010	Cer 35:0;O2	C35H71NO3	[M+Formate]-	/resources/tools/chemdb_ontology?abbrev=Cer 35:0;O2
598.54058	598.5416	.0010	Cer 34:0;O2	C34H69NO3	[M+OAc]-	/resources/tools/chemdb_ontology?abbrev=Cer 34:0;O2
830.59127	830.5917	.0004	PS 39:1	C45H86NO10P	[M-H]-	/resources/tools/chemdb_ontology?abbrev=PS 39:1
830.59127	830.5836	.0077	PC O-38:4	C46H86NO7P	[M+Cl]-	/resources/tools/chemdb_ontology?abbrev=PC O-38:4
830.59127	830.5917	.0004	PC 36:2	C44H84NO8P	[M+Formate]-	/resources/tools/chemdb_ontology?abbrev=PC 36:2
830.59127	830.5917	.0004	PE 39:2	C44H84NO8P	[M+Formate]-	/resources/tools/chemdb_ontology?abbrev=PE 39:2
830.59127	830.5917	.0004	PC 35:2	C43H82NO8P	[M+OAc]-	/resources/tools/chemdb_ontology?abbrev=PC 35:2
830.59127	830.5917	.0004	PE 38:2	C43H82NO8P	[M+OAc]-	/resources/tools/chemdb_ontology?abbrev=PE 38:2
758.49458	758.4978	.0032	PS 34:2	C40H74NO10P	[M-H]-	/resources/tools/chemdb_ontology?abbrev=PS 34:2
758.49458	758.4897	.0049	PE O-36:5	C41H74NO7P	[M+Cl]-	/resources/tools/chemdb_ontology?abbrev=PE O-36:5
758.49458	758.4978	.0032	PC 31:3	C39H72NO8P	[M+Formate]-	/resources/tools/chemdb_ontology?abbrev=PC 31:3
758.49458	758.4978	.0032	PE 34:3	C39H72NO8P	[M+Formate]-	/resources/tools/chemdb_ontology?abbrev=PE 34:3
758.49458	758.4978	.0032	PC 30:3	C38H70NO8P	[M+OAc]-	/resources/tools/chemdb_ontology?abbrev=PC 30:3
758.49458	758.4978	.0032	PE 33:3	C38H70NO8P	[M+OAc]-	/resources/tools/chemdb_ontology?abbrev=PE 33:3
626.52679	626.5285	.0017	Cer 38:2;O2	C38H73NO3	[M+Cl]-	/resources/tools/chemdb_ontology?abbrev=Cer 38:2;O2
626.52679	626.5365	.0097	Cer 36:1;O3	C36H71NO4	[M+Formate]-	/resources/tools/chemdb_ontology?abbrev=Cer 36:1;O3
898.57851	898.5850	.0065	SHexCer 40:1;O2	C46H89NO11S	[M+Cl]-	/resources/tools/chemdb_ontology?abbrev=SHexCer 40:1;O2
898.57851	898.5815	.0030	PS 41:4	C47H84NO10P	[M+Formate]-	/resources/tools/chemdb_ontology?abbrev=PS 41:4
898.57851	898.5815	.0030	PS 40:4	C46H82NO10P	[M+OAc]-	/resources/tools/chemdb_ontology?abbrev=PS 40:4
752.55052	752.5600	.0095	PE O-38:4	C43H80NO7P	[M-H]-	/resources/tools/chemdb_ontology?abbrev=PE O-38:4
752.55052	752.5449	.0056	HexCer 34:0;O3	C40H79NO9	[M+Cl]-	/resources/tools/chemdb_ontology?abbrev=HexCer 34:0;O3
752.55052	752.5600	.0095	PC O-36:4	C44H82NO7P	[M-CH3]-	/resources/tools/chemdb_ontology?abbrev=PC O-36:4
579.51821	579.5227	.0045	Cer 36:2;O3	C36H69NO4	Neutral	/resources/tools/chemdb_ontology?abbrev=Cer 36:2;O3
805.57905	805.5753	.0038	PA 44:5	C47H83O8P	[M-H]-	/resources/tools/chemdb_ontology?abbrev=PA 44:5
805.57905	805.5884	.0093	PA O-42:2	C45H87O7P	[M+Cl]-	/resources/tools/chemdb_ontology?abbrev=PA O-42:2
805.57905	805.5833	.0042	PS 37:0	C43H84NO10P	Neutral	/resources/tools/chemdb_ontology?abbrev=PS 37:0
778.55993	778.5605	.0006	HexCer 36:1;O3	C42H81NO9	[M+Cl]-	/resources/tools/chemdb_ontology?abbrev=HexCer 36:1;O3
778.55993	778.5523	.0076	PC O-34:2	C42H82NO7P	[M+Cl]-	/resources/tools/chemdb_ontology?abbrev=PC O-34:2
778.55993	778.5523	.0076	PE O-37:2	C42H82NO7P	[M+Cl]-	/resources/tools/chemdb_ontology?abbrev=PE O-37:2
778.55993	778.5604	.0004	PC 32:0	C40H80NO8P	[M+Formate]-	/resources/tools/chemdb_ontology?abbrev=PC 32:0
778.55993	778.5604	.0004	PE 35:0	C40H80NO8P	[M+Formate]-	/resources/tools/chemdb_ontology?abbrev=PE 35:0
778.55993	778.5604	.0004	PC 31:0	C39H78NO8P	[M+OAc]-	/resources/tools/chemdb_ontology?abbrev=PC 31:0
778.55993	778.5604	.0004	PE 34:0	C39H78NO8P	[M+OAc]-	/resources/tools/chemdb_ontology?abbrev=PE 34:0
778.55993	778.5595	.0004	MGDG 36:4	C45H78O10	Neutral	/resources/tools/chemdb_ontology?abbrev=MGDG 36:4
778.55993	778.5513	.0087	PA 42:5	C45H79O8P	Neutral	/resources/tools/chemdb_ontology?abbrev=PA 42:5
751.54734	751.5526	.0053	CerPE 38:1;O2	C40H81N2O6P	[M+Cl]-	/resources/tools/chemdb_ontology?abbrev=CerPE 38:1;O2
751.54734	751.5526	.0053	SM 35:1;O2	C40H81N2O6P	[M+Cl]-	/resources/tools/chemdb_ontology?abbrev=SM 35:1;O2
751.54734	751.5414	.0059	PA O-38:1	C41H81O7P	[M+Cl]-	/resources/tools/chemdb_ontology?abbrev=PA O-38:1
751.54734	751.5518	.0045	DG 42:8	C45H72O5	[M+OAc]-	/resources/tools/chemdb_ontology?abbrev=DG 42:8
751.54734	751.5516	.0043	PE O-38:5	C43H78NO7P	Neutral	/resources/tools/chemdb_ontology?abbrev=PE O-38:5
644.54623	644.5390	.0072	Cer 38:1;O3	C38H75NO4	[M+Cl]-	/resources/tools/chemdb_ontology?abbrev=Cer 38:1;O3
644.54623	644.5471	.0009	Cer 36:0;O4	C36H73NO5	[M+Formate]-	/resources/tools/chemdb_ontology?abbrev=Cer 36:0;O4
644.54623	644.5380	.0083	DG 38:4	C41H72O5	Neutral	/resources/tools/chemdb_ontology?abbrev=DG 38:4
686.30872	686.3078	.0009	PS 24:2;O2	C30H54NO12P	[M+Cl]-	/resources/tools/chemdb_ontology?abbrev=PS 24:2;O2
806.58202	806.5836	.0016	PC O-36:2	C44H86NO7P	[M+Cl]-	/resources/tools/chemdb_ontology?abbrev=PC O-36:2
806.58202	806.5836	.0016	PE O-39:2	C44H86NO7P	[M+Cl]-	/resources/tools/chemdb_ontology?abbrev=PE O-39:2
806.58202	806.5918	.0098	HexCer 38:1;O3	C44H85NO9	[M+Cl]-	/resources/tools/chemdb_ontology?abbrev=HexCer 38:1;O3
806.58202	806.5917	.0096	PC 34:0	C42H84NO8P	[M+Formate]-	/resources/tools/chemdb_ontology?abbrev=PC 34:0
806.58202	806.5917	.0096	PE 37:0	C42H84NO8P	[M+Formate]-	/resources/tools/chemdb_ontology?abbrev=PE 37:0
806.58202	806.5917	.0096	PC 33:0	C41H82NO8P	[M+OAc]-	/resources/tools/chemdb_ontology?abbrev=PC 33:0
806.58202	806.5917	.0096	PE 36:0	C41H82NO8P	[M+OAc]-	/resources/tools/chemdb_ontology?abbrev=PE 36:0
806.58202	806.5826	.0005	PA 44:5	C47H83O8P	Neutral	/resources/tools/chemdb_ontology?abbrev=PA 44:5
615.49492	615.4994	.0045	DG 36:4	C39H68O5	[M-H]-	/resources/tools/chemdb_ontology?abbrev=DG 36:4
578.51494	578.5154	.0005	Cer 36:2;O3	C36H69NO4	[M-H]-	/resources/tools/chemdb_ontology?abbrev=Cer 36:2;O3
642.51371	642.5234	.0097	Cer 38:2;O3	C38H73NO4	[M+Cl]-	/resources/tools/chemdb_ontology?abbrev=Cer 38:2;O3
642.51371	642.5223	.0086	DG 38:5	C41H70O5	Neutral	/resources/tools/chemdb_ontology?abbrev=DG 38:5
614.49158	614.4921	.0005	Cer 36:2;O3	C36H69NO4	[M+Cl]-	/resources/tools/chemdb_ontology?abbrev=Cer 36:2;O3
614.49158	614.4910	.0006	DG 36:5	C39H66O5	Neutral	/resources/tools/chemdb_ontology?abbrev=DG 36:5
756.53482	756.5305	.0043	PG O-36:4	C42H77O9P	Neutral	/resources/tools/chemdb_ontology?abbrev=PG O-36:4
624.52052	624.5128	.0077	Cer 38:3;O2	C38H71NO3	[M+Cl]-	/resources/tools/chemdb_ontology?abbrev=Cer 38:3;O2
624.52052	624.5209	.0004	Cer 36:2;O3	C36H69NO4	[M+Formate]-	/resources/tools/chemdb_ontology?abbrev=Cer 36:2;O3
624.52052	624.5209	.0004	Cer 35:2;O3	C35H67NO4	[M+OAc]-	/resources/tools/chemdb_ontology?abbrev=Cer 35:2;O3
641.51045	641.5151	.0046	DG 38:5	C41H70O5	[M-H]-	/resources/tools/chemdb_ontology?abbrev=DG 38:5
772.52117	772.5287	.0075	PE O-40:8	C45H76NO7P	[M-H]-	/resources/tools/chemdb_ontology?abbrev=PE O-40:8
772.52117	772.5134	.0078	PS 35:2	C41H76NO10P	[M-H]-	/resources/tools/chemdb_ontology?abbrev=PS 35:2
772.52117	772.5134	.0078	PC 32:3	C40H74NO8P	[M+Formate]-	/resources/tools/chemdb_ontology?abbrev=PC 32:3
772.52117	772.5134	.0078	PE 35:3	C40H74NO8P	[M+Formate]-	/resources/tools/chemdb_ontology?abbrev=PE 35:3
772.52117	772.5134	.0078	PC 31:3	C39H72NO8P	[M+OAc]-	/resources/tools/chemdb_ontology?abbrev=PC 31:3
772.52117	772.5134	.0078	PE 34:3	C39H72NO8P	[M+OAc]-	/resources/tools/chemdb_ontology?abbrev=PE 34:3
772.52117	772.5254	.0043	PG 36:3	C42H77O10P	Neutral	/resources/tools/chemdb_ontology?abbrev=PG 36:3
772.52117	772.5126	.0086	MGDG 36:7	C45H72O10	Neutral	/resources/tools/chemdb_ontology?abbrev=MGDG 36:7
823.51848	823.5155	.0030	TG 49:14;O2	C52H72O8	[M-H]-	/resources/tools/chemdb_ontology?abbrev=TG 49:14;O2
823.51848	823.5261	.0077	PG 37:2	C43H81O10P	[M+Cl]-	/resources/tools/chemdb_ontology?abbrev=PG 37:2
823.51848	823.5131	.0054	PG O-38:7	C44H75O9P	[M+Formate]-	/resources/tools/chemdb_ontology?abbrev=PG O-38:7
766.53876	766.5392	.0005	PE 38:4	C43H78NO8P	[M-H]-	/resources/tools/chemdb_ontology?abbrev=PE 38:4
766.53876	766.5392	.0005	PE O-38:5;O	C43H78NO8P	[M-H]-	/resources/tools/chemdb_ontology?abbrev=PE O-38:5;O
766.53876	766.5392	.0005	PC 36:4	C44H80NO8P	[M-CH3]-	/resources/tools/chemdb_ontology?abbrev=PC 36:4
872.56304	872.5658	.0028	PS 39:3	C45H82NO10P	[M+Formate]-	/resources/tools/chemdb_ontology?abbrev=PS 39:3
872.56304	872.5658	.0028	PS 38:3	C44H80NO10P	[M+OAc]-	/resources/tools/chemdb_ontology?abbrev=PS 38:3
767.542	767.5475	.0055	CerPE 38:1;O3	C40H81N2O7P	[M+Cl]-	/resources/tools/chemdb_ontology?abbrev=CerPE 38:1;O3
767.542	767.5363	.0057	PA 38:0	C41H81O8P	[M+Cl]-	/resources/tools/chemdb_ontology?abbrev=PA 38:0
767.542	767.5444	.0024	PG O-33:0	C39H79O9P	[M+Formate]-	/resources/tools/chemdb_ontology?abbrev=PG O-33:0
767.542	767.5444	.0024	PG O-32:0	C38H77O9P	[M+OAc]-	/resources/tools/chemdb_ontology?abbrev=PG O-32:0
767.542	767.5414	.0006	CL 78:6	C87H158O17P2	[M-2H]2-	/resources/tools/chemdb_ontology?abbrev=CL 78:6
767.542	767.5465	.0045	PC 35:4	C43H78NO8P	Neutral	/resources/tools/chemdb_ontology?abbrev=PC 35:4
767.542	767.5465	.0045	PE 38:4	C43H78NO8P	Neutral	/resources/tools/chemdb_ontology?abbrev=PE 38:4
767.542	767.5465	.0045	PE O-38:5;O	C43H78NO8P	Neutral	/resources/tools/chemdb_ontology?abbrev=PE O-38:5;O
723.4369	723.4454	.0085	PG 29:1	C35H67O10P	[M+Formate]-	/resources/tools/chemdb_ontology?abbrev=PG 29:1
723.4369	723.4454	.0085	PG 28:1	C34H65O10P	[M+OAc]-	/resources/tools/chemdb_ontology?abbrev=PG 28:1
770.57011	770.5705	.0004	PE 38:2	C43H82NO8P	[M-H]-	/resources/tools/chemdb_ontology?abbrev=PE 38:2
770.57011	770.5707	.0006	DGTS 34:2	C44H81NO7	[M+Cl]-	/resources/tools/chemdb_ontology?abbrev=DGTS 34:2
770.57011	770.5788	.0087	HexCer 36:2;O2	C42H79NO8	[M+Formate]-	/resources/tools/chemdb_ontology?abbrev=HexCer 36:2;O2
770.57011	770.5788	.0087	HexCer 35:2;O2	C41H77NO8	[M+OAc]-	/resources/tools/chemdb_ontology?abbrev=HexCer 35:2;O2
770.57011	770.5705	.0004	PC 36:2	C44H84NO8P	[M-CH3]-	/resources/tools/chemdb_ontology?abbrev=PC 36:2
832.59727	832.5992	.0020	PC O-38:3	C46H88NO7P	[M+Cl]-	/resources/tools/chemdb_ontology?abbrev=PC O-38:3
832.59727	832.5944	.0028	DGCC 36:5	C46H79NO8	[M+OAc]-	/resources/tools/chemdb_ontology?abbrev=DGCC 36:5
713.40836	713.4166	.0082	PG 29:1	C35H67O10P	[M+Cl]-	/resources/tools/chemdb_ontology?abbrev=PG 29:1
804.57529	804.5760	.0007	PS 37:0	C43H84NO10P	[M-H]-	/resources/tools/chemdb_ontology?abbrev=PS 37:0
804.57529	804.5762	.0009	HexCer 38:2;O3	C44H83NO9	[M+Cl]-	/resources/tools/chemdb_ontology?abbrev=HexCer 38:2;O3
804.57529	804.5679	.0073	PC O-36:3	C44H84NO7P	[M+Cl]-	/resources/tools/chemdb_ontology?abbrev=PC O-36:3
804.57529	804.5760	.0007	PC 34:1	C42H82NO8P	[M+Formate]-	/resources/tools/chemdb_ontology?abbrev=PC 34:1
804.57529	804.5760	.0007	PE 37:1	C42H82NO8P	[M+Formate]-	/resources/tools/chemdb_ontology?abbrev=PE 37:1
804.57529	804.5843	.0090	HexCer 36:1;O4	C42H81NO10	[M+Formate]-	/resources/tools/chemdb_ontology?abbrev=HexCer 36:1;O4
804.57529	804.5760	.0007	PC 33:1	C41H80NO8P	[M+OAc]-	/resources/tools/chemdb_ontology?abbrev=PC 33:1
804.57529	804.5760	.0007	PE 36:1	C41H80NO8P	[M+OAc]-	/resources/tools/chemdb_ontology?abbrev=PE 36:1
804.57529	804.5669	.0084	PA 44:6	C47H81O8P	Neutral	/resources/tools/chemdb_ontology?abbrev=PA 44:6
690.50754	690.5079	.0004	PE 32:0	C37H74NO8P	[M-H]-	/resources/tools/chemdb_ontology?abbrev=PE 32:0
690.50754	690.5079	.0004	CerP 36:1;O2	C36H72NO6P	[M+Formate]-	/resources/tools/chemdb_ontology?abbrev=CerP 36:1;O2
690.50754	690.5079	.0004	PC 30:0	C38H76NO8P	[M-CH3]-	/resources/tools/chemdb_ontology?abbrev=PC 30:0
691.51081	691.5074	.0034	DG 39:5	C42H72O5	[M+Cl]-	/resources/tools/chemdb_ontology?abbrev=DG 39:5
691.51081	691.5032	.0076	CerPE 33:1;O2	C35H71N2O6P	[M+Formate]-	/resources/tools/chemdb_ontology?abbrev=CerPE 33:1;O2
691.51081	691.5032	.0076	SM 30:1;O2	C35H71N2O6P	[M+Formate]-	/resources/tools/chemdb_ontology?abbrev=SM 30:1;O2
691.51081	691.5032	.0076	CerPE 32:1;O2	C34H69N2O6P	[M+OAc]-	/resources/tools/chemdb_ontology?abbrev=CerPE 32:1;O2
691.51081	691.5152	.0044	PC 29:0	C37H74NO8P	Neutral	/resources/tools/chemdb_ontology?abbrev=PC 29:0
691.51081	691.5152	.0044	PE 32:0	C37H74NO8P	Neutral	/resources/tools/chemdb_ontology?abbrev=PE 32:0
853.50109	853.5003	.0008	PI O-34:3	C43H79O12P	[M+Cl]-	/resources/tools/chemdb_ontology?abbrev=PI O-34:3
853.50109	853.5084	.0073	PI 32:1	C41H77O13P	[M+Formate]-	/resources/tools/chemdb_ontology?abbrev=PI 32:1
853.50109	853.5084	.0073	PI 31:1	C40H75O13P	[M+OAc]-	/resources/tools/chemdb_ontology?abbrev=PI 31:1
841.54493	841.5520	.0070	PA 44:5	C47H83O8P	[M+Cl]-	/resources/tools/chemdb_ontology?abbrev=PA 44:5
841.54493	841.5448	.0002	PI O-32:0	C41H81O12P	[M+Formate]-	/resources/tools/chemdb_ontology?abbrev=PI O-32:0
841.54493	841.5448	.0002	PI O-31:0	C40H79O12P	[M+OAc]-	/resources/tools/chemdb_ontology?abbrev=PI O-31:0
775.54869	775.5495	.0008	PG 36:1	C42H81O10P	[M-H]-	/resources/tools/chemdb_ontology?abbrev=PG 36:1
775.54869	775.5526	.0039	CerPE 40:3;O2	C42H81N2O6P	[M+Cl]-	/resources/tools/chemdb_ontology?abbrev=CerPE 40:3;O2
775.54869	775.5414	.0073	PA O-40:3	C43H81O7P	[M+Cl]-	/resources/tools/chemdb_ontology?abbrev=PA O-40:3
775.54869	775.5495	.0008	PA 38:1	C41H79O8P	[M+Formate]-	/resources/tools/chemdb_ontology?abbrev=PA 38:1
775.54869	775.5495	.0008	PA 37:1	C40H77O8P	[M+OAc]-	/resources/tools/chemdb_ontology?abbrev=PA 37:1
775.54869	775.5518	.0031	DG 44:10	C47H72O5	[M+OAc]-	/resources/tools/chemdb_ontology?abbrev=DG 44:10
775.54869	775.5516	.0029	PE O-40:7	C45H78NO7P	Neutral	/resources/tools/chemdb_ontology?abbrev=PE O-40:7
789.54739	789.5440	.0034	PA 43:6	C46H79O8P	[M-H]-	/resources/tools/chemdb_ontology?abbrev=PA 43:6
789.54739	789.5520	.0046	PS 36:1	C42H80NO10P	Neutral	/resources/tools/chemdb_ontology?abbrev=PS 36:1
718.58593	718.5876	.0017	PA O-38:0	C41H83O7P	Neutral	/resources/tools/chemdb_ontology?abbrev=PA O-38:0
1457.03775	1457.0348	.0029	CL 72:4	C81H150O17P2	Neutral	/resources/tools/chemdb_ontology?abbrev=CL 72:4
788.54405	788.5447	.0007	PS 36:1	C42H80NO10P	[M-H]-	/resources/tools/chemdb_ontology?abbrev=PS 36:1
788.54405	788.5449	.0008	HexCer 37:3;O3	C43H79NO9	[M+Cl]-	/resources/tools/chemdb_ontology?abbrev=HexCer 37:3;O3
788.54405	788.5366	.0074	PC O-35:4	C43H80NO7P	[M+Cl]-	/resources/tools/chemdb_ontology?abbrev=PC O-35:4
788.54405	788.5366	.0074	PE O-38:4	C43H80NO7P	[M+Cl]-	/resources/tools/chemdb_ontology?abbrev=PE O-38:4
788.54405	788.5447	.0007	PC 33:2	C41H78NO8P	[M+Formate]-	/resources/tools/chemdb_ontology?abbrev=PC 33:2
788.54405	788.5447	.0007	PE 36:2	C41H78NO8P	[M+Formate]-	/resources/tools/chemdb_ontology?abbrev=PE 36:2
788.54405	788.5447	.0007	PC 32:2	C40H76NO8P	[M+OAc]-	/resources/tools/chemdb_ontology?abbrev=PC 32:2
788.54405	788.5447	.0007	PE 35:2	C40H76NO8P	[M+OAc]-	/resources/tools/chemdb_ontology?abbrev=PE 35:2
688.60281	688.6006	.0022	DG 41:3	C44H80O5	Neutral	/resources/tools/chemdb_ontology?abbrev=DG 41:3
690.55335	690.5443	.0090	PE O-33:0	C38H78NO7P	[M-H]-	/resources/tools/chemdb_ontology?abbrev=PE O-33:0
690.55335	690.5443	.0090	PC O-31:0	C39H80NO7P	[M-CH3]-	/resources/tools/chemdb_ontology?abbrev=PC O-31:0
690.55335	690.5563	.0030	PA O-36:0	C39H79O7P	Neutral	/resources/tools/chemdb_ontology?abbrev=PA O-36:0
715.54625	715.5396	.0067	CerPE 37:2;O3	C39H77N2O7P	[M-H]-	/resources/tools/chemdb_ontology?abbrev=CerPE 37:2;O3
715.54625	715.5518	.0056	DG 40:5	C43H74O5	[M+Formate]-	/resources/tools/chemdb_ontology?abbrev=DG 40:5
715.54625	715.5518	.0056	DG 39:5	C42H72O5	[M+OAc]-	/resources/tools/chemdb_ontology?abbrev=DG 39:5
715.54625	715.5516	.0053	PC O-32:2	C40H78NO7P	Neutral	/resources/tools/chemdb_ontology?abbrev=PC O-32:2
715.54625	715.5516	.0053	PE O-35:2	C40H78NO7P	Neutral	/resources/tools/chemdb_ontology?abbrev=PE O-35:2
794.54706	794.5472	.0002	PC 34:1	C42H82NO8P	[M+Cl]-	/resources/tools/chemdb_ontology?abbrev=PC 34:1
794.54706	794.5472	.0002	PE 37:1	C42H82NO8P	[M+Cl]-	/resources/tools/chemdb_ontology?abbrev=PE 37:1
794.54706	794.5555	.0084	HexCer 36:1;O4	C42H81NO10	[M+Cl]-	/resources/tools/chemdb_ontology?abbrev=HexCer 36:1;O4
794.54706	794.5553	.0082	PS O-34:0	C40H80NO9P	[M+Formate]-	/resources/tools/chemdb_ontology?abbrev=PS O-34:0
794.54706	794.5553	.0082	PS O-33:0	C39H78NO9P	[M+OAc]-	/resources/tools/chemdb_ontology?abbrev=PS O-33:0
1437.06191	1437.0661	.0042	CL 70:0	C79H154O17P2	Neutral	/resources/tools/chemdb_ontology?abbrev=CL 70:0
1456.03447	1456.0276	.0069	CL 72:4	C81H150O17P2	[M-H]-	/resources/tools/chemdb_ontology?abbrev=CL 72:4
898.49033	898.4876	.0027	PS 42:11	C48H72NO10P	[M+Formate]-	/resources/tools/chemdb_ontology?abbrev=PS 42:11
801.50046	801.4923	.0081	PG 35:4	C41H73O10P	[M+Formate]-	/resources/tools/chemdb_ontology?abbrev=PG 35:4
801.50046	801.4923	.0081	PG 34:4	C40H71O10P	[M+OAc]-	/resources/tools/chemdb_ontology?abbrev=PG 34:4
687.54438	687.5447	.0003	CerPE 36:1;O2	C38H77N2O6P	[M-H]-	/resources/tools/chemdb_ontology?abbrev=CerPE 36:1;O2
687.54438	687.5447	.0003	SM 34:1;O2	C39H79N2O6P	[M-CH3]-	/resources/tools/chemdb_ontology?abbrev=SM 34:1;O2
785.51401	785.5105	.0035	PG 34:0	C40H79O10P	[M+Cl]-	/resources/tools/chemdb_ontology?abbrev=PG 34:0
785.51401	785.5207	.0067	PS 36:3	C42H76NO10P	Neutral	/resources/tools/chemdb_ontology?abbrev=PS 36:3
717.52673	717.5230	.0037	DG 41:6	C44H74O5	[M+Cl]-	/resources/tools/chemdb_ontology?abbrev=DG 41:6
717.52673	717.5188	.0079	CerPE 35:2;O2	C37H73N2O6P	[M+Formate]-	/resources/tools/chemdb_ontology?abbrev=CerPE 35:2;O2
717.52673	717.5188	.0079	SM 32:2;O2	C37H73N2O6P	[M+Formate]-	/resources/tools/chemdb_ontology?abbrev=SM 32:2;O2
717.52673	717.5188	.0079	CerPE 34:2;O2	C36H71N2O6P	[M+OAc]-	/resources/tools/chemdb_ontology?abbrev=CerPE 34:2;O2
717.52673	717.5258	.0009	CL 70:0	C79H154O17P2	[M-2H]2-	/resources/tools/chemdb_ontology?abbrev=CL 70:0
717.52673	717.5309	.0041	PC 31:1	C39H76NO8P	Neutral	/resources/tools/chemdb_ontology?abbrev=PC 31:1
717.52673	717.5309	.0041	PE 34:1	C39H76NO8P	Neutral	/resources/tools/chemdb_ontology?abbrev=PE 34:1
687.59821	687.5933	.0049	DG 41:3	C44H80O5	[M-H]-	/resources/tools/chemdb_ontology?abbrev=DG 41:3
716.57973	716.5832	.0035	CerPE 38:1;O2	C40H81N2O6P	Neutral	/resources/tools/chemdb_ontology?abbrev=CerPE 38:1;O2
716.57973	716.5832	.0035	SM 35:1;O2	C40H81N2O6P	Neutral	/resources/tools/chemdb_ontology?abbrev=SM 35:1;O2
716.57973	716.5720	.0077	PA O-38:1	C41H81O7P	Neutral	/resources/tools/chemdb_ontology?abbrev=PA O-38:1
786.51715	786.5079	.0092	PE 40:8	C45H74NO8P	[M-H]-	/resources/tools/chemdb_ontology?abbrev=PE 40:8
786.51715	786.5210	.0038	PE O-38:5	C43H78NO7P	[M+Cl]-	/resources/tools/chemdb_ontology?abbrev=PE O-38:5
786.51715	786.5079	.0092	PC 38:8	C46H76NO8P	[M-CH3]-	/resources/tools/chemdb_ontology?abbrev=PC 38:8
718.52973	718.5392	.0095	PE 34:0	C39H78NO8P	[M-H]-	/resources/tools/chemdb_ontology?abbrev=PE 34:0
718.52973	718.5392	.0095	CerP 38:1;O2	C38H76NO6P	[M+Formate]-	/resources/tools/chemdb_ontology?abbrev=CerP 38:1;O2
718.52973	718.5392	.0095	PC 32:0	C40H80NO8P	[M-CH3]-	/resources/tools/chemdb_ontology?abbrev=PC 32:0
717.58029	717.5804	.0001	PA O-38:0	C41H83O7P	[M-H]-	/resources/tools/chemdb_ontology?abbrev=PA O-38:0
717.58029	717.5827	.0025	CE 20:4	C47H76O2	[M+Formate]-	/resources/tools/chemdb_ontology?abbrev=CE 20:4
717.58029	717.5755	.0048	HexCer 34:0;O3	C40H79NO9	Neutral	/resources/tools/chemdb_ontology?abbrev=HexCer 34:0;O3
719.53254	719.5233	.0093	PG O-33:1	C39H77O9P	[M-H]-	/resources/tools/chemdb_ontology?abbrev=PG O-33:1
719.53254	719.5387	.0061	DG 41:5	C44H76O5	[M+Cl]-	/resources/tools/chemdb_ontology?abbrev=DG 41:5
719.53254	719.5345	.0019	CerPE 35:1;O2	C37H75N2O6P	[M+Formate]-	/resources/tools/chemdb_ontology?abbrev=CerPE 35:1;O2
719.53254	719.5345	.0019	SM 32:1;O2	C37H75N2O6P	[M+Formate]-	/resources/tools/chemdb_ontology?abbrev=SM 32:1;O2
719.53254	719.5233	.0093	PA O-35:1	C38H75O7P	[M+Formate]-	/resources/tools/chemdb_ontology?abbrev=PA O-35:1
719.53254	719.5345	.0019	CerPE 34:1;O2	C36H73N2O6P	[M+OAc]-	/resources/tools/chemdb_ontology?abbrev=CerPE 34:1;O2
719.53254	719.5233	.0093	PA O-34:1	C37H73O7P	[M+OAc]-	/resources/tools/chemdb_ontology?abbrev=PA O-34:1
743.59746	743.5960	.0014	PA O-40:1	C43H85O7P	[M-H]-	/resources/tools/chemdb_ontology?abbrev=PA O-40:1
743.59746	743.6073	.0098	CerPE 40:1;O2	C42H85N2O6P	[M-H]-	/resources/tools/chemdb_ontology?abbrev=CerPE 40:1;O2
743.59746	743.5962	.0013	TG 41:0	C44H84O6	[M+Cl]-	/resources/tools/chemdb_ontology?abbrev=TG 41:0
743.59746	743.5984	.0009	CE 22:5	C49H78O2	[M+Formate]-	/resources/tools/chemdb_ontology?abbrev=CE 22:5
743.59746	743.6073	.0098	SM 38:1;O2	C43H87N2O6P	[M-CH3]-	/resources/tools/chemdb_ontology?abbrev=SM 38:1;O2
743.59746	743.5911	.0063	HexCer 36:1;O3	C42H81NO9	Neutral	/resources/tools/chemdb_ontology?abbrev=HexCer 36:1;O3
716.52347	716.5236	.0001	PE 34:1	C39H76NO8P	[M-H]-	/resources/tools/chemdb_ontology?abbrev=PE 34:1
716.52347	716.5318	.0084	HexCer 32:1;O2	C38H73NO8	[M+Formate]-	/resources/tools/chemdb_ontology?abbrev=HexCer 32:1;O2
716.52347	716.5236	.0001	PC 32:1	C40H78NO8P	[M-CH3]-	/resources/tools/chemdb_ontology?abbrev=PC 32:1
776.59992	776.5931	.0068	PG O-37:1	C43H85O9P	Neutral	/resources/tools/chemdb_ontology?abbrev=PG O-37:1
862.45054	862.4431	.0074	PS 40:10	C46H70NO10P	[M+Cl]-	/resources/tools/chemdb_ontology?abbrev=PS 40:10
689.55075	689.5491	.0017	PA O-36:0	C39H79O7P	[M-H]-	/resources/tools/chemdb_ontology?abbrev=PA O-36:0
689.55075	689.5603	.0096	SM 34:0;O2	C39H81N2O6P	[M-CH3]-	/resources/tools/chemdb_ontology?abbrev=SM 34:0;O2
903.45583	903.4608	.0050	TG 53:20;O2	C56H68O8	[M+Cl]-	/resources/tools/chemdb_ontology?abbrev=TG 53:20;O2
1435.05681	1435.0505	.0063	CL 70:1	C79H152O17P2	Neutral	/resources/tools/chemdb_ontology?abbrev=CL 70:1
744.60215	744.6033	.0011	PA O-40:1	C43H85O7P	Neutral	/resources/tools/chemdb_ontology?abbrev=PA O-40:1
1436.05952	1436.0589	.0007	CL 70:0	C79H154O17P2	[M-H]-	/resources/tools/chemdb_ontology?abbrev=CL 70:0
790.55069	790.5604	.0097	PS 36:0	C42H82NO10P	[M-H]-	/resources/tools/chemdb_ontology?abbrev=PS 36:0
790.55069	790.5523	.0016	PC O-35:3	C43H82NO7P	[M+Cl]-	/resources/tools/chemdb_ontology?abbrev=PC O-35:3
790.55069	790.5523	.0016	PE O-38:3	C43H82NO7P	[M+Cl]-	/resources/tools/chemdb_ontology?abbrev=PE O-38:3
790.55069	790.5605	.0099	HexCer 37:2;O3	C43H81NO9	[M+Cl]-	/resources/tools/chemdb_ontology?abbrev=HexCer 37:2;O3
790.55069	790.5604	.0097	PC 33:1	C41H80NO8P	[M+Formate]-	/resources/tools/chemdb_ontology?abbrev=PC 33:1
790.55069	790.5604	.0097	PE 36:1	C41H80NO8P	[M+Formate]-	/resources/tools/chemdb_ontology?abbrev=PE 36:1
790.55069	790.5604	.0097	PC 32:1	C40H78NO8P	[M+OAc]-	/resources/tools/chemdb_ontology?abbrev=PC 32:1
790.55069	790.5604	.0097	PE 35:1	C40H78NO8P	[M+OAc]-	/resources/tools/chemdb_ontology?abbrev=PE 35:1
790.55069	790.5513	.0006	PA 43:6	C46H79O8P	Neutral	/resources/tools/chemdb_ontology?abbrev=PA 43:6
1462.07539	1462.0745	.0009	CL 72:1	C81H156O17P2	[M-H]-	/resources/tools/chemdb_ontology?abbrev=CL 72:1
1463.07771	1463.0818	.0041	CL 72:1	C81H156O17P2	Neutral	/resources/tools/chemdb_ontology?abbrev=CL 72:1
1508.06512	1508.0589	.0063	CL 76:6	C85H154O17P2	[M-H]-	/resources/tools/chemdb_ontology?abbrev=CL 76:6
1488.09022	1488.0902	.0001	CL 74:2	C83H158O17P2	[M-H]-	/resources/tools/chemdb_ontology?abbrev=CL 74:2
688.54768	688.5519	.0042	CerPE 36:1;O2	C38H77N2O6P	Neutral	/resources/tools/chemdb_ontology?abbrev=CerPE 36:1;O2
688.54768	688.5519	.0042	SM 33:1;O2	C38H77N2O6P	Neutral	/resources/tools/chemdb_ontology?abbrev=SM 33:1;O2
688.54768	688.5407	.0070	PA O-36:1	C39H77O7P	Neutral	/resources/tools/chemdb_ontology?abbrev=PA O-36:1
1483.05362	1483.0505	.0031	CL 74:5	C83H152O17P2	Neutral	/resources/tools/chemdb_ontology?abbrev=CL 74:5
1509.06828	1509.0661	.0022	CL 76:6	C85H154O17P2	Neutral	/resources/tools/chemdb_ontology?abbrev=CL 76:6
582.51018	582.5103	.0001	Cer 34:1;O2	C34H67NO3	[M+Formate]-	/resources/tools/chemdb_ontology?abbrev=Cer 34:1;O2
582.51018	582.5103	.0001	Cer 33:1;O2	C33H65NO3	[M+OAc]-	/resources/tools/chemdb_ontology?abbrev=Cer 33:1;O2
1482.05028	1482.0432	.0071	CL 74:5	C83H152O17P2	[M-H]-	/resources/tools/chemdb_ontology?abbrev=CL 74:5
867.56057	867.5604	.0001	PI O-34:1	C43H83O12P	[M+Formate]-	/resources/tools/chemdb_ontology?abbrev=PI O-34:1
867.56057	867.5604	.0001	PI O-33:1	C42H81O12P	[M+OAc]-	/resources/tools/chemdb_ontology?abbrev=PI O-33:1
748.52885	748.5287	.0002	PE O-38:6	C43H76NO7P	[M-H]-	/resources/tools/chemdb_ontology?abbrev=PE O-38:6
748.52885	748.5287	.0002	PC O-36:6	C44H78NO7P	[M-CH3]-	/resources/tools/chemdb_ontology?abbrev=PC O-36:6
748.52885	748.5254	.0034	PG 34:1	C40H77O10P	Neutral	/resources/tools/chemdb_ontology?abbrev=PG 34:1
830.50341	830.4978	.0056	PS 40:8	C46H74NO10P	[M-H]-	/resources/tools/chemdb_ontology?abbrev=PS 40:8
830.50341	830.5108	.0074	PS O-38:5	C44H78NO9P	[M+Cl]-	/resources/tools/chemdb_ontology?abbrev=PS O-38:5
830.50341	830.4978	.0056	PE 40:9	C45H72NO8P	[M+Formate]-	/resources/tools/chemdb_ontology?abbrev=PE 40:9
830.50341	830.4945	.0089	PI 34:4	C43H75O13P	Neutral	/resources/tools/chemdb_ontology?abbrev=PI 34:4
863.56465	863.5655	.0009	PI 36:1	C45H85O13P	[M-H]-	/resources/tools/chemdb_ontology?abbrev=PI 36:1
863.56465	863.5574	.0072	PG 40:3	C46H85O10P	[M+Cl]-	/resources/tools/chemdb_ontology?abbrev=PG 40:3
863.56465	863.5738	.0091	FA 44:3;O11	C44H82O13	[M+Formate]-	/resources/tools/chemdb_ontology?abbrev=FA 44:3;O11
863.56465	863.5676	.0030	PS 42:6	C48H82NO10P	Neutral	/resources/tools/chemdb_ontology?abbrev=PS 42:6
1486.08403	1486.0745	.0095	CL 74:3	C83H156O17P2	[M-H]-	/resources/tools/chemdb_ontology?abbrev=CL 74:3
1487.08752	1487.0818	.0057	CL 74:3	C83H156O17P2	Neutral	/resources/tools/chemdb_ontology?abbrev=CL 74:3
1461.07246	1461.0661	.0063	CL 72:2	C81H154O17P2	Neutral	/resources/tools/chemdb_ontology?abbrev=CL 72:2
745.5486	745.5389	.0097	PG O-35:2	C41H79O9P	[M-H]-	/resources/tools/chemdb_ontology?abbrev=PG O-35:2
745.5486	745.5543	.0057	DG 43:6	C46H78O5	[M+Cl]-	/resources/tools/chemdb_ontology?abbrev=DG 43:6
745.5486	745.5501	.0015	CerPE 37:2;O2	C39H77N2O6P	[M+Formate]-	/resources/tools/chemdb_ontology?abbrev=CerPE 37:2;O2
745.5486	745.5501	.0015	SM 34:2;O2	C39H77N2O6P	[M+Formate]-	/resources/tools/chemdb_ontology?abbrev=SM 34:2;O2
745.5486	745.5389	.0097	PA O-37:2	C40H77O7P	[M+Formate]-	/resources/tools/chemdb_ontology?abbrev=PA O-37:2
745.5486	745.5501	.0015	CerPE 36:2;O2	C38H75N2O6P	[M+OAc]-	/resources/tools/chemdb_ontology?abbrev=CerPE 36:2;O2
745.5486	745.5501	.0015	SM 33:2;O2	C38H75N2O6P	[M+OAc]-	/resources/tools/chemdb_ontology?abbrev=SM 33:2;O2
745.5486	745.5389	.0097	PA O-36:2	C39H75O7P	[M+OAc]-	/resources/tools/chemdb_ontology?abbrev=PA O-36:2
800.49464	800.5003	.0056	PC 35:5	C43H76NO8P	[M+Cl]-	/resources/tools/chemdb_ontology?abbrev=PC 35:5
800.49464	800.5003	.0056	PE 38:5	C43H76NO8P	[M+Cl]-	/resources/tools/chemdb_ontology?abbrev=PE 38:5
800.49464	800.5003	.0056	PE O-38:6;O	C43H76NO8P	[M+Cl]-	/resources/tools/chemdb_ontology?abbrev=PE O-38:6;O
572.4813	572.4815	.0002	Cer 34:1;O2	C34H67NO3	[M+Cl]-	/resources/tools/chemdb_ontology?abbrev=Cer 34:1;O2
742.59457	742.5989	.0043	CerPE 40:2;O2	C42H83N2O6P	Neutral	/resources/tools/chemdb_ontology?abbrev=CerPE 40:2;O2
742.59457	742.5876	.0069	PA O-40:2	C43H83O7P	Neutral	/resources/tools/chemdb_ontology?abbrev=PA O-40:2
599.50047	599.5045	.0040	FA 38:5	C38H66O2	[M+Formate]-	/resources/tools/chemdb_ontology?abbrev=FA 38:5
599.50047	599.5045	.0040	WE 38:5	C38H66O2	[M+Formate]-	/resources/tools/chemdb_ontology?abbrev=WE 38:5
775.59668	775.5971	.0004	CerPE 39:1;O2	C41H83N2O6P	[M+Formate]-	/resources/tools/chemdb_ontology?abbrev=CerPE 39:1;O2
775.59668	775.5971	.0004	SM 36:1;O2	C41H83N2O6P	[M+Formate]-	/resources/tools/chemdb_ontology?abbrev=SM 36:1;O2
775.59668	775.5971	.0004	CerPE 38:1;O2	C40H81N2O6P	[M+OAc]-	/resources/tools/chemdb_ontology?abbrev=CerPE 38:1;O2
775.59668	775.5971	.0004	SM 35:1;O2	C40H81N2O6P	[M+OAc]-	/resources/tools/chemdb_ontology?abbrev=SM 35:1;O2
827.51573	827.5080	.0077	PG 37:5	C43H75O10P	[M+Formate]-	/resources/tools/chemdb_ontology?abbrev=PG 37:5
827.51573	827.5080	.0077	PG 36:5	C42H73O10P	[M+OAc]-	/resources/tools/chemdb_ontology?abbrev=PG 36:5
812.5324	812.5295	.0029	IPC 34:0;O4	C40H80NO13P	[M-H]-	/resources/tools/chemdb_ontology?abbrev=IPC 34:0;O4
812.5324	812.5236	.0088	PE 42:9	C47H76NO8P	[M-H]-	/resources/tools/chemdb_ontology?abbrev=PE 42:9
812.5324	812.5366	.0042	PE O-40:6	C45H80NO7P	[M+Cl]-	/resources/tools/chemdb_ontology?abbrev=PE O-40:6
812.5324	812.5236	.0088	PC 40:9	C48H78NO8P	[M-CH3]-	/resources/tools/chemdb_ontology?abbrev=PC 40:9
856.51891	856.5134	.0055	PS 42:9	C48H76NO10P	[M-H]-	/resources/tools/chemdb_ontology?abbrev=PS 42:9
856.51891	856.5265	.0076	PS O-40:6	C46H80NO9P	[M+Cl]-	/resources/tools/chemdb_ontology?abbrev=PS O-40:6
856.51891	856.5134	.0055	PE 42:10	C47H74NO8P	[M+Formate]-	/resources/tools/chemdb_ontology?abbrev=PE 42:10
856.51891	856.5102	.0087	PI 36:5	C45H77O13P	Neutral	/resources/tools/chemdb_ontology?abbrev=PI 36:5
878.51334	878.5189	.0056	PS 40:7	C46H76NO10P	[M+Formate]-	/resources/tools/chemdb_ontology?abbrev=PS 40:7
878.51334	878.5189	.0056	PS 39:7	C45H74NO10P	[M+OAc]-	/resources/tools/chemdb_ontology?abbrev=PS 39:7
650.49758	650.4910	.0066	DG 39:8	C42H66O5	Neutral	/resources/tools/chemdb_ontology?abbrev=DG 39:8
664.30864	664.3104	.0017	PS 24:3;O3	C30H52NO13P	[M-H]-	/resources/tools/chemdb_ontology?abbrev=PS 24:3;O3
681.42719	681.4268	.0004	PA 32:1	C35H67O8P	[M+Cl]-	/resources/tools/chemdb_ontology?abbrev=PA 32:1
681.42719	681.4370	.0098	PE 32:5	C37H64NO8P	Neutral	/resources/tools/chemdb_ontology?abbrev=PE 32:5
847.69578	847.7033	.0075	TG 48:2	C51H94O6	[M+Formate]-	/resources/tools/chemdb_ontology?abbrev=TG 48:2
847.69578	847.6910	.0048	SM 40:0;O2	C45H93N2O6P	[M+OAc]-	/resources/tools/chemdb_ontology?abbrev=SM 40:0;O2
847.69578	847.7033	.0075	TG 47:2	C50H92O6	[M+OAc]-	/resources/tools/chemdb_ontology?abbrev=TG 47:2
699.54396	699.5447	.0007	CerPE 37:2;O2	C39H77N2O6P	[M-H]-	/resources/tools/chemdb_ontology?abbrev=CerPE 37:2;O2
789.58272	789.5805	.0022	TG 45:5	C48H82O6	[M+Cl]-	/resources/tools/chemdb_ontology?abbrev=TG 45:5
789.58272	789.5763	.0064	CerPE 39:2;O3	C41H81N2O7P	[M+Formate]-	/resources/tools/chemdb_ontology?abbrev=CerPE 39:2;O3
789.58272	789.5763	.0064	CerPE 38:2;O3	C40H79N2O7P	[M+OAc]-	/resources/tools/chemdb_ontology?abbrev=CerPE 38:2;O3
789.58272	789.5884	.0057	PS O-37:1	C43H84NO9P	Neutral	/resources/tools/chemdb_ontology?abbrev=PS O-37:1
582.52937	582.5223	.0070	DG 33:0	C36H70O5	Neutral	/resources/tools/chemdb_ontology?abbrev=DG 33:0
758.56961	758.5705	.0009	PE 37:1	C42H82NO8P	[M-H]-	/resources/tools/chemdb_ontology?abbrev=PE 37:1
758.56961	758.5788	.0092	HexCer 36:1;O4	C42H81NO10	[M-H]-	/resources/tools/chemdb_ontology?abbrev=HexCer 36:1;O4
758.56961	758.5788	.0092	HexCer 35:1;O2	C41H79NO8	[M+Formate]-	/resources/tools/chemdb_ontology?abbrev=HexCer 35:1;O2
758.56961	758.5788	.0092	HexCer 34:1;O2	C40H77NO8	[M+OAc]-	/resources/tools/chemdb_ontology?abbrev=HexCer 34:1;O2
758.56961	758.5705	.0009	PC 35:1	C43H84NO8P	[M-CH3]-	/resources/tools/chemdb_ontology?abbrev=PC 35:1
758.56961	758.5649	.0047	CL 76:1	C85H164O17P2	[M-2H]2-	/resources/tools/chemdb_ontology?abbrev=CL 76:1
631.51737	631.5226	.0053	CE 14:0	C41H72O2	[M+Cl]-	/resources/tools/chemdb_ontology?abbrev=CE 14:0
631.51737	631.5074	.0100	DG 34:0	C37H72O5	[M+Cl]-	/resources/tools/chemdb_ontology?abbrev=DG 34:0
762.56472	762.5655	.0007	PS O-35:0	C41H82NO9P	[M-H]-	/resources/tools/chemdb_ontology?abbrev=PS O-35:0
762.56472	762.5656	.0009	DGCC 32:0	C42H81NO8	[M+Cl]-	/resources/tools/chemdb_ontology?abbrev=DGCC 32:0
762.56472	762.5656	.0009	HexCer 36:1;O2	C42H81NO8	[M+Cl]-	/resources/tools/chemdb_ontology?abbrev=HexCer 36:1;O2
762.56472	762.5574	.0073	CerP 42:2;O2	C42H82NO6P	[M+Cl]-	/resources/tools/chemdb_ontology?abbrev=CerP 42:2;O2
762.56472	762.5655	.0007	PC O-32:1	C40H80NO7P	[M+Formate]-	/resources/tools/chemdb_ontology?abbrev=PC O-32:1
762.56472	762.5655	.0007	PE O-35:1	C40H80NO7P	[M+Formate]-	/resources/tools/chemdb_ontology?abbrev=PE O-35:1
762.56472	762.5737	.0090	HexCer 34:0;O3	C40H79NO9	[M+Formate]-	/resources/tools/chemdb_ontology?abbrev=HexCer 34:0;O3
762.56472	762.5655	.0007	PC O-31:1	C39H78NO7P	[M+OAc]-	/resources/tools/chemdb_ontology?abbrev=PC O-31:1
762.56472	762.5655	.0007	PE O-34:1	C39H78NO7P	[M+OAc]-	/resources/tools/chemdb_ontology?abbrev=PE O-34:1
762.56472	762.5563	.0084	PA O-42:6	C45H79O7P	Neutral	/resources/tools/chemdb_ontology?abbrev=PA O-42:6
594.50313	594.5103	.0072	Cer 35:2;O2	C35H67NO3	[M+Formate]-	/resources/tools/chemdb_ontology?abbrev=Cer 35:2;O2
594.50313	594.5103	.0072	Cer 34:2;O2	C34H65NO3	[M+OAc]-	/resources/tools/chemdb_ontology?abbrev=Cer 34:2;O2
861.71132	861.7066	.0047	SM 42:0;O2	C47H97N2O6P	[M+Formate]-	/resources/tools/chemdb_ontology?abbrev=SM 42:0;O2
861.71132	861.7189	.0076	TG 49:2	C52H96O6	[M+Formate]-	/resources/tools/chemdb_ontology?abbrev=TG 49:2
861.71132	861.7189	.0076	TG 48:2	C51H94O6	[M+OAc]-	/resources/tools/chemdb_ontology?abbrev=TG 48:2
773.59707	773.6066	.0095	PA 41:0	C44H87O8P	[M-H]-	/resources/tools/chemdb_ontology?abbrev=PA 41:0
773.59707	773.5937	.0034	TG 43:4	C46H80O6	[M+Formate]-	/resources/tools/chemdb_ontology?abbrev=TG 43:4
773.59707	773.5937	.0034	TG 42:4	C45H78O6	[M+OAc]-	/resources/tools/chemdb_ontology?abbrev=TG 42:4
773.59707	773.5935	.0036	PC 35:1	C43H84NO8P	Neutral	/resources/tools/chemdb_ontology?abbrev=PC 35:1
773.59707	773.5935	.0036	PE 38:1	C43H84NO8P	Neutral	/resources/tools/chemdb_ontology?abbrev=PE 38:1
772.59381	772.5862	.0076	PE 38:1	C43H84NO8P	[M-H]-	/resources/tools/chemdb_ontology?abbrev=PE 38:1
772.59381	772.5944	.0006	DGCC 32:0	C42H81NO8	[M+Formate]-	/resources/tools/chemdb_ontology?abbrev=DGCC 32:0
772.59381	772.5944	.0006	HexCer 36:1;O2	C42H81NO8	[M+Formate]-	/resources/tools/chemdb_ontology?abbrev=HexCer 36:1;O2
772.59381	772.5862	.0076	CerP 42:2;O2	C42H82NO6P	[M+Formate]-	/resources/tools/chemdb_ontology?abbrev=CerP 42:2;O2
772.59381	772.5944	.0006	HexCer 35:1;O2	C41H79NO8	[M+OAc]-	/resources/tools/chemdb_ontology?abbrev=HexCer 35:1;O2
772.59381	772.5862	.0076	PC 36:1	C44H86NO8P	[M-CH3]-	/resources/tools/chemdb_ontology?abbrev=PC 36:1
772.59381	772.5982	.0044	PA 41:1	C44H85O8P	Neutral	/resources/tools/chemdb_ontology?abbrev=PA 41:1
888.4661	888.4588	.0073	PS 42:11	C48H72NO10P	[M+Cl]-	/resources/tools/chemdb_ontology?abbrev=PS 42:11
843.58519	843.5757	.0095	PG O-38:4	C44H81O9P	[M+OAc]-	/resources/tools/chemdb_ontology?abbrev=PG O-38:4
843.58519	843.5778	.0074	PE 44:8	C49H82NO8P	Neutral	/resources/tools/chemdb_ontology?abbrev=PE 44:8
777.60742	777.6015	.0059	PG O-37:0	C43H87O9P	[M-H]-	/resources/tools/chemdb_ontology?abbrev=PG O-37:0
777.60742	777.6127	.0053	SM 36:0;O2	C41H85N2O6P	[M+Formate]-	/resources/tools/chemdb_ontology?abbrev=SM 36:0;O2
777.60742	777.6015	.0059	PA O-39:0	C42H85O7P	[M+Formate]-	/resources/tools/chemdb_ontology?abbrev=PA O-39:0
777.60742	777.6127	.0053	SM 35:0;O2	C40H83N2O6P	[M+OAc]-	/resources/tools/chemdb_ontology?abbrev=SM 35:0;O2
777.60742	777.6015	.0059	PA O-38:0	C41H83O7P	[M+OAc]-	/resources/tools/chemdb_ontology?abbrev=PA O-38:0
931.55361	931.5473	.0063	PI O-40:6	C49H85O12P	[M+Cl]-	/resources/tools/chemdb_ontology?abbrev=PI O-40:6
931.55361	931.5553	.0017	PI 38:4	C47H83O13P	[M+Formate]-	/resources/tools/chemdb_ontology?abbrev=PI 38:4
931.55361	931.5553	.0017	PI 37:4	C46H81O13P	[M+OAc]-	/resources/tools/chemdb_ontology?abbrev=PI 37:4
924.50585	924.5032	.0026	PS 44:12	C50H74NO10P	[M+Formate]-	/resources/tools/chemdb_ontology?abbrev=PS 44:12
924.50585	924.5129	.0070	CL 36:4	C45H82O15P2	Neutral	/resources/tools/chemdb_ontology?abbrev=CL 36:4
875.72689	875.7346	.0077	TG 50:2	C53H98O6	[M+Formate]-	/resources/tools/chemdb_ontology?abbrev=TG 50:2
875.72689	875.7223	.0046	SM 42:0;O2	C47H97N2O6P	[M+OAc]-	/resources/tools/chemdb_ontology?abbrev=SM 42:0;O2
875.72689	875.7346	.0077	TG 49:2	C52H96O6	[M+OAc]-	/resources/tools/chemdb_ontology?abbrev=TG 49:2
616.44963	616.4468	.0028	PA O-31:2	C34H65O7P	Neutral	/resources/tools/chemdb_ontology?abbrev=PA O-31:2
649.51322	649.5049	.0083	DG 35:3	C38H68O5	[M+Formate]-	/resources/tools/chemdb_ontology?abbrev=DG 35:3
649.51322	649.5049	.0083	DG 34:3	C37H66O5	[M+OAc]-	/resources/tools/chemdb_ontology?abbrev=DG 34:3
649.51322	649.5046	.0086	PE O-30:0	C35H72NO7P	Neutral	/resources/tools/chemdb_ontology?abbrev=PE O-30:0
727.54707	727.5396	.0075	CerPE 38:3;O3	C40H77N2O7P	[M-H]-	/resources/tools/chemdb_ontology?abbrev=CerPE 38:3;O3
727.54707	727.5518	.0048	DG 41:6	C44H74O5	[M+Formate]-	/resources/tools/chemdb_ontology?abbrev=DG 41:6
727.54707	727.5518	.0048	DG 40:6	C43H72O5	[M+OAc]-	/resources/tools/chemdb_ontology?abbrev=DG 40:6
727.54707	727.5516	.0045	PC O-33:3	C41H78NO7P	Neutral	/resources/tools/chemdb_ontology?abbrev=PC O-33:3
727.54707	727.5516	.0045	PE O-36:3	C41H78NO7P	Neutral	/resources/tools/chemdb_ontology?abbrev=PE O-36:3
663.46319	663.4607	.0025	PG O-29:1	C35H69O9P	[M-H]-	/resources/tools/chemdb_ontology?abbrev=PG O-29:1
663.46319	663.4607	.0025	PA O-31:1	C34H67O7P	[M+Formate]-	/resources/tools/chemdb_ontology?abbrev=PA O-31:1
663.46319	663.4607	.0025	PA O-30:1	C33H65O7P	[M+OAc]-	/resources/tools/chemdb_ontology?abbrev=PA O-30:1
663.46319	663.4719	.0087	CerPE 30:1;O2	C32H65N2O6P	[M+OAc]-	/resources/tools/chemdb_ontology?abbrev=CerPE 30:1;O2
600.52233	600.5128	.0095	Cer 36:1;O2	C36H71NO3	[M+Cl]-	/resources/tools/chemdb_ontology?abbrev=Cer 36:1;O2
600.52233	600.5209	.0015	Cer 34:0;O3	C34H69NO4	[M+Formate]-	/resources/tools/chemdb_ontology?abbrev=Cer 34:0;O3
726.54381	726.5443	.0005	PE O-36:3	C41H78NO7P	[M-H]-	/resources/tools/chemdb_ontology?abbrev=PE O-36:3
726.54381	726.5526	.0088	HexCer 35:2;O3	C41H77NO9	[M-H]-	/resources/tools/chemdb_ontology?abbrev=HexCer 35:2;O3
726.54381	726.5443	.0005	PC O-34:3	C42H80NO7P	[M-CH3]-	/resources/tools/chemdb_ontology?abbrev=PC O-34:3
615.44639	615.4395	.0069	PA O-31:2	C34H65O7P	[M-H]-	/resources/tools/chemdb_ontology?abbrev=PA O-31:2
769.55717	769.5571	.0001	CL 78:4	C87H162O17P2	[M-2H]2-	/resources/tools/chemdb_ontology?abbrev=CL 78:4
769.55717	769.5622	.0050	PC 35:3	C43H80NO8P	Neutral	/resources/tools/chemdb_ontology?abbrev=PC 35:3
769.55717	769.5622	.0050	PE 38:3	C43H80NO8P	Neutral	/resources/tools/chemdb_ontology?abbrev=PE 38:3
574.49775	574.4972	.0006	Cer 34:0;O2	C34H69NO3	[M+Cl]-	/resources/tools/chemdb_ontology?abbrev=Cer 34:0;O2
574.49775	574.4961	.0016	FAHFA 37:3;O	C37H66O4	Neutral	/resources/tools/chemdb_ontology?abbrev=FAHFA 37:3;O
679.54532	679.5518	.0065	DG 37:2	C40H74O5	[M+Formate]-	/resources/tools/chemdb_ontology?abbrev=DG 37:2
679.54532	679.5518	.0065	DG 36:2	C39H72O5	[M+OAc]-	/resources/tools/chemdb_ontology?abbrev=DG 36:2
618.44769	618.4504	.0027	PE O-28:1	C33H66NO7P	[M-H]-	/resources/tools/chemdb_ontology?abbrev=PE O-28:1
575.50052	575.5045	.0040	WE 36:3	C36H66O2	[M+Formate]-	/resources/tools/chemdb_ontology?abbrev=WE 36:3
811.52957	811.5261	.0034	PG 36:1	C42H81O10P	[M+Cl]-	/resources/tools/chemdb_ontology?abbrev=PG 36:1
811.52957	811.5363	.0068	PC 36:5;O2	C44H78NO10P	Neutral	/resources/tools/chemdb_ontology?abbrev=PC 36:5;O2
811.52957	811.5363	.0068	PS 38:4	C44H78NO10P	Neutral	/resources/tools/chemdb_ontology?abbrev=PS 38:4
584.52717	584.5179	.0093	Cer 36:1;O	C36H71NO2	[M+Cl]-	/resources/tools/chemdb_ontology?abbrev=Cer 36:1;O
584.52717	584.5260	.0012	Cer 34:0;O2	C34H69NO3	[M+Formate]-	/resources/tools/chemdb_ontology?abbrev=Cer 34:0;O2
584.52717	584.5260	.0012	Cer 33:0;O2	C33H67NO3	[M+OAc]-	/resources/tools/chemdb_ontology?abbrev=Cer 33:0;O2
601.51705	601.5201	.0031	FA 38:4	C38H68O2	[M+Formate]-	/resources/tools/chemdb_ontology?abbrev=FA 38:4
750.5442	750.5443	.0001	PE O-38:5	C43H78NO7P	[M-H]-	/resources/tools/chemdb_ontology?abbrev=PE O-38:5
750.5442	750.5443	.0001	PC O-36:5	C44H80NO7P	[M-CH3]-	/resources/tools/chemdb_ontology?abbrev=PC O-36:5
750.5442	750.5411	.0031	PG 34:0	C40H79O10P	Neutral	/resources/tools/chemdb_ontology?abbrev=PG 34:0
585.52932	585.5383	.0090	FA 37:0	C37H74O2	[M+Cl]-	/resources/tools/chemdb_ontology?abbrev=FA 37:0
818.53159	818.5342	.0026	PS O-40:7	C46H78NO9P	[M-H]-	/resources/tools/chemdb_ontology?abbrev=PS O-40:7
818.53159	818.5342	.0026	PE O-40:8	C45H76NO7P	[M+Formate]-	/resources/tools/chemdb_ontology?abbrev=PE O-40:8
818.53159	818.5309	.0007	PI O-34:3	C43H79O12P	Neutral	/resources/tools/chemdb_ontology?abbrev=PI O-34:3
744.54551	744.5549	.0094	PE 36:1	C41H80NO8P	[M-H]-	/resources/tools/chemdb_ontology?abbrev=PE 36:1
744.54551	744.5549	.0094	PC 34:1	C42H82NO8P	[M-CH3]-	/resources/tools/chemdb_ontology?abbrev=PC 34:1
744.54551	744.5493	.0038	CL 74:1	C83H160O17P2	[M-2H]2-	/resources/tools/chemdb_ontology?abbrev=CL 74:1
596.52539	596.5260	.0006	Cer 36:1;O4	C36H71NO5	[M-H]-	/resources/tools/chemdb_ontology?abbrev=Cer 36:1;O4
596.52539	596.5260	.0006	Cer 35:1;O2	C35H69NO3	[M+Formate]-	/resources/tools/chemdb_ontology?abbrev=Cer 35:1;O2
596.52539	596.5260	.0006	Cer 34:1;O2	C34H67NO3	[M+OAc]-	/resources/tools/chemdb_ontology?abbrev=Cer 34:1;O2
830.59043	830.5917	.0012	PS 39:1	C45H86NO10P	[M-H]-	/resources/tools/chemdb_ontology?abbrev=PS 39:1
830.59043	830.5836	.0068	PC O-38:4	C46H86NO7P	[M+Cl]-	/resources/tools/chemdb_ontology?abbrev=PC O-38:4
830.59043	830.5917	.0012	PC 36:2	C44H84NO8P	[M+Formate]-	/resources/tools/chemdb_ontology?abbrev=PC 36:2
830.59043	830.5917	.0012	PE 39:2	C44H84NO8P	[M+Formate]-	/resources/tools/chemdb_ontology?abbrev=PE 39:2
830.59043	830.5917	.0012	PC 35:2	C43H82NO8P	[M+OAc]-	/resources/tools/chemdb_ontology?abbrev=PC 35:2
830.59043	830.5917	.0012	PE 38:2	C43H82NO8P	[M+OAc]-	/resources/tools/chemdb_ontology?abbrev=PE 38:2
768.55389	768.5549	.0010	PE 38:3	C43H80NO8P	[M-H]-	/resources/tools/chemdb_ontology?abbrev=PE 38:3
768.55389	768.5549	.0010	PC 36:3	C44H82NO8P	[M-CH3]-	/resources/tools/chemdb_ontology?abbrev=PC 36:3
768.55389	768.5493	.0046	CL 78:5	C87H160O17P2	[M-2H]2-	/resources/tools/chemdb_ontology?abbrev=CL 78:5
714.54367	714.5443	.0007	PE O-35:2	C40H78NO7P	[M-H]-	/resources/tools/chemdb_ontology?abbrev=PE O-35:2
714.54367	714.5526	.0089	HexCer 34:1;O3	C40H77NO9	[M-H]-	/resources/tools/chemdb_ontology?abbrev=HexCer 34:1;O3
714.54367	714.5443	.0007	PC O-33:2	C41H80NO7P	[M-CH3]-	/resources/tools/chemdb_ontology?abbrev=PC O-33:2
673.41287	673.4086	.0043	PA 31:3	C34H61O8P	[M+Formate]-	/resources/tools/chemdb_ontology?abbrev=PA 31:3
673.41287	673.4086	.0043	PA 30:3	C33H59O8P	[M+OAc]-	/resources/tools/chemdb_ontology?abbrev=PA 30:3
852.49799	852.5032	.0053	PS 38:6	C44H74NO10P	[M+Formate]-	/resources/tools/chemdb_ontology?abbrev=PS 38:6
852.49799	852.5032	.0053	PS 37:6	C43H72NO10P	[M+OAc]-	/resources/tools/chemdb_ontology?abbrev=PS 37:6
886.51883	886.5159	.0029	PC 42:11	C50H78NO8P	[M+Cl]-	/resources/tools/chemdb_ontology?abbrev=PC 42:11
683.44181	683.4424	.0006	PA 32:0	C35H69O8P	[M+Cl]-	/resources/tools/chemdb_ontology?abbrev=PA 32:0
624.52075	624.5128	.0079	Cer 38:3;O2	C38H71NO3	[M+Cl]-	/resources/tools/chemdb_ontology?abbrev=Cer 38:3;O2
624.52075	624.5209	.0001	Cer 36:2;O3	C36H69NO4	[M+Formate]-	/resources/tools/chemdb_ontology?abbrev=Cer 36:2;O3
624.52075	624.5209	.0001	Cer 35:2;O3	C35H67NO4	[M+OAc]-	/resources/tools/chemdb_ontology?abbrev=Cer 35:2;O3
688.52801	688.5287	.0007	PE O-33:1	C38H76NO7P	[M-H]-	/resources/tools/chemdb_ontology?abbrev=PE O-33:1
688.52801	688.5287	.0007	PC O-31:1	C39H78NO7P	[M-CH3]-	/resources/tools/chemdb_ontology?abbrev=PC O-31:1
743.54232	743.5345	.0078	CerPE 36:3;O2	C38H73N2O6P	[M+OAc]-	/resources/tools/chemdb_ontology?abbrev=CerPE 36:3;O2
743.54232	743.5414	.0009	CL 74:2	C83H158O17P2	[M-2H]2-	/resources/tools/chemdb_ontology?abbrev=CL 74:2
743.54232	743.5465	.0042	PC 33:2	C41H78NO8P	Neutral	/resources/tools/chemdb_ontology?abbrev=PC 33:2
743.54232	743.5465	.0042	PE 36:2	C41H78NO8P	Neutral	/resources/tools/chemdb_ontology?abbrev=PE 36:2
742.53909	742.5392	.0001	PE 36:2	C41H78NO8P	[M-H]-	/resources/tools/chemdb_ontology?abbrev=PE 36:2
742.53909	742.5475	.0084	HexCer 34:2;O2	C40H75NO8	[M+Formate]-	/resources/tools/chemdb_ontology?abbrev=HexCer 34:2;O2
742.53909	742.5475	.0084	HexCer 33:2;O2	C39H73NO8	[M+OAc]-	/resources/tools/chemdb_ontology?abbrev=HexCer 33:2;O2
742.53909	742.5392	.0001	PC 34:2	C42H80NO8P	[M-CH3]-	/resources/tools/chemdb_ontology?abbrev=PC 34:2
578.51458	578.5154	.0008	Cer 36:2;O3	C36H69NO4	[M-H]-	/resources/tools/chemdb_ontology?abbrev=Cer 36:2;O3
641.51033	641.5151	.0047	DG 38:5	C41H70O5	[M-H]-	/resources/tools/chemdb_ontology?abbrev=DG 38:5
689.55096	689.5491	.0019	PA O-36:0	C39H79O7P	[M-H]-	/resources/tools/chemdb_ontology?abbrev=PA O-36:0
689.55096	689.5603	.0093	SM 34:0;O2	C39H81N2O6P	[M-CH3]-	/resources/tools/chemdb_ontology?abbrev=SM 34:0;O2
690.5072	690.5079	.0007	PE 32:0	C37H74NO8P	[M-H]-	/resources/tools/chemdb_ontology?abbrev=PE 32:0
690.5072	690.5079	.0007	CerP 36:1;O2	C36H72NO6P	[M+Formate]-	/resources/tools/chemdb_ontology?abbrev=CerP 36:1;O2
690.5072	690.5079	.0007	PC 30:0	C38H76NO8P	[M-CH3]-	/resources/tools/chemdb_ontology?abbrev=PC 30:0
718.5299	718.5392	.0093	PE 34:0	C39H78NO8P	[M-H]-	/resources/tools/chemdb_ontology?abbrev=PE 34:0
718.5299	718.5392	.0093	CerP 38:1;O2	C38H76NO6P	[M+Formate]-	/resources/tools/chemdb_ontology?abbrev=CerP 38:1;O2
718.5299	718.5392	.0093	PC 32:0	C40H80NO8P	[M-CH3]-	/resources/tools/chemdb_ontology?abbrev=PC 32:0
755.53162	755.5233	.0084	PG O-36:4	C42H77O9P	[M-H]-	/resources/tools/chemdb_ontology?abbrev=PG O-36:4
755.53162	755.5387	.0071	DG 44:8	C47H76O5	[M+Cl]-	/resources/tools/chemdb_ontology?abbrev=DG 44:8
755.53162	755.5233	.0084	PA O-38:4	C41H75O7P	[M+Formate]-	/resources/tools/chemdb_ontology?abbrev=PA O-38:4
614.49171	614.4921	.0004	Cer 36:2;O3	C36H69NO4	[M+Cl]-	/resources/tools/chemdb_ontology?abbrev=Cer 36:2;O3
614.49171	614.4910	.0007	DG 36:5	C39H66O5	Neutral	/resources/tools/chemdb_ontology?abbrev=DG 36:5
691.51133	691.5074	.0039	DG 39:5	C42H72O5	[M+Cl]-	/resources/tools/chemdb_ontology?abbrev=DG 39:5
691.51133	691.5032	.0081	CerPE 33:1;O2	C35H71N2O6P	[M+Formate]-	/resources/tools/chemdb_ontology?abbrev=CerPE 33:1;O2
691.51133	691.5032	.0081	SM 30:1;O2	C35H71N2O6P	[M+Formate]-	/resources/tools/chemdb_ontology?abbrev=SM 30:1;O2
691.51133	691.5032	.0081	CerPE 32:1;O2	C34H69N2O6P	[M+OAc]-	/resources/tools/chemdb_ontology?abbrev=CerPE 32:1;O2
691.51133	691.5152	.0039	PC 29:0	C37H74NO8P	Neutral	/resources/tools/chemdb_ontology?abbrev=PC 29:0
691.51133	691.5152	.0039	PE 32:0	C37H74NO8P	Neutral	/resources/tools/chemdb_ontology?abbrev=PE 32:0
766.5389	766.5392	.0003	PE 38:4	C43H78NO8P	[M-H]-	/resources/tools/chemdb_ontology?abbrev=PE 38:4
766.5389	766.5392	.0003	PE O-38:5;O	C43H78NO8P	[M-H]-	/resources/tools/chemdb_ontology?abbrev=PE O-38:5;O
766.5389	766.5392	.0003	PC 36:4	C44H80NO8P	[M-CH3]-	/resources/tools/chemdb_ontology?abbrev=PC 36:4
784.51064	784.5134	.0028	PS 36:3	C42H76NO10P	[M-H]-	/resources/tools/chemdb_ontology?abbrev=PS 36:3
784.51064	784.5053	.0053	PE O-38:6	C43H76NO7P	[M+Cl]-	/resources/tools/chemdb_ontology?abbrev=PE O-38:6
784.51064	784.5134	.0028	PC 33:4	C41H74NO8P	[M+Formate]-	/resources/tools/chemdb_ontology?abbrev=PC 33:4
784.51064	784.5134	.0028	PE 36:4	C41H74NO8P	[M+Formate]-	/resources/tools/chemdb_ontology?abbrev=PE 36:4
784.51064	784.5134	.0028	PE O-36:5;O	C41H74NO8P	[M+Formate]-	/resources/tools/chemdb_ontology?abbrev=PE O-36:5;O
784.51064	784.5134	.0028	PC 32:4	C40H72NO8P	[M+OAc]-	/resources/tools/chemdb_ontology?abbrev=PC 32:4
784.51064	784.5134	.0028	PE 35:4	C40H72NO8P	[M+OAc]-	/resources/tools/chemdb_ontology?abbrev=PE 35:4
810.52624	810.5291	.0028	PS 38:4	C44H78NO10P	[M-H]-	/resources/tools/chemdb_ontology?abbrev=PS 38:4
810.52624	810.5210	.0052	PE O-40:7	C45H78NO7P	[M+Cl]-	/resources/tools/chemdb_ontology?abbrev=PE O-40:7
810.52624	810.5291	.0028	PC 35:5	C43H76NO8P	[M+Formate]-	/resources/tools/chemdb_ontology?abbrev=PC 35:5
810.52624	810.5291	.0028	PE 38:5	C43H76NO8P	[M+Formate]-	/resources/tools/chemdb_ontology?abbrev=PE 38:5
810.52624	810.5291	.0028	PE O-38:6;O	C43H76NO8P	[M+Formate]-	/resources/tools/chemdb_ontology?abbrev=PE O-38:6;O
810.52624	810.5291	.0028	PC 34:5	C42H74NO8P	[M+OAc]-	/resources/tools/chemdb_ontology?abbrev=PC 34:5
810.52624	810.5291	.0028	PE 37:5	C42H74NO8P	[M+OAc]-	/resources/tools/chemdb_ontology?abbrev=PE 37:5
810.52624	810.5258	.0004	PI 32:0	C41H79O13P	Neutral	/resources/tools/chemdb_ontology?abbrev=PI 32:0
687.54404	687.5447	.0006	CerPE 36:1;O2	C38H77N2O6P	[M-H]-	/resources/tools/chemdb_ontology?abbrev=CerPE 36:1;O2
687.54404	687.5447	.0006	SM 34:1;O2	C39H79N2O6P	[M-CH3]-	/resources/tools/chemdb_ontology?abbrev=SM 34:1;O2
690.55395	690.5443	.0096	PE O-33:0	C38H78NO7P	[M-H]-	/resources/tools/chemdb_ontology?abbrev=PE O-33:0
690.55395	690.5443	.0096	PC O-31:0	C39H80NO7P	[M-CH3]-	/resources/tools/chemdb_ontology?abbrev=PC O-31:0
690.55395	690.5563	.0024	PA O-36:0	C39H79O7P	Neutral	/resources/tools/chemdb_ontology?abbrev=PA O-36:0
801.5005	801.4923	.0082	PG 35:4	C41H73O10P	[M+Formate]-	/resources/tools/chemdb_ontology?abbrev=PG 35:4
801.5005	801.4923	.0082	PG 34:4	C40H71O10P	[M+OAc]-	/resources/tools/chemdb_ontology?abbrev=PG 34:4
730.55493	730.5475	.0075	HexCer 34:1;O4	C40H77NO10	[M-H]-	/resources/tools/chemdb_ontology?abbrev=HexCer 34:1;O4
730.55493	730.5475	.0075	HexCer 33:1;O2	C39H75NO8	[M+Formate]-	/resources/tools/chemdb_ontology?abbrev=HexCer 33:1;O2
730.55493	730.5475	.0075	HexCer 32:1;O2	C38H73NO8	[M+OAc]-	/resources/tools/chemdb_ontology?abbrev=HexCer 32:1;O2
730.55493	730.5513	.0037	PA 38:1	C41H79O8P	Neutral	/resources/tools/chemdb_ontology?abbrev=PA 38:1
730.55493	730.5625	.0076	CerPE 38:2;O3	C40H79N2O7P	Neutral	/resources/tools/chemdb_ontology?abbrev=CerPE 38:2;O3
792.55397	792.5549	.0009	PE 40:5	C45H80NO8P	[M-H]-	/resources/tools/chemdb_ontology?abbrev=PE 40:5
792.55397	792.5549	.0009	PC 38:5	C46H82NO8P	[M-CH3]-	/resources/tools/chemdb_ontology?abbrev=PC 38:5
716.52293	716.5236	.0007	PE 34:1	C39H76NO8P	[M-H]-	/resources/tools/chemdb_ontology?abbrev=PE 34:1
716.52293	716.5318	.0089	HexCer 32:1;O2	C38H73NO8	[M+Formate]-	/resources/tools/chemdb_ontology?abbrev=HexCer 32:1;O2
716.52293	716.5236	.0007	PC 32:1	C40H78NO8P	[M-CH3]-	/resources/tools/chemdb_ontology?abbrev=PC 32:1
716.52293	716.5180	.0050	CL 70:1	C79H152O17P2	[M-2H]2-	/resources/tools/chemdb_ontology?abbrev=CL 70:1
729.55468	729.5552	.0005	CerPE 38:2;O3	C40H79N2O7P	[M-H]-	/resources/tools/chemdb_ontology?abbrev=CerPE 38:2;O3
719.53276	719.5233	.0095	PG O-33:1	C39H77O9P	[M-H]-	/resources/tools/chemdb_ontology?abbrev=PG O-33:1
719.53276	719.5387	.0059	DG 41:5	C44H76O5	[M+Cl]-	/resources/tools/chemdb_ontology?abbrev=DG 41:5
719.53276	719.5345	.0017	CerPE 35:1;O2	C37H75N2O6P	[M+Formate]-	/resources/tools/chemdb_ontology?abbrev=CerPE 35:1;O2
719.53276	719.5345	.0017	SM 32:1;O2	C37H75N2O6P	[M+Formate]-	/resources/tools/chemdb_ontology?abbrev=SM 32:1;O2
719.53276	719.5233	.0095	PA O-35:1	C38H75O7P	[M+Formate]-	/resources/tools/chemdb_ontology?abbrev=PA O-35:1
719.53276	719.5345	.0017	CerPE 34:1;O2	C36H73N2O6P	[M+OAc]-	/resources/tools/chemdb_ontology?abbrev=CerPE 34:1;O2
719.53276	719.5233	.0095	PA O-34:1	C37H73O7P	[M+OAc]-	/resources/tools/chemdb_ontology?abbrev=PA O-34:1
903.45708	903.4608	.0037	TG 53:20;O2	C56H68O8	[M+Cl]-	/resources/tools/chemdb_ontology?abbrev=TG 53:20;O2
818.59063	818.5917	.0010	PS 38:0	C44H86NO10P	[M-H]-	/resources/tools/chemdb_ontology?abbrev=PS 38:0
818.59063	818.5918	.0012	HexCer 39:2;O3	C45H85NO9	[M+Cl]-	/resources/tools/chemdb_ontology?abbrev=HexCer 39:2;O3
818.59063	818.5836	.0070	PC O-37:3	C45H86NO7P	[M+Cl]-	/resources/tools/chemdb_ontology?abbrev=PC O-37:3
818.59063	818.5836	.0070	PE O-40:3	C45H86NO7P	[M+Cl]-	/resources/tools/chemdb_ontology?abbrev=PE O-40:3
818.59063	818.5917	.0010	PC 35:1	C43H84NO8P	[M+Formate]-	/resources/tools/chemdb_ontology?abbrev=PC 35:1
818.59063	818.5917	.0010	PE 38:1	C43H84NO8P	[M+Formate]-	/resources/tools/chemdb_ontology?abbrev=PE 38:1
818.59063	818.5917	.0010	PC 34:1	C42H82NO8P	[M+OAc]-	/resources/tools/chemdb_ontology?abbrev=PC 34:1
818.59063	818.5917	.0010	PE 37:1	C42H82NO8P	[M+OAc]-	/resources/tools/chemdb_ontology?abbrev=PE 37:1
818.59063	818.5999	.0093	HexCer 36:1;O4	C42H81NO10	[M+OAc]-	/resources/tools/chemdb_ontology?abbrev=HexCer 36:1;O4
717.58088	717.5804	.0005	PA O-38:0	C41H83O7P	[M-H]-	/resources/tools/chemdb_ontology?abbrev=PA O-38:0
717.58088	717.5827	.0019	CE 20:4	C47H76O2	[M+Formate]-	/resources/tools/chemdb_ontology?abbrev=CE 20:4
717.58088	717.5755	.0054	HexCer 34:0;O3	C40H79NO9	Neutral	/resources/tools/chemdb_ontology?abbrev=HexCer 34:0;O3
775.54944	775.5495	.0000	PG 36:1	C42H81O10P	[M-H]-	/resources/tools/chemdb_ontology?abbrev=PG 36:1
775.54944	775.5526	.0032	CerPE 40:3;O2	C42H81N2O6P	[M+Cl]-	/resources/tools/chemdb_ontology?abbrev=CerPE 40:3;O2
775.54944	775.5414	.0080	PA O-40:3	C43H81O7P	[M+Cl]-	/resources/tools/chemdb_ontology?abbrev=PA O-40:3
775.54944	775.5495	.0000	PA 38:1	C41H79O8P	[M+Formate]-	/resources/tools/chemdb_ontology?abbrev=PA 38:1
775.54944	775.5495	.0000	PA 37:1	C40H77O8P	[M+OAc]-	/resources/tools/chemdb_ontology?abbrev=PA 37:1
775.54944	775.5518	.0024	DG 44:10	C47H72O5	[M+OAc]-	/resources/tools/chemdb_ontology?abbrev=DG 44:10
775.54944	775.5516	.0022	PE O-40:7	C45H78NO7P	Neutral	/resources/tools/chemdb_ontology?abbrev=PE O-40:7
788.54378	788.5447	.0009	PS 36:1	C42H80NO10P	[M-H]-	/resources/tools/chemdb_ontology?abbrev=PS 36:1
788.54378	788.5449	.0011	HexCer 37:3;O3	C43H79NO9	[M+Cl]-	/resources/tools/chemdb_ontology?abbrev=HexCer 37:3;O3
788.54378	788.5366	.0071	PC O-35:4	C43H80NO7P	[M+Cl]-	/resources/tools/chemdb_ontology?abbrev=PC O-35:4
788.54378	788.5366	.0071	PE O-38:4	C43H80NO7P	[M+Cl]-	/resources/tools/chemdb_ontology?abbrev=PE O-38:4
788.54378	788.5447	.0009	PC 33:2	C41H78NO8P	[M+Formate]-	/resources/tools/chemdb_ontology?abbrev=PC 33:2
788.54378	788.5447	.0009	PE 36:2	C41H78NO8P	[M+Formate]-	/resources/tools/chemdb_ontology?abbrev=PE 36:2
788.54378	788.5447	.0009	PC 32:2	C40H76NO8P	[M+OAc]-	/resources/tools/chemdb_ontology?abbrev=PC 32:2
788.54378	788.5447	.0009	PE 35:2	C40H76NO8P	[M+OAc]-	/resources/tools/chemdb_ontology?abbrev=PE 35:2
1482.05136	1482.0432	.0082	CL 74:5	C83H152O17P2	[M-H]-	/resources/tools/chemdb_ontology?abbrev=CL 74:5
686.30869	686.3078	.0009	PS 24:2;O2	C30H54NO12P	[M+Cl]-	/resources/tools/chemdb_ontology?abbrev=PS 24:2;O2
1435.05859	1435.0505	.0081	CL 70:1	C79H152O17P2	Neutral	/resources/tools/chemdb_ontology?abbrev=CL 70:1
1487.08902	1487.0818	.0072	CL 74:3	C83H156O17P2	Neutral	/resources/tools/chemdb_ontology?abbrev=CL 74:3
704.52274	704.5236	.0008	PE 33:0	C38H76NO8P	[M-H]-	/resources/tools/chemdb_ontology?abbrev=PE 33:0
704.52274	704.5236	.0008	CerP 36:1;O2	C36H72NO6P	[M+OAc]-	/resources/tools/chemdb_ontology?abbrev=CerP 36:1;O2
704.52274	704.5236	.0008	PC 31:0	C39H78NO8P	[M-CH3]-	/resources/tools/chemdb_ontology?abbrev=PC 31:0
827.5149	827.5080	.0069	PG 37:5	C43H75O10P	[M+Formate]-	/resources/tools/chemdb_ontology?abbrev=PG 37:5
827.5149	827.5080	.0069	PG 36:5	C42H73O10P	[M+OAc]-	/resources/tools/chemdb_ontology?abbrev=PG 36:5
597.52869	597.5383	.0096	WE 38:1	C38H74O2	[M+Cl]-	/resources/tools/chemdb_ontology?abbrev=WE 38:1
597.52869	597.5332	.0045	Cer 36:1;O4	C36H71NO5	Neutral	/resources/tools/chemdb_ontology?abbrev=Cer 36:1;O4
699.54453	699.5447	.0001	CerPE 37:2;O2	C39H77N2O6P	[M-H]-	/resources/tools/chemdb_ontology?abbrev=CerPE 37:2;O2
731.54209	731.5387	.0034	DG 42:6	C45H76O5	[M+Cl]-	/resources/tools/chemdb_ontology?abbrev=DG 42:6
731.54209	731.5345	.0076	CerPE 36:2;O2	C38H75N2O6P	[M+Formate]-	/resources/tools/chemdb_ontology?abbrev=CerPE 36:2;O2
731.54209	731.5345	.0076	SM 33:2;O2	C38H75N2O6P	[M+Formate]-	/resources/tools/chemdb_ontology?abbrev=SM 33:2;O2
731.54209	731.5345	.0076	CerPE 35:2;O2	C37H73N2O6P	[M+OAc]-	/resources/tools/chemdb_ontology?abbrev=CerPE 35:2;O2
731.54209	731.5345	.0076	SM 32:2;O2	C37H73N2O6P	[M+OAc]-	/resources/tools/chemdb_ontology?abbrev=SM 32:2;O2
731.54209	731.5414	.0006	CL 72:0	C81H158O17P2	[M-2H]2-	/resources/tools/chemdb_ontology?abbrev=CL 72:0
731.54209	731.5465	.0044	PC 32:1	C40H78NO8P	Neutral	/resources/tools/chemdb_ontology?abbrev=PC 32:1
731.54209	731.5465	.0044	PE 35:1	C40H78NO8P	Neutral	/resources/tools/chemdb_ontology?abbrev=PE 35:1
730.53898	730.5392	.0003	PE 35:1	C40H78NO8P	[M-H]-	/resources/tools/chemdb_ontology?abbrev=PE 35:1
730.53898	730.5475	.0085	HexCer 34:1;O4	C40H77NO10	[M-H]-	/resources/tools/chemdb_ontology?abbrev=HexCer 34:1;O4
730.53898	730.5475	.0085	HexCer 33:1;O2	C39H75NO8	[M+Formate]-	/resources/tools/chemdb_ontology?abbrev=HexCer 33:1;O2
730.53898	730.5475	.0085	HexCer 32:1;O2	C38H73NO8	[M+OAc]-	/resources/tools/chemdb_ontology?abbrev=HexCer 32:1;O2
730.53898	730.5392	.0003	PC 33:1	C41H80NO8P	[M-CH3]-	/resources/tools/chemdb_ontology?abbrev=PC 33:1
573.49571	573.4888	.0069	FAHFA 37:3;O	C37H66O4	[M-H]-	/resources/tools/chemdb_ontology?abbrev=FAHFA 37:3;O
573.49571	573.4888	.0069	FA 36:4	C36H64O2	[M+Formate]-	/resources/tools/chemdb_ontology?abbrev=FA 36:4
573.49571	573.4888	.0069	WE 36:4	C36H64O2	[M+Formate]-	/resources/tools/chemdb_ontology?abbrev=WE 36:4
773.59831	773.6066	.0083	PA 41:0	C44H87O8P	[M-H]-	/resources/tools/chemdb_ontology?abbrev=PA 41:0
773.59831	773.5937	.0046	TG 43:4	C46H80O6	[M+Formate]-	/resources/tools/chemdb_ontology?abbrev=TG 43:4
773.59831	773.5937	.0046	TG 42:4	C45H78O6	[M+OAc]-	/resources/tools/chemdb_ontology?abbrev=TG 42:4
773.59831	773.5935	.0049	PC 35:1	C43H84NO8P	Neutral	/resources/tools/chemdb_ontology?abbrev=PC 35:1
773.59831	773.5935	.0049	PE 38:1	C43H84NO8P	Neutral	/resources/tools/chemdb_ontology?abbrev=PE 38:1
879.5165	879.5160	.0005	PI O-36:4	C45H81O12P	[M+Cl]-	/resources/tools/chemdb_ontology?abbrev=PI O-36:4
879.5165	879.5240	.0075	PI 34:2	C43H79O13P	[M+Formate]-	/resources/tools/chemdb_ontology?abbrev=PI 34:2
879.5165	879.5240	.0075	PI 33:2	C42H77O13P	[M+OAc]-	/resources/tools/chemdb_ontology?abbrev=PI 33:2
583.53247	583.5226	.0098	WE 37:1	C37H72O2	[M+Cl]-	/resources/tools/chemdb_ontology?abbrev=WE 37:1
583.53247	583.5307	.0018	FA 34:0;O	C34H68O3	[M+OAc]-	/resources/tools/chemdb_ontology?abbrev=FA 34:0;O
613.51549	613.5201	.0047	CE 12:0	C39H68O2	[M+Formate]-	/resources/tools/chemdb_ontology?abbrev=CE 12:0
613.51549	613.5201	.0047	FA 38:5	C38H66O2	[M+OAc]-	/resources/tools/chemdb_ontology?abbrev=FA 38:5
613.51549	613.5201	.0047	WE 38:5	C38H66O2	[M+OAc]-	/resources/tools/chemdb_ontology?abbrev=WE 38:5
596.52553	596.5260	.0004	Cer 36:1;O4	C36H71NO5	[M-H]-	/resources/tools/chemdb_ontology?abbrev=Cer 36:1;O4
596.52553	596.5260	.0004	Cer 35:1;O2	C35H69NO3	[M+Formate]-	/resources/tools/chemdb_ontology?abbrev=Cer 35:1;O2
596.52553	596.5260	.0004	Cer 34:1;O2	C34H67NO3	[M+OAc]-	/resources/tools/chemdb_ontology?abbrev=Cer 34:1;O2
840.61138	840.6124	.0010	PC O-38:4	C46H86NO7P	[M+Formate]-	/resources/tools/chemdb_ontology?abbrev=PC O-38:4
840.61138	840.6124	.0010	PC O-37:4	C45H84NO7P	[M+OAc]-	/resources/tools/chemdb_ontology?abbrev=PC O-37:4
840.61138	840.6124	.0010	PE O-40:4	C45H84NO7P	[M+OAc]-	/resources/tools/chemdb_ontology?abbrev=PE O-40:4
165.04075	165.0324	.0083	FA 6:1;O	C6H10O3	[M+Cl]-	/resources/tools/chemdb_ontology?abbrev=FA 6:1;O
165.04075	165.0405	.0003	FA 4:0;O2	C4H8O4	[M+Formate]-	/resources/tools/chemdb_ontology?abbrev=FA 4:0;O2
798.52588	798.5291	.0032	PS 37:3	C43H78NO10P	[M-H]-	/resources/tools/chemdb_ontology?abbrev=PS 37:3
798.52588	798.5210	.0049	PC O-36:6	C44H78NO7P	[M+Cl]-	/resources/tools/chemdb_ontology?abbrev=PC O-36:6
798.52588	798.5291	.0032	PC 34:4	C42H76NO8P	[M+Formate]-	/resources/tools/chemdb_ontology?abbrev=PC 34:4
798.52588	798.5291	.0032	PE 37:4	C42H76NO8P	[M+Formate]-	/resources/tools/chemdb_ontology?abbrev=PE 37:4
798.52588	798.5291	.0032	PC 33:4	C41H74NO8P	[M+OAc]-	/resources/tools/chemdb_ontology?abbrev=PC 33:4
798.52588	798.5291	.0032	PE 36:4	C41H74NO8P	[M+OAc]-	/resources/tools/chemdb_ontology?abbrev=PE 36:4
798.52588	798.5291	.0032	PE O-36:5;O	C41H74NO8P	[M+OAc]-	/resources/tools/chemdb_ontology?abbrev=PE O-36:5;O
798.52588	798.5282	.0023	MGDG 38:8	C47H74O10	Neutral	/resources/tools/chemdb_ontology?abbrev=MGDG 38:8
586.49646	586.4972	.0007	Cer 35:1;O2	C35H69NO3	[M+Cl]-	/resources/tools/chemdb_ontology?abbrev=Cer 35:1;O2
701.55973	701.5603	.0006	CerPE 37:1;O2	C39H79N2O6P	[M-H]-	/resources/tools/chemdb_ontology?abbrev=CerPE 37:1;O2
701.55973	701.5603	.0006	SM 35:1;O2	C40H81N2O6P	[M-CH3]-	/resources/tools/chemdb_ontology?abbrev=SM 35:1;O2
615.4463	615.4395	.0068	PA O-31:2	C34H65O7P	[M-H]-	/resources/tools/chemdb_ontology?abbrev=PA O-31:2
617.44479	617.4423	.0025	DG 33:5	C36H60O5	[M+Formate]-	/resources/tools/chemdb_ontology?abbrev=DG 33:5
617.44479	617.4423	.0025	DG 32:5	C35H58O5	[M+OAc]-	/resources/tools/chemdb_ontology?abbrev=DG 32:5
758.56952	758.5705	.0010	PE 37:1	C42H82NO8P	[M-H]-	/resources/tools/chemdb_ontology?abbrev=PE 37:1
758.56952	758.5788	.0093	HexCer 36:1;O4	C42H81NO10	[M-H]-	/resources/tools/chemdb_ontology?abbrev=HexCer 36:1;O4
758.56952	758.5788	.0093	HexCer 35:1;O2	C41H79NO8	[M+Formate]-	/resources/tools/chemdb_ontology?abbrev=HexCer 35:1;O2
758.56952	758.5788	.0093	HexCer 34:1;O2	C40H77NO8	[M+OAc]-	/resources/tools/chemdb_ontology?abbrev=HexCer 34:1;O2
758.56952	758.5705	.0010	PC 35:1	C43H84NO8P	[M-CH3]-	/resources/tools/chemdb_ontology?abbrev=PC 35:1
758.56952	758.5649	.0046	CL 76:1	C85H164O17P2	[M-2H]2-	/resources/tools/chemdb_ontology?abbrev=CL 76:1
574.49783	574.4972	.0007	Cer 34:0;O2	C34H69NO3	[M+Cl]-	/resources/tools/chemdb_ontology?abbrev=Cer 34:0;O2
574.49783	574.4961	.0017	FAHFA 37:3;O	C37H66O4	Neutral	/resources/tools/chemdb_ontology?abbrev=FAHFA 37:3;O
600.52202	600.5128	.0092	Cer 36:1;O2	C36H71NO3	[M+Cl]-	/resources/tools/chemdb_ontology?abbrev=Cer 36:1;O2
600.52202	600.5209	.0012	Cer 34:0;O3	C34H69NO4	[M+Formate]-	/resources/tools/chemdb_ontology?abbrev=Cer 34:0;O3
726.54436	726.5443	.0000	PE O-36:3	C41H78NO7P	[M-H]-	/resources/tools/chemdb_ontology?abbrev=PE O-36:3
726.54436	726.5526	.0082	HexCer 35:2;O3	C41H77NO9	[M-H]-	/resources/tools/chemdb_ontology?abbrev=HexCer 35:2;O3
726.54436	726.5443	.0000	PC O-34:3	C42H80NO7P	[M-CH3]-	/resources/tools/chemdb_ontology?abbrev=PC O-34:3
850.58845	850.5968	.0083	PS O-42:5	C48H86NO9P	[M-H]-	/resources/tools/chemdb_ontology?abbrev=PS O-42:5
850.58845	850.5815	.0070	PS 37:0	C43H84NO10P	[M+Formate]-	/resources/tools/chemdb_ontology?abbrev=PS 37:0
850.58845	850.5968	.0083	PE O-42:6	C47H84NO7P	[M+Formate]-	/resources/tools/chemdb_ontology?abbrev=PE O-42:6
850.58845	850.5815	.0070	PS 36:0	C42H82NO10P	[M+OAc]-	/resources/tools/chemdb_ontology?abbrev=PS 36:0
850.58845	850.5968	.0083	PC O-38:6	C46H82NO7P	[M+OAc]-	/resources/tools/chemdb_ontology?abbrev=PC O-38:6
850.58845	850.5935	.0051	PI O-36:1	C45H87O12P	Neutral	/resources/tools/chemdb_ontology?abbrev=PI O-36:1
409.27732	409.2748	.0025	ST 27:5;O3	C27H38O3	[M-H]-	/resources/tools/chemdb_ontology?abbrev=ST 27:5;O3
849.58516	849.5862	.0011	PI O-36:1	C45H87O12P	[M-H]-	/resources/tools/chemdb_ontology?abbrev=PI O-36:1
849.58516	849.5782	.0070	PG O-40:3	C46H87O9P	[M+Cl]-	/resources/tools/chemdb_ontology?abbrev=PG O-40:3
849.58516	849.5862	.0011	PG 38:1	C44H85O10P	[M+Formate]-	/resources/tools/chemdb_ontology?abbrev=PG 38:1
849.58516	849.5862	.0011	PG 37:1	C43H83O10P	[M+OAc]-	/resources/tools/chemdb_ontology?abbrev=PG 37:1
849.58516	849.5884	.0032	PS O-42:6	C48H84NO9P	Neutral	/resources/tools/chemdb_ontology?abbrev=PS O-42:6
801.57238	801.5651	.0073	PG 38:2	C44H83O10P	[M-H]-	/resources/tools/chemdb_ontology?abbrev=PG 38:2
801.57238	801.5805	.0082	TG 46:6	C49H82O6	[M+Cl]-	/resources/tools/chemdb_ontology?abbrev=TG 46:6
801.57238	801.5734	.0010	MGDG 34:1	C43H80O10	[M+Formate]-	/resources/tools/chemdb_ontology?abbrev=MGDG 34:1
801.57238	801.5763	.0040	CerPE 40:3;O3	C42H81N2O7P	[M+Formate]-	/resources/tools/chemdb_ontology?abbrev=CerPE 40:3;O3
801.57238	801.5651	.0073	PA 40:2	C43H81O8P	[M+Formate]-	/resources/tools/chemdb_ontology?abbrev=PA 40:2
801.57238	801.5651	.0073	PA 39:2	C42H79O8P	[M+OAc]-	/resources/tools/chemdb_ontology?abbrev=PA 39:2
689.55955	689.5603	.0008	SM 34:0;O2	C39H81N2O6P	[M-CH3]-	/resources/tools/chemdb_ontology?abbrev=SM 34:0;O2
676.51261	676.5155	.0029	CerPE 34:1;O3	C36H73N2O7P	Neutral	/resources/tools/chemdb_ontology?abbrev=CerPE 34:1;O3
676.51261	676.5043	.0083	PA 34:0	C37H73O8P	Neutral	/resources/tools/chemdb_ontology?abbrev=PA 34:0
994.55766	994.5640	.0064	MIPC 34:0;O3	C46H90NO17P	[M+Cl]-	/resources/tools/chemdb_ontology?abbrev=MIPC 34:0;O3
792.60207	792.6043	.0023	CerP 44:1;O2	C44H88NO6P	[M+Cl]-	/resources/tools/chemdb_ontology?abbrev=CerP 44:1;O2
815.60721	815.6172	.0099	PG O-40:2	C46H89O9P	[M-H]-	/resources/tools/chemdb_ontology?abbrev=PG O-40:2
815.60721	815.6172	.0099	PA O-42:2	C45H87O7P	[M+Formate]-	/resources/tools/chemdb_ontology?abbrev=PA O-42:2
815.60721	815.6040	.0032	PS O-39:2	C45H86NO9P	Neutral	/resources/tools/chemdb_ontology?abbrev=PS O-39:2
926.57043	926.5683	.0021	PS 44:6	C50H86NO10P	[M+Cl]-	/resources/tools/chemdb_ontology?abbrev=PS 44:6
610.53278	610.5416	.0088	Cer 36:1;O2	C36H71NO3	[M+Formate]-	/resources/tools/chemdb_ontology?abbrev=Cer 36:1;O2
610.53278	610.5416	.0088	Cer 35:1;O2	C35H69NO3	[M+OAc]-	/resources/tools/chemdb_ontology?abbrev=Cer 35:1;O2
599.50012	599.5045	.0044	FA 38:5	C38H66O2	[M+Formate]-	/resources/tools/chemdb_ontology?abbrev=FA 38:5
599.50012	599.5045	.0044	WE 38:5	C38H66O2	[M+Formate]-	/resources/tools/chemdb_ontology?abbrev=WE 38:5
791.59949	791.5962	.0033	TG 45:4	C48H84O6	[M+Cl]-	/resources/tools/chemdb_ontology?abbrev=TG 45:4
791.59949	791.5920	.0075	CerPE 38:1;O3	C40H81N2O7P	[M+OAc]-	/resources/tools/chemdb_ontology?abbrev=CerPE 38:1;O3
791.59949	791.6040	.0045	PS O-37:0	C43H86NO9P	Neutral	/resources/tools/chemdb_ontology?abbrev=PS O-37:0
598.4968	598.4972	.0004	Cer 36:2;O2	C36H69NO3	[M+Cl]-	/resources/tools/chemdb_ontology?abbrev=Cer 36:2;O2
598.4968	598.5052	.0084	Cer 34:1;O3	C34H67NO4	[M+Formate]-	/resources/tools/chemdb_ontology?abbrev=Cer 34:1;O3
598.4968	598.5052	.0084	CAR 26:0	C33H65NO4	[M+OAc]-	/resources/tools/chemdb_ontology?abbrev=CAR 26:0
130.08729	130.0894	.0021	FA 17:4	C17H26O2	[M-2H]2-	/resources/tools/chemdb_ontology?abbrev=FA 17:4
135.03103	135.0218	.0092	FA 5:1	C5H8O2	[M+Cl]-	/resources/tools/chemdb_ontology?abbrev=FA 5:1
135.03103	135.0218	.0092	SFE 5:1	C5H8O2	[M+Cl]-	/resources/tools/chemdb_ontology?abbrev=SFE 5:1
129.05562	129.0557	.0001	FA 6:1;O	C6H10O3	[M-H]-	/resources/tools/chemdb_ontology?abbrev=FA 6:1;O
129.05562	129.0557	.0001	FA 18:3;O7	C18H30O9	[M-3H]3-	/resources/tools/chemdb_ontology?abbrev=FA 18:3;O7
168.99799	169.0062	.0082	FA 8:5	C8H6O2	[M+Cl]-	/resources/tools/chemdb_ontology?abbrev=FA 8:5
325.13678	325.1293	.0075	FA 14:5;O3	C14H18O5	[M+OAc]-	/resources/tools/chemdb_ontology?abbrev=FA 14:5;O3
325.13678	325.1445	.0078	ST 18:6;O2	C18H18O2	[M+OAc]-	/resources/tools/chemdb_ontology?abbrev=ST 18:6;O2
222.08026	222.0892	.0090	FA 12:5;O2	C12H14O4	Neutral	/resources/tools/chemdb_ontology?abbrev=FA 12:5;O2
249.04946	249.0405	.0090	FA 10:7;O2	C10H6O4	[M+OAc]-	/resources/tools/chemdb_ontology?abbrev=FA 10:7;O2
273.12784	273.1263	.0015	FA 14:3;O	C14H22O3	[M+Cl]-	/resources/tools/chemdb_ontology?abbrev=FA 14:3;O
273.12784	273.1263	.0015	SFE 14:3;O	C14H22O3	[M+Cl]-	/resources/tools/chemdb_ontology?abbrev=SFE 14:3;O
273.12784	273.1344	.0065	FA 12:2;O2	C12H20O4	[M+Formate]-	/resources/tools/chemdb_ontology?abbrev=FA 12:2;O2
273.12784	273.1302	.0024	PA 23:3;O2	C26H45O10P	[M-2H]2-	/resources/tools/chemdb_ontology?abbrev=PA 23:3;O2
273.12784	273.1212	.0066	CAR 5:2;O2	C12H19NO6	Neutral	/resources/tools/chemdb_ontology?abbrev=CAR 5:2;O2
383.14586	383.1534	.0075	ST 19:2;O3;S	C19H28O6S	[M-H]-	/resources/tools/chemdb_ontology?abbrev=ST 19:2;O3;S
164.0691	164.0685	.0006	FA 6:0;O3	C6H12O5	Neutral	/resources/tools/chemdb_ontology?abbrev=FA 6:0;O3
118.05808	118.0630	.0049	FA 5:0;O	C5H10O3	Neutral	/resources/tools/chemdb_ontology?abbrev=FA 5:0;O
118.05808	118.0630	.0049	SFE 5:0;O	C5H10O3	Neutral	/resources/tools/chemdb_ontology?abbrev=SFE 5:0;O
292.13986	292.1321	.0077	CAR 6:1	C13H23NO4	[M+Cl]-	/resources/tools/chemdb_ontology?abbrev=CAR 6:1
292.13986	292.1402	.0003	CAR 4:0;O	C11H21NO5	[M+Formate]-	/resources/tools/chemdb_ontology?abbrev=CAR 4:0;O
292.13986	292.1402	.0003	CAR 3:0;O	C10H19NO5	[M+OAc]-	/resources/tools/chemdb_ontology?abbrev=CAR 3:0;O
199.06087	199.0531	.0077	FA 10:4	C10H12O2	[M+Cl]-	/resources/tools/chemdb_ontology?abbrev=FA 10:4
199.06087	199.0531	.0077	SFE 10:4	C10H12O2	[M+Cl]-	/resources/tools/chemdb_ontology?abbrev=SFE 10:4
296.09845	296.0906	.0078	CAR 4:1;O2	C11H19NO6	[M+Cl]-	/resources/tools/chemdb_ontology?abbrev=CAR 4:1;O2
104.042	104.0473	.0053	FA 4:0;O	C4H8O3	Neutral	/resources/tools/chemdb_ontology?abbrev=FA 4:0;O
321.13006	321.1263	.0038	FA 18:7;O	C18H22O3	[M+Cl]-	/resources/tools/chemdb_ontology?abbrev=FA 18:7;O
321.13006	321.1263	.0038	ST 18:4;O3	C18H22O3	[M+Cl]-	/resources/tools/chemdb_ontology?abbrev=ST 18:4;O3
175.06106	175.0612	.0001	FA 7:1;O3	C7H12O5	[M-H]-	/resources/tools/chemdb_ontology?abbrev=FA 7:1;O3
175.06106	175.0531	.0079	FA 8:2	C8H12O2	[M+Cl]-	/resources/tools/chemdb_ontology?abbrev=FA 8:2
175.06106	175.0531	.0079	SFE 8:2	C8H12O2	[M+Cl]-	/resources/tools/chemdb_ontology?abbrev=SFE 8:2
175.06106	175.0531	.0079	WE 8:2	C8H12O2	[M+Cl]-	/resources/tools/chemdb_ontology?abbrev=WE 8:2
175.06106	175.0612	.0001	FA 6:1;O	C6H10O3	[M+Formate]-	/resources/tools/chemdb_ontology?abbrev=FA 6:1;O
175.06106	175.0612	.0001	FA 5:1;O	C5H8O3	[M+OAc]-	/resources/tools/chemdb_ontology?abbrev=FA 5:1;O
175.06106	175.0612	.0001	SFE 5:1;O	C5H8O3	[M+OAc]-	/resources/tools/chemdb_ontology?abbrev=SFE 5:1;O
175.06106	175.0600	.0011	ST 18:3;O2;S	C18H24O5S	[M-2H]2-	/resources/tools/chemdb_ontology?abbrev=ST 18:3;O2;S
93.04564	93.0452	.0005	FA 9:1;O2	C9H16O4	[M-2H]2-	/resources/tools/chemdb_ontology?abbrev=FA 9:1;O2
93.04564	93.0452	.0005	SFE 9:1;O2	C9H16O4	[M-2H]2-	/resources/tools/chemdb_ontology?abbrev=SFE 9:1;O2
137.03553	137.0375	.0020	FA 5:0	C5H10O2	[M+Cl]-	/resources/tools/chemdb_ontology?abbrev=FA 5:0
137.03553	137.0375	.0020	SFE 5:0	C5H10O2	[M+Cl]-	/resources/tools/chemdb_ontology?abbrev=SFE 5:0
137.04327	137.0375	.0058	FA 5:0	C5H10O2	[M+Cl]-	/resources/tools/chemdb_ontology?abbrev=FA 5:0
137.04327	137.0375	.0058	SFE 5:0	C5H10O2	[M+Cl]-	/resources/tools/chemdb_ontology?abbrev=SFE 5:0
360.23887	360.2392	.0003	CAR 10:0	C17H33NO4	[M+Formate]-	/resources/tools/chemdb_ontology?abbrev=CAR 10:0
360.23887	360.2392	.0003	CAR 9:0	C16H31NO4	[M+OAc]-	/resources/tools/chemdb_ontology?abbrev=CAR 9:0
360.23887	360.2371	.0018	PA 38:5	C41H71O8P	[M-2H]2-	/resources/tools/chemdb_ontology?abbrev=PA 38:5
360.23887	360.2301	.0088	FA 22:6;O2	C22H32O4	Neutral	/resources/tools/chemdb_ontology?abbrev=FA 22:6;O2
311.10959	311.1136	.0040	FA 14:5;O3	C14H18O5	[M+Formate]-	/resources/tools/chemdb_ontology?abbrev=FA 14:5;O3
311.10959	311.1134	.0038	LPC 3:1	C11H22NO7P	Neutral	/resources/tools/chemdb_ontology?abbrev=LPC 3:1
310.11418	310.1061	.0081	LPC 3:1	C11H22NO7P	[M-H]-	/resources/tools/chemdb_ontology?abbrev=LPC 3:1
310.11418	310.1063	.0079	CAR 5:1;O2	C12H21NO6	[M+Cl]-	/resources/tools/chemdb_ontology?abbrev=CAR 5:1;O2
489.18201	489.1744	.0076	FA 19:2;O10	C19H34O12	[M+Cl]-	/resources/tools/chemdb_ontology?abbrev=FA 19:2;O10
195.05088	195.0430	.0079	FA 7:1;O2	C7H12O4	[M+Cl]-	/resources/tools/chemdb_ontology?abbrev=FA 7:1;O2
195.05088	195.0510	.0002	FA 5:0;O3	C5H10O5	[M+Formate]-	/resources/tools/chemdb_ontology?abbrev=FA 5:0;O3
526.3491	526.3514	.0023	LPC O-16:0	C24H52NO6P	[M+Formate]-	/resources/tools/chemdb_ontology?abbrev=LPC O-16:0
526.3491	526.3514	.0023	LPC O-15:0	C23H50NO6P	[M+OAc]-	/resources/tools/chemdb_ontology?abbrev=LPC O-15:0
526.3491	526.3514	.0023	LPE O-18:0	C23H50NO6P	[M+OAc]-	/resources/tools/chemdb_ontology?abbrev=LPE O-18:0
157.0314	157.0295	.0019	FA 10:7	C10H6O2	[M-H]-	/resources/tools/chemdb_ontology?abbrev=FA 10:7
381.13964	381.1377	.0019	ST 19:3;O3;S	C19H26O6S	[M-H]-	/resources/tools/chemdb_ontology?abbrev=ST 19:3;O3;S
207.01149	207.0147	.0032	FA 6:2;O6	C6H8O8	[M-H]-	/resources/tools/chemdb_ontology?abbrev=FA 6:2;O6
207.01149	207.0147	.0032	FA 4:2;O4	C4H4O6	[M+OAc]-	/resources/tools/chemdb_ontology?abbrev=FA 4:2;O4
151.03414	151.0401	.0059	SFE 8:4;O	C8H8O3	[M-H]-	/resources/tools/chemdb_ontology?abbrev=SFE 8:4;O
191.0559	191.0481	.0078	FA 8:2;O	C8H12O3	[M+Cl]-	/resources/tools/chemdb_ontology?abbrev=FA 8:2;O
191.0559	191.0561	.0002	FA 6:1;O2	C6H10O4	[M+Formate]-	/resources/tools/chemdb_ontology?abbrev=FA 6:1;O2
191.0559	191.0561	.0002	FA 5:1;O2	C5H8O4	[M+OAc]-	/resources/tools/chemdb_ontology?abbrev=FA 5:1;O2
487.16784	487.1644	.0035	ST 21:3;O5;S	C21H30O8S	[M+Formate]-	/resources/tools/chemdb_ontology?abbrev=ST 21:3;O5;S
147.07412	147.0663	.0078	FA 6:0;O2	C6H12O4	[M-H]-	/resources/tools/chemdb_ontology?abbrev=FA 6:0;O2
147.07412	147.0663	.0078	FA 5:0	C5H10O2	[M+Formate]-	/resources/tools/chemdb_ontology?abbrev=FA 5:0
147.07412	147.0663	.0078	SFE 5:0	C5H10O2	[M+Formate]-	/resources/tools/chemdb_ontology?abbrev=SFE 5:0
147.07412	147.0663	.0078	FA 4:0	C4H8O2	[M+OAc]-	/resources/tools/chemdb_ontology?abbrev=FA 4:0
147.07412	147.0663	.0078	SFE 4:0	C4H8O2	[M+OAc]-	/resources/tools/chemdb_ontology?abbrev=SFE 4:0
147.07412	147.0739	.0002	FA 16:4;O3	C16H24O5	[M-2H]2-	/resources/tools/chemdb_ontology?abbrev=FA 16:4;O3
151.02604	151.0168	.0093	FA 5:1;O	C5H8O3	[M+Cl]-	/resources/tools/chemdb_ontology?abbrev=FA 5:1;O
151.02604	151.0168	.0093	SFE 5:1;O	C5H8O3	[M+Cl]-	/resources/tools/chemdb_ontology?abbrev=SFE 5:1;O
280.12955	280.1321	.0026	CAR 5:0	C12H23NO4	[M+Cl]-	/resources/tools/chemdb_ontology?abbrev=CAR 5:0
357.23914	357.2423	.0032	PG O-33:3	C39H73O9P	[M-2H]2-	/resources/tools/chemdb_ontology?abbrev=PG O-33:3
370.12334	370.1273	.0039	LPC 3:1	C11H22NO7P	[M+OAc]-	/resources/tools/chemdb_ontology?abbrev=LPC 3:1
279.09904	279.1027	.0036	FA 18:10;O	C18H16O3	[M-H]-	/resources/tools/chemdb_ontology?abbrev=FA 18:10;O
280.10361	280.1099	.0063	FA 18:10;O	C18H16O3	Neutral	/resources/tools/chemdb_ontology?abbrev=FA 18:10;O
190.10751	190.0994	.0081	FA 12:5	C12H14O2	Neutral	/resources/tools/chemdb_ontology?abbrev=FA 12:5
218.10328	218.0943	.0090	FA 14:6;O	C13H14O3	Neutral	/resources/tools/chemdb_ontology?abbrev=FA 14:6;O
160.04033	160.0372	.0032	FA 6:2;O3	C6H8O5	Neutral	/resources/tools/chemdb_ontology?abbrev=FA 6:2;O3
331.08238	331.0823	.0000	FOH 16:10;O4	C16H14O5	[M+Formate]-	/resources/tools/chemdb_ontology?abbrev=FOH 16:10;O4
515.21981	515.2263	.0065	LPI 12:0	C21H41O12P	[M-H]-	/resources/tools/chemdb_ontology?abbrev=LPI 12:0
219.06802	219.0663	.0017	FA 11:6	C11H10O2	[M+Formate]-	/resources/tools/chemdb_ontology?abbrev=FA 11:6
219.06802	219.0663	.0017	FA 10:6	C10H8O2	[M+OAc]-	/resources/tools/chemdb_ontology?abbrev=FA 10:6
218.11268	218.1154	.0027	FA 10:1;O3	C10H18O5	Neutral	/resources/tools/chemdb_ontology?abbrev=FA 10:1;O3
133.05053	133.0506	.0001	FA 5:0;O2	C5H10O4	[M-H]-	/resources/tools/chemdb_ontology?abbrev=FA 5:0;O2
133.05053	133.0506	.0001	FA 4:0	C4H8O2	[M+Formate]-	/resources/tools/chemdb_ontology?abbrev=FA 4:0
133.05053	133.0506	.0001	SFE 4:0	C4H8O2	[M+Formate]-	/resources/tools/chemdb_ontology?abbrev=SFE 4:0
133.05053	133.0506	.0001	FA 3:0	C3H6O2	[M+OAc]-	/resources/tools/chemdb_ontology?abbrev=FA 3:0
278.12535	278.1165	.0089	CAR 5:1	C12H21NO4	[M+Cl]-	/resources/tools/chemdb_ontology?abbrev=CAR 5:1
278.12535	278.1245	.0008	CAR 3:0;O	C10H19NO5	[M+Formate]-	/resources/tools/chemdb_ontology?abbrev=CAR 3:0;O
187.0611	187.0531	.0080	FA 9:3	C9H12O2	[M+Cl]-	/resources/tools/chemdb_ontology?abbrev=FA 9:3
187.0611	187.0531	.0080	WE 9:3	C9H12O2	[M+Cl]-	/resources/tools/chemdb_ontology?abbrev=WE 9:3
187.0611	187.0612	.0001	FA 7:2;O	C7H10O3	[M+Formate]-	/resources/tools/chemdb_ontology?abbrev=FA 7:2;O
187.0611	187.0612	.0001	FA 6:2;O	C6H8O3	[M+OAc]-	/resources/tools/chemdb_ontology?abbrev=FA 6:2;O
247.06298	247.0612	.0018	FA 13:7;O3	C13H12O5	[M-H]-	/resources/tools/chemdb_ontology?abbrev=FA 13:7;O3
247.06298	247.0531	.0098	FA 14:8	C14H12O2	[M+Cl]-	/resources/tools/chemdb_ontology?abbrev=FA 14:8
325.1138	325.1212	.0074	FA 17:6;O2	C17H22O4	[M+Cl]-	/resources/tools/chemdb_ontology?abbrev=FA 17:6;O2
325.1138	325.1082	.0056	FA 18:10;O	C18H16O3	[M+Formate]-	/resources/tools/chemdb_ontology?abbrev=FA 18:10;O
369.15192	369.1553	.0033	PC 6:0	C14H28NO8P	Neutral	/resources/tools/chemdb_ontology?abbrev=PC 6:0
367.14769	367.1527	.0050	PA 12:0	C15H29O8P	[M-H]-	/resources/tools/chemdb_ontology?abbrev=PA 12:0
367.14769	367.1529	.0052	FA 16:2;O5	C16H28O7	[M+Cl]-	/resources/tools/chemdb_ontology?abbrev=FA 16:2;O5
251.09423	251.0844	.0098	FA 14:6	C14H16O2	[M+Cl]-	/resources/tools/chemdb_ontology?abbrev=FA 14:6
403.14196	403.1352	.0068	ST 19:2;O2;S	C19H28O5S	[M+Cl]-	/resources/tools/chemdb_ontology?abbrev=ST 19:2;O2;S
376.12455	376.1297	.0052	LPC 5:0	C13H28NO7P	[M+Cl]-	/resources/tools/chemdb_ontology?abbrev=LPC 5:0
193.03519	193.0354	.0002	FOH 6:2;O6	C6H10O7	[M-H]-	/resources/tools/chemdb_ontology?abbrev=FOH 6:2;O6
193.03519	193.0273	.0079	FA 7:2;O2	C7H10O4	[M+Cl]-	/resources/tools/chemdb_ontology?abbrev=FA 7:2;O2
193.03519	193.0354	.0002	FA 5:1;O3	C5H8O5	[M+Formate]-	/resources/tools/chemdb_ontology?abbrev=FA 5:1;O3
173.04542	173.0456	.0001	FA 7:2;O3	C7H10O5	[M-H]-	/resources/tools/chemdb_ontology?abbrev=FA 7:2;O3
173.04542	173.0456	.0001	FA 6:2;O	C6H8O3	[M+Formate]-	/resources/tools/chemdb_ontology?abbrev=FA 6:2;O
173.04542	173.0456	.0001	FA 5:2;O	C5H6O3	[M+OAc]-	/resources/tools/chemdb_ontology?abbrev=FA 5:2;O
368.12146	368.1233	.0018	CoA 24:5	C45H72N7O17P3S	[M-3H]3-	/resources/tools/chemdb_ontology?abbrev=CoA 24:5
366.10881	366.1137	.0049	ST 18:4;O3;S	C18H22O6S	Neutral	/resources/tools/chemdb_ontology?abbrev=ST 18:4;O3;S
322.11469	322.1063	.0084	CAR 6:2;O2	C13H21NO6	[M+Cl]-	/resources/tools/chemdb_ontology?abbrev=CAR 6:2;O2
197.03173	197.0375	.0058	FA 10:5	C10H10O2	[M+Cl]-	/resources/tools/chemdb_ontology?abbrev=FA 10:5
197.03173	197.0222	.0095	FA 6:1;O3	C6H10O5	[M+Cl]-	/resources/tools/chemdb_ontology?abbrev=FA 6:1;O3
147.0662	147.0663	.0001	FA 6:0;O2	C6H12O4	[M-H]-	/resources/tools/chemdb_ontology?abbrev=FA 6:0;O2
147.0662	147.0663	.0001	FA 5:0	C5H10O2	[M+Formate]-	/resources/tools/chemdb_ontology?abbrev=FA 5:0
147.0662	147.0663	.0001	SFE 5:0	C5H10O2	[M+Formate]-	/resources/tools/chemdb_ontology?abbrev=SFE 5:0
147.0662	147.0663	.0001	FA 4:0	C4H8O2	[M+OAc]-	/resources/tools/chemdb_ontology?abbrev=FA 4:0
147.0662	147.0663	.0001	SFE 4:0	C4H8O2	[M+OAc]-	/resources/tools/chemdb_ontology?abbrev=SFE 4:0
147.0662	147.0643	.0019	FA 25:9;O5	C25H32O7	[M-3H]3-	/resources/tools/chemdb_ontology?abbrev=FA 25:9;O5
218.13601	218.1384	.0023	PE 30:3	C35H64NO8P	[M-3H]3-	/resources/tools/chemdb_ontology?abbrev=PE 30:3
218.13601	218.1307	.0053	FA 14:5	C14H18O2	Neutral	/resources/tools/chemdb_ontology?abbrev=FA 14:5
473.23877	473.2440	.0053	LPA 18:0	C21H43O7P	[M+Cl]-	/resources/tools/chemdb_ontology?abbrev=LPA 18:0
473.23877	473.2392	.0005	FA 21:4;O6	C21H34O8	[M+OAc]-	/resources/tools/chemdb_ontology?abbrev=FA 21:4;O6
326.09123	326.1010	.0098	PC 4:0	C12H24NO8P	[M-CH3]-	/resources/tools/chemdb_ontology?abbrev=PC 4:0
94.99017	94.9905	.0004	FA 2:0	C2H4O2	[M+Cl]-	/resources/tools/chemdb_ontology?abbrev=FA 2:0
278.1296	278.1245	.0051	CAR 3:0;O	C10H19NO5	[M+Formate]-	/resources/tools/chemdb_ontology?abbrev=CAR 3:0;O
278.1296	278.1330	.0034	LPI 15:0	C24H47O12P	[M-2H]2-	/resources/tools/chemdb_ontology?abbrev=LPI 15:0
203.09226	203.0925	.0002	FA 9:1;O3	C9H16O5	[M-H]-	/resources/tools/chemdb_ontology?abbrev=FA 9:1;O3
203.09226	203.0844	.0078	FA 10:2	C10H16O2	[M+Cl]-	/resources/tools/chemdb_ontology?abbrev=FA 10:2
203.09226	203.0844	.0078	SFE 10:2	C10H16O2	[M+Cl]-	/resources/tools/chemdb_ontology?abbrev=SFE 10:2
203.09226	203.0844	.0078	WE 10:2	C10H16O2	[M+Cl]-	/resources/tools/chemdb_ontology?abbrev=WE 10:2
203.09226	203.0925	.0002	FA 8:1;O	C8H14O3	[M+Formate]-	/resources/tools/chemdb_ontology?abbrev=FA 8:1;O
203.09226	203.0925	.0002	SFE 8:1;O	C8H14O3	[M+Formate]-	/resources/tools/chemdb_ontology?abbrev=SFE 8:1;O
203.09226	203.0925	.0002	FA 7:1;O	C7H12O3	[M+OAc]-	/resources/tools/chemdb_ontology?abbrev=FA 7:1;O
203.09226	203.0925	.0002	SFE 7:1;O	C7H12O3	[M+OAc]-	/resources/tools/chemdb_ontology?abbrev=SFE 7:1;O
203.09226	203.0925	.0002	WE 7:1;O	C7H12O3	[M+OAc]-	/resources/tools/chemdb_ontology?abbrev=WE 7:1;O
281.10398	281.1031	.0009	FA 14:5;O4	C14H18O6	[M-H]-	/resources/tools/chemdb_ontology?abbrev=FA 14:5;O4
281.10398	281.1031	.0009	FA 12:5;O2	C12H14O4	[M+OAc]-	/resources/tools/chemdb_ontology?abbrev=FA 12:5;O2
560.26993	560.2761	.0061	LPS 18:0	C24H48NO9P	[M+Cl]-	/resources/tools/chemdb_ontology?abbrev=LPS 18:0
560.26993	560.2761	.0061	LPS O-18:1;O	C24H48NO9P	[M+Cl]-	/resources/tools/chemdb_ontology?abbrev=LPS O-18:1;O
560.26993	560.2630	.0069	PC 16:4	C24H40NO8P	[M+OAc]-	/resources/tools/chemdb_ontology?abbrev=PC 16:4
249.07863	249.0688	.0098	FA 14:7	C14H14O2	[M+Cl]-	/resources/tools/chemdb_ontology?abbrev=FA 14:7
249.07863	249.0769	.0018	FA 12:6;O	C12H12O3	[M+Formate]-	/resources/tools/chemdb_ontology?abbrev=FA 12:6;O
249.07863	249.0769	.0018	FA 11:6;O	C11H10O3	[M+OAc]-	/resources/tools/chemdb_ontology?abbrev=FA 11:6;O
116.03995	116.0473	.0074	FA 5:1;O	C5H8O3	Neutral	/resources/tools/chemdb_ontology?abbrev=FA 5:1;O
116.03995	116.0473	.0074	SFE 5:1;O	C5H8O3	Neutral	/resources/tools/chemdb_ontology?abbrev=SFE 5:1;O
191.104	191.1078	.0038	FA 12:4	C12H16O2	[M-H]-	/resources/tools/chemdb_ontology?abbrev=FA 12:4
191.104	191.1078	.0038	SFE 12:4	C12H16O2	[M-H]-	/resources/tools/chemdb_ontology?abbrev=SFE 12:4
191.104	191.1078	.0038	ST 24:5;O4	C24H32O4	[M-2H]2-	/resources/tools/chemdb_ontology?abbrev=ST 24:5;O4
191.104	191.1001	.0039	FA 20:4;O5	C20H32O7	[M-2H]2-	/resources/tools/chemdb_ontology?abbrev=FA 20:4;O5
190.08563	190.0841	.0015	FA 8:1;O3	C8H14O5	Neutral	/resources/tools/chemdb_ontology?abbrev=FA 8:1;O3
191.06151	191.0561	.0054	FA 6:1;O2	C6H10O4	[M+Formate]-	/resources/tools/chemdb_ontology?abbrev=FA 6:1;O2
191.06151	191.0561	.0054	FA 5:1;O2	C5H8O4	[M+OAc]-	/resources/tools/chemdb_ontology?abbrev=FA 5:1;O2
231.06829	231.0663	.0020	FA 11:7	C11H8O2	[M+OAc]-	/resources/tools/chemdb_ontology?abbrev=FA 11:7
231.06829	231.0663	.0020	SFE 11:7	C11H8O2	[M+OAc]-	/resources/tools/chemdb_ontology?abbrev=SFE 11:7
247.09913	247.0976	.0015	FA 12:6	C12H12O2	[M+OAc]-	/resources/tools/chemdb_ontology?abbrev=FA 12:6
247.09913	247.1056	.0065	CAR 3:1;O2	C10H17NO6	Neutral	/resources/tools/chemdb_ontology?abbrev=CAR 3:1;O2
533.22279	533.2288	.0060	PG 16:0	C22H43O10P	[M+Cl]-	/resources/tools/chemdb_ontology?abbrev=PG 16:0
133.05817	133.0506	.0075	FA 5:0;O2	C5H10O4	[M-H]-	/resources/tools/chemdb_ontology?abbrev=FA 5:0;O2
133.05817	133.0506	.0075	FA 4:0	C4H8O2	[M+Formate]-	/resources/tools/chemdb_ontology?abbrev=FA 4:0
133.05817	133.0506	.0075	SFE 4:0	C4H8O2	[M+Formate]-	/resources/tools/chemdb_ontology?abbrev=SFE 4:0
133.05817	133.0506	.0075	FA 3:0	C3H6O2	[M+OAc]-	/resources/tools/chemdb_ontology?abbrev=FA 3:0
133.05817	133.0583	.0001	FA 14:4;O3	C14H20O5	[M-2H]2-	/resources/tools/chemdb_ontology?abbrev=FA 14:4;O3
133.05817	133.0608	.0026	ST 23:5;O6	C23H30O6	[M-3H]3-	/resources/tools/chemdb_ontology?abbrev=ST 23:5;O6
191.07323	191.0731	.0002	ST 19:2;O3;S	C19H28O6S	[M-2H]2-	/resources/tools/chemdb_ontology?abbrev=ST 19:2;O3;S
190.07679	190.0841	.0073	FA 8:1;O3	C8H14O5	Neutral	/resources/tools/chemdb_ontology?abbrev=FA 8:1;O3
441.18732	441.1895	.0022	PG 12:0	C18H35O10P	[M-H]-	/resources/tools/chemdb_ontology?abbrev=PG 12:0
441.18732	441.1953	.0079	ST 21:2;O2;S	C21H32O5S	[M+Formate]-	/resources/tools/chemdb_ontology?abbrev=ST 21:2;O2;S
366.12056	366.1137	.0068	ST 18:4;O3;S	C18H22O6S	Neutral	/resources/tools/chemdb_ontology?abbrev=ST 18:4;O3;S
173.00912	173.0092	.0001	FA 5:3;O2	C5H4O4	[M+Formate]-	/resources/tools/chemdb_ontology?abbrev=FA 5:3;O2
201.07669	201.0688	.0079	FA 10:3	C10H14O2	[M+Cl]-	/resources/tools/chemdb_ontology?abbrev=FA 10:3
201.07669	201.0769	.0002	FA 8:2;O	C8H12O3	[M+Formate]-	/resources/tools/chemdb_ontology?abbrev=FA 8:2;O
201.07669	201.0769	.0002	FA 7:2;O	C7H10O3	[M+OAc]-	/resources/tools/chemdb_ontology?abbrev=FA 7:2;O
157.05051	157.0506	.0001	FA 7:2;O2	C7H10O4	[M-H]-	/resources/tools/chemdb_ontology?abbrev=FA 7:2;O2
157.05051	157.0506	.0001	FA 6:2	C6H8O2	[M+Formate]-	/resources/tools/chemdb_ontology?abbrev=FA 6:2
157.05051	157.0506	.0001	FA 5:2	C5H6O2	[M+OAc]-	/resources/tools/chemdb_ontology?abbrev=FA 5:2
233.04727	233.0375	.0098	FA 13:8	C13H10O2	[M+Cl]-	/resources/tools/chemdb_ontology?abbrev=FA 13:8
145.05051	145.0506	.0001	FA 6:1;O2	C6H10O4	[M-H]-	/resources/tools/chemdb_ontology?abbrev=FA 6:1;O2
145.05051	145.0506	.0001	FA 5:1	C5H8O2	[M+Formate]-	/resources/tools/chemdb_ontology?abbrev=FA 5:1
145.05051	145.0506	.0001	SFE 5:1	C5H8O2	[M+Formate]-	/resources/tools/chemdb_ontology?abbrev=SFE 5:1
145.05051	145.0506	.0001	FA 4:1	C4H6O2	[M+OAc]-	/resources/tools/chemdb_ontology?abbrev=FA 4:1
205.06151	205.0637	.0022	FA 9:2;O	C9H14O3	[M+Cl]-	/resources/tools/chemdb_ontology?abbrev=FA 9:2;O
117.01922	117.0193	.0001	FA 4:1;O2	C4H6O4	[M-H]-	/resources/tools/chemdb_ontology?abbrev=FA 4:1;O2
117.01922	117.0193	.0001	FA 3:1	C3H4O2	[M+Formate]-	/resources/tools/chemdb_ontology?abbrev=FA 3:1
497.33372	497.3249	.0088	LPG O-18:0	C24H51O8P	[M-H]-	/resources/tools/chemdb_ontology?abbrev=LPG O-18:0
497.33372	497.3249	.0088	LPA O-20:0	C23H49O6P	[M+Formate]-	/resources/tools/chemdb_ontology?abbrev=LPA O-20:0
147.02981	147.0299	.0001	FA 5:1;O3	C5H8O5	[M-H]-	/resources/tools/chemdb_ontology?abbrev=FA 5:1;O3
147.02981	147.0218	.0080	FA 6:2	C6H8O2	[M+Cl]-	/resources/tools/chemdb_ontology?abbrev=FA 6:2
147.02981	147.0299	.0001	FA 4:1;O	C4H6O3	[M+Formate]-	/resources/tools/chemdb_ontology?abbrev=FA 4:1;O
147.02981	147.0299	.0001	FAL 4:1;O2	C4H6O3	[M+Formate]-	/resources/tools/chemdb_ontology?abbrev=FAL 4:1;O2
147.02981	147.0299	.0001	FA 3:1;O	C3H4O3	[M+OAc]-	/resources/tools/chemdb_ontology?abbrev=FA 3:1;O
235.09931	235.0976	.0017	FA 12:5	C12H14O2	[M+Formate]-	/resources/tools/chemdb_ontology?abbrev=FA 12:5
235.09931	235.0976	.0017	SFE 11:5	C11H12O2	[M+OAc]-	/resources/tools/chemdb_ontology?abbrev=SFE 11:5
189.07679	189.0769	.0001	FA 8:1;O3	C8H14O5	[M-H]-	/resources/tools/chemdb_ontology?abbrev=FA 8:1;O3
189.07679	189.0688	.0080	FA 9:2	C9H14O2	[M+Cl]-	/resources/tools/chemdb_ontology?abbrev=FA 9:2
189.07679	189.0688	.0080	SFE 9:2	C9H14O2	[M+Cl]-	/resources/tools/chemdb_ontology?abbrev=SFE 9:2
189.07679	189.0688	.0080	WE 9:2	C9H14O2	[M+Cl]-	/resources/tools/chemdb_ontology?abbrev=WE 9:2
189.07679	189.0769	.0001	FA 7:1;O	C7H12O3	[M+Formate]-	/resources/tools/chemdb_ontology?abbrev=FA 7:1;O
189.07679	189.0769	.0001	SFE 7:1;O	C7H12O3	[M+Formate]-	/resources/tools/chemdb_ontology?abbrev=SFE 7:1;O
189.07679	189.0769	.0001	WE 7:1;O	C7H12O3	[M+Formate]-	/resources/tools/chemdb_ontology?abbrev=WE 7:1;O
189.07679	189.0769	.0001	FA 6:1;O	C6H10O3	[M+OAc]-	/resources/tools/chemdb_ontology?abbrev=FA 6:1;O
411.11226	411.1119	.0003	ST 18:4;O3;S	C18H22O6S	[M+Formate]-	/resources/tools/chemdb_ontology?abbrev=ST 18:4;O3;S
285.08261	285.0769	.0058	FOH 16:10;O4	C16H14O5	[M-H]-	/resources/tools/chemdb_ontology?abbrev=FOH 16:10;O4
271.09233	271.0823	.0100	FA 11:4;O3	C11H14O5	[M+Formate]-	/resources/tools/chemdb_ontology?abbrev=FA 11:4;O3
271.09233	271.0976	.0053	FA 14:8	C14H12O2	[M+OAc]-	/resources/tools/chemdb_ontology?abbrev=FA 14:8
239.07711	239.0692	.0079	FA 9:1;O3	C9H16O5	[M+Cl]-	/resources/tools/chemdb_ontology?abbrev=FA 9:1;O3
239.07711	239.0773	.0001	FA 6:0;O4	C6H12O6	[M+OAc]-	/resources/tools/chemdb_ontology?abbrev=FA 6:0;O4
233.08357	233.0819	.0016	FA 12:6	C12H12O2	[M+Formate]-	/resources/tools/chemdb_ontology?abbrev=FA 12:6
233.08357	233.0819	.0016	FA 11:6	C11H10O2	[M+OAc]-	/resources/tools/chemdb_ontology?abbrev=FA 11:6
173.08183	173.0819	.0001	FA 8:1;O2	C8H14O4	[M-H]-	/resources/tools/chemdb_ontology?abbrev=FA 8:1;O2
173.08183	173.0819	.0001	FA 7:1	C7H12O2	[M+Formate]-	/resources/tools/chemdb_ontology?abbrev=FA 7:1
173.08183	173.0819	.0001	SFE 7:1	C7H12O2	[M+Formate]-	/resources/tools/chemdb_ontology?abbrev=SFE 7:1
173.08183	173.0819	.0001	FA 6:1	C6H10O2	[M+OAc]-	/resources/tools/chemdb_ontology?abbrev=FA 6:1
173.08183	173.0819	.0001	SFE 6:1	C6H10O2	[M+OAc]-	/resources/tools/chemdb_ontology?abbrev=SFE 6:1
251.05817	251.0561	.0021	FA 11:6;O2	C11H10O4	[M+Formate]-	/resources/tools/chemdb_ontology?abbrev=FA 11:6;O2
251.05817	251.0561	.0021	FA 10:6;O2	C10H8O4	[M+OAc]-	/resources/tools/chemdb_ontology?abbrev=FA 10:6;O2
265.05393	265.0565	.0026	FA 7:2;O5	C7H10O7	[M+OAc]-	/resources/tools/chemdb_ontology?abbrev=FA 7:2;O5
322.09985	322.1063	.0064	CAR 6:2;O2	C13H21NO6	[M+Cl]-	/resources/tools/chemdb_ontology?abbrev=CAR 6:2;O2
337.11283	337.1212	.0084	ST 18:4;O4	C18H22O4	[M+Cl]-	/resources/tools/chemdb_ontology?abbrev=ST 18:4;O4
172.09782	172.0999	.0021	ST 21:3;O4	C21H30O4	[M-2H]2-	/resources/tools/chemdb_ontology?abbrev=ST 21:3;O4
173.10424	173.1078	.0035	FA 21:5;O2	C21H32O4	[M-2H]2-	/resources/tools/chemdb_ontology?abbrev=FA 21:5;O2
173.10424	173.1078	.0035	ST 21:2;O4	C21H32O4	[M-2H]2-	/resources/tools/chemdb_ontology?abbrev=ST 21:2;O4
144.03528	144.0423	.0070	FA 6:2;O2	C6H8O4	Neutral	/resources/tools/chemdb_ontology?abbrev=FA 6:2;O2
144.03528	144.0423	.0070	SFE 6:2;O2	C6H8O4	Neutral	/resources/tools/chemdb_ontology?abbrev=SFE 6:2;O2
379.12405	379.1221	.0020	ST 19:4;O3;S	C19H24O6S	[M-H]-	/resources/tools/chemdb_ontology?abbrev=ST 19:4;O3;S
115.07631	115.0765	.0002	FA 6:0	C6H12O2	[M-H]-	/resources/tools/chemdb_ontology?abbrev=FA 6:0
115.07631	115.0765	.0002	SFE 6:0	C6H12O2	[M-H]-	/resources/tools/chemdb_ontology?abbrev=SFE 6:0
115.07631	115.0764	.0001	FA 18:0;O4	C18H36O6	[M-3H]3-	/resources/tools/chemdb_ontology?abbrev=FA 18:0;O4
203.02018	203.0197	.0004	FA 6:3;O3	C6H6O5	[M+Formate]-	/resources/tools/chemdb_ontology?abbrev=FA 6:3;O3
188.09229	188.0949	.0026	ST 21:3;O6	C21H30O6	[M-2H]2-	/resources/tools/chemdb_ontology?abbrev=ST 21:3;O6
188.09229	188.0837	.0086	FA 12:6	C12H12O2	Neutral	/resources/tools/chemdb_ontology?abbrev=FA 12:6
403.12009	403.1294	.0093	PA 12:0	C15H29O8P	[M+Cl]-	/resources/tools/chemdb_ontology?abbrev=PA 12:0
117.02635	117.0193	.0070	FA 4:1;O2	C4H6O4	[M-H]-	/resources/tools/chemdb_ontology?abbrev=FA 4:1;O2
117.02635	117.0193	.0070	FA 3:1	C3H4O2	[M+Formate]-	/resources/tools/chemdb_ontology?abbrev=FA 3:1
102.05584	102.0581	.0022	FA 13:4	C13H18O2	[M-2H]2-	/resources/tools/chemdb_ontology?abbrev=FA 13:4
102.05584	102.0581	.0022	SFE 13:4	C13H18O2	[M-2H]2-	/resources/tools/chemdb_ontology?abbrev=SFE 13:4
102.05584	102.0574	.0015	CAR 10:3	C17H27NO4	[M-3H]3-	/resources/tools/chemdb_ontology?abbrev=CAR 10:3
130.01691	130.0266	.0097	FA 5:2;O2	C5H6O4	Neutral	/resources/tools/chemdb_ontology?abbrev=FA 5:2;O2
130.01691	130.0266	.0097	SFE 5:2;O2	C5H6O4	Neutral	/resources/tools/chemdb_ontology?abbrev=SFE 5:2;O2
157.01514	157.0143	.0009	FA 6:3;O3	C6H6O5	[M-H]-	/resources/tools/chemdb_ontology?abbrev=FA 6:3;O3
283.04148	283.0379	.0036	FA 13:7;O3	C13H12O5	[M+Cl]-	/resources/tools/chemdb_ontology?abbrev=FA 13:7;O3
248.06307	248.0685	.0054	FA 13:7;O3	C13H12O5	Neutral	/resources/tools/chemdb_ontology?abbrev=FA 13:7;O3
362.10899	362.1141	.0051	LPC 4:0	C12H26NO7P	[M+Cl]-	/resources/tools/chemdb_ontology?abbrev=LPC 4:0
362.10899	362.1141	.0051	PC O-4:0	C12H26NO7P	[M+Cl]-	/resources/tools/chemdb_ontology?abbrev=PC O-4:0
186.1224	186.1256	.0032	FA 10:1;O	C10H18O3	Neutral	/resources/tools/chemdb_ontology?abbrev=FA 10:1;O
186.1224	186.1256	.0032	SFE 10:1;O	C10H18O3	Neutral	/resources/tools/chemdb_ontology?abbrev=SFE 10:1;O
487.30485	487.2961	.0088	LPA O-20:0	C23H49O6P	[M+Cl]-	/resources/tools/chemdb_ontology?abbrev=LPA O-20:0
487.30485	487.3065	.0017	ST 27:4;O4	C27H40O4	[M+OAc]-	/resources/tools/chemdb_ontology?abbrev=ST 27:4;O4
487.30485	487.3065	.0017	ST 28:3;O4	C27H40O4	[M+OAc]-	/resources/tools/chemdb_ontology?abbrev=ST 28:3;O4
178.05089	178.0477	.0032	FA 6:1;O4	C6H10O6	Neutral	/resources/tools/chemdb_ontology?abbrev=FA 6:1;O4
303.0875	303.0874	.0001	FA 14:8;O2	C14H12O4	[M+OAc]-	/resources/tools/chemdb_ontology?abbrev=FA 14:8;O2
105.0191	105.0193	.0002	FA 2:0	C2H4O2	[M+Formate]-	/resources/tools/chemdb_ontology?abbrev=FA 2:0
175.04198	175.0401	.0019	FA 10:6;O	C10H8O3	[M-H]-	/resources/tools/chemdb_ontology?abbrev=FA 10:6;O
159.06618	159.0663	.0001	FA 7:1;O2	C7H12O4	[M-H]-	/resources/tools/chemdb_ontology?abbrev=FA 7:1;O2
159.06618	159.0663	.0001	FA 6:1	C6H10O2	[M+Formate]-	/resources/tools/chemdb_ontology?abbrev=FA 6:1
159.06618	159.0663	.0001	SFE 6:1	C6H10O2	[M+Formate]-	/resources/tools/chemdb_ontology?abbrev=SFE 6:1
159.06618	159.0663	.0001	FA 5:1	C5H8O2	[M+OAc]-	/resources/tools/chemdb_ontology?abbrev=FA 5:1
159.06618	159.0663	.0001	SFE 5:1	C5H8O2	[M+OAc]-	/resources/tools/chemdb_ontology?abbrev=SFE 5:1
189.05752	189.0557	.0018	FA 11:6;O	C11H10O3	[M-H]-	/resources/tools/chemdb_ontology?abbrev=FA 11:6;O
189.05752	189.0574	.0001	ST 19:4;O3;S	C19H24O6S	[M-2H]2-	/resources/tools/chemdb_ontology?abbrev=ST 19:4;O3;S
189.06609	189.0688	.0027	FA 9:2	C9H14O2	[M+Cl]-	/resources/tools/chemdb_ontology?abbrev=FA 9:2
189.06609	189.0688	.0027	SFE 9:2	C9H14O2	[M+Cl]-	/resources/tools/chemdb_ontology?abbrev=SFE 9:2
189.06609	189.0688	.0027	WE 9:2	C9H14O2	[M+Cl]-	/resources/tools/chemdb_ontology?abbrev=WE 9:2
158.01187	158.0215	.0097	FA 6:3;O3	C6H6O5	Neutral	/resources/tools/chemdb_ontology?abbrev=FA 6:3;O3
249.05912	249.0688	.0097	FA 14:7	C14H14O2	[M+Cl]-	/resources/tools/chemdb_ontology?abbrev=FA 14:7
249.05912	249.0616	.0025	FA 7:2;O4	C7H10O6	[M+OAc]-	/resources/tools/chemdb_ontology?abbrev=FA 7:2;O4
289.09074	289.0848	.0059	FA 13:4;O3	C13H18O5	[M+Cl]-	/resources/tools/chemdb_ontology?abbrev=FA 13:4;O3
269.12386	269.1314	.0075	FA 15:4	C15H22O2	[M+Cl]-	/resources/tools/chemdb_ontology?abbrev=FA 15:4
269.12386	269.1314	.0075	WE 15:4	C15H22O2	[M+Cl]-	/resources/tools/chemdb_ontology?abbrev=WE 15:4
269.12386	269.1213	.0026	ST 21:2;O5;GlcA	C27H40O11	[M-2H]2-	/resources/tools/chemdb_ontology?abbrev=ST 21:2;O5;GlcA
355.1606	355.1682	.0076	ST 19:2;O4	C19H28O4	[M+Cl]-	/resources/tools/chemdb_ontology?abbrev=ST 19:2;O4
355.1606	355.1645	.0039	PI 23:2;O2	C32H57O15P	[M-2H]2-	/resources/tools/chemdb_ontology?abbrev=PI 23:2;O2
189.08781	189.0921	.0043	FA 12:5	C12H14O2	[M-H]-	/resources/tools/chemdb_ontology?abbrev=FA 12:5
189.08781	189.0909	.0031	LPA 14:1	C17H33O7P	[M-2H]2-	/resources/tools/chemdb_ontology?abbrev=LPA 14:1
189.08781	189.0862	.0016	LPI 16:1	C25H47O12P	[M-3H]3-	/resources/tools/chemdb_ontology?abbrev=LPI 16:1
189.03843	189.0405	.0020	FA 7:2;O4	C7H10O6	[M-H]-	/resources/tools/chemdb_ontology?abbrev=FA 7:2;O4
189.03843	189.0405	.0020	FA 6:2;O2	C6H8O4	[M+Formate]-	/resources/tools/chemdb_ontology?abbrev=FA 6:2;O2
189.03843	189.0405	.0020	SFE 6:2;O2	C6H8O4	[M+Formate]-	/resources/tools/chemdb_ontology?abbrev=SFE 6:2;O2
189.03843	189.0405	.0020	FA 5:2;O2	C5H6O4	[M+OAc]-	/resources/tools/chemdb_ontology?abbrev=FA 5:2;O2
189.03843	189.0405	.0020	SFE 5:2;O2	C5H6O4	[M+OAc]-	/resources/tools/chemdb_ontology?abbrev=SFE 5:2;O2
253.05624	253.0637	.0075	FA 14:6;O	C13H14O3	[M+Cl]-	/resources/tools/chemdb_ontology?abbrev=FA 14:6;O
253.05624	253.0565	.0003	FOH 6:2;O6	C6H10O7	[M+OAc]-	/resources/tools/chemdb_ontology?abbrev=FOH 6:2;O6
271.10274	271.1107	.0079	FA 14:4;O	C14H20O3	[M+Cl]-	/resources/tools/chemdb_ontology?abbrev=FA 14:4;O
271.10274	271.0976	.0052	FA 14:8	C14H12O2	[M+OAc]-	/resources/tools/chemdb_ontology?abbrev=FA 14:8
205.05237	205.0506	.0017	FA 11:6;O2	C11H10O4	[M-H]-	/resources/tools/chemdb_ontology?abbrev=FA 11:6;O2
205.05237	205.0506	.0017	FA 10:6	C10H8O2	[M+Formate]-	/resources/tools/chemdb_ontology?abbrev=FA 10:6
131.01336	131.0139	.0005	FA 8:6	C8H4O2	[M-H]-	/resources/tools/chemdb_ontology?abbrev=FA 8:6
186.11347	186.1156	.0021	ST 23:3;O4	C23H34O4	[M-2H]2-	/resources/tools/chemdb_ontology?abbrev=ST 23:3;O4
261.06006	261.0535	.0065	FA 11:4;O3	C11H14O5	[M+Cl]-	/resources/tools/chemdb_ontology?abbrev=FA 11:4;O3
339.12927	339.1238	.0055	FA 18:10;O	C18H16O3	[M+OAc]-	/resources/tools/chemdb_ontology?abbrev=FA 18:10;O
277.11028	277.1082	.0021	FA 14:6;O	C13H14O3	[M+OAc]-	/resources/tools/chemdb_ontology?abbrev=FA 14:6;O
639.34212	639.3515	.0094	PA 25:1;O2	C28H53O10P	[M+OAc]-	/resources/tools/chemdb_ontology?abbrev=PA 25:1;O2
293.06694	293.0667	.0003	FA 13:7;O3	C13H12O5	[M+Formate]-	/resources/tools/chemdb_ontology?abbrev=FA 13:7;O3
127.03993	127.0401	.0001	FA 6:2;O	C6H8O3	[M-H]-	/resources/tools/chemdb_ontology?abbrev=FA 6:2;O
127.03993	127.0401	.0001	FA 12:4;O4	C12H16O6	[M-2H]2-	/resources/tools/chemdb_ontology?abbrev=FA 12:4;O4
351.1293	351.1272	.0021	ST 18:3;O2;S	C18H24O5S	[M-H]-	/resources/tools/chemdb_ontology?abbrev=ST 18:3;O2;S
351.1293	351.1369	.0076	ST 19:4;O4	C19H24O4	[M+Cl]-	/resources/tools/chemdb_ontology?abbrev=ST 19:4;O4
431.18557	431.1923	.0067	FA 19:4;O6	C19H30O8	[M+Formate]-	/resources/tools/chemdb_ontology?abbrev=FA 19:4;O6
353.14497	353.1525	.0075	ST 19:3;O4	C19H26O4	[M+Cl]-	/resources/tools/chemdb_ontology?abbrev=ST 19:3;O4
353.14497	353.1525	.0075	WE 19:6;O2	C19H26O4	[M+Cl]-	/resources/tools/chemdb_ontology?abbrev=WE 19:6;O2
203.03417	203.0350	.0008	FA 10:7	C10H6O2	[M+Formate]-	/resources/tools/chemdb_ontology?abbrev=FA 10:7
158.02018	158.0215	.0013	FA 6:3;O3	C6H6O5	Neutral	/resources/tools/chemdb_ontology?abbrev=FA 6:3;O3
259.04206	259.0379	.0042	FA 11:5;O3	C11H12O5	[M+Cl]-	/resources/tools/chemdb_ontology?abbrev=FA 11:5;O3
259.04206	259.0460	.0039	FA 8:4;O4	C8H8O6	[M+OAc]-	/resources/tools/chemdb_ontology?abbrev=FA 8:4;O4
365.14491	365.1373	.0076	FA 16:3;O5	C16H26O7	[M+Cl]-	/resources/tools/chemdb_ontology?abbrev=FA 16:3;O5
159.02761	159.0299	.0023	FA 6:2;O3	C6H8O5	[M-H]-	/resources/tools/chemdb_ontology?abbrev=FA 6:2;O3
159.02761	159.0218	.0058	FA 7:3	C7H8O2	[M+Cl]-	/resources/tools/chemdb_ontology?abbrev=FA 7:3
159.02761	159.0299	.0023	FA 5:2;O	C5H6O3	[M+Formate]-	/resources/tools/chemdb_ontology?abbrev=FA 5:2;O
161.08157	161.0819	.0004	FA 6:0	C6H12O2	[M+Formate]-	/resources/tools/chemdb_ontology?abbrev=FA 6:0
161.08157	161.0819	.0004	SFE 6:0	C6H12O2	[M+Formate]-	/resources/tools/chemdb_ontology?abbrev=SFE 6:0
161.08157	161.0819	.0004	FA 5:0	C5H10O2	[M+OAc]-	/resources/tools/chemdb_ontology?abbrev=FA 5:0
161.08157	161.0819	.0004	SFE 5:0	C5H10O2	[M+OAc]-	/resources/tools/chemdb_ontology?abbrev=SFE 5:0
161.08157	161.0800	.0016	ST 28:6;O7	C28H38O7	[M-3H]3-	/resources/tools/chemdb_ontology?abbrev=ST 28:6;O7
161.08157	161.0843	.0027	LPA 22:4	C25H43O7P	[M-3H]3-	/resources/tools/chemdb_ontology?abbrev=LPA 22:4
514.32373	514.3151	.0087	LPE O-17:0;O	C22H48NO7P	[M+Formate]-	/resources/tools/chemdb_ontology?abbrev=LPE O-17:0;O
514.32373	514.3151	.0087	LPE O-16:0;O	C21H46NO7P	[M+OAc]-	/resources/tools/chemdb_ontology?abbrev=LPE O-16:0;O
203.07311	203.0714	.0017	FA 12:6;O	C12H12O3	[M-H]-	/resources/tools/chemdb_ontology?abbrev=FA 12:6;O
158.03107	158.0368	.0057	FA 10:7	C10H6O2	Neutral	/resources/tools/chemdb_ontology?abbrev=FA 10:7
158.03107	158.0215	.0095	FA 6:3;O3	C6H6O5	Neutral	/resources/tools/chemdb_ontology?abbrev=FA 6:3;O3
249.03208	249.0405	.0084	FA 10:7;O2	C10H6O4	[M+OAc]-	/resources/tools/chemdb_ontology?abbrev=FA 10:7;O2
363.1125	363.1216	.0091	FA 16:4;O5	C16H24O7	[M+Cl]-	/resources/tools/chemdb_ontology?abbrev=FA 16:4;O5
489.30244	489.2987	.0038	LPA 22:2	C25H47O7P	[M-H]-	/resources/tools/chemdb_ontology?abbrev=LPA 22:2
489.30244	489.2988	.0036	ST 26:0;O6	C26H46O6	[M+Cl]-	/resources/tools/chemdb_ontology?abbrev=ST 26:0;O6
529.23214	529.2419	.0098	LPI 13:0	C22H43O12P	[M-H]-	/resources/tools/chemdb_ontology?abbrev=LPI 13:0
529.23214	529.2339	.0017	LPG 17:2	C23H43O9P	[M+Cl]-	/resources/tools/chemdb_ontology?abbrev=LPG 17:2
529.23214	529.2339	.0017	PA 20:1;O	C23H43O9P	[M+Cl]-	/resources/tools/chemdb_ontology?abbrev=PA 20:1;O
201.04721	201.0405	.0067	FA 6:3;O2	C6H6O4	[M+OAc]-	/resources/tools/chemdb_ontology?abbrev=FA 6:3;O2
257.07526	257.0819	.0067	FA 14:8	C14H12O2	[M+Formate]-	/resources/tools/chemdb_ontology?abbrev=FA 14:8
257.07526	257.0819	.0067	FA 13:8	C13H10O2	[M+OAc]-	/resources/tools/chemdb_ontology?abbrev=FA 13:8
103.03993	103.0401	.0001	FA 4:0;O	C4H8O3	[M-H]-	/resources/tools/chemdb_ontology?abbrev=FA 4:0;O
157.01176	157.0143	.0025	FA 6:3;O3	C6H6O5	[M-H]-	/resources/tools/chemdb_ontology?abbrev=FA 6:3;O3
376.21795	376.2250	.0070	FA 22:6;O3	C22H32O5	Neutral	/resources/tools/chemdb_ontology?abbrev=FA 22:6;O3
376.21795	376.2250	.0070	ST 22:3;O5	C22H32O5	Neutral	/resources/tools/chemdb_ontology?abbrev=ST 22:3;O5
401.23967	401.2334	.0063	ST 24:4;O5	C24H34O5	[M-H]-	/resources/tools/chemdb_ontology?abbrev=ST 24:4;O5
401.23967	401.2334	.0063	ST 23:4;O3	C23H32O3	[M+Formate]-	/resources/tools/chemdb_ontology?abbrev=ST 23:4;O3
401.23967	401.2334	.0063	FA 22:7;O	C22H30O3	[M+OAc]-	/resources/tools/chemdb_ontology?abbrev=FA 22:7;O
401.23967	401.2398	.0001	PG 39:8	C45H73O10P	[M-2H]2-	/resources/tools/chemdb_ontology?abbrev=PG 39:8
185.0818	185.0819	.0001	FA 8:2	C8H12O2	[M+Formate]-	/resources/tools/chemdb_ontology?abbrev=FA 8:2
185.0818	185.0819	.0001	SFE 8:2	C8H12O2	[M+Formate]-	/resources/tools/chemdb_ontology?abbrev=SFE 8:2
185.0818	185.0819	.0001	WE 8:2	C8H12O2	[M+Formate]-	/resources/tools/chemdb_ontology?abbrev=WE 8:2
185.0818	185.0819	.0001	FA 7:2	C7H10O2	[M+OAc]-	/resources/tools/chemdb_ontology?abbrev=FA 7:2
185.0818	185.0819	.0001	SFE 7:2	C7H10O2	[M+OAc]-	/resources/tools/chemdb_ontology?abbrev=SFE 7:2
201.03801	201.0405	.0025	FA 6:3;O2	C6H6O4	[M+OAc]-	/resources/tools/chemdb_ontology?abbrev=FA 6:3;O2
384.24939	384.2476	.0018	PG 36:4	C42H75O10P	[M-2H]2-	/resources/tools/chemdb_ontology?abbrev=PG 36:4
197.04543	197.0375	.0079	FA 10:5	C10H10O2	[M+Cl]-	/resources/tools/chemdb_ontology?abbrev=FA 10:5
197.04543	197.0456	.0001	SFE 8:4;O	C8H8O3	[M+Formate]-	/resources/tools/chemdb_ontology?abbrev=SFE 8:4;O
187.05068	187.0531	.0025	FA 9:3	C9H12O2	[M+Cl]-	/resources/tools/chemdb_ontology?abbrev=FA 9:3
187.05068	187.0531	.0025	WE 9:3	C9H12O2	[M+Cl]-	/resources/tools/chemdb_ontology?abbrev=WE 9:3
374.22108	374.2184	.0026	CAR 10:1;O	C17H31NO5	[M+Formate]-	/resources/tools/chemdb_ontology?abbrev=CAR 10:1;O
428.27563	428.2774	.0018	FA 23:3;O5	C23H40O7	Neutral	/resources/tools/chemdb_ontology?abbrev=FA 23:3;O5
515.32679	515.3226	.0042	ST 27:0;O9	C27H48O9	[M-H]-	/resources/tools/chemdb_ontology?abbrev=ST 27:0;O9
387.24976	387.2541	.0043	ST 24:3;O4	C24H36O4	[M-H]-	/resources/tools/chemdb_ontology?abbrev=ST 24:3;O4
387.24976	387.2541	.0043	FA 23:6	C23H34O2	[M+Formate]-	/resources/tools/chemdb_ontology?abbrev=FA 23:6
387.24976	387.2541	.0043	FA 22:6	C22H32O2	[M+OAc]-	/resources/tools/chemdb_ontology?abbrev=FA 22:6
387.24976	387.2443	.0054	NAT 18:2	C20H37NO4S	Neutral	/resources/tools/chemdb_ontology?abbrev=NAT 18:2
177.07168	177.0688	.0029	FA 8:1	C8H14O2	[M+Cl]-	/resources/tools/chemdb_ontology?abbrev=FA 8:1
177.07168	177.0688	.0029	SFE 8:1	C8H14O2	[M+Cl]-	/resources/tools/chemdb_ontology?abbrev=SFE 8:1
177.07168	177.0688	.0029	WE 8:1	C8H14O2	[M+Cl]-	/resources/tools/chemdb_ontology?abbrev=WE 8:1
177.07168	177.0769	.0052	FA 6:0;O	C6H12O3	[M+Formate]-	/resources/tools/chemdb_ontology?abbrev=FA 6:0;O
177.07168	177.0769	.0052	FA 5:0;O	C5H10O3	[M+OAc]-	/resources/tools/chemdb_ontology?abbrev=FA 5:0;O
177.07168	177.0769	.0052	SFE 5:0;O	C5H10O3	[M+OAc]-	/resources/tools/chemdb_ontology?abbrev=SFE 5:0;O
427.14513	427.1432	.0019	ST 19:3;O3;S	C19H26O6S	[M+Formate]-	/resources/tools/chemdb_ontology?abbrev=ST 19:3;O3;S
297.1188	297.1110	.0078	FA 12:1;O4	C12H22O6	[M+Cl]-	/resources/tools/chemdb_ontology?abbrev=FA 12:1;O4
241.14437	241.1445	.0002	FA 12:2	C12H20O2	[M+Formate]-	/resources/tools/chemdb_ontology?abbrev=FA 12:2
241.14437	241.1445	.0002	SFE 12:2	C12H20O2	[M+Formate]-	/resources/tools/chemdb_ontology?abbrev=SFE 12:2
241.14437	241.1445	.0002	WE 12:2	C12H20O2	[M+Formate]-	/resources/tools/chemdb_ontology?abbrev=WE 12:2
241.14437	241.1445	.0002	FA 11:2	C11H18O2	[M+OAc]-	/resources/tools/chemdb_ontology?abbrev=FA 11:2
241.14437	241.1445	.0002	SFE 11:2	C11H18O2	[M+OAc]-	/resources/tools/chemdb_ontology?abbrev=SFE 11:2
241.14437	241.1445	.0002	WE 11:2	C11H18O2	[M+OAc]-	/resources/tools/chemdb_ontology?abbrev=WE 11:2
241.14437	241.1418	.0026	PG 33:5	C39H67O10P	[M-3H]3-	/resources/tools/chemdb_ontology?abbrev=PG 33:5
369.23919	369.2435	.0043	ST 24:4;O3	C24H34O3	[M-H]-	/resources/tools/chemdb_ontology?abbrev=ST 24:4;O3
369.23919	369.2435	.0043	ST 22:4;O	C22H30O	[M+OAc]-	/resources/tools/chemdb_ontology?abbrev=ST 22:4;O
369.23919	369.2347	.0045	PI O-28:0	C37H73O12P	[M-2H]2-	/resources/tools/chemdb_ontology?abbrev=PI O-28:0
171.06616	171.0663	.0001	FA 8:2;O2	C8H12O4	[M-H]-	/resources/tools/chemdb_ontology?abbrev=FA 8:2;O2
171.06616	171.0663	.0001	FA 7:2	C7H10O2	[M+Formate]-	/resources/tools/chemdb_ontology?abbrev=FA 7:2
171.06616	171.0663	.0001	SFE 7:2	C7H10O2	[M+Formate]-	/resources/tools/chemdb_ontology?abbrev=SFE 7:2
171.06616	171.0663	.0001	FA 6:2	C6H8O2	[M+OAc]-	/resources/tools/chemdb_ontology?abbrev=FA 6:2
338.16067	338.1617	.0011	PG 26:4;O3	C32H55O13P	[M-2H]2-	/resources/tools/chemdb_ontology?abbrev=PG 26:4;O3
556.26039	556.2528	.0075	PS 16:0	C22H42NO10P	[M+Formate]-	/resources/tools/chemdb_ontology?abbrev=PS 16:0
556.26039	556.2649	.0045	LPI 15:1	C24H45O12P	Neutral	/resources/tools/chemdb_ontology?abbrev=LPI 15:1
214.14472	214.1469	.0022	ST 27:3;O4	C27H42O4	[M-2H]2-	/resources/tools/chemdb_ontology?abbrev=ST 27:3;O4
214.14472	214.1469	.0022	ST 28:2;O4	C27H42O4	[M-2H]2-	/resources/tools/chemdb_ontology?abbrev=ST 28:2;O4
253.10791	253.1082	.0002	FA 13:4;O3	C13H18O5	[M-H]-	/resources/tools/chemdb_ontology?abbrev=FA 13:4;O3
253.10791	253.1001	.0078	FA 14:5	C14H18O2	[M+Cl]-	/resources/tools/chemdb_ontology?abbrev=FA 14:5
253.10791	253.1082	.0002	FA 12:4;O	C12H16O3	[M+Formate]-	/resources/tools/chemdb_ontology?abbrev=FA 12:4;O
265.07181	265.0718	.0000	FA 11:6;O2	C11H10O4	[M+OAc]-	/resources/tools/chemdb_ontology?abbrev=FA 11:6;O2
121.02939	121.0295	.0001	FA 14:8;O2	C14H12O4	[M-2H]2-	/resources/tools/chemdb_ontology?abbrev=FA 14:8;O2
121.02939	121.0306	.0012	ST 18:4;O3;S	C18H22O6S	[M-3H]3-	/resources/tools/chemdb_ontology?abbrev=ST 18:4;O3;S
155.06554	155.0714	.0058	FA 8:2;O	C8H12O3	[M-H]-	/resources/tools/chemdb_ontology?abbrev=FA 8:2;O
187.09748	187.0976	.0001	FA 9:1;O2	C9H16O4	[M-H]-	/resources/tools/chemdb_ontology?abbrev=FA 9:1;O2
187.09748	187.0976	.0001	SFE 9:1;O2	C9H16O4	[M-H]-	/resources/tools/chemdb_ontology?abbrev=SFE 9:1;O2
187.09748	187.0976	.0001	FA 8:1	C8H14O2	[M+Formate]-	/resources/tools/chemdb_ontology?abbrev=FA 8:1
187.09748	187.0976	.0001	SFE 8:1	C8H14O2	[M+Formate]-	/resources/tools/chemdb_ontology?abbrev=SFE 8:1
187.09748	187.0976	.0001	WE 8:1	C8H14O2	[M+Formate]-	/resources/tools/chemdb_ontology?abbrev=WE 8:1
187.09748	187.0976	.0001	FA 7:1	C7H12O2	[M+OAc]-	/resources/tools/chemdb_ontology?abbrev=FA 7:1
187.09748	187.0976	.0001	SFE 7:1	C7H12O2	[M+OAc]-	/resources/tools/chemdb_ontology?abbrev=SFE 7:1
187.09748	187.0948	.0027	PA 24:2;O2	C27H49O10P	[M-3H]3-	/resources/tools/chemdb_ontology?abbrev=PA 24:2;O2
343.13985	343.1399	.0000	FA 14:4;O4	C14H20O6	[M+OAc]-	/resources/tools/chemdb_ontology?abbrev=FA 14:4;O4
343.13985	343.1399	.0000	FOH 14:5;O5	C14H20O6	[M+OAc]-	/resources/tools/chemdb_ontology?abbrev=FOH 14:5;O5
144.04554	144.0423	.0033	FA 6:2;O2	C6H8O4	Neutral	/resources/tools/chemdb_ontology?abbrev=FA 6:2;O2
144.04554	144.0423	.0033	SFE 6:2;O2	C6H8O4	Neutral	/resources/tools/chemdb_ontology?abbrev=SFE 6:2;O2
210.11352	210.1144	.0009	LPA 17:1	C20H39O7P	[M-2H]2-	/resources/tools/chemdb_ontology?abbrev=LPA 17:1
210.11352	210.1141	.0006	PC 23:3;O2	C31H56NO10P	[M-3H]3-	/resources/tools/chemdb_ontology?abbrev=PC 23:3;O2
210.11352	210.1141	.0006	PE 26:3;O2	C31H56NO10P	[M-3H]3-	/resources/tools/chemdb_ontology?abbrev=PE 26:3;O2
143.07135	143.0714	.0000	FA 7:1;O	C7H12O3	[M-H]-	/resources/tools/chemdb_ontology?abbrev=FA 7:1;O
143.07135	143.0714	.0000	SFE 7:1;O	C7H12O3	[M-H]-	/resources/tools/chemdb_ontology?abbrev=SFE 7:1;O
143.07135	143.0714	.0000	WE 7:1;O	C7H12O3	[M-H]-	/resources/tools/chemdb_ontology?abbrev=WE 7:1;O
143.07135	143.0686	.0027	LPA 18:3	C21H37O7P	[M-3H]3-	/resources/tools/chemdb_ontology?abbrev=LPA 18:3
239.09232	239.0925	.0002	FA 12:4;O3	C12H16O5	[M-H]-	/resources/tools/chemdb_ontology?abbrev=FA 12:4;O3
239.09232	239.0925	.0002	SFE 10:4;O	C10H12O3	[M+OAc]-	/resources/tools/chemdb_ontology?abbrev=SFE 10:4;O
151.11293	151.1128	.0001	FA 20:4	C20H32O2	[M-2H]2-	/resources/tools/chemdb_ontology?abbrev=FA 20:4
151.11293	151.1128	.0001	ST 20:1;O2	C20H32O2	[M-2H]2-	/resources/tools/chemdb_ontology?abbrev=ST 20:1;O2
151.11293	151.1128	.0001	ST 30:3;O3	C30H48O3	[M-3H]3-	/resources/tools/chemdb_ontology?abbrev=ST 30:3;O3
311.13448	311.1289	.0056	ST 18:6;O2	C18H18O2	[M+Formate]-	/resources/tools/chemdb_ontology?abbrev=ST 18:6;O2
297.1707	297.1708	.0001	FA 16:3;O3	C16H26O5	[M-H]-	/resources/tools/chemdb_ontology?abbrev=FA 16:3;O3
297.1707	297.1627	.0080	FA 17:4	C17H26O2	[M+Cl]-	/resources/tools/chemdb_ontology?abbrev=FA 17:4
297.1707	297.1708	.0001	FA 15:3;O	C15H24O3	[M+Formate]-	/resources/tools/chemdb_ontology?abbrev=FA 15:3;O
297.1707	297.1708	.0001	FA 14:3;O	C14H22O3	[M+OAc]-	/resources/tools/chemdb_ontology?abbrev=FA 14:3;O
297.1707	297.1708	.0001	SFE 14:3;O	C14H22O3	[M+OAc]-	/resources/tools/chemdb_ontology?abbrev=SFE 14:3;O
297.1707	297.1680	.0027	PI 39:7	C48H79O13P	[M-3H]3-	/resources/tools/chemdb_ontology?abbrev=PI 39:7
325.15057	325.1576	.0070	FA 18:5;O	C18H26O3	[M+Cl]-	/resources/tools/chemdb_ontology?abbrev=FA 18:5;O
325.15057	325.1445	.0060	ST 18:6;O2	C18H18O2	[M+OAc]-	/resources/tools/chemdb_ontology?abbrev=ST 18:6;O2
325.15057	325.1539	.0034	PG 24:3;O3	C30H53O13P	[M-2H]2-	/resources/tools/chemdb_ontology?abbrev=PG 24:3;O3
131.07129	131.0714	.0001	FA 6:0;O	C6H12O3	[M-H]-	/resources/tools/chemdb_ontology?abbrev=FA 6:0;O
131.07129	131.0686	.0027	LPA 15:0	C18H37O7P	[M-3H]3-	/resources/tools/chemdb_ontology?abbrev=LPA 15:0
71.01916	71.0139	.0053	FA 3:1	C3H4O2	[M-H]-	/resources/tools/chemdb_ontology?abbrev=FA 3:1
95.0137	95.0139	.0002	FA 10:6;O2	C10H8O4	[M-2H]2-	/resources/tools/chemdb_ontology?abbrev=FA 10:6;O2
239.03963	239.0481	.0084	FA 12:6;O	C12H12O3	[M+Cl]-	/resources/tools/chemdb_ontology?abbrev=FA 12:6;O
239.03963	239.0409	.0012	FOH 6:2;O6	C6H10O7	[M+Formate]-	/resources/tools/chemdb_ontology?abbrev=FOH 6:2;O6
189.11303	189.1132	.0002	FA 8:0	C8H16O2	[M+Formate]-	/resources/tools/chemdb_ontology?abbrev=FA 8:0
189.11303	189.1132	.0002	SFE 8:0	C8H16O2	[M+Formate]-	/resources/tools/chemdb_ontology?abbrev=SFE 8:0
189.11303	189.1132	.0002	WE 8:0	C8H16O2	[M+Formate]-	/resources/tools/chemdb_ontology?abbrev=WE 8:0
189.11303	189.1132	.0002	FA 7:0	C7H14O2	[M+OAc]-	/resources/tools/chemdb_ontology?abbrev=FA 7:0
189.11303	189.1132	.0002	SFE 7:0	C7H14O2	[M+OAc]-	/resources/tools/chemdb_ontology?abbrev=SFE 7:0
189.11303	189.1132	.0002	FA 18:0;O6	C18H36O8	[M-2H]2-	/resources/tools/chemdb_ontology?abbrev=FA 18:0;O6
143.03492	143.0350	.0001	FA 6:2;O2	C6H8O4	[M-H]-	/resources/tools/chemdb_ontology?abbrev=FA 6:2;O2
143.03492	143.0350	.0001	SFE 6:2;O2	C6H8O4	[M-H]-	/resources/tools/chemdb_ontology?abbrev=SFE 6:2;O2
143.03492	143.0350	.0001	FA 5:2	C5H6O2	[M+Formate]-	/resources/tools/chemdb_ontology?abbrev=FA 5:2
215.03272	215.0328	.0001	FA 6:0;O4	C6H12O6	[M+Cl]-	/resources/tools/chemdb_ontology?abbrev=FA 6:0;O4
271.11848	271.1107	.0078	FA 14:4;O	C14H20O3	[M+Cl]-	/resources/tools/chemdb_ontology?abbrev=FA 14:4;O
271.11848	271.1187	.0002	FA 12:3;O2	C12H18O4	[M+Formate]-	/resources/tools/chemdb_ontology?abbrev=FA 12:3;O2