Input Mass	Matched Mass	Delta	Name	Formula	Ion	LMSD Examples
173.0334	173.0420	.0086	FA 5:0;O3	C5H10O5Na	[M+Na]+	/resources/tools/chemdb_ontology?abbrev=FA 5:0;O3
221.03442	221.0292	.0052	FA 7:3;O6	C7H8O8	[M+H]+	/resources/tools/chemdb_ontology?abbrev=FA 7:3;O6
221.03442	221.0396	.0052	FA 7:1;O3	C7H12O5Na2	[M+2Na-H]+	/resources/tools/chemdb_ontology?abbrev=FA 7:1;O3
681.41256	681.4086	.0040	PC 24:3;O3	C32H58NO11P	[M+NH4]+	/resources/tools/chemdb_ontology?abbrev=PC 24:3;O3
747.45127	747.4443	.0070	PI 29:2	C38H69O13P	[M+H-H2O]+	/resources/tools/chemdb_ontology?abbrev=PI 29:2
747.45127	747.4595	.0083	PG 36:7	C42H69O10P	[M+H-H2O]+	/resources/tools/chemdb_ontology?abbrev=PG 36:7
703.42504	703.4181	.0070	PG 30:3;O2	C36H65O12P	[M+H-H2O]+	/resources/tools/chemdb_ontology?abbrev=PG 30:3;O2
703.42504	703.4309	.0059	PA 35:5	C38H65O8PNa	[M+Na]+	/resources/tools/chemdb_ontology?abbrev=PA 35:5
703.42504	703.4285	.0035	PA 33:2	C36H67O8PNa2	[M+2Na-H]+	/resources/tools/chemdb_ontology?abbrev=PA 33:2
725.43892	725.4364	.0025	PG 31:3	C37H67O10PNa	[M+Na]+	/resources/tools/chemdb_ontology?abbrev=PG 31:3
725.43892	725.4348	.0041	PS 28:2;O2	C34H62NO12P	[M+NH4]+	/resources/tools/chemdb_ontology?abbrev=PS 28:2;O2
725.43892	725.4340	.0049	PG 29:0	C35H69O10PNa2	[M+2Na-H]+	/resources/tools/chemdb_ontology?abbrev=PG 29:0
606.36884	606.3765	.0077	PC 22:2;O	C30H56NO9P	[M+H]+	/resources/tools/chemdb_ontology?abbrev=PC 22:2;O
606.36884	606.3765	.0077	PE 25:1;O2	C30H58NO10P	[M+H-H2O]+	/resources/tools/chemdb_ontology?abbrev=PE 25:1;O2
606.36884	606.3765	.0077	PS 24:0	C30H58NO10P	[M+H-H2O]+	/resources/tools/chemdb_ontology?abbrev=PS 24:0
606.36884	606.3741	.0053	LPS O-22:0;O	C28H58NO9PNa	[M+Na]+	/resources/tools/chemdb_ontology?abbrev=LPS O-22:0;O
297.15853	297.1672	.0087	FA 14:1;O3	C14H26O5Na	[M+Na]+	/resources/tools/chemdb_ontology?abbrev=FA 14:1;O3
297.15853	297.1579	.0006	PA 25:3;O3	C28H49O11P	[M+2H]2+	/resources/tools/chemdb_ontology?abbrev=PA 25:3;O3
134.1171	134.1175	.0004	FA 6:0	C6H12O2	[M+NH4]+	/resources/tools/chemdb_ontology?abbrev=FA 6:0
134.1171	134.1175	.0004	SFE 6:0	C6H12O2	[M+NH4]+	/resources/tools/chemdb_ontology?abbrev=SFE 6:0
134.1171	134.1196	.0025	FA 17:2	C17H30O2	[M+2H]2+	/resources/tools/chemdb_ontology?abbrev=FA 17:2
134.1171	134.1196	.0025	SFE 17:2	C17H30O2	[M+2H]2+	/resources/tools/chemdb_ontology?abbrev=SFE 17:2
134.1171	134.1196	.0025	WE 17:2	C17H30O2	[M+2H]2+	/resources/tools/chemdb_ontology?abbrev=WE 17:2
164.12786	164.1281	.0003	FA 7:0;O	C7H14O3	[M+NH4]+	/resources/tools/chemdb_ontology?abbrev=FA 7:0;O
164.12786	164.1281	.0003	SFE 7:0;O	C7H14O3	[M+NH4]+	/resources/tools/chemdb_ontology?abbrev=SFE 7:0;O
164.12786	164.1301	.0023	FA 19:2;O2	C19H34O4	[M+2H]2+	/resources/tools/chemdb_ontology?abbrev=FA 19:2;O2
164.12786	164.1301	.0023	FOH 19:3;O3	C19H34O4	[M+2H]2+	/resources/tools/chemdb_ontology?abbrev=FOH 19:3;O3
174.1429	174.1488	.0059	FA 9:1	C9H16O2	[M+NH4]+	/resources/tools/chemdb_ontology?abbrev=FA 9:1
174.1429	174.1488	.0059	SFE 9:1	C9H16O2	[M+NH4]+	/resources/tools/chemdb_ontology?abbrev=SFE 9:1
174.1429	174.1488	.0059	WE 9:1	C9H16O2	[M+NH4]+	/resources/tools/chemdb_ontology?abbrev=WE 9:1
187.15515	187.1587	.0035	FA 25:5	C25H40O2	[M+2H]2+	/resources/tools/chemdb_ontology?abbrev=FA 25:5
201.1708	201.1743	.0035	ST 27:2;O2	C27H44O2	[M+2H]2+	/resources/tools/chemdb_ontology?abbrev=ST 27:2;O2
156.11301	156.1145	.0015	FA 18:3;O2	C18H30O4	[M+2H]2+	/resources/tools/chemdb_ontology?abbrev=FA 18:3;O2
247.16503	247.1693	.0042	FA 16:5	C16H22O2	[M+H]+	/resources/tools/chemdb_ontology?abbrev=FA 16:5
247.16503	247.1693	.0042	FA 16:4;O	C16H24O3	[M+H-H2O]+	/resources/tools/chemdb_ontology?abbrev=FA 16:4;O
247.16503	247.1668	.0018	FA 14:2	C14H24O2Na	[M+Na]+	/resources/tools/chemdb_ontology?abbrev=FA 14:2
247.16503	247.1668	.0018	SFE 14:2	C14H24O2Na	[M+Na]+	/resources/tools/chemdb_ontology?abbrev=SFE 14:2
247.16503	247.1668	.0018	WE 14:2	C14H24O2Na	[M+Na]+	/resources/tools/chemdb_ontology?abbrev=WE 14:2
247.16503	247.1652	.0002	CAR 4:1	C11H19NO4	[M+NH4]+	/resources/tools/chemdb_ontology?abbrev=CAR 4:1
247.16503	247.1681	.0030	LPA 22:1	C25H49O7P	[M+2H]2+	/resources/tools/chemdb_ontology?abbrev=LPA 22:1
247.16503	247.1668	.0018	ST 28:1;O4	C28H48O4Na2	[M+2Na]2+	/resources/tools/chemdb_ontology?abbrev=ST 28:1;O4
173.14789	173.1536	.0057	FA 10:0	C10H20O2	[M+H]+	/resources/tools/chemdb_ontology?abbrev=FA 10:0
173.14789	173.1536	.0057	SFE 10:0	C10H20O2	[M+H]+	/resources/tools/chemdb_ontology?abbrev=SFE 10:0
173.14789	173.1536	.0057	WE 10:0	C10H20O2	[M+H]+	/resources/tools/chemdb_ontology?abbrev=WE 10:0
173.14789	173.1430	.0049	FA 23:5	C23H36O2	[M+2H]2+	/resources/tools/chemdb_ontology?abbrev=FA 23:5
173.14789	173.1430	.0049	ST 23:2;O2	C23H36O2	[M+2H]2+	/resources/tools/chemdb_ontology?abbrev=ST 23:2;O2
150.11241	150.1125	.0001	FA 6:0;O	C6H12O3	[M+NH4]+	/resources/tools/chemdb_ontology?abbrev=FA 6:0;O
150.11241	150.1145	.0021	FA 17:2;O2	C17H30O4	[M+2H]2+	/resources/tools/chemdb_ontology?abbrev=FA 17:2;O2
173.13957	173.1430	.0035	FA 23:5	C23H36O2	[M+2H]2+	/resources/tools/chemdb_ontology?abbrev=FA 23:5
173.13957	173.1430	.0035	ST 23:2;O2	C23H36O2	[M+2H]2+	/resources/tools/chemdb_ontology?abbrev=ST 23:2;O2
173.13957	173.1354	.0042	FA 19:1;O3	C19H36O5	[M+2H]2+	/resources/tools/chemdb_ontology?abbrev=FA 19:1;O3
173.13957	173.1354	.0042	FOH 19:2;O4	C19H36O5	[M+2H]2+	/resources/tools/chemdb_ontology?abbrev=FOH 19:2;O4
173.16864	173.1718	.0032	MG O-18:0	C21H44O3	[M+2H]2+	/resources/tools/chemdb_ontology?abbrev=MG O-18:0
527.21197	527.2145	.0025	LPA 22:6	C25H39O7PNa2	[M+2Na-H]+	/resources/tools/chemdb_ontology?abbrev=LPA 22:6
202.17994	202.1801	.0002	FA 11:1	C11H20O2	[M+NH4]+	/resources/tools/chemdb_ontology?abbrev=FA 11:1
202.17994	202.1801	.0002	SFE 11:1	C11H20O2	[M+NH4]+	/resources/tools/chemdb_ontology?abbrev=SFE 11:1
202.17994	202.1801	.0002	WE 11:1	C11H20O2	[M+NH4]+	/resources/tools/chemdb_ontology?abbrev=WE 11:1
202.17994	202.1822	.0022	FA 27:4	C27H46O2	[M+2H]2+	/resources/tools/chemdb_ontology?abbrev=FA 27:4
202.17994	202.1822	.0022	ST 27:1;O2	C27H46O2	[M+2H]2+	/resources/tools/chemdb_ontology?abbrev=ST 27:1;O2
420.1743	420.1758	.0015	PC 8:0	C16H32NO8PNa	[M+Na]+	/resources/tools/chemdb_ontology?abbrev=PC 8:0
265.13069	265.1394	.0087	CAR 3:1;O2	C10H17NO6	[M+NH4]+	/resources/tools/chemdb_ontology?abbrev=CAR 3:1;O2
265.13069	265.1293	.0014	LPG 16:0	C22H45O9PNa2	[M+2Na]2+	/resources/tools/chemdb_ontology?abbrev=LPG 16:0
267.12844	267.1227	.0057	FA 14:5;O3	C14H18O5	[M+H]+	/resources/tools/chemdb_ontology?abbrev=FA 14:5;O3
267.12844	267.1380	.0095	ST 18:6;O2	C18H18O2	[M+H]+	/resources/tools/chemdb_ontology?abbrev=ST 18:6;O2
267.12844	267.1227	.0057	FA 14:4;O4	C14H20O6	[M+H-H2O]+	/resources/tools/chemdb_ontology?abbrev=FA 14:4;O4
267.12844	267.1227	.0057	FOH 14:5;O5	C14H20O6	[M+H-H2O]+	/resources/tools/chemdb_ontology?abbrev=FOH 14:5;O5
267.12844	267.1380	.0095	FA 18:8;O	C18H20O3	[M+H-H2O]+	/resources/tools/chemdb_ontology?abbrev=FA 18:8;O
267.12844	267.1380	.0095	ST 18:5;O3	C18H20O3	[M+H-H2O]+	/resources/tools/chemdb_ontology?abbrev=ST 18:5;O3
267.12844	267.1355	.0071	FA 16:6	C16H20O2Na	[M+Na]+	/resources/tools/chemdb_ontology?abbrev=FA 16:6
267.12844	267.1279	.0005	ST 28:5;O7	C28H40O7Na2	[M+2Na]2+	/resources/tools/chemdb_ontology?abbrev=ST 28:5;O7
267.12844	267.1331	.0047	FA 14:3	C14H22O2Na2	[M+2Na-H]+	/resources/tools/chemdb_ontology?abbrev=FA 14:3
267.12844	267.1331	.0047	SFE 14:3	C14H22O2Na2	[M+2Na-H]+	/resources/tools/chemdb_ontology?abbrev=SFE 14:3
239.10576	239.1042	.0015	FA 14:6	C14H16O2Na	[M+Na]+	/resources/tools/chemdb_ontology?abbrev=FA 14:6
239.10576	239.1096	.0038	ST 19:4;O3;GlcA	C25H32O9	[M+2H]2+	/resources/tools/chemdb_ontology?abbrev=ST 19:4;O3;GlcA
239.10576	239.1031	.0027	LPA 18:3	C21H37O7PNa2	[M+2Na]2+	/resources/tools/chemdb_ontology?abbrev=LPA 18:3
239.10576	239.1018	.0039	FA 12:3	C12H18O2Na2	[M+2Na-H]+	/resources/tools/chemdb_ontology?abbrev=FA 12:3
178.14367	178.1438	.0001	FA 8:0;O	C8H16O3	[M+NH4]+	/resources/tools/chemdb_ontology?abbrev=FA 8:0;O
178.14367	178.1438	.0001	SFE 8:0;O	C8H16O3	[M+NH4]+	/resources/tools/chemdb_ontology?abbrev=SFE 8:0;O
178.14367	178.1458	.0021	FA 21:2;O2	C21H38O4	[M+2H]2+	/resources/tools/chemdb_ontology?abbrev=FA 21:2;O2
178.14367	178.1458	.0021	MG 18:2	C21H38O4	[M+2H]2+	/resources/tools/chemdb_ontology?abbrev=MG 18:2
229.15447	229.1587	.0042	FA 16:5	C16H22O2	[M+H-H2O]+	/resources/tools/chemdb_ontology?abbrev=FA 16:5
229.15447	229.1511	.0034	ST 28:5;O5	C28H40O5	[M+2H]2+	/resources/tools/chemdb_ontology?abbrev=ST 28:5;O5
229.15447	229.1563	.0018	FA 28:6	C28H44O2Na2	[M+2Na]2+	/resources/tools/chemdb_ontology?abbrev=FA 28:6
229.15447	229.1563	.0018	ST 28:3;O2	C28H44O2Na2	[M+2Na]2+	/resources/tools/chemdb_ontology?abbrev=ST 28:3;O2
487.16541	487.1679	.0025	PG 12:0	C18H35O10PNa2	[M+2Na-H]+	/resources/tools/chemdb_ontology?abbrev=PG 12:0
334.22115	334.2142	.0070	SPBP 16:1;O2	C16H34NO5P	[M+H-H2O]+	/resources/tools/chemdb_ontology?abbrev=SPBP 16:1;O2
334.22115	334.2224	.0013	FOH 16:3;O5	C16H28O6	[M+NH4]+	/resources/tools/chemdb_ontology?abbrev=FOH 16:3;O5
334.22115	334.2203	.0009	PA 34:5	C37H63O8P	[M+2H]2+	/resources/tools/chemdb_ontology?abbrev=PA 34:5
292.15015	292.1475	.0026	LPI 17:2	C26H47O12P	[M+2H]2+	/resources/tools/chemdb_ontology?abbrev=LPI 17:2
292.15015	292.1528	.0026	LPG 20:1	C26H51O9PNa2	[M+2Na]2+	/resources/tools/chemdb_ontology?abbrev=LPG 20:1
127.0388	127.0390	.0002	FA 6:2;O2	C6H8O4	[M+H-H2O]+	/resources/tools/chemdb_ontology?abbrev=FA 6:2;O2
127.0388	127.0390	.0002	SFE 6:2;O2	C6H8O4	[M+H-H2O]+	/resources/tools/chemdb_ontology?abbrev=SFE 6:2;O2
127.0388	127.0366	.0022	FA 4:0;O	C4H8O3Na	[M+Na]+	/resources/tools/chemdb_ontology?abbrev=FA 4:0;O
361.15307	361.1622	.0091	FA 18:5;O4	C18H26O6Na	[M+Na]+	/resources/tools/chemdb_ontology?abbrev=FA 18:5;O4
361.15307	361.1598	.0067	FOH 16:3;O5	C16H28O6Na2	[M+2Na-H]+	/resources/tools/chemdb_ontology?abbrev=FOH 16:3;O5
334.24443	334.2377	.0068	FA 20:6;O	C20H28O3	[M+NH4]+	/resources/tools/chemdb_ontology?abbrev=FA 20:6;O
334.24443	334.2377	.0068	ST 20:3;O3	C20H28O3	[M+NH4]+	/resources/tools/chemdb_ontology?abbrev=ST 20:3;O3
334.24443	334.2491	.0046	PG O-29:0	C35H71O9P	[M+2H]2+	/resources/tools/chemdb_ontology?abbrev=PG O-29:0
225.03436	225.0346	.0002	FA 6:0;O4	C6H12O6Na2	[M+2Na-H]+	/resources/tools/chemdb_ontology?abbrev=FA 6:0;O4
318.22651	318.2275	.0010	FA 16:2;O3	C16H28O5	[M+NH4]+	/resources/tools/chemdb_ontology?abbrev=FA 16:2;O3
411.18322	411.1754	.0078	FA 20:5;O4	C20H30O6Na2	[M+2Na-H]+	/resources/tools/chemdb_ontology?abbrev=FA 20:5;O4
163.06837	163.0754	.0070	FA 10:5	C10H10O2	[M+H]+	/resources/tools/chemdb_ontology?abbrev=FA 10:5
163.06837	163.0601	.0083	FA 6:1;O3	C6H10O5	[M+H]+	/resources/tools/chemdb_ontology?abbrev=FA 6:1;O3
163.06837	163.0754	.0070	SFE 10:4;O	C10H12O3	[M+H-H2O]+	/resources/tools/chemdb_ontology?abbrev=SFE 10:4;O
163.06837	163.0601	.0083	FA 6:0;O4	C6H12O6	[M+H-H2O]+	/resources/tools/chemdb_ontology?abbrev=FA 6:0;O4
163.06837	163.0729	.0046	FA 8:2	C8H12O2Na	[M+Na]+	/resources/tools/chemdb_ontology?abbrev=FA 8:2
163.06837	163.0729	.0046	SFE 8:2	C8H12O2Na	[M+Na]+	/resources/tools/chemdb_ontology?abbrev=SFE 8:2
163.06837	163.0729	.0046	WE 8:2	C8H12O2Na	[M+Na]+	/resources/tools/chemdb_ontology?abbrev=WE 8:2
163.06837	163.0729	.0046	FA 16:4;O2	C16H24O4Na2	[M+2Na]2+	/resources/tools/chemdb_ontology?abbrev=FA 16:4;O2
342.13908	342.1312	.0079	PC 4:0	C12H24NO8P	[M+H]+	/resources/tools/chemdb_ontology?abbrev=PC 4:0
342.13908	342.1426	.0035	PG 23:3;O3	C29H51O13PNa2	[M+2Na]2+	/resources/tools/chemdb_ontology?abbrev=PG 23:3;O3
109.0279	109.0260	.0019	FA 4:1	C4H6O2Na	[M+Na]+	/resources/tools/chemdb_ontology?abbrev=FA 4:1
109.0279	109.0260	.0019	FA 8:2;O2	C8H12O4Na2	[M+2Na]2+	/resources/tools/chemdb_ontology?abbrev=FA 8:2;O2
97.03472	97.0284	.0063	FA 5:2;O	C5H6O3	[M+H-H2O]+	/resources/tools/chemdb_ontology?abbrev=FA 5:2;O
97.03472	97.0260	.0087	FA 3:0	C3H6O2Na	[M+Na]+	/resources/tools/chemdb_ontology?abbrev=FA 3:0
127.04631	127.0390	.0073	FA 6:2;O2	C6H8O4	[M+H-H2O]+	/resources/tools/chemdb_ontology?abbrev=FA 6:2;O2
127.04631	127.0390	.0073	SFE 6:2;O2	C6H8O4	[M+H-H2O]+	/resources/tools/chemdb_ontology?abbrev=SFE 6:2;O2
127.04631	127.0366	.0098	FA 4:0;O	C4H8O3Na	[M+Na]+	/resources/tools/chemdb_ontology?abbrev=FA 4:0;O
127.04631	127.0442	.0021	FA 12:4;O	C12H16O3Na2	[M+2Na]2+	/resources/tools/chemdb_ontology?abbrev=FA 12:4;O
290.21843	290.2114	.0070	FA 18:6	C18H24O2	[M+NH4]+	/resources/tools/chemdb_ontology?abbrev=FA 18:6
290.21843	290.2114	.0070	ST 18:3;O2	C18H24O2	[M+NH4]+	/resources/tools/chemdb_ontology?abbrev=ST 18:3;O2
290.21843	290.2228	.0044	PA O-28:0	C31H63O7P	[M+2H]2+	/resources/tools/chemdb_ontology?abbrev=PA O-28:0
221.18603	221.1900	.0040	FA 15:2	C15H26O2	[M+H-H2O]+	/resources/tools/chemdb_ontology?abbrev=FA 15:2
221.18603	221.1900	.0040	SFE 15:2	C15H26O2	[M+H-H2O]+	/resources/tools/chemdb_ontology?abbrev=SFE 15:2
221.18603	221.1900	.0040	WE 15:2	C15H26O2	[M+H-H2O]+	/resources/tools/chemdb_ontology?abbrev=WE 15:2
221.18603	221.1900	.0040	FA 30:6	C30H48O2	[M+2H]2+	/resources/tools/chemdb_ontology?abbrev=FA 30:6
221.18603	221.1900	.0040	ST 30:3;O2	C30H48O2	[M+2H]2+	/resources/tools/chemdb_ontology?abbrev=ST 30:3;O2
221.18603	221.1876	.0016	FA 26:0	C26H52O2Na2	[M+2Na]2+	/resources/tools/chemdb_ontology?abbrev=FA 26:0
221.18603	221.1876	.0016	SFE 26:0	C26H52O2Na2	[M+2Na]2+	/resources/tools/chemdb_ontology?abbrev=SFE 26:0
221.18603	221.1876	.0016	WE 26:0	C26H52O2Na2	[M+2Na]2+	/resources/tools/chemdb_ontology?abbrev=WE 26:0
163.05993	163.0601	.0002	FA 6:1;O3	C6H10O5	[M+H]+	/resources/tools/chemdb_ontology?abbrev=FA 6:1;O3
163.05993	163.0601	.0002	FA 6:0;O4	C6H12O6	[M+H-H2O]+	/resources/tools/chemdb_ontology?abbrev=FA 6:0;O4
392.14237	392.1445	.0021	PC 6:0	C14H28NO8PNa	[M+Na]+	/resources/tools/chemdb_ontology?abbrev=PC 6:0
155.12857	155.1248	.0037	FA 19:3;O	C19H32O3	[M+2H]2+	/resources/tools/chemdb_ontology?abbrev=FA 19:3;O
145.04942	145.0495	.0001	FA 6:2;O2	C6H8O4	[M+H]+	/resources/tools/chemdb_ontology?abbrev=FA 6:2;O2
145.04942	145.0495	.0001	SFE 6:2;O2	C6H8O4	[M+H]+	/resources/tools/chemdb_ontology?abbrev=SFE 6:2;O2
145.04942	145.0495	.0001	FA 6:1;O3	C6H10O5	[M+H-H2O]+	/resources/tools/chemdb_ontology?abbrev=FA 6:1;O3
138.12708	138.1221	.0050	ST 19:1;O	C19H30O	[M+2H]2+	/resources/tools/chemdb_ontology?abbrev=ST 19:1;O
185.09765	185.0937	.0040	FA 22:8	C22H28O2Na2	[M+2Na]2+	/resources/tools/chemdb_ontology?abbrev=FA 22:8
815.57993	815.5797	.0003	PG 39:3	C45H83O10P	[M+H]+	/resources/tools/chemdb_ontology?abbrev=PG 39:3
815.57993	815.5773	.0027	PG 37:0	C43H85O10PNa	[M+Na]+	/resources/tools/chemdb_ontology?abbrev=PG 37:0
815.57993	815.5756	.0043	IPC 34:0;O3	C40H80NO12P	[M+NH4]+	/resources/tools/chemdb_ontology?abbrev=IPC 34:0;O3
344.17321	344.1712	.0020	PI 22:1;O	C30H55O15P	[M+2H]2+	/resources/tools/chemdb_ontology?abbrev=PI 22:1;O
344.17321	344.1764	.0032	LPI 21:0	C30H59O12PNa2	[M+2Na]2+	/resources/tools/chemdb_ontology?abbrev=LPI 21:0
372.20454	372.2025	.0020	PI 25:1;O2	C34H63O15P	[M+2H]2+	/resources/tools/chemdb_ontology?abbrev=PI 25:1;O2
332.24178	332.2431	.0014	FAHFA 17:2;O2	C17H30O5	[M+NH4]+	/resources/tools/chemdb_ontology?abbrev=FAHFA 17:2;O2
168.09937	168.1015	.0021	FA 19:4	C19H30O2Na2	[M+2Na]2+	/resources/tools/chemdb_ontology?abbrev=FA 19:4
168.09937	168.1015	.0021	ST 19:1;O2	C19H30O2Na2	[M+2Na]2+	/resources/tools/chemdb_ontology?abbrev=ST 19:1;O2
145.05737	145.0495	.0078	FA 6:2;O2	C6H8O4	[M+H]+	/resources/tools/chemdb_ontology?abbrev=FA 6:2;O2
145.05737	145.0495	.0078	SFE 6:2;O2	C6H8O4	[M+H]+	/resources/tools/chemdb_ontology?abbrev=SFE 6:2;O2
145.05737	145.0648	.0074	FA 10:5	C10H10O2	[M+H-H2O]+	/resources/tools/chemdb_ontology?abbrev=FA 10:5
145.05737	145.0495	.0078	FA 6:1;O3	C6H10O5	[M+H-H2O]+	/resources/tools/chemdb_ontology?abbrev=FA 6:1;O3
167.03968	167.0315	.0082	FA 6:2;O2	C6H8O4Na	[M+Na]+	/resources/tools/chemdb_ontology?abbrev=FA 6:2;O2
167.03968	167.0315	.0082	SFE 6:2;O2	C6H8O4Na	[M+Na]+	/resources/tools/chemdb_ontology?abbrev=SFE 6:2;O2
99.04381	99.0441	.0002	FA 5:2	C5H6O2	[M+H]+	/resources/tools/chemdb_ontology?abbrev=FA 5:2
99.04381	99.0441	.0002	FA 5:1;O	C5H8O3	[M+H-H2O]+	/resources/tools/chemdb_ontology?abbrev=FA 5:1;O
99.04381	99.0441	.0002	SFE 5:1;O	C5H8O3	[M+H-H2O]+	/resources/tools/chemdb_ontology?abbrev=SFE 5:1;O
85.03435	85.0284	.0060	FA 4:1;O	C4H6O3	[M+H-H2O]+	/resources/tools/chemdb_ontology?abbrev=FA 4:1;O
85.03435	85.0284	.0060	FAL 4:1;O2	C4H6O3	[M+H-H2O]+	/resources/tools/chemdb_ontology?abbrev=FAL 4:1;O2
115.03882	115.0390	.0001	FA 5:2;O	C5H6O3	[M+H]+	/resources/tools/chemdb_ontology?abbrev=FA 5:2;O
115.03882	115.0390	.0001	FA 5:1;O2	C5H8O4	[M+H-H2O]+	/resources/tools/chemdb_ontology?abbrev=FA 5:1;O2
205.12625	205.1199	.0064	FA 11:2	C11H18O2Na	[M+Na]+	/resources/tools/chemdb_ontology?abbrev=FA 11:2
205.12625	205.1199	.0064	SFE 11:2	C11H18O2Na	[M+Na]+	/resources/tools/chemdb_ontology?abbrev=SFE 11:2
205.12625	205.1199	.0064	WE 11:2	C11H18O2Na	[M+Na]+	/resources/tools/chemdb_ontology?abbrev=WE 11:2
365.14283	365.1417	.0011	ST 19:3;O3;S	C19H26O6S	[M+H-H2O]+	/resources/tools/chemdb_ontology?abbrev=ST 19:3;O3;S
365.14283	365.1488	.0060	FA 22:10	C22H24O2Na2	[M+2Na-H]+	/resources/tools/chemdb_ontology?abbrev=FA 22:10
85.0282	85.0284	.0002	FA 4:1;O	C4H6O3	[M+H-H2O]+	/resources/tools/chemdb_ontology?abbrev=FA 4:1;O
85.0282	85.0284	.0002	FAL 4:1;O2	C4H6O3	[M+H-H2O]+	/resources/tools/chemdb_ontology?abbrev=FAL 4:1;O2
163.11572	163.1117	.0040	FA 11:3	C11H16O2	[M+H-H2O]+	/resources/tools/chemdb_ontology?abbrev=FA 11:3
163.11572	163.1117	.0040	SFE 11:3	C11H16O2	[M+H-H2O]+	/resources/tools/chemdb_ontology?abbrev=SFE 11:3
163.11572	163.1117	.0040	FA 22:8	C22H28O2	[M+2H]2+	/resources/tools/chemdb_ontology?abbrev=FA 22:8
167.03131	167.0315	.0002	FA 6:2;O2	C6H8O4Na	[M+Na]+	/resources/tools/chemdb_ontology?abbrev=FA 6:2;O2
167.03131	167.0315	.0002	SFE 6:2;O2	C6H8O4Na	[M+Na]+	/resources/tools/chemdb_ontology?abbrev=SFE 6:2;O2
226.11432	226.1050	.0093	CAR 2:0	C9H17NO4Na	[M+Na]+	/resources/tools/chemdb_ontology?abbrev=CAR 2:0
362.15458	362.1582	.0037	PG 26:4;O3	C32H55O13PNa2	[M+2Na]2+	/resources/tools/chemdb_ontology?abbrev=PG 26:4;O3
125.02075	125.0233	.0026	FA 6:3;O2	C6H6O4	[M+H-H2O]+	/resources/tools/chemdb_ontology?abbrev=FA 6:3;O2
125.02075	125.0209	.0002	FA 4:1;O	C4H6O3Na	[M+Na]+	/resources/tools/chemdb_ontology?abbrev=FA 4:1;O
125.02075	125.0209	.0002	FAL 4:1;O2	C4H6O3Na	[M+Na]+	/resources/tools/chemdb_ontology?abbrev=FAL 4:1;O2
226.13787	226.1438	.0059	CAR 5:1	C12H21NO4	[M+H-H2O]+	/resources/tools/chemdb_ontology?abbrev=CAR 5:1
226.13787	226.1438	.0059	FA 12:4;O	C12H16O3	[M+NH4]+	/resources/tools/chemdb_ontology?abbrev=FA 12:4;O
377.15277	377.1547	.0019	FA 16:2;O5	C16H28O7Na2	[M+2Na-H]+	/resources/tools/chemdb_ontology?abbrev=FA 16:2;O5
178.13346	178.1352	.0018	FA 24:7	C24H34O2	[M+2H]2+	/resources/tools/chemdb_ontology?abbrev=FA 24:7
178.13346	178.1352	.0018	ST 24:4;O2	C24H34O2	[M+2H]2+	/resources/tools/chemdb_ontology?abbrev=ST 24:4;O2
178.13346	178.1328	.0007	FA 20:1	C20H38O2Na2	[M+2Na]2+	/resources/tools/chemdb_ontology?abbrev=FA 20:1
178.13346	178.1328	.0007	SFE 20:1	C20H38O2Na2	[M+2Na]2+	/resources/tools/chemdb_ontology?abbrev=SFE 20:1
178.13346	178.1328	.0007	WE 20:1	C20H38O2Na2	[M+2Na]2+	/resources/tools/chemdb_ontology?abbrev=WE 20:1
613.33918	613.3347	.0044	LPI 19:1	C28H53O12P	[M+H]+	/resources/tools/chemdb_ontology?abbrev=LPI 19:1
613.33918	613.3476	.0084	PA 27:2;O	C30H55O9PNa	[M+Na]+	/resources/tools/chemdb_ontology?abbrev=PA 27:2;O
613.33918	613.3460	.0068	PS 21:1;O	C27H50NO11P	[M+NH4]+	/resources/tools/chemdb_ontology?abbrev=PS 21:1;O
613.33918	613.3452	.0060	LPG 22:0	C28H57O9PNa2	[M+2Na-H]+	/resources/tools/chemdb_ontology?abbrev=LPG 22:0
198.09705	198.0972	.0002	FA 6:0;O4	C6H12O6	[M+NH4]+	/resources/tools/chemdb_ontology?abbrev=FA 6:0;O4
198.09705	198.0939	.0032	FA 20:5;O3	C20H30O5Na2	[M+2Na]2+	/resources/tools/chemdb_ontology?abbrev=FA 20:5;O3
692.40576	692.4133	.0076	PC 26:3;O3	C34H62NO11P	[M+H]+	/resources/tools/chemdb_ontology?abbrev=PC 26:3;O3
608.38451	608.3922	.0077	PE 25:1;O	C30H58NO9P	[M+H]+	/resources/tools/chemdb_ontology?abbrev=PE 25:1;O
608.38451	608.3922	.0077	PA 27:2;O	C30H55O9P	[M+NH4]+	/resources/tools/chemdb_ontology?abbrev=PA 27:2;O
652.41191	652.4184	.0065	PS 26:0	C32H62NO10P	[M+H]+	/resources/tools/chemdb_ontology?abbrev=PS 26:0
564.35834	564.3660	.0076	PC 20:1	C28H54NO8P	[M+H]+	/resources/tools/chemdb_ontology?abbrev=PC 20:1
564.35834	564.3660	.0076	LPS 22:0	C28H56NO9P	[M+H-H2O]+	/resources/tools/chemdb_ontology?abbrev=LPS 22:0
184.12432	184.1332	.0089	FA 10:3	C10H14O2	[M+NH4]+	/resources/tools/chemdb_ontology?abbrev=FA 10:3
184.12432	184.1276	.0033	FA 21:4;O3	C21H34O5	[M+2H]2+	/resources/tools/chemdb_ontology?abbrev=FA 21:4;O3
184.12432	184.1276	.0033	ST 21:1;O5	C21H34O5	[M+2H]2+	/resources/tools/chemdb_ontology?abbrev=ST 21:1;O5
263.10967	263.1067	.0030	FA 18:10;O	C18H16O3	[M+H-H2O]+	/resources/tools/chemdb_ontology?abbrev=FA 18:10;O
263.10967	263.1072	.0025	ST 19:2;O3;GlcA	C25H36O9Na2	[M+2Na]2+	/resources/tools/chemdb_ontology?abbrev=ST 19:2;O3;GlcA
263.10967	263.1018	.0078	FA 14:5	C14H18O2Na2	[M+2Na-H]+	/resources/tools/chemdb_ontology?abbrev=FA 14:5
365.14737	365.1417	.0057	ST 19:3;O3;S	C19H26O6S	[M+H-H2O]+	/resources/tools/chemdb_ontology?abbrev=ST 19:3;O3;S
365.14737	365.1488	.0014	FA 22:10	C22H24O2Na2	[M+2Na-H]+	/resources/tools/chemdb_ontology?abbrev=FA 22:10
316.21155	316.2118	.0003	FA 16:3;O3	C16H26O5	[M+NH4]+	/resources/tools/chemdb_ontology?abbrev=FA 16:3;O3
126.02216	126.0182	.0040	FA 11:6;O2	C11H10O4Na2	[M+2Na]2+	/resources/tools/chemdb_ontology?abbrev=FA 11:6;O2
412.20828	412.2095	.0012	PE 12:0	C17H34NO8P	[M+H]+	/resources/tools/chemdb_ontology?abbrev=PE 12:0
370.16142	370.1625	.0011	PC 6:0	C14H28NO8P	[M+H]+	/resources/tools/chemdb_ontology?abbrev=PC 6:0
370.16142	370.1683	.0068	ST 18:3;O2;S	C18H24O5S	[M+NH4]+	/resources/tools/chemdb_ontology?abbrev=ST 18:3;O2;S
118.09321	118.0862	.0070	FA 5:1	C5H8O2	[M+NH4]+	/resources/tools/chemdb_ontology?abbrev=FA 5:1
118.09321	118.0862	.0070	SFE 5:1	C5H8O2	[M+NH4]+	/resources/tools/chemdb_ontology?abbrev=SFE 5:1
118.09321	118.0883	.0050	FA 15:4	C15H22O2	[M+2H]2+	/resources/tools/chemdb_ontology?abbrev=FA 15:4
118.09321	118.0883	.0050	WE 15:4	C15H22O2	[M+2H]2+	/resources/tools/chemdb_ontology?abbrev=WE 15:4
481.26097	481.2561	.0049	PG 16:0	C22H43O10P	[M+H-H2O]+	/resources/tools/chemdb_ontology?abbrev=PG 16:0
354.28441	354.2791	.0053	NAE 22:6	C24H37NO2	[M+H-H2O]+	/resources/tools/chemdb_ontology?abbrev=NAE 22:6
354.28441	354.2885	.0041	CerPE 36:0;O3	C38H79N2O7P	[M+2H]2+	/resources/tools/chemdb_ontology?abbrev=CerPE 36:0;O3
354.28441	354.2817	.0027	DG 39:2	C42H78O5Na2	[M+2Na]2+	/resources/tools/chemdb_ontology?abbrev=DG 39:2
368.30026	368.2973	.0029	DG 41:2	C44H82O5Na2	[M+2Na]2+	/resources/tools/chemdb_ontology?abbrev=DG 41:2
534.35839	534.3554	.0030	LPE 22:2	C27H52NO7P	[M+H]+	/resources/tools/chemdb_ontology?abbrev=LPE 22:2
534.35839	534.3554	.0030	PC 19:0	C27H54NO8P	[M+H-H2O]+	/resources/tools/chemdb_ontology?abbrev=PC 19:0
534.35839	534.3530	.0054	LPE O-20:0;O	C25H54NO7PNa	[M+Na]+	/resources/tools/chemdb_ontology?abbrev=LPE O-20:0;O
534.35839	534.3637	.0053	ST 27:0;O9	C27H48O9	[M+NH4]+	/resources/tools/chemdb_ontology?abbrev=ST 27:0;O9
534.35839	534.3574	.0010	TG 66:18	C69H98O6Na2	[M+2Na]2+	/resources/tools/chemdb_ontology?abbrev=TG 66:18
534.35839	534.3563	.0020	NAT 25:0	C27H55NO4SNa2	[M+2Na-H]+	/resources/tools/chemdb_ontology?abbrev=NAT 25:0
373.30556	373.3101	.0045	FA 25:5	C25H40O2	[M+H]+	/resources/tools/chemdb_ontology?abbrev=FA 25:5
373.30556	373.3101	.0045	ST 25:1;O3	C25H42O3	[M+H-H2O]+	/resources/tools/chemdb_ontology?abbrev=ST 25:1;O3
373.30556	373.3089	.0034	PA O-40:1	C43H85O7P	[M+2H]2+	/resources/tools/chemdb_ontology?abbrev=PA O-40:1
407.18733	407.1923	.0049	PI 27:2;O2	C36H65O15PNa2	[M+2Na]2+	/resources/tools/chemdb_ontology?abbrev=PI 27:2;O2
407.18733	407.1805	.0068	ST 21:3;O5	C21H30O5Na2	[M+2Na-H]+	/resources/tools/chemdb_ontology?abbrev=ST 21:3;O5
417.33169	417.3363	.0046	ST 27:2;O3	C27H44O3	[M+H]+	/resources/tools/chemdb_ontology?abbrev=ST 27:2;O3
417.33169	417.3363	.0046	ST 27:1;O4	C27H46O4	[M+H-H2O]+	/resources/tools/chemdb_ontology?abbrev=ST 27:1;O4
417.33169	417.3351	.0034	PG O-41:1	C47H93O9P	[M+2H]2+	/resources/tools/chemdb_ontology?abbrev=PG O-41:1
417.33169	417.3363	.0046	TG 51:8	C54H88O6	[M+2H]2+	/resources/tools/chemdb_ontology?abbrev=TG 51:8
417.33169	417.3339	.0022	TG 47:2	C50H92O6Na2	[M+2Na]2+	/resources/tools/chemdb_ontology?abbrev=TG 47:2
417.33169	417.3278	.0039	SM 40:0;O2	C45H93N2O6PNa2	[M+2Na]2+	/resources/tools/chemdb_ontology?abbrev=SM 40:0;O2
233.11064	233.1148	.0042	FA 12:3;O	C12H18O3Na	[M+Na]+	/resources/tools/chemdb_ontology?abbrev=FA 12:3;O
233.11064	233.1148	.0042	WE 12:3;O	C12H18O3Na	[M+Na]+	/resources/tools/chemdb_ontology?abbrev=WE 12:3;O
233.11064	233.1096	.0011	ST 18:3;O3;GlcA	C24H32O9	[M+2H]2+	/resources/tools/chemdb_ontology?abbrev=ST 18:3;O3;GlcA
233.11064	233.1124	.0018	FA 10:0;O	C10H20O3Na2	[M+2Na-H]+	/resources/tools/chemdb_ontology?abbrev=FA 10:0;O
233.11064	233.1124	.0018	FOH 10:1;O2	C10H20O3Na2	[M+2Na-H]+	/resources/tools/chemdb_ontology?abbrev=FOH 10:1;O2
233.11064	233.1124	.0018	WE 10:0;O	C10H20O3Na2	[M+2Na-H]+	/resources/tools/chemdb_ontology?abbrev=WE 10:0;O
465.28589	465.2823	.0036	WE 24:3;O5	C24H42O7Na	[M+Na]+	/resources/tools/chemdb_ontology?abbrev=WE 24:3;O5
465.28589	465.2951	.0092	MG O-23:5;O	C26H44O4Na2	[M+2Na-H]+	/resources/tools/chemdb_ontology?abbrev=MG O-23:5;O
465.28589	465.2951	.0092	ST 26:1;O4	C26H44O4Na2	[M+2Na-H]+	/resources/tools/chemdb_ontology?abbrev=ST 26:1;O4
334.2347	334.2377	.0030	FA 20:6;O	C20H28O3	[M+NH4]+	/resources/tools/chemdb_ontology?abbrev=FA 20:6;O
334.2347	334.2377	.0030	ST 20:3;O3	C20H28O3	[M+NH4]+	/resources/tools/chemdb_ontology?abbrev=ST 20:3;O3
334.2347	334.2309	.0038	PG 28:0	C34H67O10P	[M+2H]2+	/resources/tools/chemdb_ontology?abbrev=PG 28:0
371.30908	371.3156	.0065	FA 22:1;O2	C22H42O4	[M+H]+	/resources/tools/chemdb_ontology?abbrev=FA 22:1;O2
371.30908	371.3050	.0041	TG 44:5	C47H80O6	[M+2H]2+	/resources/tools/chemdb_ontology?abbrev=TG 44:5
381.34701	381.3516	.0046	ST 28:2;O	C28H46O	[M+H-H2O]+	/resources/tools/chemdb_ontology?abbrev=ST 28:2;O
495.42528	495.4172	.0080	FA 32:4	C32H56O2Na	[M+Na]+	/resources/tools/chemdb_ontology?abbrev=FA 32:4
495.42528	495.4172	.0080	WE 32:4	C32H56O2Na	[M+Na]+	/resources/tools/chemdb_ontology?abbrev=WE 32:4
495.42528	495.4302	.0049	TG 62:7	C65H112O6	[M+2H]2+	/resources/tools/chemdb_ontology?abbrev=TG 62:7
495.42528	495.4278	.0025	TG 58:1	C61H116O6Na2	[M+2Na]2+	/resources/tools/chemdb_ontology?abbrev=TG 58:1
459.35467	459.3469	.0078	ST 29:3;O4	C29H46O4	[M+H]+	/resources/tools/chemdb_ontology?abbrev=ST 29:3;O4
459.35467	459.3469	.0078	ST 29:2;O5	C29H48O5	[M+H-H2O]+	/resources/tools/chemdb_ontology?abbrev=ST 29:2;O5
459.35467	459.3573	.0027	ST 29:1;O	C29H50ONa2	[M+2Na-H]+	/resources/tools/chemdb_ontology?abbrev=ST 29:1;O
474.26136	474.2615	.0002	LPE 18:4	C23H40NO7P	[M+H]+	/resources/tools/chemdb_ontology?abbrev=LPE 18:4
474.26136	474.2591	.0023	LPE 16:1	C21H42NO7PNa	[M+Na]+	/resources/tools/chemdb_ontology?abbrev=LPE 16:1
474.26136	474.2591	.0023	PC O-13:1	C21H42NO7PNa	[M+Na]+	/resources/tools/chemdb_ontology?abbrev=PC O-13:1
474.26136	474.2615	.0002	LPA 20:5	C23H37O7P	[M+NH4]+	/resources/tools/chemdb_ontology?abbrev=LPA 20:5
353.29875	353.3050	.0063	FA 22:1;O2	C22H42O4	[M+H-H2O]+	/resources/tools/chemdb_ontology?abbrev=FA 22:1;O2
353.29875	353.2989	.0001	SM 34:0;O2	C39H81N2O6P	[M+2H]2+	/resources/tools/chemdb_ontology?abbrev=SM 34:0;O2
434.28518	434.2877	.0025	CAR 16:2;O	C23H41NO5Na	[M+Na]+	/resources/tools/chemdb_ontology?abbrev=CAR 16:2;O
352.29554	352.2911	.0045	CerPE 37:1;O2	C39H79N2O6P	[M+2H]2+	/resources/tools/chemdb_ontology?abbrev=CerPE 37:1;O2
352.29554	352.2911	.0045	SM 34:1;O2	C39H79N2O6P	[M+2H]2+	/resources/tools/chemdb_ontology?abbrev=SM 34:1;O2
270.24276	270.2427	.0000	FA 16:2	C16H28O2	[M+NH4]+	/resources/tools/chemdb_ontology?abbrev=FA 16:2
270.24276	270.2427	.0000	SFE 16:2	C16H28O2	[M+NH4]+	/resources/tools/chemdb_ontology?abbrev=SFE 16:2
270.24276	270.2427	.0000	WE 16:2	C16H28O2	[M+NH4]+	/resources/tools/chemdb_ontology?abbrev=WE 16:2
270.24276	270.2448	.0020	FA 37:6	C37H62O2	[M+2H]2+	/resources/tools/chemdb_ontology?abbrev=FA 37:6
270.24276	270.2424	.0004	FA 33:0	C33H66O2Na2	[M+2Na]2+	/resources/tools/chemdb_ontology?abbrev=FA 33:0
270.24276	270.2424	.0004	WE 33:0	C33H66O2Na2	[M+2Na]2+	/resources/tools/chemdb_ontology?abbrev=WE 33:0
396.3098	396.3108	.0010	CAR 16:2	C23H41NO4	[M+H]+	/resources/tools/chemdb_ontology?abbrev=CAR 16:2
396.3098	396.3108	.0010	CAR 16:1;O	C23H43NO5	[M+H-H2O]+	/resources/tools/chemdb_ontology?abbrev=CAR 16:1;O
396.3098	396.3108	.0010	FA 23:4;O2	C23H38O4	[M+NH4]+	/resources/tools/chemdb_ontology?abbrev=FA 23:4;O2
396.3098	396.3108	.0010	FOH 23:5;O3	C23H38O4	[M+NH4]+	/resources/tools/chemdb_ontology?abbrev=FOH 23:5;O3
396.3098	396.3108	.0010	MG 20:4	C23H38O4	[M+NH4]+	/resources/tools/chemdb_ontology?abbrev=MG 20:4
396.3098	396.3108	.0010	ST 23:1;O4	C23H38O4	[M+NH4]+	/resources/tools/chemdb_ontology?abbrev=ST 23:1;O4
396.3098	396.3117	.0019	PG O-38:1	C44H87O9P	[M+2H]2+	/resources/tools/chemdb_ontology?abbrev=PG O-38:1
396.3098	396.3128	.0030	TG 48:8	C51H82O6	[M+2H]2+	/resources/tools/chemdb_ontology?abbrev=TG 48:8
396.3098	396.3104	.0006	TG 44:2	C47H86O6Na2	[M+2Na]2+	/resources/tools/chemdb_ontology?abbrev=TG 44:2
456.33627	456.3320	.0043	CAR 18:2;O2	C25H45NO6	[M+H]+	/resources/tools/chemdb_ontology?abbrev=CAR 18:2;O2
329.29883	329.3050	.0062	FA 20:0;O	C20H40O3	[M+H]+	/resources/tools/chemdb_ontology?abbrev=FA 20:0;O
329.29883	329.3050	.0062	MG O-17:0;O	C20H42O4	[M+H-H2O]+	/resources/tools/chemdb_ontology?abbrev=MG O-17:0;O
401.20659	401.2063	.0003	ST 23:4;O3	C23H32O3Na2	[M+2Na-H]+	/resources/tools/chemdb_ontology?abbrev=ST 23:4;O3
543.44713	543.4408	.0064	DG 32:4	C35H60O5	[M+H-H2O]+	/resources/tools/chemdb_ontology?abbrev=DG 32:4
336.22956	336.2298	.0003	SPBP 16:0;O2	C16H36NO5P	[M+H-H2O]+	/resources/tools/chemdb_ontology?abbrev=SPBP 16:0;O2
280.26317	280.2635	.0003	NAE 16:1	C18H35NO2	[M+H-H2O]+	/resources/tools/chemdb_ontology?abbrev=NAE 16:1
280.26317	280.2635	.0003	SPB 18:2;O2	C18H35NO2	[M+H-H2O]+	/resources/tools/chemdb_ontology?abbrev=SPB 18:2;O2
320.25566	320.2560	.0003	NAE 16:1	C18H35NO2Na	[M+Na]+	/resources/tools/chemdb_ontology?abbrev=NAE 16:1
320.25566	320.2560	.0003	SPB 18:2;O2	C18H35NO2Na	[M+Na]+	/resources/tools/chemdb_ontology?abbrev=SPB 18:2;O2
320.25566	320.2584	.0027	FA 20:5	C20H30O2	[M+NH4]+	/resources/tools/chemdb_ontology?abbrev=FA 20:5
320.25566	320.2584	.0027	ST 20:2;O2	C20H30O2	[M+NH4]+	/resources/tools/chemdb_ontology?abbrev=ST 20:2;O2
320.25566	320.2528	.0029	DG 38:7	C41H66O5	[M+2H]2+	/resources/tools/chemdb_ontology?abbrev=DG 38:7
320.25566	320.2580	.0023	CE 14:1	C41H70O2Na2	[M+2Na]2+	/resources/tools/chemdb_ontology?abbrev=CE 14:1
318.24002	318.2403	.0003	SPB 18:3;O2	C18H33NO2Na	[M+Na]+	/resources/tools/chemdb_ontology?abbrev=SPB 18:3;O2
318.24002	318.2427	.0027	FA 20:6	C20H28O2	[M+NH4]+	/resources/tools/chemdb_ontology?abbrev=FA 20:6
318.24002	318.2427	.0027	ST 20:3;O2	C20H28O2	[M+NH4]+	/resources/tools/chemdb_ontology?abbrev=ST 20:3;O2
318.24002	318.2371	.0029	DG 38:9	C41H62O5	[M+2H]2+	/resources/tools/chemdb_ontology?abbrev=DG 38:9
318.24002	318.2359	.0041	PA 31:0	C34H67O8P	[M+2H]2+	/resources/tools/chemdb_ontology?abbrev=PA 31:0
318.24002	318.2379	.0021	SPB 16:0;O2	C16H35NO2Na2	[M+2Na-H]+	/resources/tools/chemdb_ontology?abbrev=SPB 16:0;O2
311.25767	311.2581	.0004	FA 19:2;O	C19H34O3	[M+H]+	/resources/tools/chemdb_ontology?abbrev=FA 19:2;O
311.25767	311.2581	.0004	FA 19:1;O2	C19H36O4	[M+H-H2O]+	/resources/tools/chemdb_ontology?abbrev=FA 19:1;O2
311.25767	311.2581	.0004	FOH 19:2;O3	C19H36O4	[M+H-H2O]+	/resources/tools/chemdb_ontology?abbrev=FOH 19:2;O3
446.32578	446.3299	.0041	NAT 22:1	C24H47NO4S	[M+H]+	/resources/tools/chemdb_ontology?abbrev=NAT 22:1
446.32578	446.3265	.0007	CAR 20:4;O	C27H45NO5	[M+H-H2O]+	/resources/tools/chemdb_ontology?abbrev=CAR 20:4;O
446.32578	446.3241	.0017	CAR 18:2	C25H45NO4Na	[M+Na]+	/resources/tools/chemdb_ontology?abbrev=CAR 18:2
446.32578	446.3265	.0007	ST 27:4;O4	C27H40O4	[M+NH4]+	/resources/tools/chemdb_ontology?abbrev=ST 27:4;O4
446.32578	446.3265	.0007	ST 28:3;O4	C27H40O4	[M+NH4]+	/resources/tools/chemdb_ontology?abbrev=ST 28:3;O4
446.32578	446.3261	.0003	TG 52:8	C55H90O6Na2	[M+2Na]2+	/resources/tools/chemdb_ontology?abbrev=TG 52:8
446.32578	446.3249	.0009	PG O-42:1	C48H95O9PNa2	[M+2Na]2+	/resources/tools/chemdb_ontology?abbrev=PG O-42:1
219.20493	219.2031	.0018	FA 28:2;O	C28H52O3	[M+2H]2+	/resources/tools/chemdb_ontology?abbrev=FA 28:2;O
565.30858	565.3136	.0050	PA 24:2;O2	C27H49O10P	[M+H]+	/resources/tools/chemdb_ontology?abbrev=PA 24:2;O2
565.30858	565.3136	.0050	PG 21:1;O	C27H51O11P	[M+H-H2O]+	/resources/tools/chemdb_ontology?abbrev=PG 21:1;O
565.30858	565.3112	.0026	ST 30:3;O7	C30H48O7Na2	[M+2Na-H]+	/resources/tools/chemdb_ontology?abbrev=ST 30:3;O7
544.32952	544.3374	.0078	LPC 18:1	C26H52NO7PNa	[M+Na]+	/resources/tools/chemdb_ontology?abbrev=LPC 18:1
544.32952	544.3374	.0078	PC O-18:1	C26H52NO7PNa	[M+Na]+	/resources/tools/chemdb_ontology?abbrev=PC O-18:1
496.26627	496.2670	.0007	LPS 16:1	C22H42NO9P	[M+H]+	/resources/tools/chemdb_ontology?abbrev=LPS 16:1
358.33305	358.3316	.0015	FA 21:1;O	C21H40O3	[M+NH4]+	/resources/tools/chemdb_ontology?abbrev=FA 21:1;O
601.37939	601.3840	.0046	PA 27:0	C30H59O8PNa	[M+Na]+	/resources/tools/chemdb_ontology?abbrev=PA 27:0
407.21977	407.2193	.0005	PA 16:0	C19H37O8P	[M+H-H2O]+	/resources/tools/chemdb_ontology?abbrev=PA 16:0
407.21977	407.2193	.0005	ST 24:5;O4	C24H32O4Na	[M+Na]+	/resources/tools/chemdb_ontology?abbrev=ST 24:5;O4
407.21977	407.2169	.0029	FA 22:5;O2	C22H34O4Na2	[M+2Na-H]+	/resources/tools/chemdb_ontology?abbrev=FA 22:5;O2
280.2632	280.2635	.0003	NAE 16:1	C18H35NO2	[M+H-H2O]+	/resources/tools/chemdb_ontology?abbrev=NAE 16:1
280.2632	280.2635	.0003	SPB 18:2;O2	C18H35NO2	[M+H-H2O]+	/resources/tools/chemdb_ontology?abbrev=SPB 18:2;O2
422.32555	422.3265	.0009	CAR 18:3	C25H43NO4	[M+H]+	/resources/tools/chemdb_ontology?abbrev=CAR 18:3
422.32555	422.3265	.0009	CAR 18:2;O	C25H45NO5	[M+H-H2O]+	/resources/tools/chemdb_ontology?abbrev=CAR 18:2;O
422.32555	422.3241	.0015	CAR 16:0	C23H45NO4Na	[M+Na]+	/resources/tools/chemdb_ontology?abbrev=CAR 16:0
422.32555	422.3265	.0009	ST 25:2;O4	C25H40O4	[M+NH4]+	/resources/tools/chemdb_ontology?abbrev=ST 25:2;O4
422.32555	422.3273	.0018	PG O-42:3	C48H91O9P	[M+2H]2+	/resources/tools/chemdb_ontology?abbrev=PG O-42:3
422.32555	422.3285	.0029	TG 52:10	C55H86O6	[M+2H]2+	/resources/tools/chemdb_ontology?abbrev=TG 52:10
422.32555	422.3261	.0005	TG 48:4	C51H90O6Na2	[M+2Na]2+	/resources/tools/chemdb_ontology?abbrev=TG 48:4
503.31152	503.3108	.0007	LPA 21:0	C24H49O7PNa	[M+Na]+	/resources/tools/chemdb_ontology?abbrev=LPA 21:0
503.31152	503.3092	.0023	LPS O-15:0;O	C21H44NO9P	[M+NH4]+	/resources/tools/chemdb_ontology?abbrev=LPS O-15:0;O
503.31152	503.3108	.0008	ST 29:3;O4	C29H46O4Na2	[M+2Na-H]+	/resources/tools/chemdb_ontology?abbrev=ST 29:3;O4
186.14887	186.1488	.0000	FA 10:2	C10H16O2	[M+NH4]+	/resources/tools/chemdb_ontology?abbrev=FA 10:2
186.14887	186.1488	.0000	SFE 10:2	C10H16O2	[M+NH4]+	/resources/tools/chemdb_ontology?abbrev=SFE 10:2
186.14887	186.1488	.0000	WE 10:2	C10H16O2	[M+NH4]+	/resources/tools/chemdb_ontology?abbrev=WE 10:2
186.14887	186.1485	.0004	FA 21:0	C21H42O2Na2	[M+2Na]2+	/resources/tools/chemdb_ontology?abbrev=FA 21:0
186.14887	186.1485	.0004	SFE 21:0	C21H42O2Na2	[M+2Na]2+	/resources/tools/chemdb_ontology?abbrev=SFE 21:0
186.14887	186.1485	.0004	WE 21:0	C21H42O2Na2	[M+2Na]2+	/resources/tools/chemdb_ontology?abbrev=WE 21:0
383.36265	383.3672	.0046	ST 28:1;O	C28H48O	[M+H-H2O]+	/resources/tools/chemdb_ontology?abbrev=ST 28:1;O
315.19538	315.1955	.0001	FA 20:7;O	C20H26O3	[M+H]+	/resources/tools/chemdb_ontology?abbrev=FA 20:7;O
315.19538	315.1955	.0001	FA 20:6;O2	C20H28O4	[M+H-H2O]+	/resources/tools/chemdb_ontology?abbrev=FA 20:6;O2
315.19538	315.1931	.0023	FA 18:4;O	C18H28O3Na	[M+Na]+	/resources/tools/chemdb_ontology?abbrev=FA 18:4;O
315.19538	315.1907	.0047	FA 16:1;O	C16H30O3Na2	[M+2Na-H]+	/resources/tools/chemdb_ontology?abbrev=FA 16:1;O
296.25809	296.2584	.0003	SPB 18:3;O2	C18H33NO2	[M+H]+	/resources/tools/chemdb_ontology?abbrev=SPB 18:3;O2
296.25809	296.2560	.0021	SPB 16:0;O2	C16H35NO2Na	[M+Na]+	/resources/tools/chemdb_ontology?abbrev=SPB 16:0;O2
296.25809	296.2584	.0003	FA 18:3	C18H30O2	[M+NH4]+	/resources/tools/chemdb_ontology?abbrev=FA 18:3
296.25809	296.2584	.0003	SFE 18:3	C18H30O2	[M+NH4]+	/resources/tools/chemdb_ontology?abbrev=SFE 18:3
296.25809	296.2584	.0003	ST 18:0;O2	C18H30O2	[M+NH4]+	/resources/tools/chemdb_ontology?abbrev=ST 18:0;O2
397.37831	397.3829	.0046	ST 29:1;O	C29H50O	[M+H-H2O]+	/resources/tools/chemdb_ontology?abbrev=ST 29:1;O
354.31116	354.3128	.0017	TG 41:1	C44H82O6	[M+2H]2+	/resources/tools/chemdb_ontology?abbrev=TG 41:1
334.21388	334.2142	.0003	SPBP 16:1;O2	C16H34NO5P	[M+H-H2O]+	/resources/tools/chemdb_ontology?abbrev=SPBP 16:1;O2
334.21388	334.2224	.0085	FOH 16:3;O5	C16H28O6	[M+NH4]+	/resources/tools/chemdb_ontology?abbrev=FOH 16:3;O5
543.32685	543.3316	.0048	ST 32:5;O8	C32H48O8	[M+H-H2O]+	/resources/tools/chemdb_ontology?abbrev=ST 32:5;O8
543.32685	543.3292	.0024	ST 30:3;O7	C30H48O7Na	[M+Na]+	/resources/tools/chemdb_ontology?abbrev=ST 30:3;O7
543.32685	543.3194	.0075	LPE 22:6	C27H44NO7P	[M+NH4]+	/resources/tools/chemdb_ontology?abbrev=LPE 22:6
518.32337	518.3241	.0007	LPC 18:3	C26H48NO7P	[M+H]+	/resources/tools/chemdb_ontology?abbrev=LPC 18:3
518.32337	518.3241	.0007	PC 18:1	C26H50NO8P	[M+H-H2O]+	/resources/tools/chemdb_ontology?abbrev=PC 18:1
518.32337	518.3217	.0017	LPC 16:0	C24H50NO7PNa	[M+Na]+	/resources/tools/chemdb_ontology?abbrev=LPC 16:0
518.32337	518.3217	.0017	LPE 19:0	C24H50NO7PNa	[M+Na]+	/resources/tools/chemdb_ontology?abbrev=LPE 19:0
518.32337	518.3217	.0017	LPE O-19:1;O	C24H50NO7PNa	[M+Na]+	/resources/tools/chemdb_ontology?abbrev=LPE O-19:1;O
518.32337	518.3217	.0017	PC O-16:0	C24H50NO7PNa	[M+Na]+	/resources/tools/chemdb_ontology?abbrev=PC O-16:0
518.32337	518.3217	.0017	CAR 22:5	C29H47NO4Na2	[M+2Na-H]+	/resources/tools/chemdb_ontology?abbrev=CAR 22:5
518.32337	518.3250	.0017	NAT 24:1	C26H51NO4SNa2	[M+2Na-H]+	/resources/tools/chemdb_ontology?abbrev=NAT 24:1
519.32651	519.3316	.0051	ST 30:4;O7	C30H46O7	[M+H]+	/resources/tools/chemdb_ontology?abbrev=ST 30:4;O7
519.32651	519.3194	.0071	LPE 20:4	C25H44NO7P	[M+NH4]+	/resources/tools/chemdb_ontology?abbrev=LPE 20:4
336.25043	336.2533	.0029	FA 20:5;O	C20H30O3	[M+NH4]+	/resources/tools/chemdb_ontology?abbrev=FA 20:5;O
336.25043	336.2541	.0037	PA O-35:3	C38H71O7P	[M+2H]2+	/resources/tools/chemdb_ontology?abbrev=PA O-35:3
580.27894	580.2881	.0092	PS 20:1;O2	C26H48NO12P	[M+H-H2O]+	/resources/tools/chemdb_ontology?abbrev=PS 20:1;O2
502.28248	502.2904	.0079	LPC 15:1	C23H46NO7PNa	[M+Na]+	/resources/tools/chemdb_ontology?abbrev=LPC 15:1
502.28248	502.2904	.0079	LPE 18:1	C23H46NO7PNa	[M+Na]+	/resources/tools/chemdb_ontology?abbrev=LPE 18:1
373.32491	373.3312	.0063	FA 22:0;O2	C22H44O4	[M+H]+	/resources/tools/chemdb_ontology?abbrev=FA 22:0;O2
373.32491	373.3312	.0063	MG O-19:1;O	C22H44O4	[M+H]+	/resources/tools/chemdb_ontology?abbrev=MG O-19:1;O
373.32491	373.3207	.0042	TG 44:3	C47H84O6	[M+2H]2+	/resources/tools/chemdb_ontology?abbrev=TG 44:3
500.27659	500.2772	.0006	LPE 20:5	C25H42NO7P	[M+H]+	/resources/tools/chemdb_ontology?abbrev=LPE 20:5
500.27659	500.2748	.0018	LPE 18:2	C23H44NO7PNa	[M+Na]+	/resources/tools/chemdb_ontology?abbrev=LPE 18:2
500.27659	500.2772	.0006	LPA 22:6	C25H39O7P	[M+NH4]+	/resources/tools/chemdb_ontology?abbrev=LPA 22:6
500.27659	500.2854	.0088	ST 19:1;O3;GlcA	C25H38O9	[M+NH4]+	/resources/tools/chemdb_ontology?abbrev=ST 19:1;O3;GlcA
500.27659	500.2724	.0042	LPE O-16:0;O	C21H46NO7PNa2	[M+2Na-H]+	/resources/tools/chemdb_ontology?abbrev=LPE O-16:0;O
564.30528	564.3061	.0008	LPC 20:5	C28H48NO7PNa	[M+Na]+	/resources/tools/chemdb_ontology?abbrev=LPC 20:5
564.30528	564.3037	.0016	LPC 18:2	C26H50NO7PNa2	[M+2Na-H]+	/resources/tools/chemdb_ontology?abbrev=LPC 18:2
559.33266	559.3265	.0061	ST 32:6;O8	C32H46O8	[M+H]+	/resources/tools/chemdb_ontology?abbrev=ST 32:6;O8
559.33266	559.3242	.0085	LPI O-16:0	C25H51O11P	[M+H]+	/resources/tools/chemdb_ontology?abbrev=LPI O-16:0
559.33266	559.3370	.0044	PA 24:0	C27H53O8PNa	[M+Na]+	/resources/tools/chemdb_ontology?abbrev=PA 24:0
522.25837	522.2591	.0007	LPE 20:5	C25H42NO7PNa	[M+Na]+	/resources/tools/chemdb_ontology?abbrev=LPE 20:5
522.25837	522.2567	.0017	LPE 18:2	C23H44NO7PNa2	[M+2Na-H]+	/resources/tools/chemdb_ontology?abbrev=LPE 18:2
372.32167	372.3261	.0044	NA 25:4;O	C25H43NO2	[M+H-H2O]+	/resources/tools/chemdb_ontology?abbrev=NA 25:4;O
372.32167	372.3261	.0044	NAE 23:4	C25H43NO2	[M+H-H2O]+	/resources/tools/chemdb_ontology?abbrev=NAE 23:4
372.32167	372.3261	.0044	ST 25:3;O	C25H38O	[M+NH4]+	/resources/tools/chemdb_ontology?abbrev=ST 25:3;O
360.28531	360.2897	.0044	FA 23:6	C23H34O2	[M+NH4]+	/resources/tools/chemdb_ontology?abbrev=FA 23:6
360.28531	360.2841	.0012	DG 44:9	C47H74O5	[M+2H]2+	/resources/tools/chemdb_ontology?abbrev=DG 44:9
360.28531	360.2829	.0024	PA 37:0	C40H79O8P	[M+2H]2+	/resources/tools/chemdb_ontology?abbrev=PA 37:0
360.28531	360.2885	.0032	CerPE 37:1;O3	C39H79N2O7P	[M+2H]2+	/resources/tools/chemdb_ontology?abbrev=CerPE 37:1;O3
360.28531	360.2817	.0036	DG 40:3	C43H78O5Na2	[M+2Na]2+	/resources/tools/chemdb_ontology?abbrev=DG 40:3
360.28531	360.2893	.0040	CE 20:3	C47H78O2Na2	[M+2Na]2+	/resources/tools/chemdb_ontology?abbrev=CE 20:3
297.26136	297.2606	.0008	DG 34:2	C37H68O5	[M+2H]2+	/resources/tools/chemdb_ontology?abbrev=DG 34:2
297.26136	297.2658	.0045	WE 37:1	C37H72O2Na2	[M+2Na]2+	/resources/tools/chemdb_ontology?abbrev=WE 37:1
352.22444	352.2247	.0003	SPBP 16:1;O2	C16H34NO5P	[M+H]+	/resources/tools/chemdb_ontology?abbrev=SPBP 16:1;O2
321.25909	321.2606	.0015	DG 38:6	C41H68O5	[M+2H]2+	/resources/tools/chemdb_ontology?abbrev=DG 38:6
321.25909	321.2582	.0009	DG 34:0	C37H72O5Na2	[M+2Na]2+	/resources/tools/chemdb_ontology?abbrev=DG 34:0
480.30484	480.3085	.0036	LPC 15:1	C23H46NO7P	[M+H]+	/resources/tools/chemdb_ontology?abbrev=LPC 15:1
480.30484	480.3085	.0036	LPE 18:1	C23H46NO7P	[M+H]+	/resources/tools/chemdb_ontology?abbrev=LPE 18:1
480.30484	480.3085	.0036	LPA 20:2	C23H43O7P	[M+NH4]+	/resources/tools/chemdb_ontology?abbrev=LPA 20:2
357.32979	357.3363	.0065	FA 22:0;O	C22H44O3	[M+H]+	/resources/tools/chemdb_ontology?abbrev=FA 22:0;O
357.32979	357.3363	.0065	MG O-19:0;O	C22H46O4	[M+H-H2O]+	/resources/tools/chemdb_ontology?abbrev=MG O-19:0;O
320.12515	320.1295	.0043	LPI 18:3	C27H47O12PNa2	[M+2Na]2+	/resources/tools/chemdb_ontology?abbrev=LPI 18:3
336.22945	336.2298	.0004	SPBP 16:0;O2	C16H36NO5P	[M+H-H2O]+	/resources/tools/chemdb_ontology?abbrev=SPBP 16:0;O2
708.488	708.4810	.0070	PS 30:0	C36H70NO10P	[M+H]+	/resources/tools/chemdb_ontology?abbrev=PS 30:0
708.488	708.4963	.0083	PC 32:4	C40H72NO8P	[M+H-H2O]+	/resources/tools/chemdb_ontology?abbrev=PC 32:4
708.488	708.4963	.0083	PE 35:4	C40H72NO8P	[M+H-H2O]+	/resources/tools/chemdb_ontology?abbrev=PE 35:4
708.488	708.4939	.0059	PE O-33:3	C38H72NO7PNa	[M+Na]+	/resources/tools/chemdb_ontology?abbrev=PE O-33:3
708.488	708.4810	.0070	PG 30:2	C36H67O10P	[M+NH4]+	/resources/tools/chemdb_ontology?abbrev=PG 30:2
708.488	708.4915	.0035	PC O-28:0	C36H74NO7PNa2	[M+2Na-H]+	/resources/tools/chemdb_ontology?abbrev=PC O-28:0
708.488	708.4915	.0035	PE O-31:0	C36H74NO7PNa2	[M+2Na-H]+	/resources/tools/chemdb_ontology?abbrev=PE O-31:0
263.23682	263.2369	.0001	FA 18:2	C18H32O2	[M+H-H2O]+	/resources/tools/chemdb_ontology?abbrev=FA 18:2
263.23682	263.2369	.0001	SFE 18:2	C18H32O2	[M+H-H2O]+	/resources/tools/chemdb_ontology?abbrev=SFE 18:2
263.23682	263.2369	.0001	WE 18:2	C18H32O2	[M+H-H2O]+	/resources/tools/chemdb_ontology?abbrev=WE 18:2
263.23682	263.2369	.0001	FA 36:6	C36H60O2	[M+2H]2+	/resources/tools/chemdb_ontology?abbrev=FA 36:6
263.23682	263.2369	.0001	WE 36:6	C36H60O2	[M+2H]2+	/resources/tools/chemdb_ontology?abbrev=WE 36:6
263.23682	263.2345	.0023	FA 32:0	C32H64O2Na2	[M+2Na]2+	/resources/tools/chemdb_ontology?abbrev=FA 32:0
263.23682	263.2345	.0023	WE 32:0	C32H64O2Na2	[M+2Na]2+	/resources/tools/chemdb_ontology?abbrev=WE 32:0
479.301	479.3003	.0007	ST 21:0;O2;GlcA	C27H44O8	[M+H-H2O]+	/resources/tools/chemdb_ontology?abbrev=ST 21:0;O2;GlcA
479.301	479.3003	.0007	ST 27:2;O8	C27H44O8	[M+H-H2O]+	/resources/tools/chemdb_ontology?abbrev=ST 27:2;O8
479.301	479.3108	.0098	ST 27:1;O4	C27H46O4Na2	[M+2Na-H]+	/resources/tools/chemdb_ontology?abbrev=ST 27:1;O4
326.22784	326.2326	.0047	FA 18:4;O2	C18H28O4	[M+NH4]+	/resources/tools/chemdb_ontology?abbrev=FA 18:4;O2
337.27327	337.2737	.0004	FA 21:3;O	C21H36O3	[M+H]+	/resources/tools/chemdb_ontology?abbrev=FA 21:3;O
337.27327	337.2737	.0004	FA 21:2;O2	C21H38O4	[M+H-H2O]+	/resources/tools/chemdb_ontology?abbrev=FA 21:2;O2
337.27327	337.2737	.0004	MG 18:2	C21H38O4	[M+H-H2O]+	/resources/tools/chemdb_ontology?abbrev=MG 18:2
337.27327	337.2713	.0020	FA 19:0;O	C19H38O3Na	[M+Na]+	/resources/tools/chemdb_ontology?abbrev=FA 19:0;O
372.3106	372.3108	.0002	CAR 14:0	C21H41NO4	[M+H]+	/resources/tools/chemdb_ontology?abbrev=CAR 14:0
372.3106	372.3108	.0002	FA 21:2;O2	C21H38O4	[M+NH4]+	/resources/tools/chemdb_ontology?abbrev=FA 21:2;O2
372.3106	372.3108	.0002	MG 18:2	C21H38O4	[M+NH4]+	/resources/tools/chemdb_ontology?abbrev=MG 18:2
372.3106	372.3128	.0022	TG 44:4	C47H82O6	[M+2H]2+	/resources/tools/chemdb_ontology?abbrev=TG 44:4
372.3106	372.3067	.0039	CerPE 40:2;O2	C42H83N2O6P	[M+2H]2+	/resources/tools/chemdb_ontology?abbrev=CerPE 40:2;O2
325.22466	325.2162	.0085	FA 22:8	C22H28O2	[M+H]+	/resources/tools/chemdb_ontology?abbrev=FA 22:8
325.22466	325.2162	.0085	FA 22:7;O	C22H30O3	[M+H-H2O]+	/resources/tools/chemdb_ontology?abbrev=FA 22:7;O
528.29041	528.2932	.0028	PA 20:1;O2	C23H43O10P	[M+NH4]+	/resources/tools/chemdb_ontology?abbrev=PA 20:1;O2
354.27627	354.2791	.0029	NAE 22:6	C24H37NO2	[M+H-H2O]+	/resources/tools/chemdb_ontology?abbrev=NAE 22:6
586.34262	586.3479	.0053	PC 20:1	C28H54NO8PNa	[M+Na]+	/resources/tools/chemdb_ontology?abbrev=PC 20:1
586.34262	586.3351	.0075	PG 20:1;O	C26H49O11P	[M+NH4]+	/resources/tools/chemdb_ontology?abbrev=PG 20:1;O
319.2434	319.2450	.0016	DG 38:8	C41H64O5	[M+2H]2+	/resources/tools/chemdb_ontology?abbrev=DG 38:8
319.2434	319.2426	.0008	DG 34:2	C37H68O5Na2	[M+2Na]2+	/resources/tools/chemdb_ontology?abbrev=DG 34:2
664.46198	664.4548	.0072	PS O-28:1	C34H66NO9P	[M+H]+	/resources/tools/chemdb_ontology?abbrev=PS O-28:1
664.46198	664.4652	.0033	CerP 34:0;O2	C34H70NO6PNa2	[M+2Na-H]+	/resources/tools/chemdb_ontology?abbrev=CerP 34:0;O2
577.38138	577.3864	.0050	PA 27:1	C30H57O8P	[M+H]+	/resources/tools/chemdb_ontology?abbrev=PA 27:1
469.3107	469.3037	.0070	LPE 16:1	C21H42NO7P	[M+NH4]+	/resources/tools/chemdb_ontology?abbrev=LPE 16:1
469.3107	469.3037	.0070	PC O-13:1	C21H42NO7P	[M+NH4]+	/resources/tools/chemdb_ontology?abbrev=PC O-13:1
469.3107	469.3094	.0013	PI O-39:1	C48H93O12PNa2	[M+2Na]2+	/resources/tools/chemdb_ontology?abbrev=PI O-39:1
355.3144	355.3207	.0063	FA 22:1;O	C22H42O3	[M+H]+	/resources/tools/chemdb_ontology?abbrev=FA 22:1;O
355.3144	355.3207	.0063	FA 22:0;O2	C22H44O4	[M+H-H2O]+	/resources/tools/chemdb_ontology?abbrev=FA 22:0;O2
355.3144	355.3207	.0063	MG O-19:1;O	C22H44O4	[M+H-H2O]+	/resources/tools/chemdb_ontology?abbrev=MG O-19:1;O
468.30784	468.3085	.0006	LPC 14:0	C22H46NO7P	[M+H]+	/resources/tools/chemdb_ontology?abbrev=LPC 14:0
468.30784	468.3085	.0006	LPE 17:0	C22H46NO7P	[M+H]+	/resources/tools/chemdb_ontology?abbrev=LPE 17:0
468.30784	468.3085	.0006	LPE O-17:1;O	C22H46NO7P	[M+H]+	/resources/tools/chemdb_ontology?abbrev=LPE O-17:1;O
468.30784	468.3085	.0006	PC O-14:0	C22H46NO7P	[M+H]+	/resources/tools/chemdb_ontology?abbrev=PC O-14:0
468.30784	468.3118	.0040	NAT 22:1	C24H47NO4SNa	[M+Na]+	/resources/tools/chemdb_ontology?abbrev=NAT 22:1
468.30784	468.3085	.0006	LPA 19:1	C22H43O7P	[M+NH4]+	/resources/tools/chemdb_ontology?abbrev=LPA 19:1
468.30784	468.3060	.0018	CAR 18:2	C25H45NO4Na2	[M+2Na-H]+	/resources/tools/chemdb_ontology?abbrev=CAR 18:2
279.23168	279.2319	.0002	FA 18:3	C18H30O2	[M+H]+	/resources/tools/chemdb_ontology?abbrev=FA 18:3
279.23168	279.2319	.0002	SFE 18:3	C18H30O2	[M+H]+	/resources/tools/chemdb_ontology?abbrev=SFE 18:3
279.23168	279.2319	.0002	ST 18:0;O2	C18H30O2	[M+H]+	/resources/tools/chemdb_ontology?abbrev=ST 18:0;O2
279.23168	279.2319	.0002	FA 18:2;O	C18H32O3	[M+H-H2O]+	/resources/tools/chemdb_ontology?abbrev=FA 18:2;O
279.23168	279.2294	.0022	FA 16:0	C16H32O2Na	[M+Na]+	/resources/tools/chemdb_ontology?abbrev=FA 16:0
279.23168	279.2294	.0022	SFE 16:0	C16H32O2Na	[M+Na]+	/resources/tools/chemdb_ontology?abbrev=SFE 16:0
279.23168	279.2294	.0022	WE 16:0	C16H32O2Na	[M+Na]+	/resources/tools/chemdb_ontology?abbrev=WE 16:0
613.4906	613.4826	.0080	DG 36:6	C39H64O5	[M+H]+	/resources/tools/chemdb_ontology?abbrev=DG 36:6
613.4906	613.4931	.0025	CE 12:0	C39H68O2Na2	[M+2Na-H]+	/resources/tools/chemdb_ontology?abbrev=CE 12:0
296.29565	296.2948	.0009	NAE 17:0	C19H39NO2	[M+H-H2O]+	/resources/tools/chemdb_ontology?abbrev=NAE 17:0
620.43587	620.4286	.0073	PE 27:1	C32H62NO8P	[M+H]+	/resources/tools/chemdb_ontology?abbrev=PE 27:1
620.43587	620.4286	.0073	LPS O-26:1;O	C32H64NO9P	[M+H-H2O]+	/resources/tools/chemdb_ontology?abbrev=LPS O-26:1;O
620.43587	620.4286	.0073	PA 29:2	C32H59O8P	[M+NH4]+	/resources/tools/chemdb_ontology?abbrev=PA 29:2
280.16221	280.1657	.0035	LPI O-16:0	C25H51O11P	[M+2H]2+	/resources/tools/chemdb_ontology?abbrev=LPI O-16:0
280.16221	280.1669	.0047	ST 32:6;O8	C32H46O8	[M+2H]2+	/resources/tools/chemdb_ontology?abbrev=ST 32:6;O8
374.32568	374.3265	.0008	FA 21:1;O2	C21H40O4	[M+NH4]+	/resources/tools/chemdb_ontology?abbrev=FA 21:1;O2
374.32568	374.3265	.0008	MG 18:1	C21H40O4	[M+NH4]+	/resources/tools/chemdb_ontology?abbrev=MG 18:1
374.32568	374.3265	.0008	WE 21:1;O2	C21H40O4	[M+NH4]+	/resources/tools/chemdb_ontology?abbrev=WE 21:1;O2
374.32568	374.3285	.0028	TG 44:2	C47H86O6	[M+2H]2+	/resources/tools/chemdb_ontology?abbrev=TG 44:2
279.15883	279.1591	.0003	FA 16:4;O3	C16H24O5	[M+H-H2O]+	/resources/tools/chemdb_ontology?abbrev=FA 16:4;O3
279.15883	279.1551	.0038	CAR 4:1;O2	C11H19NO6	[M+NH4]+	/resources/tools/chemdb_ontology?abbrev=CAR 4:1;O2
279.15883	279.1591	.0003	ST 32:7;O8	C32H44O8	[M+2H]2+	/resources/tools/chemdb_ontology?abbrev=ST 32:7;O8
279.15883	279.1579	.0009	LPI O-16:1	C25H49O11P	[M+2H]2+	/resources/tools/chemdb_ontology?abbrev=LPI O-16:1
149.02319	149.0185	.0047	FA 4:0;O	C4H8O3Na2	[M+2Na-H]+	/resources/tools/chemdb_ontology?abbrev=FA 4:0;O
205.08573	205.0859	.0002	FA 12:6;O	C12H12O3	[M+H]+	/resources/tools/chemdb_ontology?abbrev=FA 12:6;O
205.08573	205.0859	.0002	FA 12:5;O2	C12H14O4	[M+H-H2O]+	/resources/tools/chemdb_ontology?abbrev=FA 12:5;O2
205.08573	205.0835	.0022	FA 10:3;O	C10H14O3Na	[M+Na]+	/resources/tools/chemdb_ontology?abbrev=FA 10:3;O
205.08573	205.0835	.0022	WE 10:3;O	C10H14O3Na	[M+Na]+	/resources/tools/chemdb_ontology?abbrev=WE 10:3;O
205.08573	205.0835	.0022	FA 20:6;O4	C20H28O6Na2	[M+2Na]2+	/resources/tools/chemdb_ontology?abbrev=FA 20:6;O4
205.08573	205.0811	.0046	FA 8:0;O	C8H16O3Na2	[M+2Na-H]+	/resources/tools/chemdb_ontology?abbrev=FA 8:0;O
205.08573	205.0811	.0046	SFE 8:0;O	C8H16O3Na2	[M+2Na-H]+	/resources/tools/chemdb_ontology?abbrev=SFE 8:0;O
361.28804	361.2890	.0009	ST 27:5;O	C27H38O	[M+H-H2O]+	/resources/tools/chemdb_ontology?abbrev=ST 27:5;O
361.28804	361.2919	.0039	DG 44:8	C47H76O5	[M+2H]2+	/resources/tools/chemdb_ontology?abbrev=DG 44:8
361.28804	361.2895	.0015	DG 40:2	C43H80O5Na2	[M+2Na]2+	/resources/tools/chemdb_ontology?abbrev=DG 40:2
542.32354	542.3241	.0006	LPC 20:5	C28H48NO7P	[M+H]+	/resources/tools/chemdb_ontology?abbrev=LPC 20:5
542.32354	542.3217	.0018	LPC 18:2	C26H50NO7PNa	[M+Na]+	/resources/tools/chemdb_ontology?abbrev=LPC 18:2
542.32354	542.3193	.0042	LPE O-19:0;O	C24H52NO7PNa2	[M+2Na-H]+	/resources/tools/chemdb_ontology?abbrev=LPE O-19:0;O
172.13318	172.1332	.0000	FA 9:2	C9H14O2	[M+NH4]+	/resources/tools/chemdb_ontology?abbrev=FA 9:2
172.13318	172.1332	.0000	SFE 9:2	C9H14O2	[M+NH4]+	/resources/tools/chemdb_ontology?abbrev=SFE 9:2
172.13318	172.1332	.0000	WE 9:2	C9H14O2	[M+NH4]+	/resources/tools/chemdb_ontology?abbrev=WE 9:2
172.13318	172.1352	.0020	FA 23:6	C23H34O2	[M+2H]2+	/resources/tools/chemdb_ontology?abbrev=FA 23:6
172.13318	172.1328	.0004	FA 19:0	C19H38O2Na2	[M+2Na]2+	/resources/tools/chemdb_ontology?abbrev=FA 19:0
172.13318	172.1328	.0004	SFE 19:0	C19H38O2Na2	[M+2Na]2+	/resources/tools/chemdb_ontology?abbrev=SFE 19:0
172.13318	172.1328	.0004	WE 19:0	C19H38O2Na2	[M+2Na]2+	/resources/tools/chemdb_ontology?abbrev=WE 19:0
458.30606	458.3015	.0046	PI 40:4	C49H87O13P	[M+2H]2+	/resources/tools/chemdb_ontology?abbrev=PI 40:4
571.34025	571.3354	.0048	PE 20:1;O2	C25H48NO10P	[M+NH4]+	/resources/tools/chemdb_ontology?abbrev=PE 20:1;O2
571.34025	571.3346	.0056	LPG O-20:0	C26H55O8PNa2	[M+2Na-H]+	/resources/tools/chemdb_ontology?abbrev=LPG O-20:0
344.31548	344.3159	.0004	FA 20:1;O	C20H38O3	[M+NH4]+	/resources/tools/chemdb_ontology?abbrev=FA 20:1;O
301.14074	301.1410	.0003	ST 32:7;O8	C32H44O8Na2	[M+2Na]2+	/resources/tools/chemdb_ontology?abbrev=ST 32:7;O8
301.14074	301.1398	.0009	LPI O-16:1	C25H49O11PNa2	[M+2Na]2+	/resources/tools/chemdb_ontology?abbrev=LPI O-16:1
205.09495	205.0859	.0090	FA 12:6;O	C12H12O3	[M+H]+	/resources/tools/chemdb_ontology?abbrev=FA 12:6;O
205.09495	205.0859	.0090	FA 12:5;O2	C12H14O4	[M+H-H2O]+	/resources/tools/chemdb_ontology?abbrev=FA 12:5;O2
399.24961	399.2506	.0010	MG 20:5	C23H36O4Na	[M+Na]+	/resources/tools/chemdb_ontology?abbrev=MG 20:5
399.24961	399.2482	.0014	FA 21:2;O2	C21H38O4Na2	[M+2Na-H]+	/resources/tools/chemdb_ontology?abbrev=FA 21:2;O2
399.24961	399.2482	.0014	MG 18:2	C21H38O4Na2	[M+2Na-H]+	/resources/tools/chemdb_ontology?abbrev=MG 18:2
500.36965	500.3730	.0034	TG 60:10	C63H102O6Na2	[M+2Na]2+	/resources/tools/chemdb_ontology?abbrev=TG 60:10
500.36965	500.3686	.0010	CAR 20:0	C27H53NO4Na2	[M+2Na-H]+	/resources/tools/chemdb_ontology?abbrev=CAR 20:0
371.32644	371.3308	.0044	ST 26:2;O	C26H42O	[M+H]+	/resources/tools/chemdb_ontology?abbrev=ST 26:2;O
371.32644	371.3308	.0044	FA 26:4	C26H44O2	[M+H-H2O]+	/resources/tools/chemdb_ontology?abbrev=FA 26:4
371.32644	371.3308	.0044	WE 26:4	C26H44O2	[M+H-H2O]+	/resources/tools/chemdb_ontology?abbrev=WE 26:4
486.35409	486.3574	.0033	TG 58:10	C61H98O6Na2	[M+2Na]2+	/resources/tools/chemdb_ontology?abbrev=TG 58:10
476.35639	476.3499	.0065	LPC O-17:1	C25H52NO6P	[M+H-H2O]+	/resources/tools/chemdb_ontology?abbrev=LPC O-17:1
476.35639	476.3499	.0065	LPE O-20:1	C25H52NO6P	[M+H-H2O]+	/resources/tools/chemdb_ontology?abbrev=LPE O-20:1
457.30311	457.2948	.0083	ST 28:5;O5	C28H40O5	[M+H]+	/resources/tools/chemdb_ontology?abbrev=ST 28:5;O5
457.30311	457.3037	.0006	LPC 12:0	C20H42NO7P	[M+NH4]+	/resources/tools/chemdb_ontology?abbrev=LPC 12:0
457.30311	457.3037	.0006	LPE 15:0	C20H42NO7P	[M+NH4]+	/resources/tools/chemdb_ontology?abbrev=LPE 15:0
457.30311	457.3037	.0006	LPE O-15:1;O	C20H42NO7P	[M+NH4]+	/resources/tools/chemdb_ontology?abbrev=LPE O-15:1;O
457.30311	457.2989	.0042	PG 43:4	C49H89O10PNa2	[M+2Na]2+	/resources/tools/chemdb_ontology?abbrev=PG 43:4
457.30311	457.3053	.0022	FA 28:6	C28H44O2Na2	[M+2Na-H]+	/resources/tools/chemdb_ontology?abbrev=FA 28:6
457.30311	457.3053	.0022	ST 28:3;O2	C28H44O2Na2	[M+2Na-H]+	/resources/tools/chemdb_ontology?abbrev=ST 28:3;O2
576.40974	576.4024	.0074	LPC 22:2	C30H58NO7P	[M+H]+	/resources/tools/chemdb_ontology?abbrev=LPC 22:2
576.40974	576.4024	.0074	PC 22:0	C30H60NO8P	[M+H-H2O]+	/resources/tools/chemdb_ontology?abbrev=PC 22:0
576.40974	576.4024	.0074	PE 25:0	C30H60NO8P	[M+H-H2O]+	/resources/tools/chemdb_ontology?abbrev=PE 25:0
576.40974	576.4000	.0098	LPE O-23:0;O	C28H60NO7PNa	[M+Na]+	/resources/tools/chemdb_ontology?abbrev=LPE O-23:0;O
386.30104	386.2985	.0025	PA 41:2	C44H83O8P	[M+2H]2+	/resources/tools/chemdb_ontology?abbrev=PA 41:2
386.30104	386.2973	.0037	DG 44:5	C47H82O5Na2	[M+2Na]2+	/resources/tools/chemdb_ontology?abbrev=DG 44:5
476.27654	476.2772	.0006	LPE 18:3	C23H42NO7P	[M+H]+	/resources/tools/chemdb_ontology?abbrev=LPE 18:3
476.27654	476.2748	.0018	LPC 13:0	C21H44NO7PNa	[M+Na]+	/resources/tools/chemdb_ontology?abbrev=LPC 13:0
476.27654	476.2748	.0018	LPE 16:0	C21H44NO7PNa	[M+Na]+	/resources/tools/chemdb_ontology?abbrev=LPE 16:0
476.27654	476.2748	.0018	LPE O-16:1;O	C21H44NO7PNa	[M+Na]+	/resources/tools/chemdb_ontology?abbrev=LPE O-16:1;O
476.27654	476.2772	.0006	LPA 20:4	C23H39O7P	[M+NH4]+	/resources/tools/chemdb_ontology?abbrev=LPA 20:4
320.25564	320.2560	.0004	NAE 16:1	C18H35NO2Na	[M+Na]+	/resources/tools/chemdb_ontology?abbrev=NAE 16:1
320.25564	320.2560	.0004	SPB 18:2;O2	C18H35NO2Na	[M+Na]+	/resources/tools/chemdb_ontology?abbrev=SPB 18:2;O2
320.25564	320.2584	.0028	FA 20:5	C20H30O2	[M+NH4]+	/resources/tools/chemdb_ontology?abbrev=FA 20:5
320.25564	320.2584	.0028	ST 20:2;O2	C20H30O2	[M+NH4]+	/resources/tools/chemdb_ontology?abbrev=ST 20:2;O2
320.25564	320.2528	.0029	DG 38:7	C41H66O5	[M+2H]2+	/resources/tools/chemdb_ontology?abbrev=DG 38:7
320.25564	320.2580	.0024	CE 14:1	C41H70O2Na2	[M+2Na]2+	/resources/tools/chemdb_ontology?abbrev=CE 14:1
532.38369	532.3761	.0075	LPC 20:1	C28H56NO7P	[M+H-H2O]+	/resources/tools/chemdb_ontology?abbrev=LPC 20:1
532.38369	532.3761	.0075	PC O-20:1	C28H56NO7P	[M+H-H2O]+	/resources/tools/chemdb_ontology?abbrev=PC O-20:1
532.38369	532.3737	.0099	LPC O-18:0	C26H56NO6PNa	[M+Na]+	/resources/tools/chemdb_ontology?abbrev=LPC O-18:0
426.26093	426.2615	.0006	LPC 11:0	C19H40NO7P	[M+H]+	/resources/tools/chemdb_ontology?abbrev=LPC 11:0
426.26093	426.2615	.0006	LPE 14:0	C19H40NO7P	[M+H]+	/resources/tools/chemdb_ontology?abbrev=LPE 14:0
426.26093	426.2648	.0039	NAT 19:1	C21H41NO4SNa	[M+Na]+	/resources/tools/chemdb_ontology?abbrev=NAT 19:1
426.26093	426.2615	.0006	LPA 16:1	C19H37O7P	[M+NH4]+	/resources/tools/chemdb_ontology?abbrev=LPA 16:1
426.26093	426.2623	.0014	PG O-40:7	C46H79O9PNa2	[M+2Na]2+	/resources/tools/chemdb_ontology?abbrev=PG O-40:7
426.26093	426.2591	.0019	NAE 20:3;O2	C22H39NO4Na2	[M+2Na-H]+	/resources/tools/chemdb_ontology?abbrev=NAE 20:3;O2
398.32603	398.3265	.0004	CAR 16:1	C23H43NO4	[M+H]+	/resources/tools/chemdb_ontology?abbrev=CAR 16:1
398.32603	398.3265	.0004	CAR 16:0;O	C23H45NO5	[M+H-H2O]+	/resources/tools/chemdb_ontology?abbrev=CAR 16:0;O
398.32603	398.3265	.0004	FOH 23:4;O3	C23H40O4	[M+NH4]+	/resources/tools/chemdb_ontology?abbrev=FOH 23:4;O3
398.32603	398.3265	.0004	MG 20:3	C23H40O4	[M+NH4]+	/resources/tools/chemdb_ontology?abbrev=MG 20:3
398.32603	398.3265	.0004	ST 23:0;O4	C23H40O4	[M+NH4]+	/resources/tools/chemdb_ontology?abbrev=ST 23:0;O4
398.32603	398.3285	.0025	TG 48:6	C51H86O6	[M+2H]2+	/resources/tools/chemdb_ontology?abbrev=TG 48:6
398.32603	398.3261	.0001	TG 44:0	C47H90O6Na2	[M+2Na]2+	/resources/tools/chemdb_ontology?abbrev=TG 44:0
529.43109	529.4251	.0060	FA 34:6;O2	C34H56O4	[M+H]+	/resources/tools/chemdb_ontology?abbrev=FA 34:6;O2
399.32932	399.3258	.0036	SFE 27:6	C27H42O2	[M+H]+	/resources/tools/chemdb_ontology?abbrev=SFE 27:6
399.32932	399.3258	.0036	ST 27:3;O2	C27H42O2	[M+H]+	/resources/tools/chemdb_ontology?abbrev=ST 27:3;O2
399.32932	399.3258	.0036	ST 27:2;O3	C27H44O3	[M+H-H2O]+	/resources/tools/chemdb_ontology?abbrev=ST 27:2;O3
399.32932	399.3233	.0060	WE 25:3	C25H44O2Na	[M+Na]+	/resources/tools/chemdb_ontology?abbrev=WE 25:3
399.32932	399.3217	.0076	NAE 20:3;O2	C22H39NO4	[M+NH4]+	/resources/tools/chemdb_ontology?abbrev=NAE 20:3;O2
399.32932	399.3209	.0084	FA 23:0	C23H46O2Na2	[M+2Na-H]+	/resources/tools/chemdb_ontology?abbrev=FA 23:0
399.32932	399.3209	.0084	WE 23:0	C23H46O2Na2	[M+2Na-H]+	/resources/tools/chemdb_ontology?abbrev=WE 23:0
533.28179	533.2874	.0056	LPG 20:4	C26H45O9P	[M+H]+	/resources/tools/chemdb_ontology?abbrev=LPG 20:4
533.28179	533.2874	.0056	PA 23:2;O2	C26H47O10P	[M+H-H2O]+	/resources/tools/chemdb_ontology?abbrev=PA 23:2;O2
533.28179	533.2850	.0032	LPG 18:1	C24H47O9PNa	[M+Na]+	/resources/tools/chemdb_ontology?abbrev=LPG 18:1
568.33901	568.3398	.0008	LPC 22:6	C30H50NO7P	[M+H]+	/resources/tools/chemdb_ontology?abbrev=LPC 22:6
568.33901	568.3374	.0017	LPC 20:3	C28H52NO7PNa	[M+Na]+	/resources/tools/chemdb_ontology?abbrev=LPC 20:3
568.33901	568.3350	.0041	LPC 18:0	C26H54NO7PNa2	[M+2Na-H]+	/resources/tools/chemdb_ontology?abbrev=LPC 18:0
568.33901	568.3350	.0041	LPE 21:0	C26H54NO7PNa2	[M+2Na-H]+	/resources/tools/chemdb_ontology?abbrev=LPE 21:0
568.33901	568.3350	.0041	PC O-18:0	C26H54NO7PNa2	[M+2Na-H]+	/resources/tools/chemdb_ontology?abbrev=PC O-18:0
586.3423	586.3479	.0056	PC 20:1	C28H54NO8PNa	[M+Na]+	/resources/tools/chemdb_ontology?abbrev=PC 20:1
586.3423	586.3351	.0072	PG 20:1;O	C26H49O11P	[M+NH4]+	/resources/tools/chemdb_ontology?abbrev=PG 20:1;O
577.38101	577.3864	.0054	PA 27:1	C30H57O8P	[M+H]+	/resources/tools/chemdb_ontology?abbrev=PA 27:1
488.35753	488.3499	.0076	CerP 26:1;O2	C26H52NO6P	[M+H-H2O]+	/resources/tools/chemdb_ontology?abbrev=CerP 26:1;O2
488.35753	488.3499	.0076	LPC O-18:2	C26H52NO6P	[M+H-H2O]+	/resources/tools/chemdb_ontology?abbrev=LPC O-18:2
497.33199	497.3238	.0082	LPG O-18:1	C24H49O8P	[M+H]+	/resources/tools/chemdb_ontology?abbrev=LPG O-18:1
497.33199	497.3237	.0083	ST 29:3;O5	C29H46O5Na	[M+Na]+	/resources/tools/chemdb_ontology?abbrev=ST 29:3;O5
497.33199	497.3350	.0030	LPC 15:1	C23H46NO7P	[M+NH4]+	/resources/tools/chemdb_ontology?abbrev=LPC 15:1
497.33199	497.3350	.0030	LPE 18:1	C23H46NO7P	[M+NH4]+	/resources/tools/chemdb_ontology?abbrev=LPE 18:1
494.36726	494.3605	.0068	LPC O-17:1	C25H52NO6P	[M+H]+	/resources/tools/chemdb_ontology?abbrev=LPC O-17:1
494.36726	494.3605	.0068	LPE O-20:1	C25H52NO6P	[M+H]+	/resources/tools/chemdb_ontology?abbrev=LPE O-20:1
494.36726	494.3605	.0068	LPE O-20:0;O	C25H54NO7P	[M+H-H2O]+	/resources/tools/chemdb_ontology?abbrev=LPE O-20:0;O
494.32371	494.3241	.0004	LPC 16:1	C24H48NO7P	[M+H]+	/resources/tools/chemdb_ontology?abbrev=LPC 16:1
494.32371	494.3241	.0004	LPE 19:1	C24H48NO7P	[M+H]+	/resources/tools/chemdb_ontology?abbrev=LPE 19:1
494.32371	494.3241	.0004	LPS O-18:0	C24H50NO8P	[M+H-H2O]+	/resources/tools/chemdb_ontology?abbrev=LPS O-18:0
494.32371	494.3241	.0004	CAR 22:6	C29H45NO4Na	[M+Na]+	/resources/tools/chemdb_ontology?abbrev=CAR 22:6
597.42292	597.4238	.0009	PC 21:0	C29H58NO8P	[M+NH4]+	/resources/tools/chemdb_ontology?abbrev=PC 21:0
597.42292	597.4238	.0009	PE 24:0	C29H58NO8P	[M+NH4]+	/resources/tools/chemdb_ontology?abbrev=PE 24:0
584.29244	584.2935	.0010	LPS 19:0	C25H50NO9PNa2	[M+2Na-H]+	/resources/tools/chemdb_ontology?abbrev=LPS 19:0
584.29244	584.2935	.0010	LPS O-19:1;O	C25H50NO9PNa2	[M+2Na-H]+	/resources/tools/chemdb_ontology?abbrev=LPS O-19:1;O
517.30865	517.3160	.0073	ST 30:5;O7	C30H44O7	[M+H]+	/resources/tools/chemdb_ontology?abbrev=ST 30:5;O7
517.30865	517.3160	.0073	ST 30:4;O8	C30H46O8	[M+H-H2O]+	/resources/tools/chemdb_ontology?abbrev=ST 30:4;O8
517.30865	517.3136	.0049	ST 28:2;O7	C28H46O7Na	[M+Na]+	/resources/tools/chemdb_ontology?abbrev=ST 28:2;O7
517.30865	517.3037	.0049	LPE 20:5	C25H42NO7P	[M+NH4]+	/resources/tools/chemdb_ontology?abbrev=LPE 20:5
1010.6245	1010.6152	.0093	MIPC 36:0;O3	C48H94NO17PNa	[M+Na]+	/resources/tools/chemdb_ontology?abbrev=MIPC 36:0;O3
495.37224	495.3809	.0086	ST 31:2;O3	C31H52O3Na	[M+Na]+	/resources/tools/chemdb_ontology?abbrev=ST 31:2;O3
553.37956	553.3839	.0044	DG 28:2	C31H56O5Na2	[M+2Na-H]+	/resources/tools/chemdb_ontology?abbrev=DG 28:2
496.32954	496.3373	.0078	CAR 20:2	C27H49NO4Na2	[M+2Na-H]+	/resources/tools/chemdb_ontology?abbrev=CAR 20:2
495.32696	495.3316	.0047	ST 28:2;O7	C28H46O7	[M+H]+	/resources/tools/chemdb_ontology?abbrev=ST 28:2;O7
495.32696	495.3194	.0076	LPE 18:2	C23H44NO7P	[M+NH4]+	/resources/tools/chemdb_ontology?abbrev=LPE 18:2
296.25807	296.2584	.0003	SPB 18:3;O2	C18H33NO2	[M+H]+	/resources/tools/chemdb_ontology?abbrev=SPB 18:3;O2
296.25807	296.2560	.0021	SPB 16:0;O2	C16H35NO2Na	[M+Na]+	/resources/tools/chemdb_ontology?abbrev=SPB 16:0;O2
296.25807	296.2584	.0003	FA 18:3	C18H30O2	[M+NH4]+	/resources/tools/chemdb_ontology?abbrev=FA 18:3
296.25807	296.2584	.0003	SFE 18:3	C18H30O2	[M+NH4]+	/resources/tools/chemdb_ontology?abbrev=SFE 18:3
296.25807	296.2584	.0003	ST 18:0;O2	C18H30O2	[M+NH4]+	/resources/tools/chemdb_ontology?abbrev=ST 18:0;O2
354.31115	354.3128	.0017	TG 41:1	C44H82O6	[M+2H]2+	/resources/tools/chemdb_ontology?abbrev=TG 41:1
355.31436	355.3207	.0063	FA 22:1;O	C22H42O3	[M+H]+	/resources/tools/chemdb_ontology?abbrev=FA 22:1;O
355.31436	355.3207	.0063	FA 22:0;O2	C22H44O4	[M+H-H2O]+	/resources/tools/chemdb_ontology?abbrev=FA 22:0;O2
355.31436	355.3207	.0063	MG O-19:1;O	C22H44O4	[M+H-H2O]+	/resources/tools/chemdb_ontology?abbrev=MG O-19:1;O
400.34165	400.3421	.0005	CAR 16:0	C23H45NO4	[M+H]+	/resources/tools/chemdb_ontology?abbrev=CAR 16:0
400.34165	400.3421	.0005	FA 23:2;O2	C23H42O4	[M+NH4]+	/resources/tools/chemdb_ontology?abbrev=FA 23:2;O2
400.34165	400.3441	.0025	TG 48:4	C51H90O6	[M+2H]2+	/resources/tools/chemdb_ontology?abbrev=TG 48:4
400.34165	400.3380	.0036	SM 41:2;O2	C46H91N2O6P	[M+2H]2+	/resources/tools/chemdb_ontology?abbrev=SM 41:2;O2
447.28613	447.2870	.0009	LPA 20:1	C23H45O7P	[M+H-H2O]+	/resources/tools/chemdb_ontology?abbrev=LPA 20:1
447.28613	447.2870	.0008	ST 28:5;O3	C28H40O3Na	[M+Na]+	/resources/tools/chemdb_ontology?abbrev=ST 28:5;O3
447.28613	447.2846	.0015	LPA O-18:0	C21H45O6PNa	[M+Na]+	/resources/tools/chemdb_ontology?abbrev=LPA O-18:0
447.28613	447.2846	.0016	FA 26:5;O	C26H42O3Na2	[M+2Na-H]+	/resources/tools/chemdb_ontology?abbrev=FA 26:5;O
447.28613	447.2846	.0016	ST 26:2;O3	C26H42O3Na2	[M+2Na-H]+	/resources/tools/chemdb_ontology?abbrev=ST 26:2;O3
318.23997	318.2403	.0004	SPB 18:3;O2	C18H33NO2Na	[M+Na]+	/resources/tools/chemdb_ontology?abbrev=SPB 18:3;O2
318.23997	318.2427	.0028	FA 20:6	C20H28O2	[M+NH4]+	/resources/tools/chemdb_ontology?abbrev=FA 20:6
318.23997	318.2427	.0028	ST 20:3;O2	C20H28O2	[M+NH4]+	/resources/tools/chemdb_ontology?abbrev=ST 20:3;O2
318.23997	318.2371	.0028	DG 38:9	C41H62O5	[M+2H]2+	/resources/tools/chemdb_ontology?abbrev=DG 38:9
318.23997	318.2359	.0040	PA 31:0	C34H67O8P	[M+2H]2+	/resources/tools/chemdb_ontology?abbrev=PA 31:0
318.23997	318.2379	.0020	SPB 16:0;O2	C16H35NO2Na2	[M+2Na-H]+	/resources/tools/chemdb_ontology?abbrev=SPB 16:0;O2
441.33159	441.3363	.0047	ST 29:4;O3	C29H44O3	[M+H]+	/resources/tools/chemdb_ontology?abbrev=ST 29:4;O3
441.33159	441.3363	.0047	ST 29:3;O4	C29H46O4	[M+H-H2O]+	/resources/tools/chemdb_ontology?abbrev=ST 29:3;O4
441.33159	441.3339	.0023	ST 27:1;O3	C27H46O3Na	[M+Na]+	/resources/tools/chemdb_ontology?abbrev=ST 27:1;O3
441.33159	441.3275	.0041	PI O-38:0	C47H93O12P	[M+2H]2+	/resources/tools/chemdb_ontology?abbrev=PI O-38:0
441.33159	441.3339	.0023	TG 51:6	C54H92O6Na2	[M+2Na]2+	/resources/tools/chemdb_ontology?abbrev=TG 51:6
334.25044	334.2491	.0014	PG O-29:0	C35H71O9P	[M+2H]2+	/resources/tools/chemdb_ontology?abbrev=PG O-29:0
531.34319	531.3405	.0027	LPS O-17:0;O	C23H48NO9P	[M+NH4]+	/resources/tools/chemdb_ontology?abbrev=LPS O-17:0;O
475.3501	475.3418	.0083	ST 29:3;O5	C29H46O5	[M+H]+	/resources/tools/chemdb_ontology?abbrev=ST 29:3;O5
475.3501	475.3522	.0021	FA 29:4	C29H50O2Na2	[M+2Na-H]+	/resources/tools/chemdb_ontology?abbrev=FA 29:4
475.3501	475.3522	.0021	ST 29:1;O2	C29H50O2Na2	[M+2Na-H]+	/resources/tools/chemdb_ontology?abbrev=ST 29:1;O2
358.3413	358.3316	.0097	FA 21:1;O	C21H40O3	[M+NH4]+	/resources/tools/chemdb_ontology?abbrev=FA 21:1;O
428.38449	428.3887	.0042	ST 29:3;O	C29H46O	[M+NH4]+	/resources/tools/chemdb_ontology?abbrev=ST 29:3;O
511.42129	511.4146	.0067	FA 34:6;O2	C34H56O4	[M+H-H2O]+	/resources/tools/chemdb_ontology?abbrev=FA 34:6;O2
280.2632	280.2635	.0003	NAE 16:1	C18H35NO2	[M+H-H2O]+	/resources/tools/chemdb_ontology?abbrev=NAE 16:1
280.2632	280.2635	.0003	SPB 18:2;O2	C18H35NO2	[M+H-H2O]+	/resources/tools/chemdb_ontology?abbrev=SPB 18:2;O2
452.31866	452.3135	.0051	LPC O-14:1	C22H46NO6P	[M+H]+	/resources/tools/chemdb_ontology?abbrev=LPC O-14:1
452.31866	452.3135	.0051	LPE O-17:0;O	C22H48NO7P	[M+H-H2O]+	/resources/tools/chemdb_ontology?abbrev=LPE O-17:0;O
452.31866	452.3197	.0010	PI O-40:3	C49H91O12P	[M+2H]2+	/resources/tools/chemdb_ontology?abbrev=PI O-40:3
226.2165	226.2165	.0000	NAE 12:0	C14H29NO2	[M+H-H2O]+	/resources/tools/chemdb_ontology?abbrev=NAE 12:0
226.2165	226.2165	.0000	SPB 14:1;O2	C14H29NO2	[M+H-H2O]+	/resources/tools/chemdb_ontology?abbrev=SPB 14:1;O2
357.32985	357.3363	.0065	FA 22:0;O	C22H44O3	[M+H]+	/resources/tools/chemdb_ontology?abbrev=FA 22:0;O
357.32985	357.3363	.0065	MG O-19:0;O	C22H46O4	[M+H-H2O]+	/resources/tools/chemdb_ontology?abbrev=MG O-19:0;O
443.3043	443.3003	.0040	WE 24:3;O5	C24H42O7	[M+H]+	/resources/tools/chemdb_ontology?abbrev=WE 24:3;O5
443.3043	443.3132	.0089	MG O-23:5;O	C26H44O4Na	[M+Na]+	/resources/tools/chemdb_ontology?abbrev=MG O-23:5;O
443.3043	443.3132	.0089	ST 26:1;O4	C26H44O4Na	[M+Na]+	/resources/tools/chemdb_ontology?abbrev=ST 26:1;O4
443.3043	443.3014	.0029	PG O-42:4	C48H89O9PNa2	[M+2Na]2+	/resources/tools/chemdb_ontology?abbrev=PG O-42:4
443.3043	443.3108	.0065	FA 24:1;O2	C24H46O4Na2	[M+2Na-H]+	/resources/tools/chemdb_ontology?abbrev=FA 24:1;O2
947.50868	947.5021	.0066	CL 36:4	C45H82O15P2Na	[M+Na]+	/resources/tools/chemdb_ontology?abbrev=CL 36:4
512.33544	512.3347	.0008	LPS O-18:0	C24H50NO8P	[M+H]+	/resources/tools/chemdb_ontology?abbrev=LPS O-18:0
512.33544	512.3370	.0016	ST 31:7;O5	C31H42O5	[M+NH4]+	/resources/tools/chemdb_ontology?abbrev=ST 31:7;O5
298.27375	298.2740	.0003	NAE 16:1	C18H35NO2	[M+H]+	/resources/tools/chemdb_ontology?abbrev=NAE 16:1
298.27375	298.2740	.0003	SPB 18:2;O2	C18H35NO2	[M+H]+	/resources/tools/chemdb_ontology?abbrev=SPB 18:2;O2
298.27375	298.2740	.0003	SPB 18:1;O3	C18H37NO3	[M+H-H2O]+	/resources/tools/chemdb_ontology?abbrev=SPB 18:1;O3
298.27375	298.2740	.0003	FA 18:2	C18H32O2	[M+NH4]+	/resources/tools/chemdb_ontology?abbrev=FA 18:2
298.27375	298.2740	.0003	SFE 18:2	C18H32O2	[M+NH4]+	/resources/tools/chemdb_ontology?abbrev=SFE 18:2
298.27375	298.2740	.0003	WE 18:2	C18H32O2	[M+NH4]+	/resources/tools/chemdb_ontology?abbrev=WE 18:2
298.27375	298.2741	.0003	FA 18:2	C18H32O2	[M+NH4]+	/resources/tools/chemdb_ontology?abbrev=FA 18:2
298.27375	298.2741	.0003	SFE 18:2	C18H32O2	[M+NH4]+	/resources/tools/chemdb_ontology?abbrev=SFE 18:2
298.27375	298.2741	.0003	WE 18:2	C18H32O2	[M+NH4]+	/resources/tools/chemdb_ontology?abbrev=WE 18:2
298.27375	298.2761	.0023	CE 14:1	C41H70O2	[M+2H]2+	/resources/tools/chemdb_ontology?abbrev=CE 14:1
298.27375	298.2737	.0001	FA 37:0	C37H74O2Na2	[M+2Na]2+	/resources/tools/chemdb_ontology?abbrev=FA 37:0
925.52722	925.5202	.0070	CL 36:4	C45H82O15P2	[M+H]+	/resources/tools/chemdb_ontology?abbrev=CL 36:4
311.25775	311.2581	.0003	FA 19:2;O	C19H34O3	[M+H]+	/resources/tools/chemdb_ontology?abbrev=FA 19:2;O
311.25775	311.2581	.0003	FA 19:1;O2	C19H36O4	[M+H-H2O]+	/resources/tools/chemdb_ontology?abbrev=FA 19:1;O2
311.25775	311.2581	.0003	FOH 19:2;O3	C19H36O4	[M+H-H2O]+	/resources/tools/chemdb_ontology?abbrev=FOH 19:2;O3
510.32976	510.3304	.0006	PI 44:2	C53H99O13PNa2	[M+2Na]2+	/resources/tools/chemdb_ontology?abbrev=PI 44:2
474.25853	474.2615	.0030	LPE 18:4	C23H40NO7P	[M+H]+	/resources/tools/chemdb_ontology?abbrev=LPE 18:4
474.25853	474.2591	.0006	LPE 16:1	C21H42NO7PNa	[M+Na]+	/resources/tools/chemdb_ontology?abbrev=LPE 16:1
474.25853	474.2591	.0006	PC O-13:1	C21H42NO7PNa	[M+Na]+	/resources/tools/chemdb_ontology?abbrev=PC O-13:1
474.25853	474.2615	.0030	LPA 20:5	C23H37O7P	[M+NH4]+	/resources/tools/chemdb_ontology?abbrev=LPA 20:5
452.27678	452.2772	.0004	LPE 16:1	C21H42NO7P	[M+H]+	/resources/tools/chemdb_ontology?abbrev=LPE 16:1
452.27678	452.2772	.0004	PC O-13:1	C21H42NO7P	[M+H]+	/resources/tools/chemdb_ontology?abbrev=PC O-13:1
452.27678	452.2772	.0004	LPA 18:2	C21H39O7P	[M+NH4]+	/resources/tools/chemdb_ontology?abbrev=LPA 18:2
453.28008	453.2781	.0019	PI O-37:3	C46H85O12PNa2	[M+2Na]2+	/resources/tools/chemdb_ontology?abbrev=PI O-37:3
453.28008	453.2740	.0061	FA 28:8	C28H40O2Na2	[M+2Na-H]+	/resources/tools/chemdb_ontology?abbrev=FA 28:8
545.34249	545.3350	.0075	LPE 22:5	C27H46NO7P	[M+NH4]+	/resources/tools/chemdb_ontology?abbrev=LPE 22:5
454.28251	454.2860	.0035	PI O-37:2	C46H87O12PNa2	[M+2Na]2+	/resources/tools/chemdb_ontology?abbrev=PI O-37:2
437.35821	437.3625	.0043	ST 27:0;O4	C27H48O4	[M+H]+	/resources/tools/chemdb_ontology?abbrev=ST 27:0;O4
437.35821	437.3601	.0019	FA 25:0;O2	C25H50O4Na	[M+Na]+	/resources/tools/chemdb_ontology?abbrev=FA 25:0;O2
437.35821	437.3601	.0019	MG O-22:1;O	C25H50O4Na	[M+Na]+	/resources/tools/chemdb_ontology?abbrev=MG O-22:1;O
396.33138	396.3261	.0053	ST 27:5;O	C27H38O	[M+NH4]+	/resources/tools/chemdb_ontology?abbrev=ST 27:5;O
546.3451	546.3530	.0079	LPC 18:0	C26H54NO7PNa	[M+Na]+	/resources/tools/chemdb_ontology?abbrev=LPC 18:0
546.3451	546.3530	.0079	LPE 21:0	C26H54NO7PNa	[M+Na]+	/resources/tools/chemdb_ontology?abbrev=LPE 21:0
546.3451	546.3530	.0079	PC O-18:0	C26H54NO7PNa	[M+Na]+	/resources/tools/chemdb_ontology?abbrev=PC O-18:0
582.29469	582.3038	.0091	PS 20:1;O	C26H48NO11P	[M+H]+	/resources/tools/chemdb_ontology?abbrev=PS 20:1;O
582.29469	582.3038	.0091	PA 23:3;O3	C26H45O11P	[M+NH4]+	/resources/tools/chemdb_ontology?abbrev=PA 23:3;O3
566.32089	566.3217	.0008	LPC 20:4	C28H50NO7PNa	[M+Na]+	/resources/tools/chemdb_ontology?abbrev=LPC 20:4
566.32089	566.3193	.0016	LPC 18:1	C26H52NO7PNa2	[M+2Na-H]+	/resources/tools/chemdb_ontology?abbrev=LPC 18:1
566.32089	566.3193	.0016	PC O-18:1	C26H52NO7PNa2	[M+2Na-H]+	/resources/tools/chemdb_ontology?abbrev=PC O-18:1
374.30095	374.3029	.0020	NAE 20:2	C22H41NO2Na	[M+Na]+	/resources/tools/chemdb_ontology?abbrev=NAE 20:2
374.30095	374.3053	.0044	FA 24:6	C24H36O2	[M+NH4]+	/resources/tools/chemdb_ontology?abbrev=FA 24:6
374.30095	374.3053	.0044	ST 24:3;O2	C24H36O2	[M+NH4]+	/resources/tools/chemdb_ontology?abbrev=ST 24:3;O2
374.30095	374.2985	.0024	PA 39:0	C42H83O8P	[M+2H]2+	/resources/tools/chemdb_ontology?abbrev=PA 39:0
374.30095	374.2973	.0036	DG 42:3	C45H82O5Na2	[M+2Na]2+	/resources/tools/chemdb_ontology?abbrev=DG 42:3
374.30095	374.3050	.0040	CE 22:3	C49H82O2Na2	[M+2Na]2+	/resources/tools/chemdb_ontology?abbrev=CE 22:3
516.30541	516.3085	.0031	LPC 18:4	C26H46NO7P	[M+H]+	/resources/tools/chemdb_ontology?abbrev=LPC 18:4
516.30541	516.2989	.0065	ST 24:1;O4;Tau	C26H45NO7S	[M+H]+	/resources/tools/chemdb_ontology?abbrev=ST 24:1;O4;Tau
516.30541	516.3061	.0006	LPC 16:1	C24H48NO7PNa	[M+Na]+	/resources/tools/chemdb_ontology?abbrev=LPC 16:1
516.30541	516.3061	.0006	LPE 19:1	C24H48NO7PNa	[M+Na]+	/resources/tools/chemdb_ontology?abbrev=LPE 19:1
516.30541	516.3060	.0006	CAR 22:6	C29H45NO4Na2	[M+2Na-H]+	/resources/tools/chemdb_ontology?abbrev=CAR 22:6
393.33163	393.3363	.0047	FA 25:3;O	C25H44O3	[M+H]+	/resources/tools/chemdb_ontology?abbrev=FA 25:3;O
393.33163	393.3339	.0023	FA 23:0;O	C23H46O3Na	[M+Na]+	/resources/tools/chemdb_ontology?abbrev=FA 23:0;O
393.33163	393.3302	.0014	SM 40:2;O2	C45H89N2O6P	[M+2H]2+	/resources/tools/chemdb_ontology?abbrev=SM 40:2;O2
393.33163	393.3363	.0047	TG 47:4	C50H88O6	[M+2H]2+	/resources/tools/chemdb_ontology?abbrev=TG 47:4
495.32678	495.3316	.0048	ST 28:2;O7	C28H46O7	[M+H]+	/resources/tools/chemdb_ontology?abbrev=ST 28:2;O7
495.32678	495.3194	.0074	LPE 18:2	C23H44NO7P	[M+NH4]+	/resources/tools/chemdb_ontology?abbrev=LPE 18:2
392.30346	392.3027	.0008	MGDG 36:2	C45H82O10	[M+2H]2+	/resources/tools/chemdb_ontology?abbrev=MGDG 36:2
392.30346	392.2985	.0049	PA 42:3	C45H83O8P	[M+2H]2+	/resources/tools/chemdb_ontology?abbrev=PA 42:3
394.30078	394.2952	.0056	CAR 16:2;O	C23H41NO5	[M+H-H2O]+	/resources/tools/chemdb_ontology?abbrev=CAR 16:2;O
394.30078	394.2928	.0080	CAR 14:0	C21H41NO4Na	[M+Na]+	/resources/tools/chemdb_ontology?abbrev=CAR 14:0
394.30078	394.2952	.0056	MG 20:5	C23H36O4	[M+NH4]+	/resources/tools/chemdb_ontology?abbrev=MG 20:5
394.30078	394.2960	.0048	PG O-38:3	C44H83O9P	[M+2H]2+	/resources/tools/chemdb_ontology?abbrev=PG O-38:3
356.23233	356.2310	.0013	PG O-29:0	C35H71O9PNa2	[M+2Na]2+	/resources/tools/chemdb_ontology?abbrev=PG O-29:0
424.3416	424.3421	.0005	CAR 18:2	C25H45NO4	[M+H]+	/resources/tools/chemdb_ontology?abbrev=CAR 18:2
424.3416	424.3421	.0005	CAR 18:1;O	C25H47NO5	[M+H-H2O]+	/resources/tools/chemdb_ontology?abbrev=CAR 18:1;O
424.3416	424.3421	.0005	ST 25:1;O4	C25H42O4	[M+NH4]+	/resources/tools/chemdb_ontology?abbrev=ST 25:1;O4
424.3416	424.3430	.0014	PG O-42:1	C48H95O9P	[M+2H]2+	/resources/tools/chemdb_ontology?abbrev=PG O-42:1
424.3416	424.3441	.0025	TG 52:8	C55H90O6	[M+2H]2+	/resources/tools/chemdb_ontology?abbrev=TG 52:8
424.3416	424.3417	.0001	TG 48:2	C51H94O6Na2	[M+2Na]2+	/resources/tools/chemdb_ontology?abbrev=TG 48:2
354.31115	354.3128	.0017	TG 41:1	C44H82O6	[M+2H]2+	/resources/tools/chemdb_ontology?abbrev=TG 41:1
579.39469	579.4020	.0073	PA 27:0	C30H59O8P	[M+H]+	/resources/tools/chemdb_ontology?abbrev=PA 27:0
579.39469	579.3891	.0056	ST 27:1;O4;Hex	C33H56O9	[M+H-H2O]+	/resources/tools/chemdb_ontology?abbrev=ST 27:1;O4;Hex
579.39469	579.3996	.0049	DG 30:3	C33H58O5Na2	[M+2Na-H]+	/resources/tools/chemdb_ontology?abbrev=DG 30:3
349.30527	349.3101	.0048	WE 23:3	C23H40O2	[M+H]+	/resources/tools/chemdb_ontology?abbrev=WE 23:3
349.30527	349.3077	.0024	FA 21:0	C21H42O2Na	[M+Na]+	/resources/tools/chemdb_ontology?abbrev=FA 21:0
349.30527	349.3077	.0024	SFE 21:0	C21H42O2Na	[M+Na]+	/resources/tools/chemdb_ontology?abbrev=SFE 21:0
349.30527	349.3077	.0024	WE 21:0	C21H42O2Na	[M+Na]+	/resources/tools/chemdb_ontology?abbrev=WE 21:0
296.25823	296.2584	.0002	SPB 18:3;O2	C18H33NO2	[M+H]+	/resources/tools/chemdb_ontology?abbrev=SPB 18:3;O2
296.25823	296.2560	.0022	SPB 16:0;O2	C16H35NO2Na	[M+Na]+	/resources/tools/chemdb_ontology?abbrev=SPB 16:0;O2
296.25823	296.2584	.0002	FA 18:3	C18H30O2	[M+NH4]+	/resources/tools/chemdb_ontology?abbrev=FA 18:3
296.25823	296.2584	.0002	SFE 18:3	C18H30O2	[M+NH4]+	/resources/tools/chemdb_ontology?abbrev=SFE 18:3
296.25823	296.2584	.0002	ST 18:0;O2	C18H30O2	[M+NH4]+	/resources/tools/chemdb_ontology?abbrev=ST 18:0;O2
521.34253	521.3473	.0047	ST 30:3;O7	C30H48O7	[M+H]+	/resources/tools/chemdb_ontology?abbrev=ST 30:3;O7
521.34253	521.3350	.0075	LPE 20:3	C25H46NO7P	[M+NH4]+	/resources/tools/chemdb_ontology?abbrev=LPE 20:3
520.38679	520.3887	.0019	TG 63:11	C66H106O6Na2	[M+2Na]2+	/resources/tools/chemdb_ontology?abbrev=TG 63:11
520.3392	520.3398	.0006	LPC 18:2	C26H50NO7P	[M+H]+	/resources/tools/chemdb_ontology?abbrev=LPC 18:2
520.3392	520.3398	.0006	LPS O-20:1	C26H52NO8P	[M+H-H2O]+	/resources/tools/chemdb_ontology?abbrev=LPS O-20:1
520.3392	520.3398	.0006	PC 18:0	C26H52NO8P	[M+H-H2O]+	/resources/tools/chemdb_ontology?abbrev=PC 18:0
520.3392	520.3374	.0018	LPE O-19:0;O	C24H52NO7PNa	[M+Na]+	/resources/tools/chemdb_ontology?abbrev=LPE O-19:0;O
520.3392	520.3407	.0015	NAT 24:0	C26H53NO4SNa2	[M+2Na-H]+	/resources/tools/chemdb_ontology?abbrev=NAT 24:0
520.3392	520.3373	.0019	CAR 22:4	C29H49NO4Na2	[M+2Na-H]+	/resources/tools/chemdb_ontology?abbrev=CAR 22:4
542.32098	542.3241	.0031	LPC 20:5	C28H48NO7P	[M+H]+	/resources/tools/chemdb_ontology?abbrev=LPC 20:5
542.32098	542.3217	.0007	LPC 18:2	C26H50NO7PNa	[M+Na]+	/resources/tools/chemdb_ontology?abbrev=LPC 18:2
542.32098	542.3193	.0017	LPE O-19:0;O	C24H52NO7PNa2	[M+2Na-H]+	/resources/tools/chemdb_ontology?abbrev=LPE O-19:0;O
558.29468	558.2909	.0038	ST 21:2;O5;GlcA	C27H40O11	[M+NH4]+	/resources/tools/chemdb_ontology?abbrev=ST 21:2;O5;GlcA
543.32438	543.3316	.0072	ST 32:5;O8	C32H48O8	[M+H-H2O]+	/resources/tools/chemdb_ontology?abbrev=ST 32:5;O8
543.32438	543.3292	.0048	ST 30:3;O7	C30H48O7Na	[M+Na]+	/resources/tools/chemdb_ontology?abbrev=ST 30:3;O7
543.32438	543.3194	.0050	LPE 22:6	C27H44NO7P	[M+NH4]+	/resources/tools/chemdb_ontology?abbrev=LPE 22:6
489.36548	489.3574	.0080	ST 30:3;O5	C30H48O5	[M+H]+	/resources/tools/chemdb_ontology?abbrev=ST 30:3;O5
489.36548	489.3687	.0032	CAR 22:6	C29H45NO4	[M+NH4]+	/resources/tools/chemdb_ontology?abbrev=CAR 22:6
489.36548	489.3679	.0024	FA 30:4	C30H52O2Na2	[M+2Na-H]+	/resources/tools/chemdb_ontology?abbrev=FA 30:4
489.36548	489.3679	.0024	ST 30:1;O2	C30H52O2Na2	[M+2Na-H]+	/resources/tools/chemdb_ontology?abbrev=ST 30:1;O2
766.53002	766.5381	.0081	PC 35:5	C43H76NO8P	[M+H]+	/resources/tools/chemdb_ontology?abbrev=PC 35:5
766.53002	766.5381	.0081	PE 38:5	C43H76NO8P	[M+H]+	/resources/tools/chemdb_ontology?abbrev=PE 38:5
766.53002	766.5381	.0081	PE O-38:6;O	C43H76NO8P	[M+H]+	/resources/tools/chemdb_ontology?abbrev=PE O-38:6;O
766.53002	766.5381	.0081	PE 38:4;O	C43H78NO9P	[M+H-H2O]+	/resources/tools/chemdb_ontology?abbrev=PE 38:4;O
766.53002	766.5357	.0057	PC 33:2	C41H78NO8PNa	[M+Na]+	/resources/tools/chemdb_ontology?abbrev=PC 33:2
766.53002	766.5357	.0057	PE 36:2	C41H78NO8PNa	[M+Na]+	/resources/tools/chemdb_ontology?abbrev=PE 36:2
766.53002	766.5381	.0081	PA 40:6	C43H73O8P	[M+NH4]+	/resources/tools/chemdb_ontology?abbrev=PA 40:6
766.53002	766.5325	.0025	CL 78:9	C87H152O17P2	[M+2H]2+	/resources/tools/chemdb_ontology?abbrev=CL 78:9
766.53002	766.5301	.0001	CL 74:3	C83H156O17P2Na2	[M+2Na]2+	/resources/tools/chemdb_ontology?abbrev=CL 74:3
503.2954	503.3003	.0049	ST 29:4;O8	C29H44O8	[M+H-H2O]+	/resources/tools/chemdb_ontology?abbrev=ST 29:4;O8
503.2954	503.2979	.0025	ST 27:2;O7	C27H44O7Na	[M+Na]+	/resources/tools/chemdb_ontology?abbrev=ST 27:2;O7
592.36037	592.3609	.0005	PC 21:1;O2	C29H56NO10P	[M+H-H2O]+	/resources/tools/chemdb_ontology?abbrev=PC 21:1;O2
592.36037	592.3585	.0019	LPS O-21:0;O	C27H56NO9PNa	[M+Na]+	/resources/tools/chemdb_ontology?abbrev=LPS O-21:0;O
461.2848	461.2898	.0050	ST 27:4;O6	C27H40O6	[M+H]+	/resources/tools/chemdb_ontology?abbrev=ST 27:4;O6
461.2848	461.2832	.0016	PG 44:7	C50H85O10PNa2	[M+2Na]2+	/resources/tools/chemdb_ontology?abbrev=PG 44:7
432.26436	432.2592	.0052	FA 21:4;O6	C21H34O8	[M+NH4]+	/resources/tools/chemdb_ontology?abbrev=FA 21:4;O6
432.26436	432.2696	.0053	CAR 14:0;O	C21H41NO5Na2	[M+2Na-H]+	/resources/tools/chemdb_ontology?abbrev=CAR 14:0;O
299.27709	299.2763	.0008	DG 34:0	C37H72O5	[M+2H]2+	/resources/tools/chemdb_ontology?abbrev=DG 34:0
544.33911	544.3398	.0007	LPC 20:4	C28H50NO7P	[M+H]+	/resources/tools/chemdb_ontology?abbrev=LPC 20:4
544.33911	544.3374	.0018	LPC 18:1	C26H52NO7PNa	[M+Na]+	/resources/tools/chemdb_ontology?abbrev=LPC 18:1
544.33911	544.3374	.0018	PC O-18:1	C26H52NO7PNa	[M+Na]+	/resources/tools/chemdb_ontology?abbrev=PC O-18:1
363.30038	363.3006	.0002	NAE 20:5	C22H35NO2	[M+NH4]+	/resources/tools/chemdb_ontology?abbrev=NAE 20:5
363.30038	363.3052	.0048	DG 40:0	C43H84O5Na2	[M+2Na]2+	/resources/tools/chemdb_ontology?abbrev=DG 40:0
474.25831	474.2615	.0032	LPE 18:4	C23H40NO7P	[M+H]+	/resources/tools/chemdb_ontology?abbrev=LPE 18:4
474.25831	474.2591	.0008	LPE 16:1	C21H42NO7PNa	[M+Na]+	/resources/tools/chemdb_ontology?abbrev=LPE 16:1
474.25831	474.2591	.0008	PC O-13:1	C21H42NO7PNa	[M+Na]+	/resources/tools/chemdb_ontology?abbrev=PC O-13:1
474.25831	474.2615	.0032	LPA 20:5	C23H37O7P	[M+NH4]+	/resources/tools/chemdb_ontology?abbrev=LPA 20:5
385.37836	385.3829	.0045	ST 28:0;O	C28H50O	[M+H-H2O]+	/resources/tools/chemdb_ontology?abbrev=ST 28:0;O
305.24741	305.2475	.0001	FA 20:4	C20H32O2	[M+H]+	/resources/tools/chemdb_ontology?abbrev=FA 20:4
305.24741	305.2475	.0001	ST 20:1;O2	C20H32O2	[M+H]+	/resources/tools/chemdb_ontology?abbrev=ST 20:1;O2
305.24741	305.2475	.0001	FA 20:3;O	C20H34O3	[M+H-H2O]+	/resources/tools/chemdb_ontology?abbrev=FA 20:3;O
305.24741	305.2451	.0023	FA 18:1	C18H34O2Na	[M+Na]+	/resources/tools/chemdb_ontology?abbrev=FA 18:1
305.24741	305.2451	.0023	SFE 18:1	C18H34O2Na	[M+Na]+	/resources/tools/chemdb_ontology?abbrev=SFE 18:1
305.24741	305.2435	.0039	CAR 8:0	C15H29NO4	[M+NH4]+	/resources/tools/chemdb_ontology?abbrev=CAR 8:0
305.24741	305.2451	.0023	FAHFA 36:1;O	C36H68O4Na2	[M+2Na]2+	/resources/tools/chemdb_ontology?abbrev=FAHFA 36:1;O
280.26317	280.2635	.0003	NAE 16:1	C18H35NO2	[M+H-H2O]+	/resources/tools/chemdb_ontology?abbrev=NAE 16:1
280.26317	280.2635	.0003	SPB 18:2;O2	C18H35NO2	[M+H-H2O]+	/resources/tools/chemdb_ontology?abbrev=SPB 18:2;O2
511.33263	511.3265	.0061	ST 28:1;O9	C28H48O9	[M+H-H2O]+	/resources/tools/chemdb_ontology?abbrev=ST 28:1;O9
511.33263	511.3394	.0068	ST 30:3;O5	C30H48O5Na	[M+Na]+	/resources/tools/chemdb_ontology?abbrev=ST 30:3;O5
511.33263	511.3370	.0044	ST 28:0;O5	C28H50O5Na2	[M+2Na-H]+	/resources/tools/chemdb_ontology?abbrev=ST 28:0;O5
453.27992	453.2781	.0018	PI O-37:3	C46H85O12PNa2	[M+2Na]2+	/resources/tools/chemdb_ontology?abbrev=PI O-37:3
453.27992	453.2740	.0059	FA 28:8	C28H40O2Na2	[M+2Na-H]+	/resources/tools/chemdb_ontology?abbrev=FA 28:8
320.25565	320.2560	.0003	NAE 16:1	C18H35NO2Na	[M+Na]+	/resources/tools/chemdb_ontology?abbrev=NAE 16:1
320.25565	320.2560	.0003	SPB 18:2;O2	C18H35NO2Na	[M+Na]+	/resources/tools/chemdb_ontology?abbrev=SPB 18:2;O2
320.25565	320.2584	.0027	FA 20:5	C20H30O2	[M+NH4]+	/resources/tools/chemdb_ontology?abbrev=FA 20:5
320.25565	320.2584	.0027	ST 20:2;O2	C20H30O2	[M+NH4]+	/resources/tools/chemdb_ontology?abbrev=ST 20:2;O2
320.25565	320.2528	.0029	DG 38:7	C41H66O5	[M+2H]2+	/resources/tools/chemdb_ontology?abbrev=DG 38:7
320.25565	320.2580	.0024	CE 14:1	C41H70O2Na2	[M+2Na]2+	/resources/tools/chemdb_ontology?abbrev=CE 14:1
399.3942	399.3985	.0043	ST 29:0;O	C29H52O	[M+H-H2O]+	/resources/tools/chemdb_ontology?abbrev=ST 29:0;O
399.3942	399.3945	.0003	NAE 22:1	C24H47NO2	[M+NH4]+	/resources/tools/chemdb_ontology?abbrev=NAE 22:1
496.2403	496.2435	.0032	LPE 18:4	C23H40NO7PNa	[M+Na]+	/resources/tools/chemdb_ontology?abbrev=LPE 18:4
496.2403	496.2411	.0008	LPE 16:1	C21H42NO7PNa2	[M+2Na-H]+	/resources/tools/chemdb_ontology?abbrev=LPE 16:1
496.2403	496.2411	.0008	PC O-13:1	C21H42NO7PNa2	[M+2Na-H]+	/resources/tools/chemdb_ontology?abbrev=PC O-13:1
336.22963	336.2298	.0002	SPBP 16:0;O2	C16H36NO5P	[M+H-H2O]+	/resources/tools/chemdb_ontology?abbrev=SPBP 16:0;O2
454.28206	454.2860	.0039	PI O-37:2	C46H87O12PNa2	[M+2Na]2+	/resources/tools/chemdb_ontology?abbrev=PI O-37:2
494.32354	494.3241	.0006	LPC 16:1	C24H48NO7P	[M+H]+	/resources/tools/chemdb_ontology?abbrev=LPC 16:1
494.32354	494.3241	.0006	LPE 19:1	C24H48NO7P	[M+H]+	/resources/tools/chemdb_ontology?abbrev=LPE 19:1
494.32354	494.3241	.0006	LPS O-18:0	C24H50NO8P	[M+H-H2O]+	/resources/tools/chemdb_ontology?abbrev=LPS O-18:0
494.32354	494.3241	.0005	CAR 22:6	C29H45NO4Na	[M+Na]+	/resources/tools/chemdb_ontology?abbrev=CAR 22:6
357.32995	357.3363	.0064	FA 22:0;O	C22H44O3	[M+H]+	/resources/tools/chemdb_ontology?abbrev=FA 22:0;O
357.32995	357.3363	.0064	MG O-19:0;O	C22H46O4	[M+H-H2O]+	/resources/tools/chemdb_ontology?abbrev=MG O-19:0;O
526.4396	526.4466	.0070	DG 28:2	C31H56O5	[M+NH4]+	/resources/tools/chemdb_ontology?abbrev=DG 28:2
526.4396	526.4356	.0040	TG 63:5	C66H118O6Na2	[M+2Na]2+	/resources/tools/chemdb_ontology?abbrev=TG 63:5
358.33315	358.3316	.0016	FA 21:1;O	C21H40O3	[M+NH4]+	/resources/tools/chemdb_ontology?abbrev=FA 21:1;O
374.30083	374.3029	.0021	NAE 20:2	C22H41NO2Na	[M+Na]+	/resources/tools/chemdb_ontology?abbrev=NAE 20:2
374.30083	374.3053	.0045	FA 24:6	C24H36O2	[M+NH4]+	/resources/tools/chemdb_ontology?abbrev=FA 24:6
374.30083	374.3053	.0045	ST 24:3;O2	C24H36O2	[M+NH4]+	/resources/tools/chemdb_ontology?abbrev=ST 24:3;O2
374.30083	374.2985	.0023	PA 39:0	C42H83O8P	[M+2H]2+	/resources/tools/chemdb_ontology?abbrev=PA 39:0
374.30083	374.2973	.0035	DG 42:3	C45H82O5Na2	[M+2Na]2+	/resources/tools/chemdb_ontology?abbrev=DG 42:3
374.30083	374.3050	.0041	CE 22:3	C49H82O2Na2	[M+2Na]2+	/resources/tools/chemdb_ontology?abbrev=CE 22:3
678.47759	678.4704	.0071	LPS O-29:2;O	C35H68NO9P	[M+H]+	/resources/tools/chemdb_ontology?abbrev=LPS O-29:2;O
678.47759	678.4704	.0071	PS O-29:1	C35H68NO9P	[M+H]+	/resources/tools/chemdb_ontology?abbrev=PS O-29:1
678.47759	678.4857	.0081	PE O-34:5	C39H70NO7P	[M+H-H2O]+	/resources/tools/chemdb_ontology?abbrev=PE O-34:5
298.2737	298.2740	.0003	NAE 16:1	C18H35NO2	[M+H]+	/resources/tools/chemdb_ontology?abbrev=NAE 16:1
298.2737	298.2740	.0003	SPB 18:2;O2	C18H35NO2	[M+H]+	/resources/tools/chemdb_ontology?abbrev=SPB 18:2;O2
298.2737	298.2740	.0003	SPB 18:1;O3	C18H37NO3	[M+H-H2O]+	/resources/tools/chemdb_ontology?abbrev=SPB 18:1;O3
298.2737	298.2740	.0003	FA 18:2	C18H32O2	[M+NH4]+	/resources/tools/chemdb_ontology?abbrev=FA 18:2
298.2737	298.2740	.0003	SFE 18:2	C18H32O2	[M+NH4]+	/resources/tools/chemdb_ontology?abbrev=SFE 18:2
298.2737	298.2740	.0003	WE 18:2	C18H32O2	[M+NH4]+	/resources/tools/chemdb_ontology?abbrev=WE 18:2
298.2737	298.2741	.0004	FA 18:2	C18H32O2	[M+NH4]+	/resources/tools/chemdb_ontology?abbrev=FA 18:2
298.2737	298.2741	.0004	SFE 18:2	C18H32O2	[M+NH4]+	/resources/tools/chemdb_ontology?abbrev=SFE 18:2
298.2737	298.2741	.0004	WE 18:2	C18H32O2	[M+NH4]+	/resources/tools/chemdb_ontology?abbrev=WE 18:2
298.2737	298.2761	.0024	CE 14:1	C41H70O2	[M+2H]2+	/resources/tools/chemdb_ontology?abbrev=CE 14:1
298.2737	298.2737	.0000	FA 37:0	C37H74O2Na2	[M+2Na]2+	/resources/tools/chemdb_ontology?abbrev=FA 37:0
479.29566	479.3003	.0047	ST 21:0;O2;GlcA	C27H44O8	[M+H-H2O]+	/resources/tools/chemdb_ontology?abbrev=ST 21:0;O2;GlcA
479.29566	479.3003	.0047	ST 27:2;O8	C27H44O8	[M+H-H2O]+	/resources/tools/chemdb_ontology?abbrev=ST 27:2;O8
478.33839	478.3292	.0092	LPE O-19:2	C24H48NO6P	[M+H]+	/resources/tools/chemdb_ontology?abbrev=LPE O-19:2
478.33839	478.3292	.0092	LPC 16:0	C24H50NO7P	[M+H-H2O]+	/resources/tools/chemdb_ontology?abbrev=LPC 16:0
478.33839	478.3292	.0092	LPE 19:0	C24H50NO7P	[M+H-H2O]+	/resources/tools/chemdb_ontology?abbrev=LPE 19:0
478.33839	478.3292	.0092	LPE O-19:1;O	C24H50NO7P	[M+H-H2O]+	/resources/tools/chemdb_ontology?abbrev=LPE O-19:1;O
478.33839	478.3292	.0092	PC O-16:0	C24H50NO7P	[M+H-H2O]+	/resources/tools/chemdb_ontology?abbrev=PC O-16:0
478.33839	478.3417	.0033	TG 57:11	C60H94O6Na2	[M+2Na]2+	/resources/tools/chemdb_ontology?abbrev=TG 57:11
478.29232	478.2928	.0005	LPE 18:2	C23H44NO7P	[M+H]+	/resources/tools/chemdb_ontology?abbrev=LPE 18:2
478.29232	478.2904	.0019	LPE O-16:0;O	C21H46NO7PNa	[M+Na]+	/resources/tools/chemdb_ontology?abbrev=LPE O-16:0;O
478.29232	478.2928	.0005	LPA 20:3	C23H41O7P	[M+NH4]+	/resources/tools/chemdb_ontology?abbrev=LPA 20:3
478.29232	478.2937	.0014	NAT 21:0	C23H47NO4SNa2	[M+2Na-H]+	/resources/tools/chemdb_ontology?abbrev=NAT 21:0
478.29232	478.2904	.0020	ST 24:1;O2;Gly	C26H43NO4Na2	[M+2Na-H]+	/resources/tools/chemdb_ontology?abbrev=ST 24:1;O2;Gly
500.27412	500.2772	.0030	LPE 20:5	C25H42NO7P	[M+H]+	/resources/tools/chemdb_ontology?abbrev=LPE 20:5
500.27412	500.2748	.0006	LPE 18:2	C23H44NO7PNa	[M+Na]+	/resources/tools/chemdb_ontology?abbrev=LPE 18:2
500.27412	500.2772	.0030	LPA 22:6	C25H39O7P	[M+NH4]+	/resources/tools/chemdb_ontology?abbrev=LPA 22:6
500.27412	500.2724	.0018	LPE O-16:0;O	C21H46NO7PNa2	[M+2Na-H]+	/resources/tools/chemdb_ontology?abbrev=LPE O-16:0;O
522.25598	522.2591	.0031	LPE 20:5	C25H42NO7PNa	[M+Na]+	/resources/tools/chemdb_ontology?abbrev=LPE 20:5
522.25598	522.2567	.0007	LPE 18:2	C23H44NO7PNa2	[M+2Na-H]+	/resources/tools/chemdb_ontology?abbrev=LPE 18:2
537.34847	537.3551	.0066	PA 24:0	C27H53O8P	[M+H]+	/resources/tools/chemdb_ontology?abbrev=PA 24:0
537.34847	537.3551	.0066	LPG 21:0	C27H55O9P	[M+H-H2O]+	/resources/tools/chemdb_ontology?abbrev=LPG 21:0
537.34847	537.3526	.0042	ST 30:1;O5	C30H52O5Na2	[M+2Na-H]+	/resources/tools/chemdb_ontology?abbrev=ST 30:1;O5
337.27335	337.2737	.0004	FA 21:3;O	C21H36O3	[M+H]+	/resources/tools/chemdb_ontology?abbrev=FA 21:3;O
337.27335	337.2737	.0004	FA 21:2;O2	C21H38O4	[M+H-H2O]+	/resources/tools/chemdb_ontology?abbrev=FA 21:2;O2
337.27335	337.2737	.0004	MG 18:2	C21H38O4	[M+H-H2O]+	/resources/tools/chemdb_ontology?abbrev=MG 18:2
337.27335	337.2713	.0020	FA 19:0;O	C19H38O3Na	[M+Na]+	/resources/tools/chemdb_ontology?abbrev=FA 19:0;O
634.45145	634.4442	.0072	PE 28:1	C33H64NO8P	[M+H]+	/resources/tools/chemdb_ontology?abbrev=PE 28:1
634.45145	634.4442	.0072	LPS O-27:1;O	C33H66NO9P	[M+H-H2O]+	/resources/tools/chemdb_ontology?abbrev=LPS O-27:1;O
634.45145	634.4442	.0072	PA 30:2	C33H61O8P	[M+NH4]+	/resources/tools/chemdb_ontology?abbrev=PA 30:2
559.44232	559.4357	.0066	DG 32:5	C35H58O5	[M+H]+	/resources/tools/chemdb_ontology?abbrev=DG 32:5
559.44232	559.4333	.0090	DG 30:2	C33H60O5Na	[M+Na]+	/resources/tools/chemdb_ontology?abbrev=DG 30:2
502.29215	502.2928	.0007	LPE 20:4	C25H44NO7P	[M+H]+	/resources/tools/chemdb_ontology?abbrev=LPE 20:4
502.29215	502.2904	.0017	LPC 15:1	C23H46NO7PNa	[M+Na]+	/resources/tools/chemdb_ontology?abbrev=LPC 15:1
502.29215	502.2904	.0017	LPE 18:1	C23H46NO7PNa	[M+Na]+	/resources/tools/chemdb_ontology?abbrev=LPE 18:1
502.29215	502.3011	.0089	ST 19:0;O3;GlcA	C25H40O9	[M+NH4]+	/resources/tools/chemdb_ontology?abbrev=ST 19:0;O3;GlcA
383.29027	383.2945	.0042	ST 26:4;O2	C26H38O2	[M+H]+	/resources/tools/chemdb_ontology?abbrev=ST 26:4;O2
383.29027	383.2945	.0042	ST 26:3;O3	C26H40O3	[M+H-H2O]+	/resources/tools/chemdb_ontology?abbrev=ST 26:3;O3
383.29027	383.2920	.0018	FA 24:4	C24H40O2Na	[M+Na]+	/resources/tools/chemdb_ontology?abbrev=FA 24:4
383.29027	383.2920	.0018	ST 24:1;O2	C24H40O2Na	[M+Na]+	/resources/tools/chemdb_ontology?abbrev=ST 24:1;O2
383.29027	383.2933	.0030	PA O-42:5	C45H81O7P	[M+2H]2+	/resources/tools/chemdb_ontology?abbrev=PA O-42:5
383.29027	383.2856	.0046	PG 35:0	C41H81O10P	[M+2H]2+	/resources/tools/chemdb_ontology?abbrev=PG 35:0
383.29027	383.2896	.0006	FA 22:1	C22H42O2Na2	[M+2Na-H]+	/resources/tools/chemdb_ontology?abbrev=FA 22:1
383.29027	383.2896	.0006	SFE 22:1	C22H42O2Na2	[M+2Na-H]+	/resources/tools/chemdb_ontology?abbrev=SFE 22:1
383.29027	383.2896	.0006	WE 22:1	C22H42O2Na2	[M+2Na-H]+	/resources/tools/chemdb_ontology?abbrev=WE 22:1
389.31965	389.3162	.0034	NAE 22:6	C24H37NO2	[M+NH4]+	/resources/tools/chemdb_ontology?abbrev=NAE 22:6
389.31965	389.3208	.0012	DG 44:2	C47H88O5Na2	[M+2Na]2+	/resources/tools/chemdb_ontology?abbrev=DG 44:2
388.31646	388.3142	.0023	PA 41:0	C44H87O8P	[M+2H]2+	/resources/tools/chemdb_ontology?abbrev=PA 41:0
388.31646	388.3130	.0035	DG 44:3	C47H86O5Na2	[M+2Na]2+	/resources/tools/chemdb_ontology?abbrev=DG 44:3
200.16442	200.1645	.0001	FA 11:2	C11H18O2	[M+NH4]+	/resources/tools/chemdb_ontology?abbrev=FA 11:2
200.16442	200.1645	.0001	SFE 11:2	C11H18O2	[M+NH4]+	/resources/tools/chemdb_ontology?abbrev=SFE 11:2
200.16442	200.1645	.0001	WE 11:2	C11H18O2	[M+NH4]+	/resources/tools/chemdb_ontology?abbrev=WE 11:2
200.16442	200.1665	.0021	SFE 27:6	C27H42O2	[M+2H]2+	/resources/tools/chemdb_ontology?abbrev=SFE 27:6
200.16442	200.1665	.0021	ST 27:3;O2	C27H42O2	[M+2H]2+	/resources/tools/chemdb_ontology?abbrev=ST 27:3;O2
200.16442	200.1641	.0003	FA 23:0	C23H46O2Na2	[M+2Na]2+	/resources/tools/chemdb_ontology?abbrev=FA 23:0
200.16442	200.1641	.0003	WE 23:0	C23H46O2Na2	[M+2Na]2+	/resources/tools/chemdb_ontology?abbrev=WE 23:0
521.34226	521.3473	.0050	ST 30:3;O7	C30H48O7	[M+H]+	/resources/tools/chemdb_ontology?abbrev=ST 30:3;O7
521.34226	521.3350	.0072	LPE 20:3	C25H46NO7P	[M+NH4]+	/resources/tools/chemdb_ontology?abbrev=LPE 20:3
590.42557	590.4180	.0076	PE 26:0	C31H62NO8P	[M+H-H2O]+	/resources/tools/chemdb_ontology?abbrev=PE 26:0
590.42557	590.4156	.0100	LPE O-24:0;O	C29H62NO7PNa	[M+Na]+	/resources/tools/chemdb_ontology?abbrev=LPE O-24:0;O
339.28891	339.2894	.0005	FA 21:1;O2	C21H40O4	[M+H-H2O]+	/resources/tools/chemdb_ontology?abbrev=FA 21:1;O2
339.28891	339.2894	.0005	MG 18:1	C21H40O4	[M+H-H2O]+	/resources/tools/chemdb_ontology?abbrev=MG 18:1
339.28891	339.2894	.0005	WE 21:1;O2	C21H40O4	[M+H-H2O]+	/resources/tools/chemdb_ontology?abbrev=WE 21:1;O2
339.28891	339.2870	.0020	MG O-16:0	C19H40O3Na	[M+Na]+	/resources/tools/chemdb_ontology?abbrev=MG O-16:0
452.27667	452.2772	.0005	LPE 16:1	C21H42NO7P	[M+H]+	/resources/tools/chemdb_ontology?abbrev=LPE 16:1
452.27667	452.2772	.0005	PC O-13:1	C21H42NO7P	[M+H]+	/resources/tools/chemdb_ontology?abbrev=PC O-13:1
452.27667	452.2772	.0005	LPA 18:2	C21H39O7P	[M+NH4]+	/resources/tools/chemdb_ontology?abbrev=LPA 18:2
510.32953	510.3304	.0009	PI 44:2	C53H99O13PNa2	[M+2Na]2+	/resources/tools/chemdb_ontology?abbrev=PI 44:2
448.24134	448.2435	.0021	LPC 11:0	C19H40NO7PNa	[M+Na]+	/resources/tools/chemdb_ontology?abbrev=LPC 11:0
448.24134	448.2435	.0021	LPE 14:0	C19H40NO7PNa	[M+Na]+	/resources/tools/chemdb_ontology?abbrev=LPE 14:0
448.24134	448.2459	.0045	LPA 18:4	C21H35O7P	[M+NH4]+	/resources/tools/chemdb_ontology?abbrev=LPA 18:4
448.24134	448.2468	.0055	NAT 19:1	C21H41NO4SNa2	[M+2Na-H]+	/resources/tools/chemdb_ontology?abbrev=NAT 19:1
477.35285	477.3574	.0046	ST 29:2;O5	C29H48O5	[M+H]+	/resources/tools/chemdb_ontology?abbrev=ST 29:2;O5
546.39935	546.3918	.0076	LPE 24:1	C29H58NO7P	[M+H-H2O]+	/resources/tools/chemdb_ontology?abbrev=LPE 24:1
546.39935	546.3918	.0076	PC O-21:1	C29H58NO7P	[M+H-H2O]+	/resources/tools/chemdb_ontology?abbrev=PC O-21:1
546.39935	546.3894	.0100	LPC O-19:0	C27H58NO6PNa	[M+Na]+	/resources/tools/chemdb_ontology?abbrev=LPC O-19:0
330.26376	330.2639	.0001	CAR 11:0	C18H35NO4	[M+H]+	/resources/tools/chemdb_ontology?abbrev=CAR 11:0
330.26376	330.2639	.0001	FA 18:2;O2	C18H32O4	[M+NH4]+	/resources/tools/chemdb_ontology?abbrev=FA 18:2;O2
330.26376	330.2598	.0040	CerPE 34:2;O2	C36H71N2O6P	[M+2H]2+	/resources/tools/chemdb_ontology?abbrev=CerPE 34:2;O2
524.29749	524.2983	.0008	LPS 18:1	C24H46NO9P	[M+H]+	/resources/tools/chemdb_ontology?abbrev=LPS 18:1
524.29749	524.2983	.0008	LPG 18:3	C24H43O9P	[M+NH4]+	/resources/tools/chemdb_ontology?abbrev=LPG 18:3
524.29749	524.3040	.0065	ST 28:4;O3;S	C28H42O6S	[M+NH4]+	/resources/tools/chemdb_ontology?abbrev=ST 28:4;O3;S
313.23721	313.2373	.0001	FA 18:2;O2	C18H32O4	[M+H]+	/resources/tools/chemdb_ontology?abbrev=FA 18:2;O2
313.23721	313.2373	.0001	FA 18:1;O3	C18H34O5	[M+H-H2O]+	/resources/tools/chemdb_ontology?abbrev=FA 18:1;O3
371.29032	371.2920	.0017	WE 23:3	C23H40O2Na	[M+Na]+	/resources/tools/chemdb_ontology?abbrev=WE 23:3
371.29032	371.2933	.0029	PA O-40:3	C43H81O7P	[M+2H]2+	/resources/tools/chemdb_ontology?abbrev=PA O-40:3
371.29032	371.2896	.0007	FA 21:0	C21H42O2Na2	[M+2Na-H]+	/resources/tools/chemdb_ontology?abbrev=FA 21:0
371.29032	371.2896	.0007	SFE 21:0	C21H42O2Na2	[M+2Na-H]+	/resources/tools/chemdb_ontology?abbrev=SFE 21:0
371.29032	371.2896	.0007	WE 21:0	C21H42O2Na2	[M+2Na-H]+	/resources/tools/chemdb_ontology?abbrev=WE 21:0
426.36894	426.3730	.0041	ST 29:4;O	C29H44O	[M+NH4]+	/resources/tools/chemdb_ontology?abbrev=ST 29:4;O
476.32039	476.3135	.0068	LPC 16:1	C24H48NO7P	[M+H-H2O]+	/resources/tools/chemdb_ontology?abbrev=LPC 16:1
476.32039	476.3135	.0068	LPE 19:1	C24H48NO7P	[M+H-H2O]+	/resources/tools/chemdb_ontology?abbrev=LPE 19:1
476.32039	476.3111	.0092	LPC O-14:0	C22H48NO6PNa	[M+Na]+	/resources/tools/chemdb_ontology?abbrev=LPC O-14:0
476.32039	476.3173	.0031	PI O-40:1	C49H95O12PNa2	[M+2Na]2+	/resources/tools/chemdb_ontology?abbrev=PI O-40:1
482.32299	482.3241	.0011	LPC 15:0	C23H48NO7P	[M+H]+	/resources/tools/chemdb_ontology?abbrev=LPC 15:0
482.32299	482.3241	.0011	LPE 18:0	C23H48NO7P	[M+H]+	/resources/tools/chemdb_ontology?abbrev=LPE 18:0
482.32299	482.3241	.0011	LPE O-18:1;O	C23H48NO7P	[M+H]+	/resources/tools/chemdb_ontology?abbrev=LPE O-18:1;O
482.32299	482.3274	.0045	NAT 23:1	C25H49NO4SNa	[M+Na]+	/resources/tools/chemdb_ontology?abbrev=NAT 23:1
482.32299	482.3241	.0011	LPA 20:1	C23H45O7P	[M+NH4]+	/resources/tools/chemdb_ontology?abbrev=LPA 20:1
482.32299	482.3261	.0031	TG 58:14	C61H90O6Na2	[M+2Na]2+	/resources/tools/chemdb_ontology?abbrev=TG 58:14
479.29545	479.3003	.0049	ST 21:0;O2;GlcA	C27H44O8	[M+H-H2O]+	/resources/tools/chemdb_ontology?abbrev=ST 21:0;O2;GlcA
479.29545	479.3003	.0049	ST 27:2;O8	C27H44O8	[M+H-H2O]+	/resources/tools/chemdb_ontology?abbrev=ST 27:2;O8
439.24601	439.2455	.0005	LPG 14:0	C20H41O9P	[M+H-H2O]+	/resources/tools/chemdb_ontology?abbrev=LPG 14:0
439.24601	439.2513	.0053	ST 24:1;O3;S	C24H40O6S	[M+H-H2O]+	/resources/tools/chemdb_ontology?abbrev=ST 24:1;O3;S
439.24601	439.2467	.0007	PI 38:9	C47H73O13P	[M+2H]2+	/resources/tools/chemdb_ontology?abbrev=PI 38:9
439.24601	439.2443	.0017	PI 34:3	C43H77O13PNa2	[M+2Na]2+	/resources/tools/chemdb_ontology?abbrev=PI 34:3
439.24601	439.2431	.0029	MG 20:4;O	C23H38O5Na2	[M+2Na-H]+	/resources/tools/chemdb_ontology?abbrev=MG 20:4;O
439.24601	439.2431	.0029	ST 23:1;O5	C23H38O5Na2	[M+2Na-H]+	/resources/tools/chemdb_ontology?abbrev=ST 23:1;O5
475.31726	475.3183	.0010	LPA 22:1	C25H49O7P	[M+H-H2O]+	/resources/tools/chemdb_ontology?abbrev=LPA 22:1
475.31726	475.3159	.0014	LPA O-20:0	C23H49O6PNa	[M+Na]+	/resources/tools/chemdb_ontology?abbrev=LPA O-20:0
475.31726	475.3159	.0014	ST 28:2;O3	C28H46O3Na2	[M+2Na-H]+	/resources/tools/chemdb_ontology?abbrev=ST 28:2;O3
502.37309	502.3656	.0075	LPC O-19:2	C27H54NO6P	[M+H-H2O]+	/resources/tools/chemdb_ontology?abbrev=LPC O-19:2
502.37309	502.3738	.0007	ST 27:0;O7	C27H48O7	[M+NH4]+	/resources/tools/chemdb_ontology?abbrev=ST 27:0;O7
500.27371	500.2772	.0035	LPE 20:5	C25H42NO7P	[M+H]+	/resources/tools/chemdb_ontology?abbrev=LPE 20:5
500.27371	500.2748	.0010	LPE 18:2	C23H44NO7PNa	[M+Na]+	/resources/tools/chemdb_ontology?abbrev=LPE 18:2
500.27371	500.2772	.0035	LPA 22:6	C25H39O7P	[M+NH4]+	/resources/tools/chemdb_ontology?abbrev=LPA 22:6
500.27371	500.2724	.0014	LPE O-16:0;O	C21H46NO7PNa2	[M+2Na-H]+	/resources/tools/chemdb_ontology?abbrev=LPE O-16:0;O
458.34713	458.3476	.0005	CAR 18:1;O2	C25H47NO6	[M+H]+	/resources/tools/chemdb_ontology?abbrev=CAR 18:1;O2
520.33891	520.3398	.0009	LPC 18:2	C26H50NO7P	[M+H]+	/resources/tools/chemdb_ontology?abbrev=LPC 18:2
520.33891	520.3398	.0009	LPS O-20:1	C26H52NO8P	[M+H-H2O]+	/resources/tools/chemdb_ontology?abbrev=LPS O-20:1
520.33891	520.3398	.0009	PC 18:0	C26H52NO8P	[M+H-H2O]+	/resources/tools/chemdb_ontology?abbrev=PC 18:0
520.33891	520.3374	.0016	LPE O-19:0;O	C24H52NO7PNa	[M+Na]+	/resources/tools/chemdb_ontology?abbrev=LPE O-19:0;O
520.33891	520.3373	.0016	CAR 22:4	C29H49NO4Na2	[M+2Na-H]+	/resources/tools/chemdb_ontology?abbrev=CAR 22:4
520.33891	520.3407	.0018	NAT 24:0	C26H53NO4SNa2	[M+2Na-H]+	/resources/tools/chemdb_ontology?abbrev=NAT 24:0
382.34251	382.3441	.0016	TG 45:1	C48H90O6	[M+2H]2+	/resources/tools/chemdb_ontology?abbrev=TG 45:1
672.52423	672.5326	.0084	PC O-30:1	C38H76NO7P	[M+H-H2O]+	/resources/tools/chemdb_ontology?abbrev=PC O-30:1
672.52423	672.5326	.0084	PE O-33:1	C38H76NO7P	[M+H-H2O]+	/resources/tools/chemdb_ontology?abbrev=PE O-33:1
466.29215	466.2928	.0007	LPC 14:1	C22H44NO7P	[M+H]+	/resources/tools/chemdb_ontology?abbrev=LPC 14:1
466.29215	466.2928	.0007	LPE 17:1	C22H44NO7P	[M+H]+	/resources/tools/chemdb_ontology?abbrev=LPE 17:1
466.29215	466.2928	.0007	LPS O-16:0	C22H46NO8P	[M+H-H2O]+	/resources/tools/chemdb_ontology?abbrev=LPS O-16:0
466.29215	466.2986	.0064	ST 24:1;O2;Tau	C26H45NO5S	[M+H-H2O]+	/resources/tools/chemdb_ontology?abbrev=ST 24:1;O2;Tau
466.29215	466.2904	.0018	CAR 18:3	C25H43NO4Na2	[M+2Na-H]+	/resources/tools/chemdb_ontology?abbrev=CAR 18:3
200.16447	200.1645	.0000	FA 11:2	C11H18O2	[M+NH4]+	/resources/tools/chemdb_ontology?abbrev=FA 11:2
200.16447	200.1645	.0000	SFE 11:2	C11H18O2	[M+NH4]+	/resources/tools/chemdb_ontology?abbrev=SFE 11:2
200.16447	200.1645	.0000	WE 11:2	C11H18O2	[M+NH4]+	/resources/tools/chemdb_ontology?abbrev=WE 11:2
200.16447	200.1665	.0020	SFE 27:6	C27H42O2	[M+2H]2+	/resources/tools/chemdb_ontology?abbrev=SFE 27:6
200.16447	200.1665	.0020	ST 27:3;O2	C27H42O2	[M+2H]2+	/resources/tools/chemdb_ontology?abbrev=ST 27:3;O2
200.16447	200.1641	.0004	FA 23:0	C23H46O2Na2	[M+2Na]2+	/resources/tools/chemdb_ontology?abbrev=FA 23:0
200.16447	200.1641	.0004	WE 23:0	C23H46O2Na2	[M+2Na]2+	/resources/tools/chemdb_ontology?abbrev=WE 23:0
559.44232	559.4357	.0066	DG 32:5	C35H58O5	[M+H]+	/resources/tools/chemdb_ontology?abbrev=DG 32:5
559.44232	559.4333	.0090	DG 30:2	C33H60O5Na	[M+Na]+	/resources/tools/chemdb_ontology?abbrev=DG 30:2
411.25027	411.2506	.0003	LPA 16:0	C19H39O7P	[M+H]+	/resources/tools/chemdb_ontology?abbrev=LPA 16:0
411.25027	411.2506	.0003	ST 24:3;O4	C24H36O4Na	[M+Na]+	/resources/tools/chemdb_ontology?abbrev=ST 24:3;O4
455.34804	455.3520	.0039	ST 30:4;O3	C30H46O3	[M+H]+	/resources/tools/chemdb_ontology?abbrev=ST 30:4;O3
455.34804	455.3496	.0015	ST 28:1;O3	C28H48O3Na	[M+Na]+	/resources/tools/chemdb_ontology?abbrev=ST 28:1;O3
455.34804	455.3479	.0001	CAR 18:3;O	C25H43NO5	[M+NH4]+	/resources/tools/chemdb_ontology?abbrev=CAR 18:3;O
455.34804	455.3520	.0039	TG 57:12	C60H92O6	[M+2H]2+	/resources/tools/chemdb_ontology?abbrev=TG 57:12
455.34804	455.3432	.0049	PI O-40:0	C49H97O12P	[M+2H]2+	/resources/tools/chemdb_ontology?abbrev=PI O-40:0
455.34804	455.3496	.0015	TG 53:6	C56H96O6Na2	[M+2Na]2+	/resources/tools/chemdb_ontology?abbrev=TG 53:6
455.34804	455.3472	.0009	FA 26:1;O	C26H50O3Na2	[M+2Na-H]+	/resources/tools/chemdb_ontology?abbrev=FA 26:1;O
389.35818	389.3625	.0044	MG O-20:0;O	C23H48O4	[M+H]+	/resources/tools/chemdb_ontology?abbrev=MG O-20:0;O
172.14165	172.1332	.0085	FA 9:2	C9H14O2	[M+NH4]+	/resources/tools/chemdb_ontology?abbrev=FA 9:2
172.14165	172.1332	.0085	SFE 9:2	C9H14O2	[M+NH4]+	/resources/tools/chemdb_ontology?abbrev=SFE 9:2
172.14165	172.1332	.0085	WE 9:2	C9H14O2	[M+NH4]+	/resources/tools/chemdb_ontology?abbrev=WE 9:2
172.14165	172.1458	.0041	FA 20:1;O2	C20H38O4	[M+2H]2+	/resources/tools/chemdb_ontology?abbrev=FA 20:1;O2
353.24893	353.2475	.0014	ST 24:4;O3	C24H34O3	[M+H-H2O]+	/resources/tools/chemdb_ontology?abbrev=ST 24:4;O3
353.24893	353.2451	.0038	FA 22:5	C22H34O2Na	[M+Na]+	/resources/tools/chemdb_ontology?abbrev=FA 22:5
353.24893	353.2451	.0038	SFE 22:5	C22H34O2Na	[M+Na]+	/resources/tools/chemdb_ontology?abbrev=SFE 22:5
353.24893	353.2463	.0026	PA O-38:7	C41H69O7P	[M+2H]2+	/resources/tools/chemdb_ontology?abbrev=PA O-38:7
353.24893	353.2495	.0006	CerPE 34:1;O2	C36H73N2O6PNa2	[M+2Na]2+	/resources/tools/chemdb_ontology?abbrev=CerPE 34:1;O2
353.24893	353.2427	.0062	FA 20:2	C20H36O2Na2	[M+2Na-H]+	/resources/tools/chemdb_ontology?abbrev=FA 20:2
353.24893	353.2427	.0062	SFE 20:2	C20H36O2Na2	[M+2Na-H]+	/resources/tools/chemdb_ontology?abbrev=SFE 20:2
353.24893	353.2427	.0062	WE 20:2	C20H36O2Na2	[M+2Na-H]+	/resources/tools/chemdb_ontology?abbrev=WE 20:2
312.25304	312.2533	.0003	CAR 11:0	C18H35NO4	[M+H-H2O]+	/resources/tools/chemdb_ontology?abbrev=CAR 11:0
312.25304	312.2533	.0003	FA 18:3;O	C18H30O3	[M+NH4]+	/resources/tools/chemdb_ontology?abbrev=FA 18:3;O
165.11229	165.1092	.0031	ST 21:4;O3	C21H28O3	[M+2H]2+	/resources/tools/chemdb_ontology?abbrev=ST 21:4;O3
388.31658	388.3142	.0024	PA 41:0	C44H87O8P	[M+2H]2+	/resources/tools/chemdb_ontology?abbrev=PA 41:0
388.31658	388.3130	.0036	DG 44:3	C47H86O5Na2	[M+2Na]2+	/resources/tools/chemdb_ontology?abbrev=DG 44:3
153.09091	153.0910	.0001	FA 9:3	C9H12O2	[M+H]+	/resources/tools/chemdb_ontology?abbrev=FA 9:3
153.09091	153.0910	.0001	WE 9:3	C9H12O2	[M+H]+	/resources/tools/chemdb_ontology?abbrev=WE 9:3
153.09091	153.0910	.0001	FA 9:2;O	C9H14O3	[M+H-H2O]+	/resources/tools/chemdb_ontology?abbrev=FA 9:2;O
153.09091	153.0886	.0023	FA 7:0	C7H14O2Na	[M+Na]+	/resources/tools/chemdb_ontology?abbrev=FA 7:0
153.09091	153.0886	.0023	SFE 7:0	C7H14O2Na	[M+Na]+	/resources/tools/chemdb_ontology?abbrev=SFE 7:0
153.09091	153.0886	.0023	FA 14:0;O2	C14H28O4Na2	[M+2Na]2+	/resources/tools/chemdb_ontology?abbrev=FA 14:0;O2
417.36825	417.3727	.0045	FA 28:4	C28H48O2	[M+H]+	/resources/tools/chemdb_ontology?abbrev=FA 28:4
417.36825	417.3727	.0045	ST 28:1;O2	C28H48O2	[M+H]+	/resources/tools/chemdb_ontology?abbrev=ST 28:1;O2
417.36825	417.3727	.0045	ST 28:0;O3	C28H50O3	[M+H-H2O]+	/resources/tools/chemdb_ontology?abbrev=ST 28:0;O3
417.36825	417.3703	.0020	FA 26:1	C26H50O2Na	[M+Na]+	/resources/tools/chemdb_ontology?abbrev=FA 26:1
417.36825	417.3703	.0020	WE 26:1	C26H50O2Na	[M+Na]+	/resources/tools/chemdb_ontology?abbrev=WE 26:1
417.36825	417.3687	.0004	CAR 16:0	C23H45NO4	[M+NH4]+	/resources/tools/chemdb_ontology?abbrev=CAR 16:0
352.24543	352.2458	.0004	CAR 11:0	C18H35NO4Na	[M+Na]+	/resources/tools/chemdb_ontology?abbrev=CAR 11:0
352.24543	352.2482	.0028	FA 20:5;O2	C20H30O4	[M+NH4]+	/resources/tools/chemdb_ontology?abbrev=FA 20:5;O2
352.24543	352.2417	.0037	CerPE 34:2;O2	C36H71N2O6PNa2	[M+2Na]2+	/resources/tools/chemdb_ontology?abbrev=CerPE 34:2;O2
389.31972	389.3162	.0035	NAE 22:6	C24H37NO2	[M+NH4]+	/resources/tools/chemdb_ontology?abbrev=NAE 22:6
389.31972	389.3208	.0011	DG 44:2	C47H88O5Na2	[M+2Na]2+	/resources/tools/chemdb_ontology?abbrev=DG 44:2
194.11505	194.1175	.0025	SFE 11:5	C11H12O2	[M+NH4]+	/resources/tools/chemdb_ontology?abbrev=SFE 11:5
194.11505	194.1119	.0031	FA 23:8;O3	C23H30O5	[M+2H]2+	/resources/tools/chemdb_ontology?abbrev=FA 23:8;O3
194.11505	194.1172	.0021	FA 23:6	C23H34O2Na2	[M+2Na]2+	/resources/tools/chemdb_ontology?abbrev=FA 23:6
172.13307	172.1332	.0001	FA 9:2	C9H14O2	[M+NH4]+	/resources/tools/chemdb_ontology?abbrev=FA 9:2
172.13307	172.1332	.0001	SFE 9:2	C9H14O2	[M+NH4]+	/resources/tools/chemdb_ontology?abbrev=SFE 9:2
172.13307	172.1332	.0001	WE 9:2	C9H14O2	[M+NH4]+	/resources/tools/chemdb_ontology?abbrev=WE 9:2
172.13307	172.1352	.0021	FA 23:6	C23H34O2	[M+2H]2+	/resources/tools/chemdb_ontology?abbrev=FA 23:6
172.13307	172.1328	.0003	FA 19:0	C19H38O2Na2	[M+2Na]2+	/resources/tools/chemdb_ontology?abbrev=FA 19:0
172.13307	172.1328	.0003	SFE 19:0	C19H38O2Na2	[M+2Na]2+	/resources/tools/chemdb_ontology?abbrev=SFE 19:0
172.13307	172.1328	.0003	WE 19:0	C19H38O2Na2	[M+2Na]2+	/resources/tools/chemdb_ontology?abbrev=WE 19:0
155.10657	155.1067	.0001	FA 9:2	C9H14O2	[M+H]+	/resources/tools/chemdb_ontology?abbrev=FA 9:2
155.10657	155.1067	.0001	SFE 9:2	C9H14O2	[M+H]+	/resources/tools/chemdb_ontology?abbrev=SFE 9:2
155.10657	155.1067	.0001	WE 9:2	C9H14O2	[M+H]+	/resources/tools/chemdb_ontology?abbrev=WE 9:2
155.10657	155.1067	.0001	FA 9:1;O	C9H16O3	[M+H-H2O]+	/resources/tools/chemdb_ontology?abbrev=FA 9:1;O
155.10657	155.1067	.0001	FA 18:4;O2	C18H28O4	[M+2H]2+	/resources/tools/chemdb_ontology?abbrev=FA 18:4;O2
214.18	214.1801	.0001	FA 12:2	C12H20O2	[M+NH4]+	/resources/tools/chemdb_ontology?abbrev=FA 12:2
214.18	214.1801	.0001	SFE 12:2	C12H20O2	[M+NH4]+	/resources/tools/chemdb_ontology?abbrev=SFE 12:2
214.18	214.1801	.0001	WE 12:2	C12H20O2	[M+NH4]+	/resources/tools/chemdb_ontology?abbrev=WE 12:2
214.18	214.1822	.0022	ST 29:3;O2	C29H46O2	[M+2H]2+	/resources/tools/chemdb_ontology?abbrev=ST 29:3;O2
214.18	214.1798	.0002	FA 25:0	C25H50O2Na2	[M+2Na]2+	/resources/tools/chemdb_ontology?abbrev=FA 25:0
214.18	214.1798	.0002	WE 25:0	C25H50O2Na2	[M+2Na]2+	/resources/tools/chemdb_ontology?abbrev=WE 25:0
170.11744	170.1175	.0001	FA 9:3	C9H12O2	[M+NH4]+	/resources/tools/chemdb_ontology?abbrev=FA 9:3
170.11744	170.1175	.0001	WE 9:3	C9H12O2	[M+NH4]+	/resources/tools/chemdb_ontology?abbrev=WE 9:3
170.11744	170.1172	.0003	FA 19:2	C19H34O2Na2	[M+2Na]2+	/resources/tools/chemdb_ontology?abbrev=FA 19:2
170.11744	170.1172	.0003	WE 19:2	C19H34O2Na2	[M+2Na]2+	/resources/tools/chemdb_ontology?abbrev=WE 19:2
388.35731	388.3574	.0001	ST 26:2;O	C26H42O	[M+NH4]+	/resources/tools/chemdb_ontology?abbrev=ST 26:2;O
170.12599	170.1175	.0084	FA 9:3	C9H12O2	[M+NH4]+	/resources/tools/chemdb_ontology?abbrev=FA 9:3
170.12599	170.1175	.0084	WE 9:3	C9H12O2	[M+NH4]+	/resources/tools/chemdb_ontology?abbrev=WE 9:3
170.12599	170.1301	.0041	FA 20:3;O2	C20H34O4	[M+2H]2+	/resources/tools/chemdb_ontology?abbrev=FA 20:3;O2
125.096	125.0961	.0001	FA 8:1	C8H14O2	[M+H-H2O]+	/resources/tools/chemdb_ontology?abbrev=FA 8:1
125.096	125.0961	.0001	SFE 8:1	C8H14O2	[M+H-H2O]+	/resources/tools/chemdb_ontology?abbrev=SFE 8:1
125.096	125.0961	.0001	WE 8:1	C8H14O2	[M+H-H2O]+	/resources/tools/chemdb_ontology?abbrev=WE 8:1
125.096	125.0961	.0001	FA 16:4	C16H24O2	[M+2H]2+	/resources/tools/chemdb_ontology?abbrev=FA 16:4
125.096	125.0961	.0001	SFE 16:4	C16H24O2	[M+2H]2+	/resources/tools/chemdb_ontology?abbrev=SFE 16:4
188.12812	188.1281	.0000	FA 9:2;O	C9H14O3	[M+NH4]+	/resources/tools/chemdb_ontology?abbrev=FA 9:2;O
188.12812	188.1301	.0020	ST 23:3;O4	C23H34O4	[M+2H]2+	/resources/tools/chemdb_ontology?abbrev=ST 23:3;O4
188.12812	188.1277	.0004	MG 16:0	C19H38O4Na2	[M+2Na]2+	/resources/tools/chemdb_ontology?abbrev=MG 16:0
188.12812	188.1277	.0004	MG O-16:1;O	C19H38O4Na2	[M+2Na]2+	/resources/tools/chemdb_ontology?abbrev=MG O-16:1;O
369.22282	369.2272	.0043	FA 20:4;O4	C20H32O6	[M+H]+	/resources/tools/chemdb_ontology?abbrev=FA 20:4;O4
369.22282	369.2272	.0043	FA 20:3;O5	C20H34O7	[M+H-H2O]+	/resources/tools/chemdb_ontology?abbrev=FA 20:3;O5
369.22282	369.2248	.0019	FA 18:1;O4	C18H34O6Na	[M+Na]+	/resources/tools/chemdb_ontology?abbrev=FA 18:1;O4
369.22282	369.2248	.0019	WE 18:1;O4	C18H34O6Na	[M+Na]+	/resources/tools/chemdb_ontology?abbrev=WE 18:1;O4
369.22282	369.2206	.0022	PG 30:1	C36H69O10PNa2	[M+2Na]2+	/resources/tools/chemdb_ontology?abbrev=PG 30:1
135.0804	135.0804	.0000	FA 9:3	C9H12O2	[M+H-H2O]+	/resources/tools/chemdb_ontology?abbrev=FA 9:3
135.0804	135.0804	.0000	WE 9:3	C9H12O2	[M+H-H2O]+	/resources/tools/chemdb_ontology?abbrev=WE 9:3
135.0804	135.0804	.0000	FA 18:8	C18H20O2	[M+2H]2+	/resources/tools/chemdb_ontology?abbrev=FA 18:8
135.0804	135.0804	.0000	ST 18:5;O2	C18H20O2	[M+2H]2+	/resources/tools/chemdb_ontology?abbrev=ST 18:5;O2
135.0804	135.0780	.0024	FA 14:2	C14H24O2Na2	[M+2Na]2+	/resources/tools/chemdb_ontology?abbrev=FA 14:2
135.0804	135.0780	.0024	SFE 14:2	C14H24O2Na2	[M+2Na]2+	/resources/tools/chemdb_ontology?abbrev=SFE 14:2
135.0804	135.0780	.0024	WE 14:2	C14H24O2Na2	[M+2Na]2+	/resources/tools/chemdb_ontology?abbrev=WE 14:2
418.37175	418.3679	.0038	ST 27:2;O2	C27H44O2	[M+NH4]+	/resources/tools/chemdb_ontology?abbrev=ST 27:2;O2
418.37175	418.3680	.0038	ST 27:2;O2	C27H44O2	[M+NH4]+	/resources/tools/chemdb_ontology?abbrev=ST 27:2;O2
173.13656	173.1354	.0012	FA 19:1;O3	C19H36O5	[M+2H]2+	/resources/tools/chemdb_ontology?abbrev=FA 19:1;O3
173.13656	173.1354	.0012	FOH 19:2;O4	C19H36O5	[M+2H]2+	/resources/tools/chemdb_ontology?abbrev=FOH 19:2;O4
339.28891	339.2894	.0005	FA 21:1;O2	C21H40O4	[M+H-H2O]+	/resources/tools/chemdb_ontology?abbrev=FA 21:1;O2
339.28891	339.2894	.0005	MG 18:1	C21H40O4	[M+H-H2O]+	/resources/tools/chemdb_ontology?abbrev=MG 18:1
339.28891	339.2894	.0005	WE 21:1;O2	C21H40O4	[M+H-H2O]+	/resources/tools/chemdb_ontology?abbrev=WE 21:1;O2
339.28891	339.2870	.0020	MG O-16:0	C19H40O3Na	[M+Na]+	/resources/tools/chemdb_ontology?abbrev=MG O-16:0
367.29531	367.2995	.0042	FA 26:6	C26H40O2	[M+H-H2O]+	/resources/tools/chemdb_ontology?abbrev=FA 26:6
367.29531	367.2963	.0010	CerPE 38:1;O3	C40H81N2O7P	[M+2H]2+	/resources/tools/chemdb_ontology?abbrev=CerPE 38:1;O3
367.29531	367.2907	.0046	PA 38:0	C41H81O8P	[M+2H]2+	/resources/tools/chemdb_ontology?abbrev=PA 38:0
470.25091	470.2513	.0004	LPS 14:0	C20H40NO9P	[M+H]+	/resources/tools/chemdb_ontology?abbrev=LPS 14:0
470.25091	470.2521	.0012	PI 39:7	C48H79O13PNa2	[M+2Na]2+	/resources/tools/chemdb_ontology?abbrev=PI 39:7
491.35124	491.3496	.0017	TG 59:12	C62H96O6Na2	[M+2Na]2+	/resources/tools/chemdb_ontology?abbrev=TG 59:12
491.35124	491.3472	.0041	ST 29:1;O3	C29H50O3Na2	[M+2Na-H]+	/resources/tools/chemdb_ontology?abbrev=ST 29:1;O3
478.29221	478.2928	.0006	LPE 18:2	C23H44NO7P	[M+H]+	/resources/tools/chemdb_ontology?abbrev=LPE 18:2
478.29221	478.2904	.0018	LPE O-16:0;O	C21H46NO7PNa	[M+Na]+	/resources/tools/chemdb_ontology?abbrev=LPE O-16:0;O
478.29221	478.2928	.0006	LPA 20:3	C23H41O7P	[M+NH4]+	/resources/tools/chemdb_ontology?abbrev=LPA 20:3
478.29221	478.2937	.0015	NAT 21:0	C23H47NO4SNa2	[M+2Na-H]+	/resources/tools/chemdb_ontology?abbrev=NAT 21:0
478.29221	478.2904	.0018	ST 24:1;O2;Gly	C26H43NO4Na2	[M+2Na-H]+	/resources/tools/chemdb_ontology?abbrev=ST 24:1;O2;Gly
400.34168	400.3421	.0004	CAR 16:0	C23H45NO4	[M+H]+	/resources/tools/chemdb_ontology?abbrev=CAR 16:0
400.34168	400.3421	.0004	FA 23:2;O2	C23H42O4	[M+NH4]+	/resources/tools/chemdb_ontology?abbrev=FA 23:2;O2
400.34168	400.3441	.0025	TG 48:4	C51H90O6	[M+2H]2+	/resources/tools/chemdb_ontology?abbrev=TG 48:4
400.34168	400.3380	.0037	SM 41:2;O2	C46H91N2O6P	[M+2H]2+	/resources/tools/chemdb_ontology?abbrev=SM 41:2;O2
401.34499	401.3414	.0036	ST 27:2;O2	C27H44O2	[M+H]+	/resources/tools/chemdb_ontology?abbrev=ST 27:2;O2
401.34499	401.3414	.0036	ST 27:1;O3	C27H46O3	[M+H-H2O]+	/resources/tools/chemdb_ontology?abbrev=ST 27:1;O3
401.34499	401.3390	.0060	FA 25:2	C25H46O2Na	[M+Na]+	/resources/tools/chemdb_ontology?abbrev=FA 25:2
401.34499	401.3458	.0008	SM 41:1;O2	C46H93N2O6P	[M+2H]2+	/resources/tools/chemdb_ontology?abbrev=SM 41:1;O2
498.34504	498.3425	.0025	ST 27:2;O7	C27H44O7	[M+NH4]+	/resources/tools/chemdb_ontology?abbrev=ST 27:2;O7
498.34504	498.3530	.0079	CAR 20:1	C27H51NO4Na2	[M+2Na-H]+	/resources/tools/chemdb_ontology?abbrev=CAR 20:1
518.32097	518.3241	.0031	LPC 18:3	C26H48NO7P	[M+H]+	/resources/tools/chemdb_ontology?abbrev=LPC 18:3
518.32097	518.3241	.0031	PC 18:1	C26H50NO8P	[M+H-H2O]+	/resources/tools/chemdb_ontology?abbrev=PC 18:1
518.32097	518.3217	.0007	LPC 16:0	C24H50NO7PNa	[M+Na]+	/resources/tools/chemdb_ontology?abbrev=LPC 16:0
518.32097	518.3217	.0007	LPE 19:0	C24H50NO7PNa	[M+Na]+	/resources/tools/chemdb_ontology?abbrev=LPE 19:0
518.32097	518.3217	.0007	LPE O-19:1;O	C24H50NO7PNa	[M+Na]+	/resources/tools/chemdb_ontology?abbrev=LPE O-19:1;O
518.32097	518.3217	.0007	PC O-16:0	C24H50NO7PNa	[M+Na]+	/resources/tools/chemdb_ontology?abbrev=PC O-16:0
518.32097	518.3217	.0007	CAR 22:5	C29H47NO4Na2	[M+2Na-H]+	/resources/tools/chemdb_ontology?abbrev=CAR 22:5
518.32097	518.3250	.0041	NAT 24:1	C26H51NO4SNa2	[M+2Na-H]+	/resources/tools/chemdb_ontology?abbrev=NAT 24:1
496.33923	496.3398	.0005	LPC 16:0	C24H50NO7P	[M+H]+	/resources/tools/chemdb_ontology?abbrev=LPC 16:0
496.33923	496.3398	.0005	LPE 19:0	C24H50NO7P	[M+H]+	/resources/tools/chemdb_ontology?abbrev=LPE 19:0
496.33923	496.3398	.0005	LPE O-19:1;O	C24H50NO7P	[M+H]+	/resources/tools/chemdb_ontology?abbrev=LPE O-19:1;O
496.33923	496.3398	.0005	PC O-16:0	C24H50NO7P	[M+H]+	/resources/tools/chemdb_ontology?abbrev=PC O-16:0
496.33923	496.3397	.0005	CAR 22:5	C29H47NO4Na	[M+Na]+	/resources/tools/chemdb_ontology?abbrev=CAR 22:5
496.33923	496.3431	.0039	NAT 24:1	C26H51NO4SNa	[M+Na]+	/resources/tools/chemdb_ontology?abbrev=NAT 24:1
496.33923	496.3455	.0063	ST 28:2;O;S	C28H46O4S	[M+NH4]+	/resources/tools/chemdb_ontology?abbrev=ST 28:2;O;S
496.33923	496.3417	.0025	TG 60:14	C63H94O6Na2	[M+2Na]2+	/resources/tools/chemdb_ontology?abbrev=TG 60:14
496.33923	496.3373	.0019	CAR 20:2	C27H49NO4Na2	[M+2Na-H]+	/resources/tools/chemdb_ontology?abbrev=CAR 20:2
496.38539	496.3761	.0092	LPC O-17:0	C25H54NO6P	[M+H]+	/resources/tools/chemdb_ontology?abbrev=LPC O-17:0
496.38539	496.3761	.0092	LPE O-20:0	C25H54NO6P	[M+H]+	/resources/tools/chemdb_ontology?abbrev=LPE O-20:0
496.38539	496.3887	.0033	TG 59:7	C62H106O6Na2	[M+2Na]2+	/resources/tools/chemdb_ontology?abbrev=TG 59:7
497.34255	497.3350	.0075	LPC 15:1	C23H46NO7P	[M+NH4]+	/resources/tools/chemdb_ontology?abbrev=LPC 15:1
497.34255	497.3350	.0075	LPE 18:1	C23H46NO7P	[M+NH4]+	/resources/tools/chemdb_ontology?abbrev=LPE 18:1
526.42866	526.4207	.0080	Cer 30:1;O2	C30H59NO3Na2	[M+2Na-H]+	/resources/tools/chemdb_ontology?abbrev=Cer 30:1;O2
417.36839	417.3727	.0043	FA 28:4	C28H48O2	[M+H]+	/resources/tools/chemdb_ontology?abbrev=FA 28:4
417.36839	417.3727	.0043	ST 28:1;O2	C28H48O2	[M+H]+	/resources/tools/chemdb_ontology?abbrev=ST 28:1;O2
417.36839	417.3727	.0043	ST 28:0;O3	C28H50O3	[M+H-H2O]+	/resources/tools/chemdb_ontology?abbrev=ST 28:0;O3
417.36839	417.3703	.0019	FA 26:1	C26H50O2Na	[M+Na]+	/resources/tools/chemdb_ontology?abbrev=FA 26:1
417.36839	417.3703	.0019	WE 26:1	C26H50O2Na	[M+Na]+	/resources/tools/chemdb_ontology?abbrev=WE 26:1
417.36839	417.3687	.0003	CAR 16:0	C23H45NO4	[M+NH4]+	/resources/tools/chemdb_ontology?abbrev=CAR 16:0
155.10656	155.1067	.0001	FA 9:2	C9H14O2	[M+H]+	/resources/tools/chemdb_ontology?abbrev=FA 9:2
155.10656	155.1067	.0001	SFE 9:2	C9H14O2	[M+H]+	/resources/tools/chemdb_ontology?abbrev=SFE 9:2
155.10656	155.1067	.0001	WE 9:2	C9H14O2	[M+H]+	/resources/tools/chemdb_ontology?abbrev=WE 9:2
155.10656	155.1067	.0001	FA 9:1;O	C9H16O3	[M+H-H2O]+	/resources/tools/chemdb_ontology?abbrev=FA 9:1;O
155.10656	155.1067	.0001	FA 18:4;O2	C18H28O4	[M+2H]2+	/resources/tools/chemdb_ontology?abbrev=FA 18:4;O2
172.13306	172.1332	.0001	FA 9:2	C9H14O2	[M+NH4]+	/resources/tools/chemdb_ontology?abbrev=FA 9:2
172.13306	172.1332	.0001	SFE 9:2	C9H14O2	[M+NH4]+	/resources/tools/chemdb_ontology?abbrev=SFE 9:2
172.13306	172.1332	.0001	WE 9:2	C9H14O2	[M+NH4]+	/resources/tools/chemdb_ontology?abbrev=WE 9:2
172.13306	172.1352	.0022	FA 23:6	C23H34O2	[M+2H]2+	/resources/tools/chemdb_ontology?abbrev=FA 23:6
172.13306	172.1328	.0003	FA 19:0	C19H38O2Na2	[M+2Na]2+	/resources/tools/chemdb_ontology?abbrev=FA 19:0
172.13306	172.1328	.0003	SFE 19:0	C19H38O2Na2	[M+2Na]2+	/resources/tools/chemdb_ontology?abbrev=SFE 19:0
172.13306	172.1328	.0003	WE 19:0	C19H38O2Na2	[M+2Na]2+	/resources/tools/chemdb_ontology?abbrev=WE 19:0
170.11748	170.1175	.0001	FA 9:3	C9H12O2	[M+NH4]+	/resources/tools/chemdb_ontology?abbrev=FA 9:3
170.11748	170.1175	.0001	WE 9:3	C9H12O2	[M+NH4]+	/resources/tools/chemdb_ontology?abbrev=WE 9:3
170.11748	170.1172	.0003	FA 19:2	C19H34O2Na2	[M+2Na]2+	/resources/tools/chemdb_ontology?abbrev=FA 19:2
170.11748	170.1172	.0003	WE 19:2	C19H34O2Na2	[M+2Na]2+	/resources/tools/chemdb_ontology?abbrev=WE 19:2
388.35737	388.3574	.0000	ST 26:2;O	C26H42O	[M+NH4]+	/resources/tools/chemdb_ontology?abbrev=ST 26:2;O
172.14148	172.1332	.0083	FA 9:2	C9H14O2	[M+NH4]+	/resources/tools/chemdb_ontology?abbrev=FA 9:2
172.14148	172.1332	.0083	SFE 9:2	C9H14O2	[M+NH4]+	/resources/tools/chemdb_ontology?abbrev=SFE 9:2
172.14148	172.1332	.0083	WE 9:2	C9H14O2	[M+NH4]+	/resources/tools/chemdb_ontology?abbrev=WE 9:2
172.14148	172.1458	.0043	FA 20:1;O2	C20H38O4	[M+2H]2+	/resources/tools/chemdb_ontology?abbrev=FA 20:1;O2
188.12796	188.1281	.0002	FA 9:2;O	C9H14O3	[M+NH4]+	/resources/tools/chemdb_ontology?abbrev=FA 9:2;O
188.12796	188.1301	.0022	ST 23:3;O4	C23H34O4	[M+2H]2+	/resources/tools/chemdb_ontology?abbrev=ST 23:3;O4
188.12796	188.1277	.0002	MG 16:0	C19H38O4Na2	[M+2Na]2+	/resources/tools/chemdb_ontology?abbrev=MG 16:0
188.12796	188.1277	.0002	MG O-16:1;O	C19H38O4Na2	[M+2Na]2+	/resources/tools/chemdb_ontology?abbrev=MG O-16:1;O
125.09599	125.0961	.0001	FA 8:1	C8H14O2	[M+H-H2O]+	/resources/tools/chemdb_ontology?abbrev=FA 8:1
125.09599	125.0961	.0001	SFE 8:1	C8H14O2	[M+H-H2O]+	/resources/tools/chemdb_ontology?abbrev=SFE 8:1
125.09599	125.0961	.0001	WE 8:1	C8H14O2	[M+H-H2O]+	/resources/tools/chemdb_ontology?abbrev=WE 8:1
125.09599	125.0961	.0001	FA 16:4	C16H24O2	[M+2H]2+	/resources/tools/chemdb_ontology?abbrev=FA 16:4
125.09599	125.0961	.0001	SFE 16:4	C16H24O2	[M+2H]2+	/resources/tools/chemdb_ontology?abbrev=SFE 16:4
357.34715	357.3516	.0044	ST 26:0;O	C26H46O	[M+H-H2O]+	/resources/tools/chemdb_ontology?abbrev=ST 26:0;O
165.11231	165.1092	.0031	ST 21:4;O3	C21H28O3	[M+2H]2+	/resources/tools/chemdb_ontology?abbrev=ST 21:4;O3
389.31974	389.3162	.0035	NAE 22:6	C24H37NO2	[M+NH4]+	/resources/tools/chemdb_ontology?abbrev=NAE 22:6
389.31974	389.3208	.0011	DG 44:2	C47H88O5Na2	[M+2Na]2+	/resources/tools/chemdb_ontology?abbrev=DG 44:2
153.09092	153.0910	.0001	FA 9:3	C9H12O2	[M+H]+	/resources/tools/chemdb_ontology?abbrev=FA 9:3
153.09092	153.0910	.0001	WE 9:3	C9H12O2	[M+H]+	/resources/tools/chemdb_ontology?abbrev=WE 9:3
153.09092	153.0910	.0001	FA 9:2;O	C9H14O3	[M+H-H2O]+	/resources/tools/chemdb_ontology?abbrev=FA 9:2;O
153.09092	153.0886	.0023	FA 7:0	C7H14O2Na	[M+Na]+	/resources/tools/chemdb_ontology?abbrev=FA 7:0
153.09092	153.0886	.0023	SFE 7:0	C7H14O2Na	[M+Na]+	/resources/tools/chemdb_ontology?abbrev=SFE 7:0
153.09092	153.0886	.0023	FA 14:0;O2	C14H28O4Na2	[M+2Na]2+	/resources/tools/chemdb_ontology?abbrev=FA 14:0;O2
353.24888	353.2475	.0014	ST 24:4;O3	C24H34O3	[M+H-H2O]+	/resources/tools/chemdb_ontology?abbrev=ST 24:4;O3
353.24888	353.2451	.0038	FA 22:5	C22H34O2Na	[M+Na]+	/resources/tools/chemdb_ontology?abbrev=FA 22:5
353.24888	353.2451	.0038	SFE 22:5	C22H34O2Na	[M+Na]+	/resources/tools/chemdb_ontology?abbrev=SFE 22:5
353.24888	353.2463	.0026	PA O-38:7	C41H69O7P	[M+2H]2+	/resources/tools/chemdb_ontology?abbrev=PA O-38:7
353.24888	353.2495	.0006	CerPE 34:1;O2	C36H73N2O6PNa2	[M+2Na]2+	/resources/tools/chemdb_ontology?abbrev=CerPE 34:1;O2
353.24888	353.2439	.0050	PA O-34:1	C37H73O7PNa2	[M+2Na]2+	/resources/tools/chemdb_ontology?abbrev=PA O-34:1
353.24888	353.2427	.0062	FA 20:2	C20H36O2Na2	[M+2Na-H]+	/resources/tools/chemdb_ontology?abbrev=FA 20:2
353.24888	353.2427	.0062	SFE 20:2	C20H36O2Na2	[M+2Na-H]+	/resources/tools/chemdb_ontology?abbrev=SFE 20:2
353.24888	353.2427	.0062	WE 20:2	C20H36O2Na2	[M+2Na-H]+	/resources/tools/chemdb_ontology?abbrev=WE 20:2
306.2402	306.2427	.0025	FA 19:5	C19H28O2	[M+NH4]+	/resources/tools/chemdb_ontology?abbrev=FA 19:5
306.2402	306.2427	.0025	ST 19:2;O2	C19H28O2	[M+NH4]+	/resources/tools/chemdb_ontology?abbrev=ST 19:2;O2
306.2402	306.2371	.0031	DG 36:7	C39H62O5	[M+2H]2+	/resources/tools/chemdb_ontology?abbrev=DG 36:7
352.24541	352.2458	.0004	CAR 11:0	C18H35NO4Na	[M+Na]+	/resources/tools/chemdb_ontology?abbrev=CAR 11:0
352.24541	352.2482	.0028	FA 20:5;O2	C20H30O4	[M+NH4]+	/resources/tools/chemdb_ontology?abbrev=FA 20:5;O2
352.24541	352.2417	.0037	CerPE 34:2;O2	C36H71N2O6PNa2	[M+2Na]2+	/resources/tools/chemdb_ontology?abbrev=CerPE 34:2;O2
173.13661	173.1354	.0012	FA 19:1;O3	C19H36O5	[M+2H]2+	/resources/tools/chemdb_ontology?abbrev=FA 19:1;O3
173.13661	173.1354	.0012	FOH 19:2;O4	C19H36O5	[M+2H]2+	/resources/tools/chemdb_ontology?abbrev=FOH 19:2;O4
194.11503	194.1175	.0025	SFE 11:5	C11H12O2	[M+NH4]+	/resources/tools/chemdb_ontology?abbrev=SFE 11:5
194.11503	194.1119	.0031	FA 23:8;O3	C23H30O5	[M+2H]2+	/resources/tools/chemdb_ontology?abbrev=FA 23:8;O3
194.11503	194.1172	.0021	FA 23:6	C23H34O2Na2	[M+2Na]2+	/resources/tools/chemdb_ontology?abbrev=FA 23:6
402.35715	402.3578	.0006	FA 23:1;O2	C23H44O4	[M+NH4]+	/resources/tools/chemdb_ontology?abbrev=FA 23:1;O2
402.35715	402.3578	.0006	FOH 23:2;O3	C23H44O4	[M+NH4]+	/resources/tools/chemdb_ontology?abbrev=FOH 23:2;O3
402.35715	402.3598	.0026	TG 48:2	C51H94O6	[M+2H]2+	/resources/tools/chemdb_ontology?abbrev=TG 48:2
688.51952	688.5276	.0080	PC O-30:2	C38H74NO7P	[M+H]+	/resources/tools/chemdb_ontology?abbrev=PC O-30:2
688.51952	688.5276	.0080	PE O-33:2	C38H74NO7P	[M+H]+	/resources/tools/chemdb_ontology?abbrev=PE O-33:2
688.51952	688.5276	.0080	PC 30:0	C38H76NO8P	[M+H-H2O]+	/resources/tools/chemdb_ontology?abbrev=PC 30:0
688.51952	688.5276	.0080	PE 33:0	C38H76NO8P	[M+H-H2O]+	/resources/tools/chemdb_ontology?abbrev=PE 33:0
688.51952	688.5276	.0080	PA O-35:3	C38H71O7P	[M+NH4]+	/resources/tools/chemdb_ontology?abbrev=PA O-35:3
403.36022	403.3571	.0032	FA 27:4	C27H46O2	[M+H]+	/resources/tools/chemdb_ontology?abbrev=FA 27:4
403.36022	403.3571	.0032	ST 27:1;O2	C27H46O2	[M+H]+	/resources/tools/chemdb_ontology?abbrev=ST 27:1;O2
403.36022	403.3571	.0032	ST 27:0;O3	C27H48O3	[M+H-H2O]+	/resources/tools/chemdb_ontology?abbrev=ST 27:0;O3
403.36022	403.3546	.0056	FA 25:1	C25H48O2Na	[M+Na]+	/resources/tools/chemdb_ontology?abbrev=FA 25:1
403.36022	403.3546	.0056	WE 25:1	C25H48O2Na	[M+Na]+	/resources/tools/chemdb_ontology?abbrev=WE 25:1
681.5512	681.5452	.0060	DG 41:7	C44H72O5	[M+H]+	/resources/tools/chemdb_ontology?abbrev=DG 41:7
681.5512	681.5428	.0084	DG 39:4	C42H74O5Na	[M+Na]+	/resources/tools/chemdb_ontology?abbrev=DG 39:4
681.5512	681.5541	.0029	PC O-28:0	C36H74NO7P	[M+NH4]+	/resources/tools/chemdb_ontology?abbrev=PC O-28:0
681.5512	681.5541	.0029	PE O-31:0	C36H74NO7P	[M+NH4]+	/resources/tools/chemdb_ontology?abbrev=PE O-31:0
681.5512	681.5557	.0045	CE 17:1	C44H76O2Na2	[M+2Na-H]+	/resources/tools/chemdb_ontology?abbrev=CE 17:1
346.27384	346.2740	.0002	NAE 20:5	C22H35NO2	[M+H]+	/resources/tools/chemdb_ontology?abbrev=NAE 20:5
346.27384	346.2740	.0002	NAE 20:4;O	C22H37NO3	[M+H-H2O]+	/resources/tools/chemdb_ontology?abbrev=NAE 20:4;O
346.27384	346.2716	.0022	NAE 18:2	C20H37NO2Na	[M+Na]+	/resources/tools/chemdb_ontology?abbrev=NAE 18:2
346.27384	346.2740	.0002	FA 22:6	C22H32O2	[M+NH4]+	/resources/tools/chemdb_ontology?abbrev=FA 22:6
346.27384	346.2729	.0010	CerPE 35:1;O3	C37H75N2O7P	[M+2H]2+	/resources/tools/chemdb_ontology?abbrev=CerPE 35:1;O3
346.27384	346.2737	.0002	CE 18:3	C45H74O2Na2	[M+2Na]2+	/resources/tools/chemdb_ontology?abbrev=CE 18:3
346.27384	346.2692	.0046	SPB 18:0;O2	C18H39NO2Na2	[M+2Na-H]+	/resources/tools/chemdb_ontology?abbrev=SPB 18:0;O2
372.34681	372.3472	.0004	FA 22:1;O	C22H42O3	[M+NH4]+	/resources/tools/chemdb_ontology?abbrev=FA 22:1;O
399.35745	399.3621	.0047	ST 28:2;O	C28H46O	[M+H]+	/resources/tools/chemdb_ontology?abbrev=ST 28:2;O
399.35745	399.3621	.0047	FA 28:4	C28H48O2	[M+H-H2O]+	/resources/tools/chemdb_ontology?abbrev=FA 28:4
399.35745	399.3621	.0047	ST 28:1;O2	C28H48O2	[M+H-H2O]+	/resources/tools/chemdb_ontology?abbrev=ST 28:1;O2
644.49378	644.5013	.0076	PC O-28:1	C36H72NO7P	[M+H-H2O]+	/resources/tools/chemdb_ontology?abbrev=PC O-28:1
644.49378	644.5013	.0076	PE O-31:1	C36H72NO7P	[M+H-H2O]+	/resources/tools/chemdb_ontology?abbrev=PE O-31:1
373.3501	373.3465	.0036	ST 26:1;O	C26H44O	[M+H]+	/resources/tools/chemdb_ontology?abbrev=ST 26:1;O
373.3501	373.3465	.0036	FA 26:3	C26H46O2	[M+H-H2O]+	/resources/tools/chemdb_ontology?abbrev=FA 26:3
373.3501	373.3465	.0036	WE 26:3	C26H46O2	[M+H-H2O]+	/resources/tools/chemdb_ontology?abbrev=WE 26:3
448.339	448.3421	.0031	CAR 20:4	C27H45NO4	[M+H]+	/resources/tools/chemdb_ontology?abbrev=CAR 20:4
448.339	448.3455	.0065	NAT 22:0	C24H49NO4S	[M+H]+	/resources/tools/chemdb_ontology?abbrev=NAT 22:0
448.339	448.3397	.0007	CAR 18:1	C25H47NO4Na	[M+Na]+	/resources/tools/chemdb_ontology?abbrev=CAR 18:1
448.339	448.3421	.0031	ST 27:3;O4	C27H42O4	[M+NH4]+	/resources/tools/chemdb_ontology?abbrev=ST 27:3;O4
448.339	448.3421	.0031	ST 28:2;O4	C27H42O4	[M+NH4]+	/resources/tools/chemdb_ontology?abbrev=ST 28:2;O4
448.339	448.3353	.0037	PI O-39:0	C48H95O12P	[M+2H]2+	/resources/tools/chemdb_ontology?abbrev=PI O-39:0
448.339	448.3417	.0027	TG 52:6	C55H94O6Na2	[M+2Na]2+	/resources/tools/chemdb_ontology?abbrev=TG 52:6
652.4151	652.4184	.0033	PS 26:0	C32H62NO10P	[M+H]+	/resources/tools/chemdb_ontology?abbrev=PS 26:0
427.36063	427.3571	.0036	ST 29:3;O2	C29H46O2	[M+H]+	/resources/tools/chemdb_ontology?abbrev=ST 29:3;O2
427.36063	427.3571	.0036	ST 29:2;O3	C29H48O3	[M+H-H2O]+	/resources/tools/chemdb_ontology?abbrev=ST 29:2;O3
427.36063	427.3546	.0060	FA 27:3	C27H48O2Na	[M+Na]+	/resources/tools/chemdb_ontology?abbrev=FA 27:3
427.36063	427.3546	.0060	ST 27:0;O2	C27H48O2Na	[M+Na]+	/resources/tools/chemdb_ontology?abbrev=ST 27:0;O2
427.36063	427.3546	.0060	WE 27:3	C27H48O2Na	[M+Na]+	/resources/tools/chemdb_ontology?abbrev=WE 27:3
427.36063	427.3522	.0084	FA 25:0	C25H50O2Na2	[M+2Na-H]+	/resources/tools/chemdb_ontology?abbrev=FA 25:0
427.36063	427.3522	.0084	WE 25:0	C25H50O2Na2	[M+2Na-H]+	/resources/tools/chemdb_ontology?abbrev=WE 25:0
475.29605	475.2913	.0048	PI 39:2	C48H89O13PNa2	[M+2Na]2+	/resources/tools/chemdb_ontology?abbrev=PI 39:2
475.29605	475.3006	.0046	WE 24:1;O4	C24H46O6Na2	[M+2Na-H]+	/resources/tools/chemdb_ontology?abbrev=WE 24:1;O4
771.44463	771.4443	.0003	PI 31:4	C40H69O13P	[M+H-H2O]+	/resources/tools/chemdb_ontology?abbrev=PI 31:4
600.46784	600.4751	.0073	CerP 34:1;O2	C34H68NO6P	[M+H-H2O]+	/resources/tools/chemdb_ontology?abbrev=CerP 34:1;O2
471.24093	471.2411	.0002	ST 24:1;O5;S	C24H40O8S	[M+H-H2O]+	/resources/tools/chemdb_ontology?abbrev=ST 24:1;O5;S
471.24093	471.2329	.0080	FA 23:4;O5	C23H38O7Na2	[M+2Na-H]+	/resources/tools/chemdb_ontology?abbrev=FA 23:4;O5
591.40242	591.4020	.0004	PA 28:1	C31H59O8P	[M+H]+	/resources/tools/chemdb_ontology?abbrev=PA 28:1
534.35239	534.3554	.0030	LPE 22:2	C27H52NO7P	[M+H]+	/resources/tools/chemdb_ontology?abbrev=LPE 22:2
534.35239	534.3554	.0030	PC 19:0	C27H54NO8P	[M+H-H2O]+	/resources/tools/chemdb_ontology?abbrev=PC 19:0
534.35239	534.3530	.0006	LPE O-20:0;O	C25H54NO7PNa	[M+Na]+	/resources/tools/chemdb_ontology?abbrev=LPE O-20:0;O
534.35239	534.3425	.0099	ST 30:5;O7	C30H44O7	[M+NH4]+	/resources/tools/chemdb_ontology?abbrev=ST 30:5;O7
534.35239	534.3574	.0050	TG 66:18	C69H98O6Na2	[M+2Na]2+	/resources/tools/chemdb_ontology?abbrev=TG 66:18
534.35239	534.3563	.0040	NAT 25:0	C27H55NO4SNa2	[M+2Na-H]+	/resources/tools/chemdb_ontology?abbrev=NAT 25:0
551.38037	551.3707	.0096	PA 25:0	C28H55O8P	[M+H]+	/resources/tools/chemdb_ontology?abbrev=PA 25:0
551.38037	551.3707	.0096	LPG 22:0	C28H57O9P	[M+H-H2O]+	/resources/tools/chemdb_ontology?abbrev=LPG 22:0
551.38037	551.3820	.0016	LPE 22:2	C27H52NO7P	[M+NH4]+	/resources/tools/chemdb_ontology?abbrev=LPE 22:2
543.34183	543.3405	.0013	LPS 18:0	C24H48NO9P	[M+NH4]+	/resources/tools/chemdb_ontology?abbrev=LPS 18:0
543.34183	543.3405	.0013	LPS O-18:1;O	C24H48NO9P	[M+NH4]+	/resources/tools/chemdb_ontology?abbrev=LPS O-18:1;O
485.2887	485.2874	.0013	LPG 16:0	C22H45O9P	[M+H]+	/resources/tools/chemdb_ontology?abbrev=LPG 16:0
485.2887	485.2874	.0013	ST 27:3;O6	C27H42O6Na	[M+Na]+	/resources/tools/chemdb_ontology?abbrev=ST 27:3;O6
485.2887	485.2986	.0099	PE 16:0	C21H42NO8P	[M+NH4]+	/resources/tools/chemdb_ontology?abbrev=PE 16:0
530.29196	530.2877	.0042	LPS 20:3	C26H46NO9P	[M+H-H2O]+	/resources/tools/chemdb_ontology?abbrev=LPS 20:3
592.40543	592.3973	.0082	PC 22:1	C30H58NO8P	[M+H]+	/resources/tools/chemdb_ontology?abbrev=PC 22:1
592.40543	592.3973	.0082	LPS O-24:1;O	C30H60NO9P	[M+H-H2O]+	/resources/tools/chemdb_ontology?abbrev=LPS O-24:1;O
529.39871	529.3887	.0100	ST 27:2;O;Hex	C33H54O6	[M+H-H2O]+	/resources/tools/chemdb_ontology?abbrev=ST 27:2;O;Hex
529.39871	529.3976	.0011	LPE O-20:0;O	C25H54NO7P	[M+NH4]+	/resources/tools/chemdb_ontology?abbrev=LPE O-20:0;O
648.42033	648.4235	.0032	PC 25:1;O2	C33H64NO10P	[M+H-H2O]+	/resources/tools/chemdb_ontology?abbrev=PC 25:1;O2
648.42033	648.4235	.0032	PS 27:0	C33H64NO10P	[M+H-H2O]+	/resources/tools/chemdb_ontology?abbrev=PS 27:0
648.42033	648.4211	.0008	LPS O-25:0;O	C31H64NO9PNa	[M+Na]+	/resources/tools/chemdb_ontology?abbrev=LPS O-25:0;O
528.39234	528.3999	.0076	CAR 22:0	C29H57NO4Na2	[M+2Na-H]+	/resources/tools/chemdb_ontology?abbrev=CAR 22:0
587.4514	587.4547	.0033	CerPE 30:1;O2	C32H65N2O6P	[M+H-H2O]+	/resources/tools/chemdb_ontology?abbrev=CerPE 30:1;O2
587.4514	587.4435	.0079	PA O-30:1	C33H65O7P	[M+H-H2O]+	/resources/tools/chemdb_ontology?abbrev=PA O-30:1
1072.72728	1072.7271	.0002	MIPC 42:0;O3	C54H106NO17P	[M+H]+	/resources/tools/chemdb_ontology?abbrev=MIPC 42:0;O3
429.37692	429.3727	.0042	ST 29:2;O2	C29H48O2	[M+H]+	/resources/tools/chemdb_ontology?abbrev=ST 29:2;O2
429.37692	429.3727	.0042	ST 29:1;O3	C29H50O3	[M+H-H2O]+	/resources/tools/chemdb_ontology?abbrev=ST 29:1;O3
429.37692	429.3703	.0066	FA 27:2	C27H50O2Na	[M+Na]+	/resources/tools/chemdb_ontology?abbrev=FA 27:2
476.27402	476.2772	.0031	LPE 18:3	C23H42NO7P	[M+H]+	/resources/tools/chemdb_ontology?abbrev=LPE 18:3
476.27402	476.2748	.0007	LPC 13:0	C21H44NO7PNa	[M+Na]+	/resources/tools/chemdb_ontology?abbrev=LPC 13:0
476.27402	476.2748	.0007	LPE 16:0	C21H44NO7PNa	[M+Na]+	/resources/tools/chemdb_ontology?abbrev=LPE 16:0
476.27402	476.2748	.0007	LPE O-16:1;O	C21H44NO7PNa	[M+Na]+	/resources/tools/chemdb_ontology?abbrev=LPE O-16:1;O
476.27402	476.2772	.0031	LPA 20:4	C23H39O7P	[M+NH4]+	/resources/tools/chemdb_ontology?abbrev=LPA 20:4
475.2376	475.2431	.0055	FA 26:7;O3	C26H38O5Na2	[M+2Na-H]+	/resources/tools/chemdb_ontology?abbrev=FA 26:7;O3
454.29232	454.2928	.0005	LPC 13:0	C21H44NO7P	[M+H]+	/resources/tools/chemdb_ontology?abbrev=LPC 13:0
454.29232	454.2928	.0005	LPE 16:0	C21H44NO7P	[M+H]+	/resources/tools/chemdb_ontology?abbrev=LPE 16:0
454.29232	454.2928	.0005	LPE O-16:1;O	C21H44NO7P	[M+H]+	/resources/tools/chemdb_ontology?abbrev=LPE O-16:1;O
454.29232	454.2928	.0005	LPA 18:1	C21H41O7P	[M+NH4]+	/resources/tools/chemdb_ontology?abbrev=LPA 18:1
512.34529	512.3370	.0082	ST 31:7;O5	C31H42O5	[M+NH4]+	/resources/tools/chemdb_ontology?abbrev=ST 31:7;O5
512.34529	512.3460	.0007	PI 44:0	C53H103O13PNa2	[M+2Na]2+	/resources/tools/chemdb_ontology?abbrev=PI 44:0
455.29558	455.2881	.0075	LPE 15:1	C20H40NO7P	[M+NH4]+	/resources/tools/chemdb_ontology?abbrev=LPE 15:1
455.29558	455.2881	.0075	PC O-12:1	C20H40NO7P	[M+NH4]+	/resources/tools/chemdb_ontology?abbrev=PC O-12:1
455.29558	455.2938	.0018	PI O-37:1	C46H89O12PNa2	[M+2Na]2+	/resources/tools/chemdb_ontology?abbrev=PI O-37:1
455.29558	455.2896	.0059	FA 28:7	C28H42O2Na2	[M+2Na-H]+	/resources/tools/chemdb_ontology?abbrev=FA 28:7
531.29506	531.2986	.0036	ST 27:0;O6;S	C27H48O9S	[M+H-H2O]+	/resources/tools/chemdb_ontology?abbrev=ST 27:0;O6;S
770.44299	770.4450	.0020	PI 27:2;O	C36H65O14P	[M+NH4]+	/resources/tools/chemdb_ontology?abbrev=PI 27:2;O
313.2734	313.2737	.0003	FA 19:1;O	C19H36O3	[M+H]+	/resources/tools/chemdb_ontology?abbrev=FA 19:1;O
313.2734	313.2737	.0003	MG 16:0	C19H38O4	[M+H-H2O]+	/resources/tools/chemdb_ontology?abbrev=MG 16:0
313.2734	313.2737	.0003	MG O-16:1;O	C19H38O4	[M+H-H2O]+	/resources/tools/chemdb_ontology?abbrev=MG O-16:1;O
1044.70493	1044.6958	.0091	MIPC 40:0;O3	C52H102NO17P	[M+H]+	/resources/tools/chemdb_ontology?abbrev=MIPC 40:0;O3
531.40464	531.4020	.0027	DG 28:2	C31H56O5Na	[M+Na]+	/resources/tools/chemdb_ontology?abbrev=DG 28:2
473.24196	473.2486	.0066	FA 23:3;O5	C23H40O7Na2	[M+2Na-H]+	/resources/tools/chemdb_ontology?abbrev=FA 23:3;O5
513.34843	513.3550	.0066	ST 30:2;O5	C30H50O5Na	[M+Na]+	/resources/tools/chemdb_ontology?abbrev=ST 30:2;O5
522.40017	522.3918	.0084	LPE O-22:0;O	C27H58NO7P	[M+H-H2O]+	/resources/tools/chemdb_ontology?abbrev=LPE O-22:0;O
522.40017	522.4043	.0042	TG 63:9	C66H110O6Na2	[M+2Na]2+	/resources/tools/chemdb_ontology?abbrev=TG 63:9
521.31979	521.3109	.0089	ST 29:4;O8	C29H44O8	[M+H]+	/resources/tools/chemdb_ontology?abbrev=ST 29:4;O8
521.31979	521.3238	.0040	LPG 20:1	C26H51O9P	[M+H-H2O]+	/resources/tools/chemdb_ontology?abbrev=LPG 20:1
521.31979	521.3214	.0016	LPG O-18:0	C24H51O8PNa	[M+Na]+	/resources/tools/chemdb_ontology?abbrev=LPG O-18:0
521.31979	521.3213	.0015	ST 29:2;O5	C29H48O5Na2	[M+2Na-H]+	/resources/tools/chemdb_ontology?abbrev=ST 29:2;O5
545.34016	545.3350	.0051	LPE 22:5	C27H46NO7P	[M+NH4]+	/resources/tools/chemdb_ontology?abbrev=LPE 22:5
522.35507	522.3554	.0003	LPC 18:1	C26H52NO7P	[M+H]+	/resources/tools/chemdb_ontology?abbrev=LPC 18:1
522.35507	522.3554	.0003	PC O-18:1	C26H52NO7P	[M+H]+	/resources/tools/chemdb_ontology?abbrev=PC O-18:1
522.35507	522.3554	.0003	LPS O-20:0	C26H54NO8P	[M+H-H2O]+	/resources/tools/chemdb_ontology?abbrev=LPS O-20:0
522.35507	522.3574	.0023	TG 64:16	C67H98O6Na2	[M+2Na]2+	/resources/tools/chemdb_ontology?abbrev=TG 64:16
625.45412	625.4591	.0050	PA O-33:3	C36H67O7P	[M+H-H2O]+	/resources/tools/chemdb_ontology?abbrev=PA O-33:3
625.45412	625.4551	.0010	PE 26:0	C31H62NO8P	[M+NH4]+	/resources/tools/chemdb_ontology?abbrev=PE 26:0
544.33697	544.3398	.0028	LPC 20:4	C28H50NO7P	[M+H]+	/resources/tools/chemdb_ontology?abbrev=LPC 20:4
544.33697	544.3374	.0004	LPC 18:1	C26H52NO7PNa	[M+Na]+	/resources/tools/chemdb_ontology?abbrev=LPC 18:1
544.33697	544.3374	.0004	PC O-18:1	C26H52NO7PNa	[M+Na]+	/resources/tools/chemdb_ontology?abbrev=PC O-18:1
1043.70169	1043.7075	.0058	TG 64:16	C67H98O6Na2	[M+2Na-H]+	/resources/tools/chemdb_ontology?abbrev=TG 64:16
581.41098	581.4176	.0067	DG 32:5	C35H58O5Na	[M+Na]+	/resources/tools/chemdb_ontology?abbrev=DG 32:5
581.41098	581.4152	.0043	DG 30:2	C33H60O5Na2	[M+2Na-H]+	/resources/tools/chemdb_ontology?abbrev=DG 30:2
1066.68723	1066.6778	.0095	MIPC 40:0;O3	C52H102NO17PNa	[M+Na]+	/resources/tools/chemdb_ontology?abbrev=MIPC 40:0;O3
428.37362	428.3734	.0002	CAR 18:0	C25H49NO4	[M+H]+	/resources/tools/chemdb_ontology?abbrev=CAR 18:0
428.37362	428.3754	.0018	TG 52:4	C55H98O6	[M+2H]2+	/resources/tools/chemdb_ontology?abbrev=TG 52:4
949.72064	949.7280	.0073	TG 60:13	C63H96O6	[M+H]+	/resources/tools/chemdb_ontology?abbrev=TG 60:13
949.72064	949.7256	.0049	TG 58:10	C61H98O6Na	[M+Na]+	/resources/tools/chemdb_ontology?abbrev=TG 58:10
949.72064	949.7232	.0025	TG 56:7	C59H100O6Na2	[M+2Na-H]+	/resources/tools/chemdb_ontology?abbrev=TG 56:7
525.36341	525.3551	.0083	LPG O-20:1	C26H53O8P	[M+H]+	/resources/tools/chemdb_ontology?abbrev=LPG O-20:1
525.36341	525.3663	.0029	LPC 17:1	C25H50NO7P	[M+NH4]+	/resources/tools/chemdb_ontology?abbrev=LPC 17:1
525.36341	525.3663	.0029	LPE 20:1	C25H50NO7P	[M+NH4]+	/resources/tools/chemdb_ontology?abbrev=LPE 20:1
612.32375	612.3143	.0094	PS 21:1;O2	C27H50NO12P	[M+H]+	/resources/tools/chemdb_ontology?abbrev=PS 21:1;O2
612.32375	612.3143	.0094	LPI 18:3	C27H47O12P	[M+NH4]+	/resources/tools/chemdb_ontology?abbrev=LPI 18:3
612.32375	612.3248	.0010	LPS 21:0	C27H54NO9PNa2	[M+2Na-H]+	/resources/tools/chemdb_ontology?abbrev=LPS 21:0
628.49753	628.5064	.0089	CerP 36:1;O2	C36H72NO6P	[M+H-H2O]+	/resources/tools/chemdb_ontology?abbrev=CerP 36:1;O2
628.49753	628.4935	.0040	DG 36:7	C39H62O5	[M+NH4]+	/resources/tools/chemdb_ontology?abbrev=DG 36:7
523.35829	523.3507	.0076	LPC 17:2	C25H48NO7P	[M+NH4]+	/resources/tools/chemdb_ontology?abbrev=LPC 17:2
523.35829	523.3507	.0076	LPE 20:2	C25H48NO7P	[M+NH4]+	/resources/tools/chemdb_ontology?abbrev=LPE 20:2
311.16403	311.1618	.0023	FA 18:5;O	C18H24O3Na	[M+Na]+	/resources/tools/chemdb_ontology?abbrev=FA 18:5;O
311.16403	311.1618	.0023	FA 18:6;O	C18H24O3Na	[M+Na]+	/resources/tools/chemdb_ontology?abbrev=FA 18:6;O
311.16403	311.1618	.0023	ST 18:3;O3	C18H24O3Na	[M+Na]+	/resources/tools/chemdb_ontology?abbrev=ST 18:3;O3
311.16403	311.1594	.0047	FA 16:3;O	C16H26O3Na2	[M+2Na-H]+	/resources/tools/chemdb_ontology?abbrev=FA 16:3;O
716.55141	716.5589	.0075	PC O-32:2	C40H78NO7P	[M+H]+	/resources/tools/chemdb_ontology?abbrev=PC O-32:2
716.55141	716.5589	.0075	PE O-35:2	C40H78NO7P	[M+H]+	/resources/tools/chemdb_ontology?abbrev=PE O-35:2
716.55141	716.5589	.0075	PC 32:0	C40H80NO8P	[M+H-H2O]+	/resources/tools/chemdb_ontology?abbrev=PC 32:0
716.55141	716.5589	.0075	PE 35:0	C40H80NO8P	[M+H-H2O]+	/resources/tools/chemdb_ontology?abbrev=PE 35:0
716.55141	716.5589	.0075	PA O-37:3	C40H75O7P	[M+NH4]+	/resources/tools/chemdb_ontology?abbrev=PA O-37:3
388.31658	388.3142	.0024	PA 41:0	C44H87O8P	[M+2H]2+	/resources/tools/chemdb_ontology?abbrev=PA 41:0
388.31658	388.3130	.0036	DG 44:3	C47H86O5Na2	[M+2Na]2+	/resources/tools/chemdb_ontology?abbrev=DG 44:3
379.23748	379.2455	.0080	FA 20:2;O3	C20H36O5Na	[M+Na]+	/resources/tools/chemdb_ontology?abbrev=FA 20:2;O3
379.23748	379.2414	.0039	PA 37:3	C40H73O8PNa2	[M+2Na]2+	/resources/tools/chemdb_ontology?abbrev=PA 37:3
672.52526	672.5326	.0074	PC O-30:1	C38H76NO7P	[M+H-H2O]+	/resources/tools/chemdb_ontology?abbrev=PC O-30:1
672.52526	672.5326	.0074	PE O-33:1	C38H76NO7P	[M+H-H2O]+	/resources/tools/chemdb_ontology?abbrev=PE O-33:1
807.5342	807.5382	.0040	PI O-33:2	C42H79O12P	[M+H]+	/resources/tools/chemdb_ontology?abbrev=PI O-33:2
807.5342	807.5382	.0040	PI 33:0	C42H81O13P	[M+H-H2O]+	/resources/tools/chemdb_ontology?abbrev=PI 33:0
807.5342	807.5275	.0067	PA O-42:6	C45H79O7PNa2	[M+2Na-H]+	/resources/tools/chemdb_ontology?abbrev=PA O-42:6
497.34229	497.3350	.0073	LPC 15:1	C23H46NO7P	[M+NH4]+	/resources/tools/chemdb_ontology?abbrev=LPC 15:1
497.34229	497.3350	.0073	LPE 18:1	C23H46NO7P	[M+NH4]+	/resources/tools/chemdb_ontology?abbrev=LPE 18:1
513.41765	513.4254	.0078	FA 30:0;O	C30H60O3Na2	[M+2Na-H]+	/resources/tools/chemdb_ontology?abbrev=FA 30:0;O
416.37269	416.3734	.0007	FA 24:1;O2	C24H46O4	[M+NH4]+	/resources/tools/chemdb_ontology?abbrev=FA 24:1;O2
416.37269	416.3754	.0028	TG 50:2	C53H98O6	[M+2H]2+	/resources/tools/chemdb_ontology?abbrev=TG 50:2
496.33912	496.3398	.0006	LPC 16:0	C24H50NO7P	[M+H]+	/resources/tools/chemdb_ontology?abbrev=LPC 16:0
496.33912	496.3398	.0006	LPE 19:0	C24H50NO7P	[M+H]+	/resources/tools/chemdb_ontology?abbrev=LPE 19:0
496.33912	496.3398	.0006	LPE O-19:1;O	C24H50NO7P	[M+H]+	/resources/tools/chemdb_ontology?abbrev=LPE O-19:1;O
496.33912	496.3398	.0006	PC O-16:0	C24H50NO7P	[M+H]+	/resources/tools/chemdb_ontology?abbrev=PC O-16:0
496.33912	496.3397	.0006	CAR 22:5	C29H47NO4Na	[M+Na]+	/resources/tools/chemdb_ontology?abbrev=CAR 22:5
496.33912	496.3431	.0040	NAT 24:1	C26H51NO4SNa	[M+Na]+	/resources/tools/chemdb_ontology?abbrev=NAT 24:1
496.33912	496.3455	.0064	ST 28:2;O;S	C28H46O4S	[M+NH4]+	/resources/tools/chemdb_ontology?abbrev=ST 28:2;O;S
496.33912	496.3417	.0026	TG 60:14	C63H94O6Na2	[M+2Na]2+	/resources/tools/chemdb_ontology?abbrev=TG 60:14
496.33912	496.3373	.0018	CAR 20:2	C27H49NO4Na2	[M+2Na-H]+	/resources/tools/chemdb_ontology?abbrev=CAR 20:2
518.32105	518.3241	.0031	LPC 18:3	C26H48NO7P	[M+H]+	/resources/tools/chemdb_ontology?abbrev=LPC 18:3
518.32105	518.3241	.0031	PC 18:1	C26H50NO8P	[M+H-H2O]+	/resources/tools/chemdb_ontology?abbrev=PC 18:1
518.32105	518.3217	.0007	LPC 16:0	C24H50NO7PNa	[M+Na]+	/resources/tools/chemdb_ontology?abbrev=LPC 16:0
518.32105	518.3217	.0007	LPE 19:0	C24H50NO7PNa	[M+Na]+	/resources/tools/chemdb_ontology?abbrev=LPE 19:0
518.32105	518.3217	.0007	LPE O-19:1;O	C24H50NO7PNa	[M+Na]+	/resources/tools/chemdb_ontology?abbrev=LPE O-19:1;O
518.32105	518.3217	.0007	PC O-16:0	C24H50NO7PNa	[M+Na]+	/resources/tools/chemdb_ontology?abbrev=PC O-16:0
518.32105	518.3217	.0006	CAR 22:5	C29H47NO4Na2	[M+2Na-H]+	/resources/tools/chemdb_ontology?abbrev=CAR 22:5
518.32105	518.3250	.0040	NAT 24:1	C26H51NO4SNa2	[M+2Na-H]+	/resources/tools/chemdb_ontology?abbrev=NAT 24:1
763.50887	763.5120	.0031	PI O-31:1	C40H77O12P	[M+H-H2O]+	/resources/tools/chemdb_ontology?abbrev=PI O-31:1
763.50887	763.5090	.0002	CL 78:12	C87H146O17P2	[M+2H]2+	/resources/tools/chemdb_ontology?abbrev=CL 78:12
763.50887	763.5066	.0022	CL 74:6	C83H150O17P2Na2	[M+2Na]2+	/resources/tools/chemdb_ontology?abbrev=CL 74:6
553.44081	553.4340	.0068	LPC O-20:1	C28H58NO6P	[M+NH4]+	/resources/tools/chemdb_ontology?abbrev=LPC O-20:1
625.4998	625.4915	.0083	LPC 24:0	C32H66NO7P	[M+NH4]+	/resources/tools/chemdb_ontology?abbrev=LPC 24:0
625.4998	625.4915	.0083	LPE O-27:1;O	C32H66NO7P	[M+NH4]+	/resources/tools/chemdb_ontology?abbrev=LPE O-27:1;O
719.4825	719.4858	.0033	PG 32:2	C38H71O10P	[M+H]+	/resources/tools/chemdb_ontology?abbrev=PG 32:2
584.47163	584.4625	.0091	CAR 26:0	C33H65NO4Na2	[M+2Na-H]+	/resources/tools/chemdb_ontology?abbrev=CAR 26:0
469.39179	469.4016	.0098	FA 30:3	C30H54O2Na	[M+Na]+	/resources/tools/chemdb_ontology?abbrev=FA 30:3
469.39179	469.4016	.0098	WE 30:3	C30H54O2Na	[M+Na]+	/resources/tools/chemdb_ontology?abbrev=WE 30:3
469.39179	469.4000	.0082	CAR 20:2	C27H49NO4	[M+NH4]+	/resources/tools/chemdb_ontology?abbrev=CAR 20:2
469.39179	469.3992	.0074	FA 28:0	C28H56O2Na2	[M+2Na-H]+	/resources/tools/chemdb_ontology?abbrev=FA 28:0
469.39179	469.3992	.0074	SFE 28:0	C28H56O2Na2	[M+2Na-H]+	/resources/tools/chemdb_ontology?abbrev=SFE 28:0
469.39179	469.3992	.0074	WE 28:0	C28H56O2Na2	[M+2Na-H]+	/resources/tools/chemdb_ontology?abbrev=WE 28:0
254.24763	254.2478	.0002	NAE 14:0	C16H33NO2	[M+H-H2O]+	/resources/tools/chemdb_ontology?abbrev=NAE 14:0
254.24763	254.2478	.0002	SPB 16:1;O2	C16H33NO2	[M+H-H2O]+	/resources/tools/chemdb_ontology?abbrev=SPB 16:1;O2
509.4146	509.4200	.0054	DG 28:2	C31H56O5	[M+H]+	/resources/tools/chemdb_ontology?abbrev=DG 28:2
789.61132	789.6116	.0003	PC 35:2	C43H82NO8P	[M+NH4]+	/resources/tools/chemdb_ontology?abbrev=PC 35:2
789.61132	789.6116	.0003	PE 38:2	C43H82NO8P	[M+NH4]+	/resources/tools/chemdb_ontology?abbrev=PE 38:2
255.25096	255.2500	.0009	FA 33:1;O	C33H64O3	[M+2H]2+	/resources/tools/chemdb_ontology?abbrev=FA 33:1;O
426.35732	426.3578	.0005	CAR 18:1	C25H47NO4	[M+H]+	/resources/tools/chemdb_ontology?abbrev=CAR 18:1
426.35732	426.3578	.0005	CAR 18:0;O	C25H49NO5	[M+H-H2O]+	/resources/tools/chemdb_ontology?abbrev=CAR 18:0;O
426.35732	426.3598	.0025	TG 52:6	C55H94O6	[M+2H]2+	/resources/tools/chemdb_ontology?abbrev=TG 52:6
426.35732	426.3574	.0001	TG 48:0	C51H98O6Na2	[M+2Na]2+	/resources/tools/chemdb_ontology?abbrev=TG 48:0
428.38413	428.3887	.0046	ST 29:3;O	C29H46O	[M+NH4]+	/resources/tools/chemdb_ontology?abbrev=ST 29:3;O
524.27161	524.2748	.0031	LPE 20:4	C25H44NO7PNa	[M+Na]+	/resources/tools/chemdb_ontology?abbrev=LPE 20:4
524.27161	524.2724	.0007	LPC 15:1	C23H46NO7PNa2	[M+2Na-H]+	/resources/tools/chemdb_ontology?abbrev=LPC 15:1
524.27161	524.2724	.0007	LPE 18:1	C23H46NO7PNa2	[M+2Na-H]+	/resources/tools/chemdb_ontology?abbrev=LPE 18:1
508.33898	508.3398	.0008	LPC 17:1	C25H50NO7P	[M+H]+	/resources/tools/chemdb_ontology?abbrev=LPC 17:1
508.33898	508.3398	.0008	LPE 20:1	C25H50NO7P	[M+H]+	/resources/tools/chemdb_ontology?abbrev=LPE 20:1
508.33898	508.3398	.0008	LPA 22:2	C25H47O7P	[M+NH4]+	/resources/tools/chemdb_ontology?abbrev=LPA 22:2
508.33898	508.3417	.0028	TG 62:16	C65H94O6Na2	[M+2Na]2+	/resources/tools/chemdb_ontology?abbrev=TG 62:16
481.31139	481.3160	.0046	ST 27:2;O7	C27H44O7	[M+H]+	/resources/tools/chemdb_ontology?abbrev=ST 27:2;O7
481.31139	481.3037	.0077	LPE 17:2	C22H42NO7P	[M+NH4]+	/resources/tools/chemdb_ontology?abbrev=LPE 17:2
481.35399	481.3524	.0016	ST 28:1;O6	C28H48O6	[M+H]+	/resources/tools/chemdb_ontology?abbrev=ST 28:1;O6
481.35399	481.3636	.0096	CAR 20:4;O	C27H45NO5	[M+NH4]+	/resources/tools/chemdb_ontology?abbrev=CAR 20:4;O
481.35399	481.3628	.0088	FA 28:2;O	C28H52O3Na2	[M+2Na-H]+	/resources/tools/chemdb_ontology?abbrev=FA 28:2;O
503.29313	503.3003	.0072	ST 29:4;O8	C29H44O8	[M+H-H2O]+	/resources/tools/chemdb_ontology?abbrev=ST 29:4;O8
503.29313	503.2979	.0048	ST 27:2;O7	C27H44O7Na	[M+Na]+	/resources/tools/chemdb_ontology?abbrev=ST 27:2;O7
541.36927	541.3612	.0080	PE 20:0	C25H50NO8P	[M+NH4]+	/resources/tools/chemdb_ontology?abbrev=PE 20:0
541.36927	541.3628	.0065	FA 33:7;O	C33H52O3Na2	[M+2Na-H]+	/resources/tools/chemdb_ontology?abbrev=FA 33:7;O
540.36692	540.3660	.0009	LPS O-20:0	C26H54NO8P	[M+H]+	/resources/tools/chemdb_ontology?abbrev=LPS O-20:0
502.28985	502.2928	.0030	LPE 20:4	C25H44NO7P	[M+H]+	/resources/tools/chemdb_ontology?abbrev=LPE 20:4
502.28985	502.2904	.0006	LPC 15:1	C23H46NO7PNa	[M+Na]+	/resources/tools/chemdb_ontology?abbrev=LPC 15:1
502.28985	502.2904	.0006	LPE 18:1	C23H46NO7PNa	[M+Na]+	/resources/tools/chemdb_ontology?abbrev=LPE 18:1
982.59316	982.5839	.0093	MIPC 34:0;O3	C46H90NO17PNa	[M+Na]+	/resources/tools/chemdb_ontology?abbrev=MIPC 34:0;O3
480.30818	480.3085	.0003	LPC 15:1	C23H46NO7P	[M+H]+	/resources/tools/chemdb_ontology?abbrev=LPC 15:1
480.30818	480.3085	.0003	LPE 18:1	C23H46NO7P	[M+H]+	/resources/tools/chemdb_ontology?abbrev=LPE 18:1
480.30818	480.3085	.0003	LPA 20:2	C23H43O7P	[M+NH4]+	/resources/tools/chemdb_ontology?abbrev=LPA 20:2
339.28901	339.2894	.0004	FA 21:1;O2	C21H40O4	[M+H-H2O]+	/resources/tools/chemdb_ontology?abbrev=FA 21:1;O2
339.28901	339.2894	.0004	MG 18:1	C21H40O4	[M+H-H2O]+	/resources/tools/chemdb_ontology?abbrev=MG 18:1
339.28901	339.2894	.0004	WE 21:1;O2	C21H40O4	[M+H-H2O]+	/resources/tools/chemdb_ontology?abbrev=WE 21:1;O2
339.28901	339.2870	.0021	MG O-16:0	C19H40O3Na	[M+Na]+	/resources/tools/chemdb_ontology?abbrev=MG O-16:0
480.35147	480.3448	.0066	LPC O-16:1	C24H50NO6P	[M+H]+	/resources/tools/chemdb_ontology?abbrev=LPC O-16:1
480.35147	480.3448	.0066	LPE O-19:0;O	C24H52NO7P	[M+H-H2O]+	/resources/tools/chemdb_ontology?abbrev=LPE O-19:0;O
594.3755	594.3765	.0010	PC 21:1;O	C29H56NO9P	[M+H]+	/resources/tools/chemdb_ontology?abbrev=PC 21:1;O
594.3755	594.3786	.0031	CL 54:6	C63H112O16P2	[M+2H]2+	/resources/tools/chemdb_ontology?abbrev=CL 54:6
483.31644	483.3139	.0026	ST 27:1;O2;S	C27H46O5S	[M+H]+	/resources/tools/chemdb_ontology?abbrev=ST 27:1;O2;S
483.31644	483.3105	.0059	ST 30:5;O6	C30H44O6	[M+H-H2O]+	/resources/tools/chemdb_ontology?abbrev=ST 30:5;O6
483.31644	483.3081	.0084	ST 28:3;O5	C28H44O5Na	[M+Na]+	/resources/tools/chemdb_ontology?abbrev=ST 28:3;O5
483.31644	483.3194	.0029	LPC 14:1	C22H44NO7P	[M+NH4]+	/resources/tools/chemdb_ontology?abbrev=LPC 14:1
483.31644	483.3194	.0029	LPE 17:1	C22H44NO7P	[M+NH4]+	/resources/tools/chemdb_ontology?abbrev=LPE 17:1
340.29238	340.2846	.0078	FA 20:3;O	C20H34O3	[M+NH4]+	/resources/tools/chemdb_ontology?abbrev=FA 20:3;O
340.29238	340.2972	.0048	TG 39:1	C42H78O6	[M+2H]2+	/resources/tools/chemdb_ontology?abbrev=TG 39:1
425.36603	425.3601	.0059	MG O-21:0;O	C24H50O4Na	[M+Na]+	/resources/tools/chemdb_ontology?abbrev=MG O-21:0;O
425.36603	425.3754	.0094	ST 28:0;O	C28H50ONa	[M+Na]+	/resources/tools/chemdb_ontology?abbrev=ST 28:0;O
681.55149	681.5452	.0062	DG 41:7	C44H72O5	[M+H]+	/resources/tools/chemdb_ontology?abbrev=DG 41:7
681.55149	681.5428	.0087	DG 39:4	C42H74O5Na	[M+Na]+	/resources/tools/chemdb_ontology?abbrev=DG 39:4
681.55149	681.5541	.0026	PC O-28:0	C36H74NO7P	[M+NH4]+	/resources/tools/chemdb_ontology?abbrev=PC O-28:0
681.55149	681.5541	.0026	PE O-31:0	C36H74NO7P	[M+NH4]+	/resources/tools/chemdb_ontology?abbrev=PE O-31:0
681.55149	681.5557	.0042	CE 17:1	C44H76O2Na2	[M+2Na-H]+	/resources/tools/chemdb_ontology?abbrev=CE 17:1
462.29713	462.2979	.0008	LPC 15:1	C23H46NO7P	[M+H-H2O]+	/resources/tools/chemdb_ontology?abbrev=LPC 15:1
462.29713	462.2979	.0008	LPE 18:1	C23H46NO7P	[M+H-H2O]+	/resources/tools/chemdb_ontology?abbrev=LPE 18:1
462.29713	462.2955	.0016	LPE O-16:0	C21H46NO6PNa	[M+Na]+	/resources/tools/chemdb_ontology?abbrev=LPE O-16:0
462.29713	462.3061	.0090	FA 23:3;O6	C23H40O8	[M+NH4]+	/resources/tools/chemdb_ontology?abbrev=FA 23:3;O6
462.29713	462.3016	.0045	PI O-38:1	C47H91O12PNa2	[M+2Na]2+	/resources/tools/chemdb_ontology?abbrev=PI O-38:1
510.35435	510.3554	.0011	LPC 17:0	C25H52NO7P	[M+H]+	/resources/tools/chemdb_ontology?abbrev=LPC 17:0
510.35435	510.3554	.0011	LPE 20:0	C25H52NO7P	[M+H]+	/resources/tools/chemdb_ontology?abbrev=LPE 20:0
510.35435	510.3554	.0011	PC O-17:0	C25H52NO7P	[M+H]+	/resources/tools/chemdb_ontology?abbrev=PC O-17:0
510.35435	510.3554	.0011	LPA 22:1	C25H49O7P	[M+NH4]+	/resources/tools/chemdb_ontology?abbrev=LPA 22:1
510.35435	510.3574	.0030	TG 62:14	C65H98O6Na2	[M+2Na]2+	/resources/tools/chemdb_ontology?abbrev=TG 62:14
567.41061	567.4133	.0027	LPC 20:1	C28H56NO7P	[M+NH4]+	/resources/tools/chemdb_ontology?abbrev=LPC 20:1
567.41061	567.4133	.0027	PC O-20:1	C28H56NO7P	[M+NH4]+	/resources/tools/chemdb_ontology?abbrev=PC O-20:1
402.33227	402.3366	.0044	FA 26:6	C26H40O2	[M+NH4]+	/resources/tools/chemdb_ontology?abbrev=FA 26:6
402.33227	402.3298	.0024	PA 43:0	C46H91O8P	[M+2H]2+	/resources/tools/chemdb_ontology?abbrev=PA 43:0
428.37358	428.3734	.0002	CAR 18:0	C25H49NO4	[M+H]+	/resources/tools/chemdb_ontology?abbrev=CAR 18:0
428.37358	428.3754	.0019	TG 52:4	C55H98O6	[M+2H]2+	/resources/tools/chemdb_ontology?abbrev=TG 52:4
530.44923	530.4544	.0051	Cer 32:2;O2	C32H61NO3Na	[M+Na]+	/resources/tools/chemdb_ontology?abbrev=Cer 32:2;O2
352.32141	352.3210	.0004	NAE 20:2	C22H41NO2	[M+H]+	/resources/tools/chemdb_ontology?abbrev=NAE 20:2
352.32141	352.3210	.0004	FA 22:3	C22H38O2	[M+NH4]+	/resources/tools/chemdb_ontology?abbrev=FA 22:3
352.32141	352.3210	.0004	SFE 22:3	C22H38O2	[M+NH4]+	/resources/tools/chemdb_ontology?abbrev=SFE 22:3
352.32141	352.3210	.0004	WE 22:3	C22H38O2	[M+NH4]+	/resources/tools/chemdb_ontology?abbrev=WE 22:3
352.32141	352.3230	.0016	CE 22:3	C49H82O2	[M+2H]2+	/resources/tools/chemdb_ontology?abbrev=CE 22:3
587.45169	587.4547	.0030	CerPE 30:1;O2	C32H65N2O6P	[M+H-H2O]+	/resources/tools/chemdb_ontology?abbrev=CerPE 30:1;O2
587.45169	587.4435	.0082	PA O-30:1	C33H65O7P	[M+H-H2O]+	/resources/tools/chemdb_ontology?abbrev=PA O-30:1
529.39884	529.3976	.0012	LPE O-20:0;O	C25H54NO7P	[M+NH4]+	/resources/tools/chemdb_ontology?abbrev=LPE O-20:0;O
531.40486	531.4020	.0029	DG 28:2	C31H56O5Na	[M+Na]+	/resources/tools/chemdb_ontology?abbrev=DG 28:2
518.35835	518.3605	.0021	LPC 19:1	C27H54NO7P	[M+H-H2O]+	/resources/tools/chemdb_ontology?abbrev=LPC 19:1
518.35835	518.3605	.0021	LPE 22:1	C27H54NO7P	[M+H-H2O]+	/resources/tools/chemdb_ontology?abbrev=LPE 22:1
518.35835	518.3605	.0021	PC O-19:1	C27H54NO7P	[M+H-H2O]+	/resources/tools/chemdb_ontology?abbrev=PC O-19:1
518.35835	518.3581	.0003	LPC O-17:0	C25H54NO6PNa	[M+Na]+	/resources/tools/chemdb_ontology?abbrev=LPC O-17:0
518.35835	518.3581	.0003	LPE O-20:0	C25H54NO6PNa	[M+Na]+	/resources/tools/chemdb_ontology?abbrev=LPE O-20:0
528.3924	528.3999	.0075	CAR 22:0	C29H57NO4Na2	[M+2Na-H]+	/resources/tools/chemdb_ontology?abbrev=CAR 22:0
463.27381	463.2819	.0081	LPA 20:2	C23H43O7P	[M+H]+	/resources/tools/chemdb_ontology?abbrev=LPA 20:2
463.27381	463.2819	.0081	PA 20:0	C23H45O8P	[M+H-H2O]+	/resources/tools/chemdb_ontology?abbrev=PA 20:0
463.27381	463.2795	.0057	FA 26:5;O2	C26H42O4Na2	[M+2Na-H]+	/resources/tools/chemdb_ontology?abbrev=FA 26:5;O2
463.27381	463.2795	.0057	MG O-23:6;O	C26H42O4Na2	[M+2Na-H]+	/resources/tools/chemdb_ontology?abbrev=MG O-23:6;O
463.27381	463.2795	.0057	ST 26:2;O4	C26H42O4Na2	[M+2Na-H]+	/resources/tools/chemdb_ontology?abbrev=ST 26:2;O4
551.38058	551.3707	.0099	PA 25:0	C28H55O8P	[M+H]+	/resources/tools/chemdb_ontology?abbrev=PA 25:0
551.38058	551.3707	.0099	LPG 22:0	C28H57O9P	[M+H-H2O]+	/resources/tools/chemdb_ontology?abbrev=LPG 22:0
551.38058	551.3820	.0014	LPE 22:2	C27H52NO7P	[M+NH4]+	/resources/tools/chemdb_ontology?abbrev=LPE 22:2
455.29541	455.2881	.0073	LPE 15:1	C20H40NO7P	[M+NH4]+	/resources/tools/chemdb_ontology?abbrev=LPE 15:1
455.29541	455.2881	.0073	PC O-12:1	C20H40NO7P	[M+NH4]+	/resources/tools/chemdb_ontology?abbrev=PC O-12:1
455.29541	455.2938	.0016	PI O-37:1	C46H89O12PNa2	[M+2Na]2+	/resources/tools/chemdb_ontology?abbrev=PI O-37:1
455.29541	455.2896	.0058	FA 28:7	C28H42O2Na2	[M+2Na-H]+	/resources/tools/chemdb_ontology?abbrev=FA 28:7
398.36223	398.3629	.0006	FA 24:2;O	C24H44O3	[M+NH4]+	/resources/tools/chemdb_ontology?abbrev=FA 24:2;O
512.34512	512.3370	.0081	ST 31:7;O5	C31H42O5	[M+NH4]+	/resources/tools/chemdb_ontology?abbrev=ST 31:7;O5
512.34512	512.3460	.0009	PI 44:0	C53H103O13PNa2	[M+2Na]2+	/resources/tools/chemdb_ontology?abbrev=PI 44:0
454.2922	454.2928	.0006	LPC 13:0	C21H44NO7P	[M+H]+	/resources/tools/chemdb_ontology?abbrev=LPC 13:0
454.2922	454.2928	.0006	LPE 16:0	C21H44NO7P	[M+H]+	/resources/tools/chemdb_ontology?abbrev=LPE 16:0
454.2922	454.2928	.0006	LPE O-16:1;O	C21H44NO7P	[M+H]+	/resources/tools/chemdb_ontology?abbrev=LPE O-16:1;O
454.2922	454.2928	.0006	LPA 18:1	C21H41O7P	[M+NH4]+	/resources/tools/chemdb_ontology?abbrev=LPA 18:1
523.35806	523.3507	.0074	LPC 17:2	C25H48NO7P	[M+NH4]+	/resources/tools/chemdb_ontology?abbrev=LPC 17:2
523.35806	523.3507	.0074	LPE 20:2	C25H48NO7P	[M+NH4]+	/resources/tools/chemdb_ontology?abbrev=LPE 20:2
544.33646	544.3398	.0033	LPC 20:4	C28H50NO7P	[M+H]+	/resources/tools/chemdb_ontology?abbrev=LPC 20:4
544.33646	544.3374	.0009	LPC 18:1	C26H52NO7PNa	[M+Na]+	/resources/tools/chemdb_ontology?abbrev=LPC 18:1
544.33646	544.3374	.0009	PC O-18:1	C26H52NO7PNa	[M+Na]+	/resources/tools/chemdb_ontology?abbrev=PC O-18:1
522.40295	522.4043	.0014	TG 63:9	C66H110O6Na2	[M+2Na]2+	/resources/tools/chemdb_ontology?abbrev=TG 63:9
421.36261	421.3676	.0050	ST 27:0;O3	C27H48O3	[M+H]+	/resources/tools/chemdb_ontology?abbrev=ST 27:0;O3
421.36261	421.3652	.0026	FA 25:0;O	C25H50O3Na	[M+Na]+	/resources/tools/chemdb_ontology?abbrev=FA 25:0;O
421.36261	421.3615	.0011	SM 44:2;O2	C49H97N2O6P	[M+2H]2+	/resources/tools/chemdb_ontology?abbrev=SM 44:2;O2
311.25759	311.2581	.0005	FA 19:2;O	C19H34O3	[M+H]+	/resources/tools/chemdb_ontology?abbrev=FA 19:2;O
311.25759	311.2581	.0005	FA 19:1;O2	C19H36O4	[M+H-H2O]+	/resources/tools/chemdb_ontology?abbrev=FA 19:1;O2
311.25759	311.2581	.0005	FOH 19:2;O3	C19H36O4	[M+H-H2O]+	/resources/tools/chemdb_ontology?abbrev=FOH 19:2;O3
329.26826	329.2686	.0004	FA 19:1;O2	C19H36O4	[M+H]+	/resources/tools/chemdb_ontology?abbrev=FA 19:1;O2
329.26826	329.2686	.0004	FOH 19:2;O3	C19H36O4	[M+H]+	/resources/tools/chemdb_ontology?abbrev=FOH 19:2;O3
416.34763	416.3523	.0047	SFE 27:6	C27H42O2	[M+NH4]+	/resources/tools/chemdb_ontology?abbrev=SFE 27:6
416.34763	416.3523	.0047	ST 27:3;O2	C27H42O2	[M+NH4]+	/resources/tools/chemdb_ontology?abbrev=ST 27:3;O2
424.26318	424.2670	.0038	CAR 14:1;O2	C21H39NO6Na	[M+Na]+	/resources/tools/chemdb_ontology?abbrev=CAR 14:1;O2
424.26318	424.2694	.0062	ST 23:3;O6	C23H34O6	[M+NH4]+	/resources/tools/chemdb_ontology?abbrev=ST 23:3;O6
424.26318	424.2648	.0017	PA 44:7	C47H79O8PNa2	[M+2Na]2+	/resources/tools/chemdb_ontology?abbrev=PA 44:7
468.30772	468.3085	.0007	LPC 14:0	C22H46NO7P	[M+H]+	/resources/tools/chemdb_ontology?abbrev=LPC 14:0
468.30772	468.3085	.0007	LPE 17:0	C22H46NO7P	[M+H]+	/resources/tools/chemdb_ontology?abbrev=LPE 17:0
468.30772	468.3085	.0007	LPE O-17:1;O	C22H46NO7P	[M+H]+	/resources/tools/chemdb_ontology?abbrev=LPE O-17:1;O
468.30772	468.3085	.0007	PC O-14:0	C22H46NO7P	[M+H]+	/resources/tools/chemdb_ontology?abbrev=PC O-14:0
468.30772	468.3118	.0041	NAT 22:1	C24H47NO4SNa	[M+Na]+	/resources/tools/chemdb_ontology?abbrev=NAT 22:1
468.30772	468.3085	.0007	LPA 19:1	C22H43O7P	[M+NH4]+	/resources/tools/chemdb_ontology?abbrev=LPA 19:1
468.30772	468.3060	.0017	CAR 18:2	C25H45NO4Na2	[M+2Na-H]+	/resources/tools/chemdb_ontology?abbrev=CAR 18:2
425.26649	425.2663	.0002	LPA 17:0	C20H41O7P	[M+H]+	/resources/tools/chemdb_ontology?abbrev=LPA 17:0
425.26649	425.2662	.0003	MG 22:6	C25H38O4Na	[M+Na]+	/resources/tools/chemdb_ontology?abbrev=MG 22:6
425.26649	425.2662	.0003	ST 26:3;O3	C25H38O4Na	[M+Na]+	/resources/tools/chemdb_ontology?abbrev=ST 26:3;O3
425.26649	425.2638	.0027	FOH 23:4;O3	C23H40O4Na2	[M+2Na-H]+	/resources/tools/chemdb_ontology?abbrev=FOH 23:4;O3
425.26649	425.2638	.0027	MG 20:3	C23H40O4Na2	[M+2Na-H]+	/resources/tools/chemdb_ontology?abbrev=MG 20:3
425.26649	425.2638	.0027	ST 23:0;O4	C23H40O4Na2	[M+2Na-H]+	/resources/tools/chemdb_ontology?abbrev=ST 23:0;O4
411.37735	411.3833	.0059	FA 26:1;O	C26H50O3	[M+H]+	/resources/tools/chemdb_ontology?abbrev=FA 26:1;O
411.37735	411.3833	.0059	MG O-23:1;O	C26H52O4	[M+H-H2O]+	/resources/tools/chemdb_ontology?abbrev=MG O-23:1;O
654.33071	654.3249	.0058	PS 23:2;O3	C29H52NO13P	[M+H]+	/resources/tools/chemdb_ontology?abbrev=PS 23:2;O3
654.33071	654.3378	.0070	PE 26:4;O2	C31H54NO10PNa	[M+Na]+	/resources/tools/chemdb_ontology?abbrev=PE 26:4;O2
654.33071	654.3353	.0046	PC 21:1;O2	C29H56NO10PNa2	[M+2Na-H]+	/resources/tools/chemdb_ontology?abbrev=PC 21:1;O2
410.37469	410.3754	.0008	TG 49:1	C52H98O6	[M+2H]2+	/resources/tools/chemdb_ontology?abbrev=TG 49:1
637.3043	637.3136	.0093	DG 35:13;O	C38H46O7Na	[M+Na]+	/resources/tools/chemdb_ontology?abbrev=DG 35:13;O
487.35176	487.3507	.0011	LPE O-17:0;O	C22H48NO7P	[M+NH4]+	/resources/tools/chemdb_ontology?abbrev=LPE O-17:0;O
487.35176	487.3522	.0005	FA 30:5	C30H50O2Na2	[M+2Na-H]+	/resources/tools/chemdb_ontology?abbrev=FA 30:5
487.35176	487.3522	.0005	ST 30:2;O2	C30H50O2Na2	[M+2Na-H]+	/resources/tools/chemdb_ontology?abbrev=ST 30:2;O2
724.40859	724.4032	.0054	PS 28:2;O3	C34H62NO13P	[M+H]+	/resources/tools/chemdb_ontology?abbrev=PS 28:2;O3
724.40859	724.4160	.0074	PS 30:3	C36H64NO10PNa	[M+Na]+	/resources/tools/chemdb_ontology?abbrev=PS 30:3
724.40859	724.4136	.0050	PS 28:0	C34H66NO10PNa2	[M+2Na-H]+	/resources/tools/chemdb_ontology?abbrev=PS 28:0
637.42376	637.4228	.0010	PA 33:4	C36H63O8P	[M+H-H2O]+	/resources/tools/chemdb_ontology?abbrev=PA 33:4
637.42376	637.4187	.0050	PC 23:2;O	C31H58NO9P	[M+NH4]+	/resources/tools/chemdb_ontology?abbrev=PC 23:2;O
637.42376	637.4180	.0058	PA O-29:0	C32H65O7PNa2	[M+2Na-H]+	/resources/tools/chemdb_ontology?abbrev=PA O-29:0
695.35758	695.3515	.0061	PS 25:4;O3	C31H52NO13P	[M+NH4]+	/resources/tools/chemdb_ontology?abbrev=PS 25:4;O3
738.4238	738.4317	.0079	PS 31:3	C37H66NO10PNa	[M+Na]+	/resources/tools/chemdb_ontology?abbrev=PS 31:3
738.4238	738.4292	.0054	PS 29:0	C35H68NO10PNa2	[M+2Na-H]+	/resources/tools/chemdb_ontology?abbrev=PS 29:0
697.36337	697.3559	.0075	PI 23:2;O	C32H57O14P	[M+H]+	/resources/tools/chemdb_ontology?abbrev=PI 23:2;O
697.36337	697.3671	.0037	PS 25:3;O3	C31H54NO13P	[M+NH4]+	/resources/tools/chemdb_ontology?abbrev=PS 25:3;O3
658.40279	658.4078	.0051	PC 26:3;O2	C34H62NO10P	[M+H-H2O]+	/resources/tools/chemdb_ontology?abbrev=PC 26:3;O2
658.40279	658.4078	.0051	PS 28:2	C34H62NO10P	[M+H-H2O]+	/resources/tools/chemdb_ontology?abbrev=PS 28:2
488.35502	488.3499	.0051	CerP 26:1;O2	C26H52NO6P	[M+H-H2O]+	/resources/tools/chemdb_ontology?abbrev=CerP 26:1;O2
488.35502	488.3499	.0051	LPC O-18:2	C26H52NO6P	[M+H-H2O]+	/resources/tools/chemdb_ontology?abbrev=LPC O-18:2
435.37889	435.3833	.0044	ST 28:0;O3	C28H50O3	[M+H]+	/resources/tools/chemdb_ontology?abbrev=ST 28:0;O3
435.37889	435.3833	.0044	FA 28:2;O2	C28H52O4	[M+H-H2O]+	/resources/tools/chemdb_ontology?abbrev=FA 28:2;O2
435.37889	435.3809	.0020	FA 26:0;O	C26H52O3Na	[M+Na]+	/resources/tools/chemdb_ontology?abbrev=FA 26:0;O
435.37889	435.3833	.0044	TG 53:4	C56H100O6	[M+2H]2+	/resources/tools/chemdb_ontology?abbrev=TG 53:4
540.36645	540.3660	.0005	LPS O-20:0	C26H54NO8P	[M+H]+	/resources/tools/chemdb_ontology?abbrev=LPS O-20:0
503.2928	503.3003	.0075	ST 29:4;O8	C29H44O8	[M+H-H2O]+	/resources/tools/chemdb_ontology?abbrev=ST 29:4;O8
503.2928	503.2979	.0051	ST 27:2;O7	C27H44O7Na	[M+Na]+	/resources/tools/chemdb_ontology?abbrev=ST 27:2;O7
462.29662	462.2979	.0013	LPC 15:1	C23H46NO7P	[M+H-H2O]+	/resources/tools/chemdb_ontology?abbrev=LPC 15:1
462.29662	462.2979	.0013	LPE 18:1	C23H46NO7P	[M+H-H2O]+	/resources/tools/chemdb_ontology?abbrev=LPE 18:1
462.29662	462.2955	.0011	LPE O-16:0	C21H46NO6PNa	[M+Na]+	/resources/tools/chemdb_ontology?abbrev=LPE O-16:0
462.29662	462.3061	.0095	FA 23:3;O6	C23H40O8	[M+NH4]+	/resources/tools/chemdb_ontology?abbrev=FA 23:3;O6
480.35316	480.3448	.0083	LPC O-16:1	C24H50NO6P	[M+H]+	/resources/tools/chemdb_ontology?abbrev=LPC O-16:1
480.35316	480.3448	.0083	LPE O-19:0;O	C24H52NO7P	[M+H-H2O]+	/resources/tools/chemdb_ontology?abbrev=LPE O-19:0;O
480.35316	480.3574	.0042	TG 57:9	C60H98O6Na2	[M+2Na]2+	/resources/tools/chemdb_ontology?abbrev=TG 57:9
502.28969	502.2928	.0031	LPE 20:4	C25H44NO7P	[M+H]+	/resources/tools/chemdb_ontology?abbrev=LPE 20:4
502.28969	502.2904	.0007	LPC 15:1	C23H46NO7PNa	[M+Na]+	/resources/tools/chemdb_ontology?abbrev=LPC 15:1
502.28969	502.2904	.0007	LPE 18:1	C23H46NO7PNa	[M+Na]+	/resources/tools/chemdb_ontology?abbrev=LPE 18:1
481.31123	481.3160	.0047	ST 27:2;O7	C27H44O7	[M+H]+	/resources/tools/chemdb_ontology?abbrev=ST 27:2;O7
481.31123	481.3037	.0075	LPE 17:2	C22H42NO7P	[M+NH4]+	/resources/tools/chemdb_ontology?abbrev=LPE 17:2
846.64889	846.6582	.0094	PS O-41:1	C47H92NO9P	[M+H]+	/resources/tools/chemdb_ontology?abbrev=PS O-41:1
524.27154	524.2748	.0032	LPE 20:4	C25H44NO7PNa	[M+Na]+	/resources/tools/chemdb_ontology?abbrev=LPE 20:4
524.27154	524.2724	.0008	LPC 15:1	C23H46NO7PNa2	[M+2Na-H]+	/resources/tools/chemdb_ontology?abbrev=LPC 15:1
524.27154	524.2724	.0008	LPE 18:1	C23H46NO7PNa2	[M+2Na-H]+	/resources/tools/chemdb_ontology?abbrev=LPE 18:1
280.2632	280.2635	.0003	NAE 16:1	C18H35NO2	[M+H-H2O]+	/resources/tools/chemdb_ontology?abbrev=NAE 16:1
280.2632	280.2635	.0003	SPB 18:2;O2	C18H35NO2	[M+H-H2O]+	/resources/tools/chemdb_ontology?abbrev=SPB 18:2;O2
416.3715	416.3734	.0019	FA 24:1;O2	C24H46O4	[M+NH4]+	/resources/tools/chemdb_ontology?abbrev=FA 24:1;O2
416.3715	416.3754	.0039	TG 50:2	C53H98O6	[M+2H]2+	/resources/tools/chemdb_ontology?abbrev=TG 50:2
529.39844	529.3887	.0097	ST 27:2;O;Hex	C33H54O6	[M+H-H2O]+	/resources/tools/chemdb_ontology?abbrev=ST 27:2;O;Hex
529.39844	529.3976	.0008	LPE O-20:0;O	C25H54NO7P	[M+NH4]+	/resources/tools/chemdb_ontology?abbrev=LPE O-20:0;O
461.35873	461.3625	.0038	ST 29:2;O4	C29H48O4	[M+H]+	/resources/tools/chemdb_ontology?abbrev=ST 29:2;O4
461.35873	461.3577	.0010	MG O-22:0;O	C25H52O4Na2	[M+2Na-H]+	/resources/tools/chemdb_ontology?abbrev=MG O-22:0;O
526.42991	526.4207	.0093	Cer 30:1;O2	C30H59NO3Na2	[M+2Na-H]+	/resources/tools/chemdb_ontology?abbrev=Cer 30:1;O2
263.23679	263.2369	.0001	FA 18:2	C18H32O2	[M+H-H2O]+	/resources/tools/chemdb_ontology?abbrev=FA 18:2
263.23679	263.2369	.0001	SFE 18:2	C18H32O2	[M+H-H2O]+	/resources/tools/chemdb_ontology?abbrev=SFE 18:2
263.23679	263.2369	.0001	WE 18:2	C18H32O2	[M+H-H2O]+	/resources/tools/chemdb_ontology?abbrev=WE 18:2
263.23679	263.2369	.0001	FA 36:6	C36H60O2	[M+2H]2+	/resources/tools/chemdb_ontology?abbrev=FA 36:6
263.23679	263.2369	.0001	WE 36:6	C36H60O2	[M+2H]2+	/resources/tools/chemdb_ontology?abbrev=WE 36:6
263.23679	263.2345	.0023	FA 32:0	C32H64O2Na2	[M+2Na]2+	/resources/tools/chemdb_ontology?abbrev=FA 32:0
263.23679	263.2345	.0023	WE 32:0	C32H64O2Na2	[M+2Na]2+	/resources/tools/chemdb_ontology?abbrev=WE 32:0
402.33245	402.3366	.0042	FA 26:6	C26H40O2	[M+NH4]+	/resources/tools/chemdb_ontology?abbrev=FA 26:6
402.33245	402.3298	.0026	PA 43:0	C46H91O8P	[M+2H]2+	/resources/tools/chemdb_ontology?abbrev=PA 43:0
521.30695	521.3109	.0039	ST 29:4;O8	C29H44O8	[M+H]+	/resources/tools/chemdb_ontology?abbrev=ST 29:4;O8
723.56922	723.5687	.0005	PA O-40:3	C43H81O7P	[M+H-H2O]+	/resources/tools/chemdb_ontology?abbrev=PA O-40:3
723.56922	723.5647	.0045	PC 30:0	C38H76NO8P	[M+NH4]+	/resources/tools/chemdb_ontology?abbrev=PC 30:0
723.56922	723.5647	.0045	PE 33:0	C38H76NO8P	[M+NH4]+	/resources/tools/chemdb_ontology?abbrev=PE 33:0
522.35481	522.3554	.0006	LPC 18:1	C26H52NO7P	[M+H]+	/resources/tools/chemdb_ontology?abbrev=LPC 18:1
522.35481	522.3554	.0006	PC O-18:1	C26H52NO7P	[M+H]+	/resources/tools/chemdb_ontology?abbrev=PC O-18:1
522.35481	522.3554	.0006	LPS O-20:0	C26H54NO8P	[M+H-H2O]+	/resources/tools/chemdb_ontology?abbrev=LPS O-20:0
522.35481	522.3574	.0026	TG 64:16	C67H98O6Na2	[M+2Na]2+	/resources/tools/chemdb_ontology?abbrev=TG 64:16
505.36291	505.3652	.0023	TG 61:12	C64H100O6Na2	[M+2Na]2+	/resources/tools/chemdb_ontology?abbrev=TG 61:12
477.25292	477.2483	.0046	ST 26:5;O8	C26H36O8	[M+H]+	/resources/tools/chemdb_ontology?abbrev=ST 26:5;O8
477.25292	477.2612	.0083	LPG 17:2	C23H43O9P	[M+H-H2O]+	/resources/tools/chemdb_ontology?abbrev=LPG 17:2
477.25292	477.2612	.0083	PA 20:1;O	C23H43O9P	[M+H-H2O]+	/resources/tools/chemdb_ontology?abbrev=PA 20:1;O
477.25292	477.2459	.0070	FA 24:5;O6	C24H38O8Na	[M+Na]+	/resources/tools/chemdb_ontology?abbrev=FA 24:5;O6
477.25292	477.2611	.0082	ST 28:6;O5	C28H38O5Na	[M+Na]+	/resources/tools/chemdb_ontology?abbrev=ST 28:6;O5
510.35496	510.3554	.0005	LPC 17:0	C25H52NO7P	[M+H]+	/resources/tools/chemdb_ontology?abbrev=LPC 17:0
510.35496	510.3554	.0005	LPE 20:0	C25H52NO7P	[M+H]+	/resources/tools/chemdb_ontology?abbrev=LPE 20:0
510.35496	510.3554	.0005	PC O-17:0	C25H52NO7P	[M+H]+	/resources/tools/chemdb_ontology?abbrev=PC O-17:0
510.35496	510.3554	.0005	LPA 22:1	C25H49O7P	[M+NH4]+	/resources/tools/chemdb_ontology?abbrev=LPA 22:1
510.35496	510.3574	.0024	TG 62:14	C65H98O6Na2	[M+2Na]2+	/resources/tools/chemdb_ontology?abbrev=TG 62:14
480.25127	480.2592	.0079	ST 19:3;O2;GlcA	C25H34O8	[M+NH4]+	/resources/tools/chemdb_ontology?abbrev=ST 19:3;O2;GlcA
480.25127	480.2592	.0079	ST 25:5;O8	C25H34O8	[M+NH4]+	/resources/tools/chemdb_ontology?abbrev=ST 25:5;O8
416.34767	416.3523	.0046	SFE 27:6	C27H42O2	[M+NH4]+	/resources/tools/chemdb_ontology?abbrev=SFE 27:6
416.34767	416.3523	.0046	ST 27:3;O2	C27H42O2	[M+NH4]+	/resources/tools/chemdb_ontology?abbrev=ST 27:3;O2
481.25207	481.2432	.0089	ST 19:2;O3;GlcA	C25H36O9	[M+H]+	/resources/tools/chemdb_ontology?abbrev=ST 19:2;O3;GlcA
481.25207	481.2561	.0040	PG 16:0	C22H43O10P	[M+H-H2O]+	/resources/tools/chemdb_ontology?abbrev=PG 16:0
482.25062	482.2513	.0007	LPS 15:1	C21H40NO9P	[M+H]+	/resources/tools/chemdb_ontology?abbrev=LPS 15:1
473.25668	473.2567	.0001	ST 24:1;O4;S	C24H40O7S	[M+H]+	/resources/tools/chemdb_ontology?abbrev=ST 24:1;O4;S
473.25668	473.2663	.0096	LPA 21:4	C24H41O7P	[M+H]+	/resources/tools/chemdb_ontology?abbrev=LPA 21:4
473.25668	473.2639	.0072	LPA 19:1	C22H43O7PNa	[M+Na]+	/resources/tools/chemdb_ontology?abbrev=LPA 19:1
473.25668	473.2622	.0056	LPS 13:0	C19H38NO9P	[M+NH4]+	/resources/tools/chemdb_ontology?abbrev=LPS 13:0
473.25668	473.2638	.0071	ST 27:4;O4	C27H40O4Na2	[M+2Na-H]+	/resources/tools/chemdb_ontology?abbrev=ST 27:4;O4
473.25668	473.2638	.0071	ST 28:3;O4	C27H40O4Na2	[M+2Na-H]+	/resources/tools/chemdb_ontology?abbrev=ST 28:3;O4
473.25668	473.2486	.0081	FA 23:3;O5	C23H40O7Na2	[M+2Na-H]+	/resources/tools/chemdb_ontology?abbrev=FA 23:3;O5
410.37321	410.3754	.0022	TG 49:1	C52H98O6	[M+2H]2+	/resources/tools/chemdb_ontology?abbrev=TG 49:1
661.37796	661.3711	.0068	PA 30:4;O3	C33H57O11P	[M+H]+	/resources/tools/chemdb_ontology?abbrev=PA 30:4;O3
661.37796	661.3840	.0060	PA 32:5	C35H59O8PNa	[M+Na]+	/resources/tools/chemdb_ontology?abbrev=PA 32:5
661.37796	661.3687	.0092	PG 25:1;O	C31H59O11PNa	[M+Na]+	/resources/tools/chemdb_ontology?abbrev=PG 25:1;O
661.37796	661.3816	.0036	PA 30:2	C33H61O8PNa2	[M+2Na-H]+	/resources/tools/chemdb_ontology?abbrev=PA 30:2
625.38407	625.3840	.0001	PA 29:2	C32H59O8PNa	[M+Na]+	/resources/tools/chemdb_ontology?abbrev=PA 29:2
625.38407	625.3824	.0017	PE 24:2;O2	C29H54NO10P	[M+NH4]+	/resources/tools/chemdb_ontology?abbrev=PE 24:2;O2
598.487	598.4782	.0088	Cer 34:1;O3	C34H67NO4Na2	[M+2Na-H]+	/resources/tools/chemdb_ontology?abbrev=Cer 34:1;O3
435.37777	435.3833	.0055	ST 28:0;O3	C28H50O3	[M+H]+	/resources/tools/chemdb_ontology?abbrev=ST 28:0;O3
435.37777	435.3833	.0055	FA 28:2;O2	C28H52O4	[M+H-H2O]+	/resources/tools/chemdb_ontology?abbrev=FA 28:2;O2
435.37777	435.3809	.0031	FA 26:0;O	C26H52O3Na	[M+Na]+	/resources/tools/chemdb_ontology?abbrev=FA 26:0;O
904.69104	904.7001	.0091	PS 44:0	C50H98NO10P	[M+H]+	/resources/tools/chemdb_ontology?abbrev=PS 44:0
904.69104	904.7001	.0091	IPC 44:0;O2	C50H100NO11P	[M+H-H2O]+	/resources/tools/chemdb_ontology?abbrev=IPC 44:0;O2
904.69104	904.7001	.0091	PG 44:2	C50H95O10P	[M+NH4]+	/resources/tools/chemdb_ontology?abbrev=PG 44:2
642.51449	642.5092	.0053	DG 37:7	C40H64O5	[M+NH4]+	/resources/tools/chemdb_ontology?abbrev=DG 37:7
686.54116	686.5483	.0071	PC O-31:1	C39H78NO7P	[M+H-H2O]+	/resources/tools/chemdb_ontology?abbrev=PC O-31:1
686.54116	686.5483	.0071	PE O-34:1	C39H78NO7P	[M+H-H2O]+	/resources/tools/chemdb_ontology?abbrev=PE O-34:1
480.30791	480.3085	.0006	LPC 15:1	C23H46NO7P	[M+H]+	/resources/tools/chemdb_ontology?abbrev=LPC 15:1
480.30791	480.3085	.0006	LPE 18:1	C23H46NO7P	[M+H]+	/resources/tools/chemdb_ontology?abbrev=LPE 18:1
480.30791	480.3085	.0006	LPA 20:2	C23H43O7P	[M+NH4]+	/resources/tools/chemdb_ontology?abbrev=LPA 20:2
777.52489	777.5276	.0027	PI O-32:1	C41H79O12P	[M+H-H2O]+	/resources/tools/chemdb_ontology?abbrev=PI O-32:1
777.52489	777.5181	.0068	SQDG 32:0	C41H78O12S	[M+H-H2O]+	/resources/tools/chemdb_ontology?abbrev=SQDG 32:0
777.52489	777.5177	.0072	PE 38:8	C43H70NO8P	[M+NH4]+	/resources/tools/chemdb_ontology?abbrev=PE 38:8
777.52489	777.5247	.0002	CL 80:12	C89H150O17P2	[M+2H]2+	/resources/tools/chemdb_ontology?abbrev=CL 80:12
777.52489	777.5223	.0026	CL 76:6	C85H154O17P2Na2	[M+2Na]2+	/resources/tools/chemdb_ontology?abbrev=CL 76:6
461.36143	461.3625	.0011	ST 29:2;O4	C29H48O4	[M+H]+	/resources/tools/chemdb_ontology?abbrev=ST 29:2;O4
461.36143	461.3577	.0037	MG O-22:0;O	C25H52O4Na2	[M+2Na-H]+	/resources/tools/chemdb_ontology?abbrev=MG O-22:0;O
526.43002	526.4207	.0094	Cer 30:1;O2	C30H59NO3Na2	[M+2Na-H]+	/resources/tools/chemdb_ontology?abbrev=Cer 30:1;O2
486.33137	486.3328	.0014	PI 44:4	C53H95O13P	[M+2H]2+	/resources/tools/chemdb_ontology?abbrev=PI 44:4
456.28824	456.2858	.0024	PI 40:6	C49H83O13P	[M+2H]2+	/resources/tools/chemdb_ontology?abbrev=PI 40:6
456.28824	456.2834	.0048	PI 36:0	C45H87O13PNa2	[M+2Na]2+	/resources/tools/chemdb_ontology?abbrev=PI 36:0
453.25296	453.2612	.0082	LPG 15:0	C21H43O9P	[M+H-H2O]+	/resources/tools/chemdb_ontology?abbrev=LPG 15:0
453.25296	453.2611	.0082	FA 26:7;O3	C26H38O5Na	[M+Na]+	/resources/tools/chemdb_ontology?abbrev=FA 26:7;O3
453.25296	453.2587	.0058	ST 24:1;O5	C24H40O5Na2	[M+2Na-H]+	/resources/tools/chemdb_ontology?abbrev=ST 24:1;O5
458.25067	458.2521	.0015	PI 37:5	C46H79O13PNa2	[M+2Na]2+	/resources/tools/chemdb_ontology?abbrev=PI 37:5
457.25222	457.2561	.0039	LPG 14:0	C20H41O9P	[M+H]+	/resources/tools/chemdb_ontology?abbrev=LPG 14:0
457.25222	457.2618	.0096	ST 24:1;O3;S	C24H40O6S	[M+H]+	/resources/tools/chemdb_ontology?abbrev=ST 24:1;O3;S
457.25222	457.2618	.0096	ST 24:0;O4;S	C24H42O7S	[M+H-H2O]+	/resources/tools/chemdb_ontology?abbrev=ST 24:0;O4;S
451.25721	451.2666	.0094	FA 23:3;O5	C23H40O7Na	[M+Na]+	/resources/tools/chemdb_ontology?abbrev=FA 23:3;O5
456.25144	456.2509	.0005	LPE 18:4	C23H40NO7P	[M+H-H2O]+	/resources/tools/chemdb_ontology?abbrev=LPE 18:4
456.25144	456.2547	.0032	PI O-38:7	C47H79O12PNa2	[M+2Na]2+	/resources/tools/chemdb_ontology?abbrev=PI O-38:7
449.25633	449.2534	.0030	ST 19:1;O2;GlcA	C25H38O8	[M+H-H2O]+	/resources/tools/chemdb_ontology?abbrev=ST 19:1;O2;GlcA
449.25633	449.2510	.0054	FA 23:4;O5	C23H38O7Na	[M+Na]+	/resources/tools/chemdb_ontology?abbrev=FA 23:4;O5
449.25633	449.2638	.0075	ST 25:2;O4	C25H40O4Na2	[M+2Na-H]+	/resources/tools/chemdb_ontology?abbrev=ST 25:2;O4
683.56708	683.5609	.0062	DG 41:6	C44H74O5	[M+H]+	/resources/tools/chemdb_ontology?abbrev=DG 41:6
683.56708	683.5585	.0086	DG 39:3	C42H76O5Na	[M+Na]+	/resources/tools/chemdb_ontology?abbrev=DG 39:3
683.56708	683.5713	.0043	CE 17:0	C44H78O2Na2	[M+2Na-H]+	/resources/tools/chemdb_ontology?abbrev=CE 17:0
459.24945	459.2506	.0012	LPA 20:4	C23H39O7P	[M+H]+	/resources/tools/chemdb_ontology?abbrev=LPA 20:4
459.24945	459.2482	.0012	LPA 18:1	C21H41O7PNa	[M+Na]+	/resources/tools/chemdb_ontology?abbrev=LPA 18:1
459.24945	459.2466	.0029	LPS 12:0	C18H36NO9P	[M+NH4]+	/resources/tools/chemdb_ontology?abbrev=LPS 12:0
459.24945	459.2506	.0011	TG 53:18;O2	C56H72O8Na2	[M+2Na]2+	/resources/tools/chemdb_ontology?abbrev=TG 53:18;O2
410.374	410.3754	.0014	TG 49:1	C52H98O6	[M+2H]2+	/resources/tools/chemdb_ontology?abbrev=TG 49:1
510.35486	510.3554	.0006	LPC 17:0	C25H52NO7P	[M+H]+	/resources/tools/chemdb_ontology?abbrev=LPC 17:0
510.35486	510.3554	.0006	LPE 20:0	C25H52NO7P	[M+H]+	/resources/tools/chemdb_ontology?abbrev=LPE 20:0
510.35486	510.3554	.0006	PC O-17:0	C25H52NO7P	[M+H]+	/resources/tools/chemdb_ontology?abbrev=PC O-17:0
510.35486	510.3554	.0006	LPA 22:1	C25H49O7P	[M+NH4]+	/resources/tools/chemdb_ontology?abbrev=LPA 22:1
510.35486	510.3574	.0025	TG 62:14	C65H98O6Na2	[M+2Na]2+	/resources/tools/chemdb_ontology?abbrev=TG 62:14
219.03831	219.0392	.0009	FA 11:6	C11H10O2Na2	[M+2Na-H]+	/resources/tools/chemdb_ontology?abbrev=FA 11:6
268.2632	268.2635	.0003	NAE 15:0	C17H35NO2	[M+H-H2O]+	/resources/tools/chemdb_ontology?abbrev=NAE 15:0
268.2632	268.2635	.0003	SPB 17:1;O2	C17H35NO2	[M+H-H2O]+	/resources/tools/chemdb_ontology?abbrev=SPB 17:1;O2
416.34765	416.3523	.0046	SFE 27:6	C27H42O2	[M+NH4]+	/resources/tools/chemdb_ontology?abbrev=SFE 27:6
416.34765	416.3523	.0046	ST 27:3;O2	C27H42O2	[M+NH4]+	/resources/tools/chemdb_ontology?abbrev=ST 27:3;O2
317.26806	317.2686	.0006	FA 18:0;O2	C18H36O4	[M+H]+	/resources/tools/chemdb_ontology?abbrev=FA 18:0;O2
317.26806	317.2686	.0006	MG O-15:1;O	C18H36O4	[M+H]+	/resources/tools/chemdb_ontology?abbrev=MG O-15:1;O
417.35086	417.3468	.0041	ST 27:0	C27H48Na2	[M+2Na-H]+	/resources/tools/chemdb_ontology?abbrev=ST 27:0
750.34713	750.3565	.0093	PS 28:3;O2	C34H60NO12PNa2	[M+2Na-H]+	/resources/tools/chemdb_ontology?abbrev=PS 28:3;O2
485.4419	485.4329	.0090	FA 31:2	C31H58O2Na	[M+Na]+	/resources/tools/chemdb_ontology?abbrev=FA 31:2
485.4419	485.4459	.0040	TG 60:3	C63H116O6	[M+2H]2+	/resources/tools/chemdb_ontology?abbrev=TG 60:3
723.54126	723.5323	.0089	PA 39:3	C42H77O8P	[M+H-H2O]+	/resources/tools/chemdb_ontology?abbrev=PA 39:3
723.54126	723.5411	.0001	CerPE 37:2;O2	C39H77N2O6PNa	[M+Na]+	/resources/tools/chemdb_ontology?abbrev=CerPE 37:2;O2
723.54126	723.5411	.0001	SM 34:2;O2	C39H77N2O6PNa	[M+Na]+	/resources/tools/chemdb_ontology?abbrev=SM 34:2;O2
723.54126	723.5510	.0097	TG 39:1	C42H78O6Na2	[M+2Na-H]+	/resources/tools/chemdb_ontology?abbrev=TG 39:1
442.3634	442.3631	.0003	NAE 23:0	C25H51NO2Na2	[M+2Na-H]+	/resources/tools/chemdb_ontology?abbrev=NAE 23:0
435.37817	435.3833	.0051	ST 28:0;O3	C28H50O3	[M+H]+	/resources/tools/chemdb_ontology?abbrev=ST 28:0;O3
435.37817	435.3833	.0051	FA 28:2;O2	C28H52O4	[M+H-H2O]+	/resources/tools/chemdb_ontology?abbrev=FA 28:2;O2
435.37817	435.3809	.0027	FA 26:0;O	C26H52O3Na	[M+Na]+	/resources/tools/chemdb_ontology?abbrev=FA 26:0;O
490.38285	490.3925	.0096	NAT 25:0	C27H55NO4S	[M+H]+	/resources/tools/chemdb_ontology?abbrev=NAT 25:0
962.73093	962.7232	.0077	TG 60:15	C63H92O6	[M+NH4]+	/resources/tools/chemdb_ontology?abbrev=TG 60:15
270.27866	270.2791	.0005	SPB 17:0;O2	C17H37NO2	[M+H-H2O]+	/resources/tools/chemdb_ontology?abbrev=SPB 17:0;O2
461.3367	461.3366	.0001	FA 28:4	C28H48O2Na2	[M+2Na-H]+	/resources/tools/chemdb_ontology?abbrev=FA 28:4
461.3367	461.3366	.0001	ST 28:1;O2	C28H48O2Na2	[M+2Na-H]+	/resources/tools/chemdb_ontology?abbrev=ST 28:1;O2
483.31864	483.3139	.0048	ST 27:1;O2;S	C27H46O5S	[M+H]+	/resources/tools/chemdb_ontology?abbrev=ST 27:1;O2;S
483.31864	483.3105	.0081	ST 30:5;O6	C30H44O6	[M+H-H2O]+	/resources/tools/chemdb_ontology?abbrev=ST 30:5;O6
483.31864	483.3194	.0007	LPC 14:1	C22H44NO7P	[M+NH4]+	/resources/tools/chemdb_ontology?abbrev=LPC 14:1
483.31864	483.3194	.0007	LPE 17:1	C22H44NO7P	[M+NH4]+	/resources/tools/chemdb_ontology?abbrev=LPE 17:1
355.3672	355.3723	.0051	ST 27:0	C27H48	[M+H-H2O]+	/resources/tools/chemdb_ontology?abbrev=ST 27:0
428.37284	428.3734	.0006	CAR 18:0	C25H49NO4	[M+H]+	/resources/tools/chemdb_ontology?abbrev=CAR 18:0
428.37284	428.3754	.0026	TG 52:4	C55H98O6	[M+2H]2+	/resources/tools/chemdb_ontology?abbrev=TG 52:4
650.43563	650.4391	.0035	LPS O-27:2;O	C33H64NO9P	[M+H]+	/resources/tools/chemdb_ontology?abbrev=LPS O-27:2;O
650.43563	650.4391	.0035	PC 25:1;O	C33H64NO9P	[M+H]+	/resources/tools/chemdb_ontology?abbrev=PC 25:1;O
475.38678	475.3782	.0086	ST 30:2;O4	C30H50O4	[M+H]+	/resources/tools/chemdb_ontology?abbrev=ST 30:2;O4
475.38678	475.3782	.0086	ST 30:1;O5	C30H52O5	[M+H-H2O]+	/resources/tools/chemdb_ontology?abbrev=ST 30:1;O5
475.38678	475.3886	.0018	ST 30:0;O	C30H54ONa2	[M+2Na-H]+	/resources/tools/chemdb_ontology?abbrev=ST 30:0;O
511.45739	511.4615	.0041	TG 64:5	C67H120O6	[M+2H]2+	/resources/tools/chemdb_ontology?abbrev=TG 64:5
352.2165	352.2247	.0082	SPBP 16:1;O2	C16H34NO5P	[M+H]+	/resources/tools/chemdb_ontology?abbrev=SPBP 16:1;O2
352.2165	352.2094	.0071	CAR 10:1;O	C17H31NO5Na	[M+Na]+	/resources/tools/chemdb_ontology?abbrev=CAR 10:1;O
352.2165	352.2179	.0014	PA 33:2	C36H67O8PNa2	[M+2Na]2+	/resources/tools/chemdb_ontology?abbrev=PA 33:2
256.26326	256.2635	.0002	SPB 16:0;O2	C16H35NO2	[M+H-H2O]+	/resources/tools/chemdb_ontology?abbrev=SPB 16:0;O2
430.38858	430.3911	.0025	TG 52:2	C55H102O6	[M+2H]2+	/resources/tools/chemdb_ontology?abbrev=TG 52:2
376.31804	376.3210	.0030	NA 24:4;O	C24H41NO2	[M+H]+	/resources/tools/chemdb_ontology?abbrev=NA 24:4;O
376.31804	376.3210	.0030	NAE 22:4	C24H41NO2	[M+H]+	/resources/tools/chemdb_ontology?abbrev=NAE 22:4
376.31804	376.3186	.0006	NAE 20:1	C22H43NO2Na	[M+Na]+	/resources/tools/chemdb_ontology?abbrev=NAE 20:1
376.31804	376.3210	.0030	FA 24:5	C24H38O2	[M+NH4]+	/resources/tools/chemdb_ontology?abbrev=FA 24:5
376.31804	376.3210	.0030	ST 24:2;O2	C24H38O2	[M+NH4]+	/resources/tools/chemdb_ontology?abbrev=ST 24:2;O2
376.31804	376.3206	.0026	CE 22:1	C49H86O2Na2	[M+2Na]2+	/resources/tools/chemdb_ontology?abbrev=CE 22:1
440.40928	440.4098	.0005	FA 27:2;O	C27H50O3	[M+NH4]+	/resources/tools/chemdb_ontology?abbrev=FA 27:2;O
392.2923	392.2829	.0094	NAT 18:0	C20H41NO4S	[M+H]+	/resources/tools/chemdb_ontology?abbrev=NAT 18:0
431.39125	431.3884	.0029	FA 29:4	C29H50O2	[M+H]+	/resources/tools/chemdb_ontology?abbrev=FA 29:4
431.39125	431.3884	.0029	ST 29:1;O2	C29H50O2	[M+H]+	/resources/tools/chemdb_ontology?abbrev=ST 29:1;O2
431.39125	431.3884	.0029	ST 29:0;O3	C29H52O3	[M+H-H2O]+	/resources/tools/chemdb_ontology?abbrev=ST 29:0;O3
431.39125	431.3859	.0053	FA 27:1	C27H52O2Na	[M+Na]+	/resources/tools/chemdb_ontology?abbrev=FA 27:1
431.39125	431.3859	.0053	WE 27:1	C27H52O2Na	[M+Na]+	/resources/tools/chemdb_ontology?abbrev=WE 27:1
431.39125	431.3843	.0069	CAR 17:0	C24H47NO4	[M+NH4]+	/resources/tools/chemdb_ontology?abbrev=CAR 17:0
400.37819	400.3785	.0003	FA 24:1;O	C24H46O3	[M+NH4]+	/resources/tools/chemdb_ontology?abbrev=FA 24:1;O
401.38156	401.3778	.0038	ST 28:1;O	C28H48O	[M+H]+	/resources/tools/chemdb_ontology?abbrev=ST 28:1;O
401.38156	401.3778	.0038	FA 28:3	C28H50O2	[M+H-H2O]+	/resources/tools/chemdb_ontology?abbrev=FA 28:3
401.38156	401.3778	.0038	ST 28:0;O2	C28H50O2	[M+H-H2O]+	/resources/tools/chemdb_ontology?abbrev=ST 28:0;O2
672.52542	672.5326	.0072	PC O-30:1	C38H76NO7P	[M+H-H2O]+	/resources/tools/chemdb_ontology?abbrev=PC O-30:1
672.52542	672.5326	.0072	PE O-33:1	C38H76NO7P	[M+H-H2O]+	/resources/tools/chemdb_ontology?abbrev=PE O-33:1
524.37029	524.3711	.0008	LPC 18:0	C26H54NO7P	[M+H]+	/resources/tools/chemdb_ontology?abbrev=LPC 18:0
524.37029	524.3711	.0008	LPE 21:0	C26H54NO7P	[M+H]+	/resources/tools/chemdb_ontology?abbrev=LPE 21:0
524.37029	524.3711	.0008	PC O-18:0	C26H54NO7P	[M+H]+	/resources/tools/chemdb_ontology?abbrev=PC O-18:0
524.37029	524.3730	.0027	TG 64:14	C67H102O6Na2	[M+2Na]2+	/resources/tools/chemdb_ontology?abbrev=TG 64:14
524.37029	524.3686	.0017	CAR 22:2	C29H53NO4Na2	[M+2Na-H]+	/resources/tools/chemdb_ontology?abbrev=CAR 22:2
385.37829	385.3829	.0046	ST 28:0;O	C28H50O	[M+H-H2O]+	/resources/tools/chemdb_ontology?abbrev=ST 28:0;O
401.24153	401.2322	.0093	ST 24:5;O5	C24H32O5	[M+H]+	/resources/tools/chemdb_ontology?abbrev=ST 24:5;O5
401.24153	401.2411	.0004	LPC 8:0	C16H34NO7P	[M+NH4]+	/resources/tools/chemdb_ontology?abbrev=LPC 8:0
401.24153	401.2427	.0012	FA 24:6	C24H36O2Na2	[M+2Na-H]+	/resources/tools/chemdb_ontology?abbrev=FA 24:6
401.24153	401.2427	.0012	ST 24:3;O2	C24H36O2Na2	[M+2Na-H]+	/resources/tools/chemdb_ontology?abbrev=ST 24:3;O2
406.23584	406.2353	.0005	LPE 14:1	C19H38NO7P	[M+H-H2O]+	/resources/tools/chemdb_ontology?abbrev=LPE 14:1
406.23584	406.2435	.0077	FA 19:3;O6	C19H32O8	[M+NH4]+	/resources/tools/chemdb_ontology?abbrev=FA 19:3;O6
406.23584	406.2343	.0016	SQDG 30:0	C39H74O12SNa2	[M+2Na]2+	/resources/tools/chemdb_ontology?abbrev=SQDG 30:0
406.23584	406.2390	.0032	PI O-30:1	C39H75O12PNa2	[M+2Na]2+	/resources/tools/chemdb_ontology?abbrev=PI O-30:1
415.32044	415.3207	.0002	ST 27:3;O3	C27H42O3	[M+H]+	/resources/tools/chemdb_ontology?abbrev=ST 27:3;O3
415.32044	415.3207	.0002	ST 27:2;O4	C27H44O4	[M+H-H2O]+	/resources/tools/chemdb_ontology?abbrev=ST 27:2;O4
415.32044	415.3207	.0002	ST 28:1;O4	C27H44O4	[M+H-H2O]+	/resources/tools/chemdb_ontology?abbrev=ST 28:1;O4
415.32044	415.3183	.0022	FA 25:3;O	C25H44O3Na	[M+Na]+	/resources/tools/chemdb_ontology?abbrev=FA 25:3;O
415.32044	415.3183	.0022	TG 47:4	C50H88O6Na2	[M+2Na]2+	/resources/tools/chemdb_ontology?abbrev=TG 47:4
415.32044	415.3159	.0046	FA 23:0;O	C23H46O3Na2	[M+2Na-H]+	/resources/tools/chemdb_ontology?abbrev=FA 23:0;O
519.40284	519.4044	.0016	ST 32:2;O5	C32H54O5	[M+H]+	/resources/tools/chemdb_ontology?abbrev=ST 32:2;O5
628.49891	628.5064	.0075	CerP 36:1;O2	C36H72NO6P	[M+H-H2O]+	/resources/tools/chemdb_ontology?abbrev=CerP 36:1;O2
628.49891	628.4935	.0054	DG 36:7	C39H62O5	[M+NH4]+	/resources/tools/chemdb_ontology?abbrev=DG 36:7
608.38753	608.3922	.0047	PE 25:1;O	C30H58NO9P	[M+H]+	/resources/tools/chemdb_ontology?abbrev=PE 25:1;O
608.38753	608.3922	.0047	PA 27:2;O	C30H55O9P	[M+NH4]+	/resources/tools/chemdb_ontology?abbrev=PA 27:2;O
314.3413	314.3417	.0004	FA 20:0;O	C20H40O	[M+NH4]+	/resources/tools/chemdb_ontology?abbrev=FA 20:0;O
781.58288	781.5742	.0087	PA 42:4	C45H81O8P	[M+H]+	/resources/tools/chemdb_ontology?abbrev=PA 42:4
781.58288	781.5830	.0001	CerPE 40:2;O3	C42H83N2O7PNa	[M+Na]+	/resources/tools/chemdb_ontology?abbrev=CerPE 40:2;O3
781.58288	781.5854	.0025	PC O-36:6	C44H78NO7P	[M+NH4]+	/resources/tools/chemdb_ontology?abbrev=PC O-36:6
388.39353	388.3938	.0002	ST 27:1	C27H46	[M+NH4]+	/resources/tools/chemdb_ontology?abbrev=ST 27:1
533.2782	533.2874	.0092	LPG 20:4	C26H45O9P	[M+H]+	/resources/tools/chemdb_ontology?abbrev=LPG 20:4
533.2782	533.2874	.0092	PA 23:2;O2	C26H47O10P	[M+H-H2O]+	/resources/tools/chemdb_ontology?abbrev=PA 23:2;O2
533.2782	533.2850	.0068	LPG 18:1	C24H47O9PNa	[M+Na]+	/resources/tools/chemdb_ontology?abbrev=LPG 18:1
648.43158	648.4235	.0081	PC 25:1;O2	C33H64NO10P	[M+H-H2O]+	/resources/tools/chemdb_ontology?abbrev=PC 25:1;O2
648.43158	648.4235	.0081	PS 27:0	C33H64NO10P	[M+H-H2O]+	/resources/tools/chemdb_ontology?abbrev=PS 27:0
444.40281	444.4047	.0019	FA 26:1;O2	C26H50O4	[M+NH4]+	/resources/tools/chemdb_ontology?abbrev=FA 26:1;O2
444.40281	444.4067	.0039	TG 54:2	C57H106O6	[M+2H]2+	/resources/tools/chemdb_ontology?abbrev=TG 54:2
684.57015	684.5690	.0011	CerP 40:1;O2	C40H80NO6P	[M+H-H2O]+	/resources/tools/chemdb_ontology?abbrev=CerP 40:1;O2
684.57015	684.5773	.0071	HexCer 34:0;O2	C40H79NO8	[M+H-H2O]+	/resources/tools/chemdb_ontology?abbrev=HexCer 34:0;O2
634.40624	634.4078	.0016	PE 27:2;O	C32H60NO9P	[M+H]+	/resources/tools/chemdb_ontology?abbrev=PE 27:2;O
634.40624	634.4078	.0016	PS 26:0	C32H62NO10P	[M+H-H2O]+	/resources/tools/chemdb_ontology?abbrev=PS 26:0
634.40624	634.4054	.0008	LPS O-24:0;O	C30H62NO9PNa	[M+Na]+	/resources/tools/chemdb_ontology?abbrev=LPS O-24:0;O
650.43407	650.4391	.0051	LPS O-27:2;O	C33H64NO9P	[M+H]+	/resources/tools/chemdb_ontology?abbrev=LPS O-27:2;O
650.43407	650.4391	.0051	PC 25:1;O	C33H64NO9P	[M+H]+	/resources/tools/chemdb_ontology?abbrev=PC 25:1;O
683.56696	683.5609	.0061	DG 41:6	C44H74O5	[M+H]+	/resources/tools/chemdb_ontology?abbrev=DG 41:6
683.56696	683.5585	.0085	DG 39:3	C42H76O5Na	[M+Na]+	/resources/tools/chemdb_ontology?abbrev=DG 39:3
683.56696	683.5713	.0044	CE 17:0	C44H78O2Na2	[M+2Na-H]+	/resources/tools/chemdb_ontology?abbrev=CE 17:0
432.25154	432.2592	.0076	FA 21:4;O6	C21H34O8	[M+NH4]+	/resources/tools/chemdb_ontology?abbrev=FA 21:4;O6
432.25154	432.2547	.0031	PI O-34:3	C43H79O12PNa2	[M+2Na]2+	/resources/tools/chemdb_ontology?abbrev=PI O-34:3
487.3068	487.3054	.0014	ST 29:5;O6	C29H42O6	[M+H]+	/resources/tools/chemdb_ontology?abbrev=ST 29:5;O6
487.3068	487.3030	.0038	ST 27:2;O6	C27H44O6Na	[M+Na]+	/resources/tools/chemdb_ontology?abbrev=ST 27:2;O6
487.3068	487.3030	.0038	ST 28:1;O6	C27H44O6Na	[M+Na]+	/resources/tools/chemdb_ontology?abbrev=ST 28:1;O6
487.3068	487.3094	.0026	PI O-42:4	C51H93O12PNa2	[M+2Na]2+	/resources/tools/chemdb_ontology?abbrev=PI O-42:4
487.3068	487.3159	.0091	ST 29:3;O3	C29H46O3Na2	[M+2Na-H]+	/resources/tools/chemdb_ontology?abbrev=ST 29:3;O3
486.31155	486.3190	.0074	CAR 20:4;O	C27H45NO5Na	[M+Na]+	/resources/tools/chemdb_ontology?abbrev=CAR 20:4;O
486.31155	486.3061	.0054	FA 25:5;O6	C25H40O8	[M+NH4]+	/resources/tools/chemdb_ontology?abbrev=FA 25:5;O6
486.31155	486.3061	.0054	ST 19:0;O2;GlcA	C25H40O8	[M+NH4]+	/resources/tools/chemdb_ontology?abbrev=ST 19:0;O2;GlcA
486.31155	486.3190	.0075	LPG O-16:1	C22H45O8P	[M+NH4]+	/resources/tools/chemdb_ontology?abbrev=LPG O-16:1
486.31155	486.3166	.0050	CAR 18:1;O	C25H47NO5Na2	[M+2Na-H]+	/resources/tools/chemdb_ontology?abbrev=CAR 18:1;O
424.24908	424.2459	.0032	LPE 14:1	C19H38NO7P	[M+H]+	/resources/tools/chemdb_ontology?abbrev=LPE 14:1
674.44798	674.4391	.0088	PC 27:2;O2	C35H66NO10P	[M+H-H2O]+	/resources/tools/chemdb_ontology?abbrev=PC 27:2;O2
674.44798	674.4391	.0088	PS 29:1	C35H66NO10P	[M+H-H2O]+	/resources/tools/chemdb_ontology?abbrev=PS 29:1
434.25073	434.2537	.0030	ST 24:5;O6	C24H32O6	[M+NH4]+	/resources/tools/chemdb_ontology?abbrev=ST 24:5;O6
434.25073	434.2545	.0038	PI 37:7	C46H75O13P	[M+2H]2+	/resources/tools/chemdb_ontology?abbrev=PI 37:7
434.25073	434.2521	.0014	PI 33:1	C42H79O13PNa2	[M+2Na]2+	/resources/tools/chemdb_ontology?abbrev=PI 33:1
425.25654	425.2534	.0032	FOH 23:6;O6	C23H36O7	[M+H]+	/resources/tools/chemdb_ontology?abbrev=FOH 23:6;O6
425.25654	425.2663	.0097	LPA 17:0	C20H41O7P	[M+H]+	/resources/tools/chemdb_ontology?abbrev=LPA 17:0
425.25654	425.2662	.0097	MG 22:6	C25H38O4Na	[M+Na]+	/resources/tools/chemdb_ontology?abbrev=MG 22:6
425.25654	425.2662	.0097	ST 26:3;O3	C25H38O4Na	[M+Na]+	/resources/tools/chemdb_ontology?abbrev=ST 26:3;O3
425.25654	425.2638	.0073	FOH 23:4;O3	C23H40O4Na2	[M+2Na-H]+	/resources/tools/chemdb_ontology?abbrev=FOH 23:4;O3
425.25654	425.2638	.0073	MG 20:3	C23H40O4Na2	[M+2Na-H]+	/resources/tools/chemdb_ontology?abbrev=MG 20:3
425.25654	425.2638	.0073	ST 23:0;O4	C23H40O4Na2	[M+2Na-H]+	/resources/tools/chemdb_ontology?abbrev=ST 23:0;O4
427.25729	427.2583	.0011	ST 26:4;O2	C26H38O2Na2	[M+2Na-H]+	/resources/tools/chemdb_ontology?abbrev=ST 26:4;O2
435.24962	435.2506	.0010	LPA 18:2	C21H39O7P	[M+H]+	/resources/tools/chemdb_ontology?abbrev=LPA 18:2
435.24962	435.2530	.0034	TG 53:20;O2	C56H68O8	[M+2H]2+	/resources/tools/chemdb_ontology?abbrev=TG 53:20;O2
435.24962	435.2506	.0010	TG 49:14;O2	C52H72O8Na2	[M+2Na]2+	/resources/tools/chemdb_ontology?abbrev=TG 49:14;O2
435.24962	435.2482	.0014	ST 24:2;O4	C24H38O4Na2	[M+2Na-H]+	/resources/tools/chemdb_ontology?abbrev=ST 24:2;O4
435.24962	435.2482	.0015	ST 24:2;O4	C24H38O4Na2	[M+2Na-H]+	/resources/tools/chemdb_ontology?abbrev=ST 24:2;O4
429.25315	429.2611	.0080	ST 24:2;O5	C24H38O5Na	[M+Na]+	/resources/tools/chemdb_ontology?abbrev=ST 24:2;O5
484.30707	484.3091	.0020	ST 24:1;O2;Tau	C26H45NO5S	[M+H]+	/resources/tools/chemdb_ontology?abbrev=ST 24:1;O2;Tau
484.30707	484.3034	.0037	LPS O-16:0	C22H46NO8P	[M+H]+	/resources/tools/chemdb_ontology?abbrev=LPS O-16:0
484.30707	484.3057	.0013	ST 29:7;O5	C29H38O5	[M+NH4]+	/resources/tools/chemdb_ontology?abbrev=ST 29:7;O5
484.30707	484.3009	.0061	CAR 18:2;O	C25H45NO5Na2	[M+2Na-H]+	/resources/tools/chemdb_ontology?abbrev=CAR 18:2;O
428.25973	428.2598	.0000	PG 39:5	C45H79O10PNa2	[M+2Na]2+	/resources/tools/chemdb_ontology?abbrev=PG 39:5
433.25237	433.2561	.0037	FA 23:4;O4	C23H38O6Na	[M+Na]+	/resources/tools/chemdb_ontology?abbrev=FA 23:4;O4
433.25237	433.2519	.0004	PG 40:7	C46H77O10PNa2	[M+2Na]2+	/resources/tools/chemdb_ontology?abbrev=PG 40:7
540.44692	540.4513	.0044	TG 65:5	C68H122O6Na2	[M+2Na]2+	/resources/tools/chemdb_ontology?abbrev=TG 65:5
665.55647	665.5503	.0061	DG 41:6	C44H74O5	[M+H-H2O]+	/resources/tools/chemdb_ontology?abbrev=DG 41:6
268.26336	268.2635	.0001	NAE 15:0	C17H35NO2	[M+H-H2O]+	/resources/tools/chemdb_ontology?abbrev=NAE 15:0
268.26336	268.2635	.0001	SPB 17:1;O2	C17H35NO2	[M+H-H2O]+	/resources/tools/chemdb_ontology?abbrev=SPB 17:1;O2
499.33796	499.3394	.0015	LPG O-18:0	C24H51O8P	[M+H]+	/resources/tools/chemdb_ontology?abbrev=LPG O-18:0
499.33796	499.3394	.0014	ST 29:2;O5	C29H48O5Na	[M+Na]+	/resources/tools/chemdb_ontology?abbrev=ST 29:2;O5
525.37377	525.3663	.0075	LPC 17:1	C25H50NO7P	[M+NH4]+	/resources/tools/chemdb_ontology?abbrev=LPC 17:1
525.37377	525.3663	.0075	LPE 20:1	C25H50NO7P	[M+NH4]+	/resources/tools/chemdb_ontology?abbrev=LPE 20:1
524.37035	524.3711	.0007	LPC 18:0	C26H54NO7P	[M+H]+	/resources/tools/chemdb_ontology?abbrev=LPC 18:0
524.37035	524.3711	.0007	LPE 21:0	C26H54NO7P	[M+H]+	/resources/tools/chemdb_ontology?abbrev=LPE 21:0
524.37035	524.3711	.0007	PC O-18:0	C26H54NO7P	[M+H]+	/resources/tools/chemdb_ontology?abbrev=PC O-18:0
524.37035	524.3730	.0027	TG 64:14	C67H102O6Na2	[M+2Na]2+	/resources/tools/chemdb_ontology?abbrev=TG 64:14
524.37035	524.3686	.0017	CAR 22:2	C29H53NO4Na2	[M+2Na-H]+	/resources/tools/chemdb_ontology?abbrev=CAR 22:2
546.35248	546.3554	.0029	LPC 20:3	C28H52NO7P	[M+H]+	/resources/tools/chemdb_ontology?abbrev=LPC 20:3
546.35248	546.3554	.0029	PC 20:1	C28H54NO8P	[M+H-H2O]+	/resources/tools/chemdb_ontology?abbrev=PC 20:1
546.35248	546.3530	.0005	LPC 18:0	C26H54NO7PNa	[M+Na]+	/resources/tools/chemdb_ontology?abbrev=LPC 18:0
546.35248	546.3530	.0005	LPE 21:0	C26H54NO7PNa	[M+Na]+	/resources/tools/chemdb_ontology?abbrev=LPE 21:0
546.35248	546.3530	.0005	PC O-18:0	C26H54NO7PNa	[M+Na]+	/resources/tools/chemdb_ontology?abbrev=PC O-18:0
444.37917	444.3836	.0044	ST 29:3;O2	C29H46O2	[M+NH4]+	/resources/tools/chemdb_ontology?abbrev=ST 29:3;O2
526.37673	526.3867	.0100	LPE O-21:0;O	C26H56NO7P	[M+H]+	/resources/tools/chemdb_ontology?abbrev=LPE O-21:0;O
526.37673	526.3738	.0029	ST 29:2;O7	C29H48O7	[M+NH4]+	/resources/tools/chemdb_ontology?abbrev=ST 29:2;O7
284.28548	284.2948	.0093	SPB 18:0;O2	C18H39NO2	[M+H-H2O]+	/resources/tools/chemdb_ontology?abbrev=SPB 18:0;O2
284.28548	284.2892	.0037	FA 37:0;O	C37H74O3	[M+2H]2+	/resources/tools/chemdb_ontology?abbrev=FA 37:0;O
282.27909	282.2791	.0000	NAE 16:0	C18H37NO2	[M+H-H2O]+	/resources/tools/chemdb_ontology?abbrev=NAE 16:0
282.27909	282.2791	.0000	SPB 18:1;O2	C18H37NO2	[M+H-H2O]+	/resources/tools/chemdb_ontology?abbrev=SPB 18:1;O2
265.25238	265.2526	.0002	FA 18:1	C18H34O2	[M+H-H2O]+	/resources/tools/chemdb_ontology?abbrev=FA 18:1
265.25238	265.2526	.0002	SFE 18:1	C18H34O2	[M+H-H2O]+	/resources/tools/chemdb_ontology?abbrev=SFE 18:1
265.25238	265.2526	.0002	FA 36:4	C36H64O2	[M+2H]2+	/resources/tools/chemdb_ontology?abbrev=FA 36:4
265.25238	265.2526	.0002	WE 36:4	C36H64O2	[M+2H]2+	/resources/tools/chemdb_ontology?abbrev=WE 36:4
304.26076	304.2635	.0027	NAE 18:3	C20H35NO2	[M+H-H2O]+	/resources/tools/chemdb_ontology?abbrev=NAE 18:3
304.26076	304.2635	.0027	ST 20:2;O	C20H30O	[M+NH4]+	/resources/tools/chemdb_ontology?abbrev=ST 20:2;O
285.28858	285.2788	.0098	FA 18:0	C18H36O2	[M+H]+	/resources/tools/chemdb_ontology?abbrev=FA 18:0
285.28858	285.2788	.0098	SFE 18:0	C18H36O2	[M+H]+	/resources/tools/chemdb_ontology?abbrev=SFE 18:0
285.28858	285.2788	.0098	WE 18:0	C18H36O2	[M+H]+	/resources/tools/chemdb_ontology?abbrev=WE 18:0
711.50336	711.4959	.0074	PA 37:4	C40H71O8P	[M+H]+	/resources/tools/chemdb_ontology?abbrev=PA 37:4
711.50336	711.4959	.0074	PG O-34:4	C40H73O9P	[M+H-H2O]+	/resources/tools/chemdb_ontology?abbrev=PG O-34:4
711.50336	711.5048	.0014	CerPE 35:2;O3	C37H73N2O7PNa	[M+Na]+	/resources/tools/chemdb_ontology?abbrev=CerPE 35:2;O3
711.50336	711.4959	.0075	DG 42:10	C45H68O5Na	[M+Na]+	/resources/tools/chemdb_ontology?abbrev=DG 42:10
711.50336	711.4935	.0098	PA 35:1	C38H73O8PNa	[M+Na]+	/resources/tools/chemdb_ontology?abbrev=PA 35:1
711.50336	711.4935	.0099	DG 40:7	C43H70O5Na2	[M+2Na-H]+	/resources/tools/chemdb_ontology?abbrev=DG 40:7
554.47786	554.4779	.0000	DG 30:2	C33H60O5	[M+NH4]+	/resources/tools/chemdb_ontology?abbrev=DG 30:2
689.49053	689.4904	.0001	PA O-38:6	C41H71O7P	[M+H-H2O]+	/resources/tools/chemdb_ontology?abbrev=PA O-38:6
689.49053	689.4864	.0041	PE 31:3	C36H66NO8P	[M+NH4]+	/resources/tools/chemdb_ontology?abbrev=PE 31:3
689.49053	689.4934	.0029	CL 66:2	C75H142O17P2	[M+2H]2+	/resources/tools/chemdb_ontology?abbrev=CL 66:2
193.15851	193.1587	.0002	FA 13:2	C13H22O2	[M+H-H2O]+	/resources/tools/chemdb_ontology?abbrev=FA 13:2
193.15851	193.1587	.0002	SFE 13:2	C13H22O2	[M+H-H2O]+	/resources/tools/chemdb_ontology?abbrev=SFE 13:2
193.15851	193.1587	.0002	WE 13:2	C13H22O2	[M+H-H2O]+	/resources/tools/chemdb_ontology?abbrev=WE 13:2
193.15851	193.1587	.0002	FA 26:6	C26H40O2	[M+2H]2+	/resources/tools/chemdb_ontology?abbrev=FA 26:6
193.15851	193.1563	.0022	FA 22:0	C22H44O2Na2	[M+2Na]2+	/resources/tools/chemdb_ontology?abbrev=FA 22:0
193.15851	193.1563	.0022	SFE 22:0	C22H44O2Na2	[M+2Na]2+	/resources/tools/chemdb_ontology?abbrev=SFE 22:0
193.15851	193.1563	.0022	WE 22:0	C22H44O2Na2	[M+2Na]2+	/resources/tools/chemdb_ontology?abbrev=WE 22:0
221.17484	221.1718	.0030	ST 29:4;O3	C29H44O3	[M+2H]2+	/resources/tools/chemdb_ontology?abbrev=ST 29:4;O3
270.24249	270.2427	.0003	FA 16:2	C16H28O2	[M+NH4]+	/resources/tools/chemdb_ontology?abbrev=FA 16:2
270.24249	270.2427	.0003	SFE 16:2	C16H28O2	[M+NH4]+	/resources/tools/chemdb_ontology?abbrev=SFE 16:2
270.24249	270.2427	.0003	WE 16:2	C16H28O2	[M+NH4]+	/resources/tools/chemdb_ontology?abbrev=WE 16:2
270.24249	270.2448	.0023	FA 37:6	C37H62O2	[M+2H]2+	/resources/tools/chemdb_ontology?abbrev=FA 37:6
270.24249	270.2424	.0001	FA 33:0	C33H66O2Na2	[M+2Na]2+	/resources/tools/chemdb_ontology?abbrev=FA 33:0
270.24249	270.2424	.0001	WE 33:0	C33H66O2Na2	[M+2Na]2+	/resources/tools/chemdb_ontology?abbrev=WE 33:0
250.17755	250.1801	.0026	FA 15:5	C15H20O2	[M+NH4]+	/resources/tools/chemdb_ontology?abbrev=FA 15:5
250.17755	250.1801	.0026	WE 15:5	C15H20O2	[M+NH4]+	/resources/tools/chemdb_ontology?abbrev=WE 15:5
250.17755	250.1733	.0042	LPG O-18:0	C24H51O8P	[M+2H]2+	/resources/tools/chemdb_ontology?abbrev=LPG O-18:0
473.43055	473.4353	.0048	FA 32:4	C32H56O2	[M+H]+	/resources/tools/chemdb_ontology?abbrev=FA 32:4
473.43055	473.4353	.0048	WE 32:4	C32H56O2	[M+H]+	/resources/tools/chemdb_ontology?abbrev=WE 32:4
473.43055	473.4329	.0023	FA 30:1	C30H58O2Na	[M+Na]+	/resources/tools/chemdb_ontology?abbrev=FA 30:1
473.43055	473.4329	.0023	WE 30:1	C30H58O2Na	[M+Na]+	/resources/tools/chemdb_ontology?abbrev=WE 30:1
473.43055	473.4313	.0007	CAR 20:0	C27H53NO4	[M+NH4]+	/resources/tools/chemdb_ontology?abbrev=CAR 20:0
226.17988	226.1798	.0001	FA 27:2	C27H50O2Na2	[M+2Na]2+	/resources/tools/chemdb_ontology?abbrev=FA 27:2
211.16907	211.1693	.0002	FA 13:2	C13H22O2	[M+H]+	/resources/tools/chemdb_ontology?abbrev=FA 13:2
211.16907	211.1693	.0002	SFE 13:2	C13H22O2	[M+H]+	/resources/tools/chemdb_ontology?abbrev=SFE 13:2
211.16907	211.1693	.0002	WE 13:2	C13H22O2	[M+H]+	/resources/tools/chemdb_ontology?abbrev=WE 13:2
211.16907	211.1693	.0002	FA 13:1;O	C13H24O3	[M+H-H2O]+	/resources/tools/chemdb_ontology?abbrev=FA 13:1;O
211.16907	211.1693	.0002	MG O-23:5;O	C26H44O4	[M+2H]2+	/resources/tools/chemdb_ontology?abbrev=MG O-23:5;O
211.16907	211.1693	.0002	ST 26:1;O4	C26H44O4	[M+2H]2+	/resources/tools/chemdb_ontology?abbrev=ST 26:1;O4
228.19555	228.1958	.0002	FA 13:2	C13H22O2	[M+NH4]+	/resources/tools/chemdb_ontology?abbrev=FA 13:2
228.19555	228.1958	.0002	SFE 13:2	C13H22O2	[M+NH4]+	/resources/tools/chemdb_ontology?abbrev=SFE 13:2
228.19555	228.1958	.0002	WE 13:2	C13H22O2	[M+NH4]+	/resources/tools/chemdb_ontology?abbrev=WE 13:2
228.19555	228.1954	.0001	FA 27:0	C27H54O2Na2	[M+2Na]2+	/resources/tools/chemdb_ontology?abbrev=FA 27:0
228.19555	228.1954	.0001	WE 27:0	C27H54O2Na2	[M+2Na]2+	/resources/tools/chemdb_ontology?abbrev=WE 27:0
408.30794	408.3108	.0029	ST 24:2;O4	C24H38O4	[M+NH4]+	/resources/tools/chemdb_ontology?abbrev=ST 24:2;O4
408.30794	408.3117	.0037	PG O-40:3	C46H87O9P	[M+2H]2+	/resources/tools/chemdb_ontology?abbrev=PG O-40:3
408.30794	408.3104	.0025	TG 46:4	C49H86O6Na2	[M+2Na]2+	/resources/tools/chemdb_ontology?abbrev=TG 46:4
408.30794	408.3043	.0036	SM 39:2;O2	C44H87N2O6PNa2	[M+2Na]2+	/resources/tools/chemdb_ontology?abbrev=SM 39:2;O2
424.28198	424.2822	.0003	LPE O-15:0;O	C20H44NO7P	[M+H-H2O]+	/resources/tools/chemdb_ontology?abbrev=LPE O-15:0;O
424.28198	424.2778	.0042	PG 42:8	C48H79O10P	[M+2H]2+	/resources/tools/chemdb_ontology?abbrev=PG 42:8
228.20532	228.1958	.0095	FA 13:2	C13H22O2	[M+NH4]+	/resources/tools/chemdb_ontology?abbrev=FA 13:2
228.20532	228.1958	.0095	SFE 13:2	C13H22O2	[M+NH4]+	/resources/tools/chemdb_ontology?abbrev=SFE 13:2
228.20532	228.1958	.0095	WE 13:2	C13H22O2	[M+NH4]+	/resources/tools/chemdb_ontology?abbrev=WE 13:2
667.47741	667.4697	.0077	PA 35:3	C38H69O8P	[M+H-H2O]+	/resources/tools/chemdb_ontology?abbrev=PA 35:3
667.47741	667.4785	.0011	CerPE 33:2;O2	C35H69N2O6PNa	[M+Na]+	/resources/tools/chemdb_ontology?abbrev=CerPE 33:2;O2
425.28526	425.2898	.0045	ST 24:1;O6	C24H40O6	[M+H]+	/resources/tools/chemdb_ontology?abbrev=ST 24:1;O6
425.28526	425.2898	.0045	WE 24:3;O5	C24H42O7	[M+H-H2O]+	/resources/tools/chemdb_ontology?abbrev=WE 24:3;O5
425.28526	425.2874	.0021	WE 22:1;O4	C22H42O6Na	[M+Na]+	/resources/tools/chemdb_ontology?abbrev=WE 22:1;O4
425.28526	425.2856	.0004	PG 42:7	C48H81O10P	[M+2H]2+	/resources/tools/chemdb_ontology?abbrev=PG 42:7
425.28526	425.2832	.0020	PG 38:1	C44H85O10PNa2	[M+2Na]2+	/resources/tools/chemdb_ontology?abbrev=PG 38:1
444.42008	444.4200	.0001	ST 30:2;O	C30H50O	[M+NH4]+	/resources/tools/chemdb_ontology?abbrev=ST 30:2;O
409.31127	409.3101	.0012	FA 28:8	C28H40O2	[M+H]+	/resources/tools/chemdb_ontology?abbrev=FA 28:8
409.31127	409.3101	.0012	ST 28:4;O3	C28H42O3	[M+H-H2O]+	/resources/tools/chemdb_ontology?abbrev=ST 28:4;O3
409.31127	409.3077	.0036	FA 26:5	C26H42O2Na	[M+Na]+	/resources/tools/chemdb_ontology?abbrev=FA 26:5
409.31127	409.3095	.0018	NAT 18:0	C20H41NO4S	[M+NH4]+	/resources/tools/chemdb_ontology?abbrev=NAT 18:0
409.31127	409.3121	.0009	SM 39:1;O2	C44H89N2O6PNa2	[M+2Na]2+	/resources/tools/chemdb_ontology?abbrev=SM 39:1;O2
409.31127	409.3065	.0048	PA O-42:1	C45H89O7PNa2	[M+2Na]2+	/resources/tools/chemdb_ontology?abbrev=PA O-42:1
409.31127	409.3053	.0060	FA 24:2	C24H44O2Na2	[M+2Na-H]+	/resources/tools/chemdb_ontology?abbrev=FA 24:2
409.31127	409.3053	.0060	WE 24:2	C24H44O2Na2	[M+2Na-H]+	/resources/tools/chemdb_ontology?abbrev=WE 24:2
695.39228	695.3878	.0044	PS 26:3;O2	C32H56NO12P	[M+NH4]+	/resources/tools/chemdb_ontology?abbrev=PS 26:3;O2
695.39228	695.3870	.0052	PG 27:1	C33H63O10PNa2	[M+2Na-H]+	/resources/tools/chemdb_ontology?abbrev=PG 27:1
375.20688	375.2166	.0097	FA 22:7;O3	C22H30O5	[M+H]+	/resources/tools/chemdb_ontology?abbrev=FA 22:7;O3
375.20688	375.2166	.0097	ST 22:4;O5	C22H30O5	[M+H]+	/resources/tools/chemdb_ontology?abbrev=ST 22:4;O5
375.20688	375.2166	.0097	FA 22:6;O4	C22H32O6	[M+H-H2O]+	/resources/tools/chemdb_ontology?abbrev=FA 22:6;O4
375.20688	375.2142	.0073	FA 20:4;O3	C20H32O5Na	[M+Na]+	/resources/tools/chemdb_ontology?abbrev=FA 20:4;O3
375.20688	375.2101	.0032	PA 37:7	C40H65O8PNa2	[M+2Na]2+	/resources/tools/chemdb_ontology?abbrev=PA 37:7
375.20688	375.2118	.0049	FA 18:1;O3	C18H34O5Na2	[M+2Na-H]+	/resources/tools/chemdb_ontology?abbrev=FA 18:1;O3
602.34545	602.3452	.0002	PE 25:3;O2	C30H54NO10P	[M+H-H2O]+	/resources/tools/chemdb_ontology?abbrev=PE 25:3;O2
602.34545	602.3428	.0026	LPS 22:1	C28H54NO9PNa	[M+Na]+	/resources/tools/chemdb_ontology?abbrev=LPS 22:1
602.34545	602.3428	.0026	PC 20:1;O	C28H54NO9PNa	[M+Na]+	/resources/tools/chemdb_ontology?abbrev=PC 20:1;O
602.34545	602.3535	.0080	ST 24:1;O5;GlcA	C30H48O11	[M+NH4]+	/resources/tools/chemdb_ontology?abbrev=ST 24:1;O5;GlcA
482.32344	482.3241	.0007	LPC 15:0	C23H48NO7P	[M+H]+	/resources/tools/chemdb_ontology?abbrev=LPC 15:0
482.32344	482.3241	.0007	LPE 18:0	C23H48NO7P	[M+H]+	/resources/tools/chemdb_ontology?abbrev=LPE 18:0
482.32344	482.3241	.0007	LPE O-18:1;O	C23H48NO7P	[M+H]+	/resources/tools/chemdb_ontology?abbrev=LPE O-18:1;O
482.32344	482.3274	.0040	NAT 23:1	C25H49NO4SNa	[M+Na]+	/resources/tools/chemdb_ontology?abbrev=NAT 23:1
482.32344	482.3241	.0007	LPA 20:1	C23H45O7P	[M+NH4]+	/resources/tools/chemdb_ontology?abbrev=LPA 20:1
482.32344	482.3261	.0026	TG 58:14	C61H90O6Na2	[M+2Na]2+	/resources/tools/chemdb_ontology?abbrev=TG 58:14
339.28901	339.2894	.0004	FA 21:1;O2	C21H40O4	[M+H-H2O]+	/resources/tools/chemdb_ontology?abbrev=FA 21:1;O2
339.28901	339.2894	.0004	MG 18:1	C21H40O4	[M+H-H2O]+	/resources/tools/chemdb_ontology?abbrev=MG 18:1
339.28901	339.2894	.0004	WE 21:1;O2	C21H40O4	[M+H-H2O]+	/resources/tools/chemdb_ontology?abbrev=WE 21:1;O2
339.28901	339.2870	.0021	MG O-16:0	C19H40O3Na	[M+Na]+	/resources/tools/chemdb_ontology?abbrev=MG O-16:0
357.29948	357.2999	.0005	FA 21:1;O2	C21H40O4	[M+H]+	/resources/tools/chemdb_ontology?abbrev=FA 21:1;O2
357.29948	357.2999	.0005	MG 18:1	C21H40O4	[M+H]+	/resources/tools/chemdb_ontology?abbrev=MG 18:1
357.29948	357.2999	.0005	WE 21:1;O2	C21H40O4	[M+H]+	/resources/tools/chemdb_ontology?abbrev=WE 21:1;O2
740.55077	740.5589	.0081	PC O-34:4	C42H78NO7P	[M+H]+	/resources/tools/chemdb_ontology?abbrev=PC O-34:4
740.55077	740.5589	.0081	PC 34:2	C42H80NO8P	[M+H-H2O]+	/resources/tools/chemdb_ontology?abbrev=PC 34:2
740.55077	740.5589	.0081	PE 37:2	C42H80NO8P	[M+H-H2O]+	/resources/tools/chemdb_ontology?abbrev=PE 37:2
740.55077	740.5565	.0057	PC O-32:1	C40H80NO7PNa	[M+Na]+	/resources/tools/chemdb_ontology?abbrev=PC O-32:1
740.55077	740.5565	.0057	PE O-35:1	C40H80NO7PNa	[M+Na]+	/resources/tools/chemdb_ontology?abbrev=PE O-35:1
740.55077	740.5436	.0072	PG 32:0	C38H75O10P	[M+NH4]+	/resources/tools/chemdb_ontology?abbrev=PG 32:0
577.4448	577.4463	.0015	FOH 35:5;O6	C35H62O7	[M+H-H2O]+	/resources/tools/chemdb_ontology?abbrev=FOH 35:5;O6
513.32219	513.3187	.0035	LPG 18:0	C24H49O9P	[M+H]+	/resources/tools/chemdb_ontology?abbrev=LPG 18:0
513.32219	513.3187	.0035	ST 29:3;O6	C29H46O6Na	[M+Na]+	/resources/tools/chemdb_ontology?abbrev=ST 29:3;O6
513.32219	513.3163	.0059	ST 27:0;O6	C27H48O6Na2	[M+2Na-H]+	/resources/tools/chemdb_ontology?abbrev=ST 27:0;O6
839.62514	839.6160	.0091	PG O-42:5	C48H87O9P	[M+H]+	/resources/tools/chemdb_ontology?abbrev=PG O-42:5
839.62514	839.6160	.0091	PG 42:3	C48H89O10P	[M+H-H2O]+	/resources/tools/chemdb_ontology?abbrev=PG 42:3
839.62514	839.6160	.0091	TG 50:9	C53H84O6Na	[M+Na]+	/resources/tools/chemdb_ontology?abbrev=TG 50:9
839.62514	839.6273	.0021	PC 39:5	C47H84NO8P	[M+NH4]+	/resources/tools/chemdb_ontology?abbrev=PC 39:5
839.62514	839.6273	.0021	PE 42:5	C47H84NO8P	[M+NH4]+	/resources/tools/chemdb_ontology?abbrev=PE 42:5
512.32689	512.3347	.0078	LPS O-18:0	C24H50NO8P	[M+H]+	/resources/tools/chemdb_ontology?abbrev=LPS O-18:0
510.32233	510.3190	.0033	LPS O-18:1	C24H48NO8P	[M+H]+	/resources/tools/chemdb_ontology?abbrev=LPS O-18:1
510.32233	510.3190	.0033	PC 16:0	C24H48NO8P	[M+H]+	/resources/tools/chemdb_ontology?abbrev=PC 16:0
511.32572	511.3265	.0008	ST 28:1;O9	C28H48O9	[M+H-H2O]+	/resources/tools/chemdb_ontology?abbrev=ST 28:1;O9
451.27217	451.2819	.0097	LPA 19:1	C22H43O7P	[M+H]+	/resources/tools/chemdb_ontology?abbrev=LPA 19:1
451.27217	451.2690	.0031	FA 25:5;O6	C25H40O8	[M+H-H2O]+	/resources/tools/chemdb_ontology?abbrev=FA 25:5;O6
451.27217	451.2690	.0031	ST 19:0;O2;GlcA	C25H40O8	[M+H-H2O]+	/resources/tools/chemdb_ontology?abbrev=ST 19:0;O2;GlcA
451.27217	451.2819	.0097	LPG O-16:1	C22H45O8P	[M+H-H2O]+	/resources/tools/chemdb_ontology?abbrev=LPG O-16:1
451.27217	451.2666	.0056	FA 23:3;O5	C23H40O7Na	[M+Na]+	/resources/tools/chemdb_ontology?abbrev=FA 23:3;O5
451.27217	451.2819	.0097	ST 27:4;O4	C27H40O4Na	[M+Na]+	/resources/tools/chemdb_ontology?abbrev=ST 27:4;O4
451.27217	451.2819	.0097	ST 28:3;O4	C27H40O4Na	[M+Na]+	/resources/tools/chemdb_ontology?abbrev=ST 28:3;O4
451.27217	451.2795	.0073	ST 25:1;O4	C25H42O4Na2	[M+2Na-H]+	/resources/tools/chemdb_ontology?abbrev=ST 25:1;O4
461.26533	461.2663	.0009	LPA 20:3	C23H41O7P	[M+H]+	/resources/tools/chemdb_ontology?abbrev=LPA 20:3
461.26533	461.2639	.0015	LPA 18:0	C21H43O7PNa	[M+Na]+	/resources/tools/chemdb_ontology?abbrev=LPA 18:0
453.27291	453.2635	.0094	ST 28:6;O6	C28H38O6	[M+H-H2O]+	/resources/tools/chemdb_ontology?abbrev=ST 28:6;O6
453.27291	453.2740	.0011	FA 28:8	C28H40O2Na2	[M+2Na-H]+	/resources/tools/chemdb_ontology?abbrev=FA 28:8
455.26886	455.2639	.0049	FA 24:5;O6	C24H38O8	[M+H]+	/resources/tools/chemdb_ontology?abbrev=FA 24:5;O6
460.26648	460.2670	.0005	LPG 13:0	C19H39O9P	[M+NH4]+	/resources/tools/chemdb_ontology?abbrev=LPG 13:0
460.26648	460.2694	.0029	ST 26:6;O6	C26H34O6	[M+NH4]+	/resources/tools/chemdb_ontology?abbrev=ST 26:6;O6
460.26648	460.2678	.0013	PI 37:3	C46H83O13PNa2	[M+2Na]2+	/resources/tools/chemdb_ontology?abbrev=PI 37:3
458.26715	458.2666	.0006	LPE 18:3	C23H42NO7P	[M+H-H2O]+	/resources/tools/chemdb_ontology?abbrev=LPE 18:3
458.26715	458.2703	.0032	PI O-38:5	C47H83O12PNa2	[M+2Na]2+	/resources/tools/chemdb_ontology?abbrev=PI O-38:5
665.55693	665.5503	.0066	DG 41:6	C44H74O5	[M+H-H2O]+	/resources/tools/chemdb_ontology?abbrev=DG 41:6
804.54849	804.5538	.0053	PC 38:7	C46H78NO8P	[M+H]+	/resources/tools/chemdb_ontology?abbrev=PC 38:7
804.54849	804.5538	.0053	PE 41:7	C46H78NO8P	[M+H]+	/resources/tools/chemdb_ontology?abbrev=PE 41:7
804.54849	804.5538	.0053	PS O-40:6	C46H80NO9P	[M+H-H2O]+	/resources/tools/chemdb_ontology?abbrev=PS O-40:6
804.54849	804.5514	.0029	PC 36:4	C44H80NO8PNa	[M+Na]+	/resources/tools/chemdb_ontology?abbrev=PC 36:4
804.54849	804.5514	.0029	PE 39:4	C44H80NO8PNa	[M+Na]+	/resources/tools/chemdb_ontology?abbrev=PE 39:4
804.54849	804.5490	.0005	PC 34:1	C42H82NO8PNa2	[M+2Na-H]+	/resources/tools/chemdb_ontology?abbrev=PC 34:1
804.54849	804.5490	.0005	PE 37:1	C42H82NO8PNa2	[M+2Na-H]+	/resources/tools/chemdb_ontology?abbrev=PE 37:1
804.54849	804.5572	.0087	HexCer 36:1;O4	C42H81NO10Na2	[M+2Na-H]+	/resources/tools/chemdb_ontology?abbrev=HexCer 36:1;O4
282.2789	282.2791	.0002	NAE 16:0	C18H37NO2	[M+H-H2O]+	/resources/tools/chemdb_ontology?abbrev=NAE 16:0
282.2789	282.2791	.0002	SPB 18:1;O2	C18H37NO2	[M+H-H2O]+	/resources/tools/chemdb_ontology?abbrev=SPB 18:1;O2
746.4955	746.4967	.0012	PS 33:2	C39H72NO10P	[M+H]+	/resources/tools/chemdb_ontology?abbrev=PS 33:2
746.4955	746.4967	.0012	PG 33:4	C39H69O10P	[M+NH4]+	/resources/tools/chemdb_ontology?abbrev=PG 33:4
727.59932	727.6000	.0007	PA O-40:1	C43H85O7P	[M+H-H2O]+	/resources/tools/chemdb_ontology?abbrev=PA O-40:1
683.56696	683.5609	.0061	DG 41:6	C44H74O5	[M+H]+	/resources/tools/chemdb_ontology?abbrev=DG 41:6
683.56696	683.5585	.0085	DG 39:3	C42H76O5Na	[M+Na]+	/resources/tools/chemdb_ontology?abbrev=DG 39:3
683.56696	683.5713	.0044	CE 17:0	C44H78O2Na2	[M+2Na-H]+	/resources/tools/chemdb_ontology?abbrev=CE 17:0
456.27093	456.2696	.0013	CAR 16:2;O	C23H41NO5Na2	[M+2Na-H]+	/resources/tools/chemdb_ontology?abbrev=CAR 16:2;O
726.60236	726.5983	.0041	Cer 42:1;O4	C42H83NO5Na2	[M+2Na-H]+	/resources/tools/chemdb_ontology?abbrev=Cer 42:1;O4
331.2838	331.2843	.0005	MG 16:0	C19H38O4	[M+H]+	/resources/tools/chemdb_ontology?abbrev=MG 16:0
331.2838	331.2843	.0005	MG O-16:1;O	C19H38O4	[M+H]+	/resources/tools/chemdb_ontology?abbrev=MG O-16:1;O
308.2944	308.2948	.0004	NAE 18:1	C20H39NO2	[M+H-H2O]+	/resources/tools/chemdb_ontology?abbrev=NAE 18:1
601.34195	601.3347	.0072	LPI 18:0	C27H53O12P	[M+H]+	/resources/tools/chemdb_ontology?abbrev=LPI 18:0
601.34195	601.3500	.0080	PA 28:3;O2	C31H55O10P	[M+H-H2O]+	/resources/tools/chemdb_ontology?abbrev=PA 28:3;O2
696.52444	696.5326	.0082	PC O-32:3	C40H76NO7P	[M+H-H2O]+	/resources/tools/chemdb_ontology?abbrev=PC O-32:3
696.52444	696.5326	.0082	PE O-35:3	C40H76NO7P	[M+H-H2O]+	/resources/tools/chemdb_ontology?abbrev=PE O-35:3
696.52444	696.5302	.0058	CerP 38:1;O2	C38H76NO6PNa	[M+Na]+	/resources/tools/chemdb_ontology?abbrev=CerP 38:1;O2
696.52444	696.5174	.0070	PG O-30:1	C36H71O9P	[M+NH4]+	/resources/tools/chemdb_ontology?abbrev=PG O-30:1
788.54201	788.5436	.0016	PS 36:2	C42H78NO10P	[M+H]+	/resources/tools/chemdb_ontology?abbrev=PS 36:2
788.54201	788.5518	.0098	Hex2Cer 30:1;O2	C42H79NO13	[M+H-H2O]+	/resources/tools/chemdb_ontology?abbrev=Hex2Cer 30:1;O2
788.54201	788.5436	.0016	PG 36:4	C42H75O10P	[M+NH4]+	/resources/tools/chemdb_ontology?abbrev=PG 36:4
270.27881	270.2791	.0003	SPB 17:0;O2	C17H37NO2	[M+H-H2O]+	/resources/tools/chemdb_ontology?abbrev=SPB 17:0;O2
601.43821	601.4340	.0042	CerPE 30:2;O3	C32H63N2O7P	[M+H-H2O]+	/resources/tools/chemdb_ontology?abbrev=CerPE 30:2;O3
691.38925	691.3817	.0076	PG 28:3;O3	C34H61O13P	[M+H-H2O]+	/resources/tools/chemdb_ontology?abbrev=PG 28:3;O3
652.4984	652.4935	.0049	DG 38:9	C41H62O5	[M+NH4]+	/resources/tools/chemdb_ontology?abbrev=DG 38:9
652.4984	652.4912	.0072	PA 31:0	C34H67O8P	[M+NH4]+	/resources/tools/chemdb_ontology?abbrev=PA 31:0
661.37874	661.3711	.0076	PA 30:4;O3	C33H57O11P	[M+H]+	/resources/tools/chemdb_ontology?abbrev=PA 30:4;O3
661.37874	661.3840	.0052	PA 32:5	C35H59O8PNa	[M+Na]+	/resources/tools/chemdb_ontology?abbrev=PA 32:5
661.37874	661.3816	.0028	PA 30:2	C33H61O8PNa2	[M+2Na-H]+	/resources/tools/chemdb_ontology?abbrev=PA 30:2
667.57191	667.5660	.0059	DG 41:5	C44H76O5	[M+H-H2O]+	/resources/tools/chemdb_ontology?abbrev=DG 41:5
509.4418	509.4459	.0041	TG 64:7	C67H116O6	[M+2H]2+	/resources/tools/chemdb_ontology?abbrev=TG 64:7
509.4418	509.4435	.0017	TG 60:1	C63H120O6Na2	[M+2Na]2+	/resources/tools/chemdb_ontology?abbrev=TG 60:1
868.64239	868.6426	.0002	PS 43:2	C49H92NO10P	[M+H-H2O]+	/resources/tools/chemdb_ontology?abbrev=PS 43:2
868.64239	868.6402	.0022	PS O-41:1	C47H92NO9PNa	[M+Na]+	/resources/tools/chemdb_ontology?abbrev=PS O-41:1
473.37109	473.3625	.0086	ST 30:2;O5	C30H50O5	[M+H-H2O]+	/resources/tools/chemdb_ontology?abbrev=ST 30:2;O5
473.37109	473.3730	.0019	ST 30:1;O	C30H52ONa2	[M+2Na-H]+	/resources/tools/chemdb_ontology?abbrev=ST 30:1;O
557.41229	557.4200	.0078	ST 29:2;O;Hex	C35H58O6	[M+H-H2O]+	/resources/tools/chemdb_ontology?abbrev=ST 29:2;O;Hex
557.41229	557.4176	.0054	DG 30:3	C33H58O5Na	[M+Na]+	/resources/tools/chemdb_ontology?abbrev=DG 30:3
557.41229	557.4152	.0029	DG 28:0	C31H60O5Na2	[M+2Na-H]+	/resources/tools/chemdb_ontology?abbrev=DG 28:0
786.52661	786.5280	.0013	PS 36:3	C42H76NO10P	[M+H]+	/resources/tools/chemdb_ontology?abbrev=PS 36:3
786.52661	786.5256	.0011	PS 34:0	C40H78NO10PNa	[M+Na]+	/resources/tools/chemdb_ontology?abbrev=PS 34:0
786.52661	786.5280	.0013	PG 36:5	C42H73O10P	[M+NH4]+	/resources/tools/chemdb_ontology?abbrev=PG 36:5
869.64783	869.6378	.0100	PS O-42:5	C48H86NO9P	[M+NH4]+	/resources/tools/chemdb_ontology?abbrev=PS O-42:5
362.30241	362.3053	.0029	FA 23:5	C23H36O2	[M+NH4]+	/resources/tools/chemdb_ontology?abbrev=FA 23:5
362.30241	362.3053	.0029	ST 23:2;O2	C23H36O2	[M+NH4]+	/resources/tools/chemdb_ontology?abbrev=ST 23:2;O2
362.30241	362.2997	.0027	DG 44:7	C47H78O5	[M+2H]2+	/resources/tools/chemdb_ontology?abbrev=DG 44:7
362.30241	362.3050	.0025	CE 20:1	C47H82O2Na2	[M+2Na]2+	/resources/tools/chemdb_ontology?abbrev=CE 20:1
310.3108	310.3104	.0004	NAE 18:0	C20H41NO2	[M+H-H2O]+	/resources/tools/chemdb_ontology?abbrev=NAE 18:0
310.3108	310.3104	.0004	SPB 20:1;O2	C20H41NO2	[M+H-H2O]+	/resources/tools/chemdb_ontology?abbrev=SPB 20:1;O2
608.47251	608.4650	.0075	LPC 24:0	C32H66NO7P	[M+H]+	/resources/tools/chemdb_ontology?abbrev=LPC 24:0
608.47251	608.4650	.0075	LPE O-27:1;O	C32H66NO7P	[M+H]+	/resources/tools/chemdb_ontology?abbrev=LPE O-27:1;O
608.47251	608.4650	.0075	PA O-29:1	C32H63O7P	[M+NH4]+	/resources/tools/chemdb_ontology?abbrev=PA O-29:1
409.31125	409.3101	.0012	FA 28:8	C28H40O2	[M+H]+	/resources/tools/chemdb_ontology?abbrev=FA 28:8
409.31125	409.3101	.0012	ST 28:4;O3	C28H42O3	[M+H-H2O]+	/resources/tools/chemdb_ontology?abbrev=ST 28:4;O3
409.31125	409.3077	.0036	FA 26:5	C26H42O2Na	[M+Na]+	/resources/tools/chemdb_ontology?abbrev=FA 26:5
409.31125	409.3095	.0018	NAT 18:0	C20H41NO4S	[M+NH4]+	/resources/tools/chemdb_ontology?abbrev=NAT 18:0
409.31125	409.3121	.0009	SM 39:1;O2	C44H89N2O6PNa2	[M+2Na]2+	/resources/tools/chemdb_ontology?abbrev=SM 39:1;O2
409.31125	409.3065	.0047	PA O-42:1	C45H89O7PNa2	[M+2Na]2+	/resources/tools/chemdb_ontology?abbrev=PA O-42:1
409.31125	409.3053	.0060	FA 24:2	C24H44O2Na2	[M+2Na-H]+	/resources/tools/chemdb_ontology?abbrev=FA 24:2
409.31125	409.3053	.0060	WE 24:2	C24H44O2Na2	[M+2Na-H]+	/resources/tools/chemdb_ontology?abbrev=WE 24:2
425.28508	425.2898	.0047	ST 24:1;O6	C24H40O6	[M+H]+	/resources/tools/chemdb_ontology?abbrev=ST 24:1;O6
425.28508	425.2898	.0047	WE 24:3;O5	C24H42O7	[M+H-H2O]+	/resources/tools/chemdb_ontology?abbrev=WE 24:3;O5
425.28508	425.2874	.0023	WE 22:1;O4	C22H42O6Na	[M+Na]+	/resources/tools/chemdb_ontology?abbrev=WE 22:1;O4
425.28508	425.2856	.0006	PG 42:7	C48H81O10P	[M+2H]2+	/resources/tools/chemdb_ontology?abbrev=PG 42:7
425.28508	425.2832	.0018	PG 38:1	C44H85O10PNa2	[M+2Na]2+	/resources/tools/chemdb_ontology?abbrev=PG 38:1
270.24242	270.2427	.0003	FA 16:2	C16H28O2	[M+NH4]+	/resources/tools/chemdb_ontology?abbrev=FA 16:2
270.24242	270.2427	.0003	SFE 16:2	C16H28O2	[M+NH4]+	/resources/tools/chemdb_ontology?abbrev=SFE 16:2
270.24242	270.2427	.0003	WE 16:2	C16H28O2	[M+NH4]+	/resources/tools/chemdb_ontology?abbrev=WE 16:2
270.24242	270.2448	.0023	FA 37:6	C37H62O2	[M+2H]2+	/resources/tools/chemdb_ontology?abbrev=FA 37:6
270.24242	270.2424	.0001	FA 33:0	C33H66O2Na2	[M+2Na]2+	/resources/tools/chemdb_ontology?abbrev=FA 33:0
270.24242	270.2424	.0001	WE 33:0	C33H66O2Na2	[M+2Na]2+	/resources/tools/chemdb_ontology?abbrev=WE 33:0
221.17466	221.1718	.0029	ST 29:4;O3	C29H44O3	[M+2H]2+	/resources/tools/chemdb_ontology?abbrev=ST 29:4;O3
473.43049	473.4353	.0048	FA 32:4	C32H56O2	[M+H]+	/resources/tools/chemdb_ontology?abbrev=FA 32:4
473.43049	473.4353	.0048	WE 32:4	C32H56O2	[M+H]+	/resources/tools/chemdb_ontology?abbrev=WE 32:4
473.43049	473.4329	.0024	FA 30:1	C30H58O2Na	[M+Na]+	/resources/tools/chemdb_ontology?abbrev=FA 30:1
473.43049	473.4329	.0024	WE 30:1	C30H58O2Na	[M+Na]+	/resources/tools/chemdb_ontology?abbrev=WE 30:1
473.43049	473.4313	.0008	CAR 20:0	C27H53NO4	[M+NH4]+	/resources/tools/chemdb_ontology?abbrev=CAR 20:0
228.19555	228.1958	.0002	FA 13:2	C13H22O2	[M+NH4]+	/resources/tools/chemdb_ontology?abbrev=FA 13:2
228.19555	228.1958	.0002	SFE 13:2	C13H22O2	[M+NH4]+	/resources/tools/chemdb_ontology?abbrev=SFE 13:2
228.19555	228.1958	.0002	WE 13:2	C13H22O2	[M+NH4]+	/resources/tools/chemdb_ontology?abbrev=WE 13:2
228.19555	228.1954	.0001	FA 27:0	C27H54O2Na2	[M+2Na]2+	/resources/tools/chemdb_ontology?abbrev=FA 27:0
228.19555	228.1954	.0001	WE 27:0	C27H54O2Na2	[M+2Na]2+	/resources/tools/chemdb_ontology?abbrev=WE 27:0
424.28182	424.2822	.0004	LPE O-15:0;O	C20H44NO7P	[M+H-H2O]+	/resources/tools/chemdb_ontology?abbrev=LPE O-15:0;O
424.28182	424.2778	.0040	PG 42:8	C48H79O10P	[M+2H]2+	/resources/tools/chemdb_ontology?abbrev=PG 42:8
408.30791	408.3108	.0029	ST 24:2;O4	C24H38O4	[M+NH4]+	/resources/tools/chemdb_ontology?abbrev=ST 24:2;O4
408.30791	408.3117	.0037	PG O-40:3	C46H87O9P	[M+2H]2+	/resources/tools/chemdb_ontology?abbrev=PG O-40:3
408.30791	408.3104	.0025	TG 46:4	C49H86O6Na2	[M+2Na]2+	/resources/tools/chemdb_ontology?abbrev=TG 46:4
408.30791	408.3043	.0036	SM 39:2;O2	C44H87N2O6PNa2	[M+2Na]2+	/resources/tools/chemdb_ontology?abbrev=SM 39:2;O2
444.42059	444.4200	.0006	ST 30:2;O	C30H50O	[M+NH4]+	/resources/tools/chemdb_ontology?abbrev=ST 30:2;O
250.17748	250.1801	.0027	FA 15:5	C15H20O2	[M+NH4]+	/resources/tools/chemdb_ontology?abbrev=FA 15:5
250.17748	250.1801	.0027	WE 15:5	C15H20O2	[M+NH4]+	/resources/tools/chemdb_ontology?abbrev=WE 15:5
250.17748	250.1733	.0041	LPG O-18:0	C24H51O8P	[M+2H]2+	/resources/tools/chemdb_ontology?abbrev=LPG O-18:0
211.16902	211.1693	.0002	FA 13:2	C13H22O2	[M+H]+	/resources/tools/chemdb_ontology?abbrev=FA 13:2
211.16902	211.1693	.0002	SFE 13:2	C13H22O2	[M+H]+	/resources/tools/chemdb_ontology?abbrev=SFE 13:2
211.16902	211.1693	.0002	WE 13:2	C13H22O2	[M+H]+	/resources/tools/chemdb_ontology?abbrev=WE 13:2
211.16902	211.1693	.0002	FA 13:1;O	C13H24O3	[M+H-H2O]+	/resources/tools/chemdb_ontology?abbrev=FA 13:1;O
211.16902	211.1693	.0002	MG O-23:5;O	C26H44O4	[M+2H]2+	/resources/tools/chemdb_ontology?abbrev=MG O-23:5;O
211.16902	211.1693	.0002	ST 26:1;O4	C26H44O4	[M+2H]2+	/resources/tools/chemdb_ontology?abbrev=ST 26:1;O4
226.17994	226.1798	.0002	FA 27:2	C27H50O2Na2	[M+2Na]2+	/resources/tools/chemdb_ontology?abbrev=FA 27:2
568.42678	568.4337	.0069	LPE O-24:0;O	C29H62NO7P	[M+H]+	/resources/tools/chemdb_ontology?abbrev=LPE O-24:0;O
568.42678	568.4312	.0044	Cer 32:2;O3	C32H61NO4Na2	[M+2Na-H]+	/resources/tools/chemdb_ontology?abbrev=Cer 32:2;O3
513.38608	513.3914	.0053	ST 31:1;O4	C31H54O4Na	[M+Na]+	/resources/tools/chemdb_ontology?abbrev=ST 31:1;O4
513.38608	513.3833	.0028	TG 66:17	C69H100O6	[M+2H]2+	/resources/tools/chemdb_ontology?abbrev=TG 66:17
513.38608	513.3890	.0029	FA 29:1;O2	C29H56O4Na2	[M+2Na-H]+	/resources/tools/chemdb_ontology?abbrev=FA 29:1;O2
826.50366	826.4969	.0067	PE 38:5;O	C43H76NO9PNa2	[M+2Na-H]+	/resources/tools/chemdb_ontology?abbrev=PE 38:5;O
479.26949	479.2768	.0073	LPG 17:1	C23H45O9P	[M+H-H2O]+	/resources/tools/chemdb_ontology?abbrev=LPG 17:1
479.26949	479.2768	.0073	ST 28:5;O5	C28H40O5Na	[M+Na]+	/resources/tools/chemdb_ontology?abbrev=ST 28:5;O5
479.26949	479.2744	.0049	ST 26:2;O5	C26H42O5Na2	[M+2Na-H]+	/resources/tools/chemdb_ontology?abbrev=ST 26:2;O5
482.26815	482.2666	.0016	LPE 20:5	C25H42NO7P	[M+H-H2O]+	/resources/tools/chemdb_ontology?abbrev=LPE 20:5
482.26815	482.2748	.0067	ST 19:2;O2;GlcA	C25H36O8	[M+NH4]+	/resources/tools/chemdb_ontology?abbrev=ST 19:2;O2;GlcA
482.26815	482.2618	.0064	LPE O-16:1	C21H44NO6PNa2	[M+2Na-H]+	/resources/tools/chemdb_ontology?abbrev=LPE O-16:1
897.6646	897.6555	.0091	PG 43:1	C49H95O10PNa	[M+Na]+	/resources/tools/chemdb_ontology?abbrev=PG 43:1
898.16855	898.1644	.0042	CoA 9:5	C30H42N7O17P3S	[M+H]+	/resources/tools/chemdb_ontology?abbrev=CoA 9:5
898.16855	898.1619	.0066	CoA 7:2	C28H44N7O17P3SNa	[M+Na]+	/resources/tools/chemdb_ontology?abbrev=CoA 7:2
270.27895	270.2791	.0002	SPB 17:0;O2	C17H37NO2	[M+H-H2O]+	/resources/tools/chemdb_ontology?abbrev=SPB 17:0;O2
765.4408	765.4466	.0058	PA 40:9	C43H67O8PNa	[M+Na]+	/resources/tools/chemdb_ontology?abbrev=PA 40:9
765.4408	765.4442	.0034	PA 38:6	C41H69O8PNa2	[M+2Na-H]+	/resources/tools/chemdb_ontology?abbrev=PA 38:6
920.68633	920.6950	.0087	IPC 44:0;O3	C50H100NO12P	[M+H-H2O]+	/resources/tools/chemdb_ontology?abbrev=IPC 44:0;O3
746.4952	746.4967	.0015	PS 33:2	C39H72NO10P	[M+H]+	/resources/tools/chemdb_ontology?abbrev=PS 33:2
746.4952	746.4967	.0015	PG 33:4	C39H69O10P	[M+NH4]+	/resources/tools/chemdb_ontology?abbrev=PG 33:4
396.80148	396.7987	.0028	PC O-38:6	C46H82NO7P	[M+2H]2+	/resources/tools/chemdb_ontology?abbrev=PC O-38:6
144.10226	144.1019	.0004	FA 7:2	C7H10O2	[M+NH4]+	/resources/tools/chemdb_ontology?abbrev=FA 7:2
144.10226	144.1019	.0004	SFE 7:2	C7H10O2	[M+NH4]+	/resources/tools/chemdb_ontology?abbrev=SFE 7:2
144.10226	144.1039	.0017	FA 19:6	C19H26O2	[M+2H]2+	/resources/tools/chemdb_ontology?abbrev=FA 19:6
144.10226	144.1039	.0017	ST 19:3;O2	C19H26O2	[M+2H]2+	/resources/tools/chemdb_ontology?abbrev=ST 19:3;O2
144.10226	144.1039	.0017	WE 19:6	C19H26O2	[M+2H]2+	/resources/tools/chemdb_ontology?abbrev=WE 19:6
144.10226	144.1015	.0008	FA 15:0	C15H30O2Na2	[M+2Na]2+	/resources/tools/chemdb_ontology?abbrev=FA 15:0
144.10226	144.1015	.0008	SFE 15:0	C15H30O2Na2	[M+2Na]2+	/resources/tools/chemdb_ontology?abbrev=SFE 15:0
144.10226	144.1015	.0008	WE 15:0	C15H30O2Na2	[M+2Na]2+	/resources/tools/chemdb_ontology?abbrev=WE 15:0
158.12576	158.1175	.0082	FA 8:2	C8H12O2	[M+NH4]+	/resources/tools/chemdb_ontology?abbrev=FA 8:2
158.12576	158.1175	.0082	SFE 8:2	C8H12O2	[M+NH4]+	/resources/tools/chemdb_ontology?abbrev=SFE 8:2
158.12576	158.1175	.0082	WE 8:2	C8H12O2	[M+NH4]+	/resources/tools/chemdb_ontology?abbrev=WE 8:2
158.12576	158.1301	.0044	FA 18:1;O2	C18H34O4	[M+2H]2+	/resources/tools/chemdb_ontology?abbrev=FA 18:1;O2
358.18877	358.1965	.0077	CAR 10:1	C17H31NO4Na2	[M+2Na-H]+	/resources/tools/chemdb_ontology?abbrev=CAR 10:1
205.07724	205.0859	.0087	FA 12:6;O	C12H12O3	[M+H]+	/resources/tools/chemdb_ontology?abbrev=FA 12:6;O
205.07724	205.0859	.0087	FA 12:5;O2	C12H14O4	[M+H-H2O]+	/resources/tools/chemdb_ontology?abbrev=FA 12:5;O2
205.07724	205.0835	.0063	FA 10:3;O	C10H14O3Na	[M+Na]+	/resources/tools/chemdb_ontology?abbrev=FA 10:3;O
205.07724	205.0835	.0063	WE 10:3;O	C10H14O3Na	[M+Na]+	/resources/tools/chemdb_ontology?abbrev=WE 10:3;O
205.07724	205.0811	.0039	FA 8:0;O	C8H16O3Na2	[M+2Na-H]+	/resources/tools/chemdb_ontology?abbrev=FA 8:0;O
205.07724	205.0811	.0039	SFE 8:0;O	C8H16O3Na2	[M+2Na-H]+	/resources/tools/chemdb_ontology?abbrev=SFE 8:0;O
541.2608	541.2643	.0035	ST 21:2;O5;GlcA	C27H40O11	[M+H]+	/resources/tools/chemdb_ontology?abbrev=ST 21:2;O5;GlcA
541.2608	541.2513	.0095	LPG 17:1	C23H45O9PNa2	[M+2Na-H]+	/resources/tools/chemdb_ontology?abbrev=LPG 17:1
118.08624	118.0862	.0000	FA 5:1	C5H8O2	[M+NH4]+	/resources/tools/chemdb_ontology?abbrev=FA 5:1
118.08624	118.0862	.0000	SFE 5:1	C5H8O2	[M+NH4]+	/resources/tools/chemdb_ontology?abbrev=SFE 5:1
118.08624	118.0883	.0020	FA 15:4	C15H22O2	[M+2H]2+	/resources/tools/chemdb_ontology?abbrev=FA 15:4
118.08624	118.0883	.0020	WE 15:4	C15H22O2	[M+2H]2+	/resources/tools/chemdb_ontology?abbrev=WE 15:4
279.08365	279.0839	.0003	FA 12:4;O4	C12H16O6Na	[M+Na]+	/resources/tools/chemdb_ontology?abbrev=FA 12:4;O4
116.07043	116.0706	.0002	FA 5:2	C5H6O2	[M+NH4]+	/resources/tools/chemdb_ontology?abbrev=FA 5:2
116.07043	116.0726	.0022	FA 15:6	C15H18O2	[M+2H]2+	/resources/tools/chemdb_ontology?abbrev=FA 15:6
116.07043	116.0726	.0022	WE 15:6	C15H18O2	[M+2H]2+	/resources/tools/chemdb_ontology?abbrev=WE 15:6
116.07043	116.0702	.0002	FA 11:0	C11H22O2Na2	[M+2Na]2+	/resources/tools/chemdb_ontology?abbrev=FA 11:0
116.07043	116.0702	.0002	SFE 11:0	C11H22O2Na2	[M+2Na]2+	/resources/tools/chemdb_ontology?abbrev=SFE 11:0
116.07043	116.0702	.0002	WE 11:0	C11H22O2Na2	[M+2Na]2+	/resources/tools/chemdb_ontology?abbrev=WE 11:0
494.24623	494.2513	.0051	PS 16:0	C22H42NO10P	[M+H-H2O]+	/resources/tools/chemdb_ontology?abbrev=PS 16:0
494.24623	494.2385	.0078	ST 19:4;O3;GlcA	C25H32O9	[M+NH4]+	/resources/tools/chemdb_ontology?abbrev=ST 19:4;O3;GlcA
180.08649	180.0866	.0002	FA 6:1;O3	C6H10O5	[M+NH4]+	/resources/tools/chemdb_ontology?abbrev=FA 6:1;O3
180.08649	180.0833	.0032	FA 20:7;O	C20H26O3Na2	[M+2Na]2+	/resources/tools/chemdb_ontology?abbrev=FA 20:7;O
673.34041	673.3323	.0081	PG 25:3;O2	C31H55O12PNa	[M+Na]+	/resources/tools/chemdb_ontology?abbrev=PG 25:3;O2
221.01879	221.0185	.0003	FA 10:6;O	C10H8O3Na2	[M+2Na-H]+	/resources/tools/chemdb_ontology?abbrev=FA 10:6;O
263.13613	263.1406	.0045	FA 17:7;O	C17H20ONa	[M+Na]+	/resources/tools/chemdb_ontology?abbrev=FA 17:7;O
263.13613	263.1318	.0043	PA 20:0	C23H45O8PNa2	[M+2Na]2+	/resources/tools/chemdb_ontology?abbrev=PA 20:0
520.33198	520.3398	.0078	LPC 18:2	C26H50NO7P	[M+H]+	/resources/tools/chemdb_ontology?abbrev=LPC 18:2
520.33198	520.3398	.0078	LPS O-20:1	C26H52NO8P	[M+H-H2O]+	/resources/tools/chemdb_ontology?abbrev=LPS O-20:1
520.33198	520.3398	.0078	PC 18:0	C26H52NO8P	[M+H-H2O]+	/resources/tools/chemdb_ontology?abbrev=PC 18:0
520.33198	520.3374	.0054	LPE O-19:0;O	C24H52NO7PNa	[M+Na]+	/resources/tools/chemdb_ontology?abbrev=LPE O-19:0;O
520.33198	520.3373	.0053	CAR 22:4	C29H49NO4Na2	[M+2Na-H]+	/resources/tools/chemdb_ontology?abbrev=CAR 22:4
520.33198	520.3407	.0087	NAT 24:0	C26H53NO4SNa2	[M+2Na-H]+	/resources/tools/chemdb_ontology?abbrev=NAT 24:0
345.231	345.2272	.0038	FA 18:2;O4	C18H32O6	[M+H]+	/resources/tools/chemdb_ontology?abbrev=FA 18:2;O4
345.231	345.2400	.0090	FA 20:3;O	C20H34O3Na	[M+Na]+	/resources/tools/chemdb_ontology?abbrev=FA 20:3;O
345.231	345.2283	.0027	PA O-33:2	C36H69O7PNa2	[M+2Na]2+	/resources/tools/chemdb_ontology?abbrev=PA O-33:2
345.231	345.2339	.0029	CerPE 33:2;O2	C35H69N2O6PNa2	[M+2Na]2+	/resources/tools/chemdb_ontology?abbrev=CerPE 33:2;O2
345.231	345.2376	.0066	FA 18:0;O	C18H36O3Na2	[M+2Na-H]+	/resources/tools/chemdb_ontology?abbrev=FA 18:0;O
138.05489	138.0546	.0003	FA 15:6	C15H18O2Na2	[M+2Na]2+	/resources/tools/chemdb_ontology?abbrev=FA 15:6
138.05489	138.0546	.0003	WE 15:6	C15H18O2Na2	[M+2Na]2+	/resources/tools/chemdb_ontology?abbrev=WE 15:6
434.19076	434.1914	.0007	PE 12:0	C17H34NO8PNa	[M+Na]+	/resources/tools/chemdb_ontology?abbrev=PE 12:0
296.1024	296.1105	.0081	CAR 5:2;O2	C12H19NO6Na	[M+Na]+	/resources/tools/chemdb_ontology?abbrev=CAR 5:2;O2
139.0668	139.0754	.0086	FA 8:2;O	C8H12O3	[M+H-H2O]+	/resources/tools/chemdb_ontology?abbrev=FA 8:2;O
139.0668	139.0729	.0061	FA 6:0	C6H12O2Na	[M+Na]+	/resources/tools/chemdb_ontology?abbrev=FA 6:0
139.0668	139.0729	.0061	SFE 6:0	C6H12O2Na	[M+Na]+	/resources/tools/chemdb_ontology?abbrev=SFE 6:0
139.0668	139.0624	.0044	FA 15:5	C15H20O2Na2	[M+2Na]2+	/resources/tools/chemdb_ontology?abbrev=FA 15:5
139.0668	139.0624	.0044	WE 15:5	C15H20O2Na2	[M+2Na]2+	/resources/tools/chemdb_ontology?abbrev=WE 15:5
569.31352	569.3085	.0050	PG 20:1;O	C26H49O11P	[M+H]+	/resources/tools/chemdb_ontology?abbrev=PG 20:1;O
569.31352	569.3085	.0050	LPI 17:0	C26H51O12P	[M+H-H2O]+	/resources/tools/chemdb_ontology?abbrev=LPI 17:0
569.31352	569.3190	.0054	LPG O-20:1	C26H53O8PNa2	[M+2Na-H]+	/resources/tools/chemdb_ontology?abbrev=LPG O-20:1
585.28753	585.2799	.0076	PA 24:3;O2	C27H47O10PNa	[M+Na]+	/resources/tools/chemdb_ontology?abbrev=PA 24:3;O2
182.08108	182.0812	.0001	FA 9:5;O	C9H8O3	[M+NH4]+	/resources/tools/chemdb_ontology?abbrev=FA 9:5;O
182.08108	182.0808	.0003	ST 19:3;O4	C19H26O4Na2	[M+2Na]2+	/resources/tools/chemdb_ontology?abbrev=ST 19:3;O4
182.08108	182.0808	.0003	WE 19:6;O2	C19H26O4Na2	[M+2Na]2+	/resources/tools/chemdb_ontology?abbrev=WE 19:6;O2
200.07723	200.0796	.0024	LPA 12:0	C15H31O7PNa2	[M+2Na]2+	/resources/tools/chemdb_ontology?abbrev=LPA 12:0
146.1174	146.1175	.0001	FA 7:1	C7H12O2	[M+NH4]+	/resources/tools/chemdb_ontology?abbrev=FA 7:1
146.1174	146.1175	.0001	SFE 7:1	C7H12O2	[M+NH4]+	/resources/tools/chemdb_ontology?abbrev=SFE 7:1
146.1174	146.1196	.0022	FA 19:4	C19H30O2	[M+2H]2+	/resources/tools/chemdb_ontology?abbrev=FA 19:4
146.1174	146.1196	.0022	ST 19:1;O2	C19H30O2	[M+2H]2+	/resources/tools/chemdb_ontology?abbrev=ST 19:1;O2
151.08347	151.0754	.0081	WE 9:3;O	C9H12O3	[M+H-H2O]+	/resources/tools/chemdb_ontology?abbrev=WE 9:3;O
363.1611	363.1661	.0050	PG 26:3;O3	C32H57O13PNa2	[M+2Na]2+	/resources/tools/chemdb_ontology?abbrev=PG 26:3;O3
363.1611	363.1543	.0068	ST 19:3;O4	C19H26O4Na2	[M+2Na-H]+	/resources/tools/chemdb_ontology?abbrev=ST 19:3;O4
363.1611	363.1543	.0068	WE 19:6;O2	C19H26O4Na2	[M+2Na-H]+	/resources/tools/chemdb_ontology?abbrev=WE 19:6;O2
393.12664	393.1285	.0018	ST 19:4;O6	C19H24O6Na2	[M+2Na-H]+	/resources/tools/chemdb_ontology?abbrev=ST 19:4;O6
158.11745	158.1175	.0001	FA 8:2	C8H12O2	[M+NH4]+	/resources/tools/chemdb_ontology?abbrev=FA 8:2
158.11745	158.1175	.0001	SFE 8:2	C8H12O2	[M+NH4]+	/resources/tools/chemdb_ontology?abbrev=SFE 8:2
158.11745	158.1175	.0001	WE 8:2	C8H12O2	[M+NH4]+	/resources/tools/chemdb_ontology?abbrev=WE 8:2
158.11745	158.1196	.0021	ST 21:3;O2	C21H30O2	[M+2H]2+	/resources/tools/chemdb_ontology?abbrev=ST 21:3;O2
158.11745	158.1172	.0003	FA 17:0	C17H34O2Na2	[M+2Na]2+	/resources/tools/chemdb_ontology?abbrev=FA 17:0
158.11745	158.1172	.0003	SFE 17:0	C17H34O2Na2	[M+2Na]2+	/resources/tools/chemdb_ontology?abbrev=SFE 17:0
158.11745	158.1172	.0003	WE 17:0	C17H34O2Na2	[M+2Na]2+	/resources/tools/chemdb_ontology?abbrev=WE 17:0
389.2573	389.2545	.0028	PG O-34:2	C40H77O9PNa2	[M+2Na]2+	/resources/tools/chemdb_ontology?abbrev=PG O-34:2
389.2573	389.2638	.0065	FA 20:0;O2	C20H40O4Na2	[M+2Na-H]+	/resources/tools/chemdb_ontology?abbrev=FA 20:0;O2
389.2573	389.2638	.0065	MG 17:0	C20H40O4Na2	[M+2Na-H]+	/resources/tools/chemdb_ontology?abbrev=MG 17:0
389.2573	389.2638	.0065	MG O-17:1;O	C20H40O4Na2	[M+2Na-H]+	/resources/tools/chemdb_ontology?abbrev=MG O-17:1;O
437.23498	437.2299	.0051	LPG 14:1	C20H39O9P	[M+H-H2O]+	/resources/tools/chemdb_ontology?abbrev=LPG 14:1
367.15551	367.1574	.0019	ST 19:2;O3;S	C19H28O6S	[M+H-H2O]+	/resources/tools/chemdb_ontology?abbrev=ST 19:2;O3;S
525.2871	525.2823	.0048	PA 21:1;O2	C24H45O10P	[M+H]+	/resources/tools/chemdb_ontology?abbrev=PA 21:1;O2
525.2871	525.2935	.0064	LPS 17:2	C23H42NO9P	[M+NH4]+	/resources/tools/chemdb_ontology?abbrev=LPS 17:2
525.2871	525.2928	.0057	LPA 21:0	C24H49O7PNa2	[M+2Na-H]+	/resources/tools/chemdb_ontology?abbrev=LPA 21:0
525.2871	525.2799	.0072	ST 27:2;O7	C27H44O7Na2	[M+2Na-H]+	/resources/tools/chemdb_ontology?abbrev=ST 27:2;O7
140.06816	140.0702	.0020	FA 15:4	C15H22O2Na2	[M+2Na]2+	/resources/tools/chemdb_ontology?abbrev=FA 15:4
140.06816	140.0702	.0020	WE 15:4	C15H22O2Na2	[M+2Na]2+	/resources/tools/chemdb_ontology?abbrev=WE 15:4
144.04767	144.0493	.0017	FOH 16:10;O4	C16H14O5	[M+2H]2+	/resources/tools/chemdb_ontology?abbrev=FOH 16:10;O4
203.05248	203.0526	.0001	FA 6:0;O4	C6H12O6Na	[M+Na]+	/resources/tools/chemdb_ontology?abbrev=FA 6:0;O4
130.09735	130.0988	.0015	FA 14:1;O2	C14H26O4	[M+2H]2+	/resources/tools/chemdb_ontology?abbrev=FA 14:1;O2
629.31378	629.3061	.0077	PA 26:3;O3	C29H51O11PNa	[M+Na]+	/resources/tools/chemdb_ontology?abbrev=PA 26:3;O3
203.06144	203.0679	.0064	SFE 10:4;O	C10H12O3Na	[M+Na]+	/resources/tools/chemdb_ontology?abbrev=SFE 10:4;O
203.06144	203.0526	.0088	FA 6:0;O4	C6H12O6Na	[M+Na]+	/resources/tools/chemdb_ontology?abbrev=FA 6:0;O4
203.06144	203.0655	.0040	FA 8:1;O	C8H14O3Na2	[M+2Na-H]+	/resources/tools/chemdb_ontology?abbrev=FA 8:1;O
203.06144	203.0655	.0040	SFE 8:1;O	C8H14O3Na2	[M+2Na-H]+	/resources/tools/chemdb_ontology?abbrev=SFE 8:1;O
97.02818	97.0284	.0002	FA 5:2;O	C5H6O3	[M+H-H2O]+	/resources/tools/chemdb_ontology?abbrev=FA 5:2;O
97.02818	97.0260	.0022	FA 3:0	C3H6O2Na	[M+Na]+	/resources/tools/chemdb_ontology?abbrev=FA 3:0
97.02818	97.0284	.0002	FA 10:6;O2	C10H8O4	[M+2H]2+	/resources/tools/chemdb_ontology?abbrev=FA 10:6;O2
97.02818	97.0260	.0022	FA 6:0;O2	C6H12O4Na2	[M+2Na]2+	/resources/tools/chemdb_ontology?abbrev=FA 6:0;O2
261.1657	261.1643	.0014	ST 29:2;O5	C29H48O5Na2	[M+2Na]2+	/resources/tools/chemdb_ontology?abbrev=ST 29:2;O5
156.04195	156.0469	.0050	FA 14:5;O3	C14H18O5Na2	[M+2Na]2+	/resources/tools/chemdb_ontology?abbrev=FA 14:5;O3
393.20891	393.2101	.0012	PA 40:10	C43H65O8PNa2	[M+2Na]2+	/resources/tools/chemdb_ontology?abbrev=PA 40:10
393.20891	393.2130	.0041	PI 27:0	C36H69O13PNa2	[M+2Na]2+	/resources/tools/chemdb_ontology?abbrev=PI 27:0
393.20891	393.2012	.0077	FA 21:5;O2	C21H32O4Na2	[M+2Na-H]+	/resources/tools/chemdb_ontology?abbrev=FA 21:5;O2
393.20891	393.2012	.0077	ST 21:2;O4	C21H32O4Na2	[M+2Na-H]+	/resources/tools/chemdb_ontology?abbrev=ST 21:2;O4
203.08387	203.0861	.0022	ST 21:4;O5	C21H28O5Na2	[M+2Na]2+	/resources/tools/chemdb_ontology?abbrev=ST 21:4;O5
155.04078	155.0491	.0084	FA 11:7	C11H8O2	[M+H-H2O]+	/resources/tools/chemdb_ontology?abbrev=FA 11:7
155.04078	155.0491	.0084	SFE 11:7	C11H8O2	[M+H-H2O]+	/resources/tools/chemdb_ontology?abbrev=SFE 11:7
155.04078	155.0315	.0093	FA 5:1;O2	C5H8O4Na	[M+Na]+	/resources/tools/chemdb_ontology?abbrev=FA 5:1;O2
305.1673	305.1707	.0034	CAR 6:2;O2	C13H21NO6	[M+NH4]+	/resources/tools/chemdb_ontology?abbrev=CAR 6:2;O2
305.1673	305.1699	.0026	FA 14:0;O2	C14H28O4Na2	[M+2Na-H]+	/resources/tools/chemdb_ontology?abbrev=FA 14:0;O2
588.40826	588.4024	.0059	PE 26:1	C31H60NO8P	[M+H-H2O]+	/resources/tools/chemdb_ontology?abbrev=PE 26:1
588.40826	588.4000	.0083	LPC 21:0	C29H60NO7PNa	[M+Na]+	/resources/tools/chemdb_ontology?abbrev=LPC 21:0
588.40826	588.4000	.0083	LPE 24:0	C29H60NO7PNa	[M+Na]+	/resources/tools/chemdb_ontology?abbrev=LPE 24:0
588.40826	588.4000	.0083	LPE O-24:1;O	C29H60NO7PNa	[M+Na]+	/resources/tools/chemdb_ontology?abbrev=LPE O-24:1;O
588.40826	588.4000	.0083	PC O-21:0	C29H60NO7PNa	[M+Na]+	/resources/tools/chemdb_ontology?abbrev=PC O-21:0
604.38299	604.3820	.0010	LPI O-18:0	C27H55O11P	[M+NH4]+	/resources/tools/chemdb_ontology?abbrev=LPI O-18:0
679.51111	679.5021	.0090	PC 27:1	C35H68NO8P	[M+NH4]+	/resources/tools/chemdb_ontology?abbrev=PC 27:1
679.51111	679.5021	.0090	PE 30:1	C35H68NO8P	[M+NH4]+	/resources/tools/chemdb_ontology?abbrev=PE 30:1
701.49193	701.4864	.0055	PE 32:4	C37H66NO8P	[M+NH4]+	/resources/tools/chemdb_ontology?abbrev=PE 32:4
701.49193	701.4934	.0015	CL 68:4	C77H142O17P2	[M+2H]2+	/resources/tools/chemdb_ontology?abbrev=CL 68:4
717.46671	717.4701	.0034	PG 32:3	C38H69O10P	[M+H]+	/resources/tools/chemdb_ontology?abbrev=PG 32:3
717.46671	717.4677	.0010	PG 30:0	C36H71O10PNa	[M+Na]+	/resources/tools/chemdb_ontology?abbrev=PG 30:0
814.57691	814.5745	.0024	PC 40:7	C48H82NO8P	[M+H-H2O]+	/resources/tools/chemdb_ontology?abbrev=PC 40:7
814.57691	814.5721	.0048	PC O-38:6	C46H82NO7PNa	[M+Na]+	/resources/tools/chemdb_ontology?abbrev=PC O-38:6
814.57691	814.5804	.0035	PI O-32:0	C41H81O12P	[M+NH4]+	/resources/tools/chemdb_ontology?abbrev=PI O-32:0
814.57691	814.5779	.0010	HexCer 38:2;O3	C44H83NO9Na2	[M+2Na-H]+	/resources/tools/chemdb_ontology?abbrev=HexCer 38:2;O3
814.57691	814.5697	.0072	PC O-36:3	C44H84NO7PNa2	[M+2Na-H]+	/resources/tools/chemdb_ontology?abbrev=PC O-36:3
476.30569	476.3135	.0079	LPC 16:1	C24H48NO7P	[M+H-H2O]+	/resources/tools/chemdb_ontology?abbrev=LPC 16:1
476.30569	476.3135	.0079	LPE 19:1	C24H48NO7P	[M+H-H2O]+	/resources/tools/chemdb_ontology?abbrev=LPE 19:1
476.30569	476.3111	.0055	LPC O-14:0	C22H48NO6PNa	[M+Na]+	/resources/tools/chemdb_ontology?abbrev=LPC O-14:0
216.17061	216.1720	.0014	WE 24:1;O4	C24H46O6	[M+2H]2+	/resources/tools/chemdb_ontology?abbrev=WE 24:1;O4
216.17061	216.1666	.0040	ST 27:1;O	C27H46ONa2	[M+2Na]2+	/resources/tools/chemdb_ontology?abbrev=ST 27:1;O
715.55675	715.5636	.0069	PA O-38:2	C41H79O7P	[M+H]+	/resources/tools/chemdb_ontology?abbrev=PA O-38:2
715.55675	715.5636	.0069	PA 38:0	C41H81O8P	[M+H-H2O]+	/resources/tools/chemdb_ontology?abbrev=PA 38:0
394.37898	394.3805	.0015	FAHFA 52:2;O	C52H98O4	[M+2H]2+	/resources/tools/chemdb_ontology?abbrev=FAHFA 52:2;O
926.68719	926.6821	.0051	PS 44:0	C50H98NO10PNa	[M+Na]+	/resources/tools/chemdb_ontology?abbrev=PS 44:0
926.68719	926.6949	.0077	PC O-44:3	C52H100NO7PNa2	[M+2Na-H]+	/resources/tools/chemdb_ontology?abbrev=PC O-44:3
510.39123	510.3918	.0006	LPC O-18:0	C26H56NO6P	[M+H]+	/resources/tools/chemdb_ontology?abbrev=LPC O-18:0
444.37907	444.3836	.0045	ST 29:3;O2	C29H46O2	[M+NH4]+	/resources/tools/chemdb_ontology?abbrev=ST 29:3;O2
876.66001	876.6688	.0088	PS 42:0	C48H94NO10P	[M+H]+	/resources/tools/chemdb_ontology?abbrev=PS 42:0
876.66001	876.6688	.0088	IPC 42:0;O2	C48H96NO11P	[M+H-H2O]+	/resources/tools/chemdb_ontology?abbrev=IPC 42:0;O2
876.66001	876.6688	.0088	PG 42:2	C48H91O10P	[M+NH4]+	/resources/tools/chemdb_ontology?abbrev=PG 42:2
876.66001	876.6511	.0089	HexCer 41:0;O4	C47H93NO10Na2	[M+2Na-H]+	/resources/tools/chemdb_ontology?abbrev=HexCer 41:0;O4
538.38593	538.3867	.0008	LPC 19:0	C27H56NO7P	[M+H]+	/resources/tools/chemdb_ontology?abbrev=LPC 19:0
538.38593	538.3867	.0008	LPE 22:0	C27H56NO7P	[M+H]+	/resources/tools/chemdb_ontology?abbrev=LPE 22:0
538.38593	538.3867	.0008	PC O-19:0	C27H56NO7P	[M+H]+	/resources/tools/chemdb_ontology?abbrev=PC O-19:0
538.38593	538.3887	.0028	TG 66:14	C69H106O6Na2	[M+2Na]2+	/resources/tools/chemdb_ontology?abbrev=TG 66:14
744.48006	744.4810	.0009	PS 33:3	C39H70NO10P	[M+H]+	/resources/tools/chemdb_ontology?abbrev=PS 33:3
744.48006	744.4786	.0015	PS 31:0	C37H72NO10PNa	[M+Na]+	/resources/tools/chemdb_ontology?abbrev=PS 31:0
744.48006	744.4810	.0009	PG 33:5	C39H67O10P	[M+NH4]+	/resources/tools/chemdb_ontology?abbrev=PG 33:5
826.50401	826.4969	.0071	PE 38:5;O	C43H76NO9PNa2	[M+2Na-H]+	/resources/tools/chemdb_ontology?abbrev=PE 38:5;O
296.29454	296.2948	.0002	NAE 17:0	C19H39NO2	[M+H-H2O]+	/resources/tools/chemdb_ontology?abbrev=NAE 17:0
657.34777	657.3503	.0025	PA 30:4	C33H57O8PNa2	[M+2Na-H]+	/resources/tools/chemdb_ontology?abbrev=PA 30:4
482.26706	482.2666	.0005	LPE 20:5	C25H42NO7P	[M+H-H2O]+	/resources/tools/chemdb_ontology?abbrev=LPE 20:5
482.26706	482.2748	.0078	ST 19:2;O2;GlcA	C25H36O8	[M+NH4]+	/resources/tools/chemdb_ontology?abbrev=ST 19:2;O2;GlcA
482.26706	482.2618	.0053	LPE O-16:1	C21H44NO6PNa2	[M+2Na-H]+	/resources/tools/chemdb_ontology?abbrev=LPE O-16:1
778.5052	778.5017	.0035	PS 37:5	C43H74NO10P	[M+H-H2O]+	/resources/tools/chemdb_ontology?abbrev=PS 37:5
778.5052	778.5134	.0082	SHexCer 34:1;O3	C40H77NO12S	[M+H-H2O]+	/resources/tools/chemdb_ontology?abbrev=SHexCer 34:1;O3
778.5052	778.4969	.0083	PS O-33:1	C39H76NO9PNa2	[M+2Na-H]+	/resources/tools/chemdb_ontology?abbrev=PS O-33:1
832.63409	832.6426	.0085	PS O-40:1	C46H90NO9P	[M+H]+	/resources/tools/chemdb_ontology?abbrev=PS O-40:1
832.63409	832.6426	.0085	PG O-40:3	C46H87O9P	[M+NH4]+	/resources/tools/chemdb_ontology?abbrev=PG O-40:3
535.3262	535.3265	.0003	ST 30:4;O8	C30H46O8	[M+H]+	/resources/tools/chemdb_ontology?abbrev=ST 30:4;O8
535.3262	535.3265	.0003	ST 24:1;O3;GlcA	C30H48O9	[M+H-H2O]+	/resources/tools/chemdb_ontology?abbrev=ST 24:1;O3;GlcA
773.64277	773.6419	.0009	PA O-42:1	C45H89O7P	[M+H]+	/resources/tools/chemdb_ontology?abbrev=PA O-42:1
362.32629	362.3265	.0002	FA 20:0;O2	C20H40O4	[M+NH4]+	/resources/tools/chemdb_ontology?abbrev=FA 20:0;O2
362.32629	362.3265	.0002	MG 17:0	C20H40O4	[M+NH4]+	/resources/tools/chemdb_ontology?abbrev=MG 17:0
362.32629	362.3265	.0002	MG O-17:1;O	C20H40O4	[M+NH4]+	/resources/tools/chemdb_ontology?abbrev=MG O-17:1;O
362.32629	362.3285	.0022	TG 42:0	C45H86O6	[M+2H]2+	/resources/tools/chemdb_ontology?abbrev=TG 42:0
664.5073	664.5024	.0049	CerPE 32:2;O3	C34H67N2O7P	[M+NH4]+	/resources/tools/chemdb_ontology?abbrev=CerPE 32:2;O3
283.26304	283.2632	.0001	FA 18:1	C18H34O2	[M+H]+	/resources/tools/chemdb_ontology?abbrev=FA 18:1
283.26304	283.2632	.0001	SFE 18:1	C18H34O2	[M+H]+	/resources/tools/chemdb_ontology?abbrev=SFE 18:1
283.26304	283.2632	.0001	FA 18:0;O	C18H36O3	[M+H-H2O]+	/resources/tools/chemdb_ontology?abbrev=FA 18:0;O
283.26304	283.2632	.0001	FAHFA 36:1;O	C36H68O4	[M+2H]2+	/resources/tools/chemdb_ontology?abbrev=FAHFA 36:1;O
345.29973	345.2999	.0002	FA 20:0;O2	C20H40O4	[M+H]+	/resources/tools/chemdb_ontology?abbrev=FA 20:0;O2
345.29973	345.2999	.0002	MG 17:0	C20H40O4	[M+H]+	/resources/tools/chemdb_ontology?abbrev=MG 17:0
345.29973	345.2999	.0002	MG O-17:1;O	C20H40O4	[M+H]+	/resources/tools/chemdb_ontology?abbrev=MG O-17:1;O
367.28159	367.2819	.0003	FA 20:0;O2	C20H40O4Na	[M+Na]+	/resources/tools/chemdb_ontology?abbrev=FA 20:0;O2
367.28159	367.2819	.0003	MG 17:0	C20H40O4Na	[M+Na]+	/resources/tools/chemdb_ontology?abbrev=MG 17:0
367.28159	367.2819	.0003	MG O-17:1;O	C20H40O4Na	[M+Na]+	/resources/tools/chemdb_ontology?abbrev=MG O-17:1;O
383.2555	383.2581	.0026	ST 26:4;O3	C25H36O4	[M+H-H2O]+	/resources/tools/chemdb_ontology?abbrev=ST 26:4;O3
383.2555	383.2557	.0002	FA 23:5;O	C23H36O3Na	[M+Na]+	/resources/tools/chemdb_ontology?abbrev=FA 23:5;O
383.2555	383.2545	.0010	PG O-33:1	C39H77O9PNa2	[M+2Na]2+	/resources/tools/chemdb_ontology?abbrev=PG O-33:1
665.55627	665.5503	.0059	DG 41:6	C44H74O5	[M+H-H2O]+	/resources/tools/chemdb_ontology?abbrev=DG 41:6
956.20791	956.2038	.0041	CoA 10:2;O	C31H50N7O18P3SNa	[M+Na]+	/resources/tools/chemdb_ontology?abbrev=CoA 10:2;O
368.2853	368.2795	.0058	CAR 14:2	C21H37NO4	[M+H]+	/resources/tools/chemdb_ontology?abbrev=CAR 14:2
368.2853	368.2795	.0058	FA 21:4;O2	C21H34O4	[M+NH4]+	/resources/tools/chemdb_ontology?abbrev=FA 21:4;O2
368.2853	368.2795	.0058	ST 21:1;O4	C21H34O4	[M+NH4]+	/resources/tools/chemdb_ontology?abbrev=ST 21:1;O4
368.2853	368.2804	.0049	PG O-34:1	C40H79O9P	[M+2H]2+	/resources/tools/chemdb_ontology?abbrev=PG O-34:1
643.48484	643.4809	.0039	CerPE 33:2;O3	C35H69N2O7P	[M+H-H2O]+	/resources/tools/chemdb_ontology?abbrev=CerPE 33:2;O3
667.5715	667.5660	.0055	DG 41:5	C44H76O5	[M+H-H2O]+	/resources/tools/chemdb_ontology?abbrev=DG 41:5
772.5114	772.5123	.0009	PS 35:3	C41H74NO10P	[M+H]+	/resources/tools/chemdb_ontology?abbrev=PS 35:3
772.5114	772.5099	.0015	PS 33:0	C39H76NO10PNa	[M+Na]+	/resources/tools/chemdb_ontology?abbrev=PS 33:0
772.5114	772.5123	.0009	PG 35:5	C41H71O10P	[M+NH4]+	/resources/tools/chemdb_ontology?abbrev=PG 35:5
526.3974	526.3900	.0074	NAT 26:0	C28H57NO4SNa	[M+Na]+	/resources/tools/chemdb_ontology?abbrev=NAT 26:0
468.34415	468.3448	.0007	LPC O-15:0	C23H50NO6P	[M+H]+	/resources/tools/chemdb_ontology?abbrev=LPC O-15:0
468.34415	468.3448	.0007	LPE O-18:0	C23H50NO6P	[M+H]+	/resources/tools/chemdb_ontology?abbrev=LPE O-18:0
468.34415	468.3448	.0007	LPA O-20:1	C23H47O6P	[M+NH4]+	/resources/tools/chemdb_ontology?abbrev=LPA O-20:1
394.30072	394.2952	.0055	CAR 16:2;O	C23H41NO5	[M+H-H2O]+	/resources/tools/chemdb_ontology?abbrev=CAR 16:2;O
394.30072	394.2928	.0079	CAR 14:0	C21H41NO4Na	[M+Na]+	/resources/tools/chemdb_ontology?abbrev=CAR 14:0
394.30072	394.2952	.0055	MG 20:5	C23H36O4	[M+NH4]+	/resources/tools/chemdb_ontology?abbrev=MG 20:5
394.30072	394.2960	.0047	PG O-38:3	C44H83O9P	[M+2H]2+	/resources/tools/chemdb_ontology?abbrev=PG O-38:3
393.29718	393.2999	.0028	ST 24:1;O4	C24H40O4	[M+H]+	/resources/tools/chemdb_ontology?abbrev=ST 24:1;O4
393.29718	393.2975	.0003	FA 22:1;O2	C22H42O4Na	[M+Na]+	/resources/tools/chemdb_ontology?abbrev=FA 22:1;O2
388.34189	388.3421	.0002	FA 22:1;O2	C22H42O4	[M+NH4]+	/resources/tools/chemdb_ontology?abbrev=FA 22:1;O2
388.34189	388.3441	.0023	TG 46:2	C49H90O6	[M+2H]2+	/resources/tools/chemdb_ontology?abbrev=TG 46:2
409.27116	409.2701	.0010	PG O-37:3	C43H81O9PNa2	[M+2Na]2+	/resources/tools/chemdb_ontology?abbrev=PG O-37:3
409.27116	409.2689	.0023	FA 23:3;O	C23H40O3Na2	[M+2Na-H]+	/resources/tools/chemdb_ontology?abbrev=FA 23:3;O
409.27116	409.2689	.0023	MG O-20:4	C23H40O3Na2	[M+2Na-H]+	/resources/tools/chemdb_ontology?abbrev=MG O-20:4
409.27116	409.2689	.0023	ST 23:0;O3	C23H40O3Na2	[M+2Na-H]+	/resources/tools/chemdb_ontology?abbrev=ST 23:0;O3
441.41553	441.4091	.0064	ST 31:2;O	C31H52O	[M+H]+	/resources/tools/chemdb_ontology?abbrev=ST 31:2;O
985.73155	985.7256	.0060	TG 61:13	C64H98O6Na	[M+Na]+	/resources/tools/chemdb_ontology?abbrev=TG 61:13
985.73155	985.7232	.0084	TG 59:10	C62H100O6Na2	[M+2Na-H]+	/resources/tools/chemdb_ontology?abbrev=TG 59:10
284.29451	284.2948	.0003	SPB 18:0;O2	C18H39NO2	[M+H-H2O]+	/resources/tools/chemdb_ontology?abbrev=SPB 18:0;O2
693.52838	693.5217	.0066	PA O-38:4	C41H75O7P	[M+H-H2O]+	/resources/tools/chemdb_ontology?abbrev=PA O-38:4
656.52927	656.5377	.0085	CerP 38:1;O2	C38H76NO6P	[M+H-H2O]+	/resources/tools/chemdb_ontology?abbrev=CerP 38:1;O2
656.52927	656.5248	.0044	DG 38:7	C41H66O5	[M+NH4]+	/resources/tools/chemdb_ontology?abbrev=DG 38:7
1013.74615	1013.7545	.0083	TG 61:10	C64H104O6Na2	[M+2Na-H]+	/resources/tools/chemdb_ontology?abbrev=TG 61:10
661.37664	661.3711	.0055	PA 30:4;O3	C33H57O11P	[M+H]+	/resources/tools/chemdb_ontology?abbrev=PA 30:4;O3
661.37664	661.3840	.0073	PA 32:5	C35H59O8PNa	[M+Na]+	/resources/tools/chemdb_ontology?abbrev=PA 32:5
661.37664	661.3687	.0079	PG 25:1;O	C31H59O11PNa	[M+Na]+	/resources/tools/chemdb_ontology?abbrev=PG 25:1;O
661.37664	661.3816	.0049	PA 30:2	C33H61O8PNa2	[M+2Na-H]+	/resources/tools/chemdb_ontology?abbrev=PA 30:2
765.44074	765.4466	.0058	PA 40:9	C43H67O8PNa	[M+Na]+	/resources/tools/chemdb_ontology?abbrev=PA 40:9
765.44074	765.4442	.0034	PA 38:6	C41H69O8PNa2	[M+2Na-H]+	/resources/tools/chemdb_ontology?abbrev=PA 38:6
766.44404	766.4394	.0046	PE 35:6	C40H68NO8PNa2	[M+2Na-H]+	/resources/tools/chemdb_ontology?abbrev=PE 35:6
722.54909	722.5483	.0008	PC O-34:4	C42H78NO7P	[M+H-H2O]+	/resources/tools/chemdb_ontology?abbrev=PC O-34:4
722.54909	722.5541	.0050	HexCer 34:1;O2	C40H77NO8Na	[M+Na]+	/resources/tools/chemdb_ontology?abbrev=HexCer 34:1;O2
612.50364	612.4962	.0074	Cer 37:4;O3	C37H67NO4Na	[M+Na]+	/resources/tools/chemdb_ontology?abbrev=Cer 37:4;O3
574.38372	574.3867	.0030	PC 22:1	C30H58NO8P	[M+H-H2O]+	/resources/tools/chemdb_ontology?abbrev=PC 22:1
574.38372	574.3843	.0006	LPC 20:0	C28H58NO7PNa	[M+Na]+	/resources/tools/chemdb_ontology?abbrev=LPC 20:0
574.38372	574.3843	.0006	PC O-20:0	C28H58NO7PNa	[M+Na]+	/resources/tools/chemdb_ontology?abbrev=PC O-20:0
767.44704	767.4454	.0017	PS 30:3;O3	C36H64NO13P	[M+NH4]+	/resources/tools/chemdb_ontology?abbrev=PS 30:3;O3
371.3154	371.3156	.0002	FA 22:1;O2	C22H42O4	[M+H]+	/resources/tools/chemdb_ontology?abbrev=FA 22:1;O2
393.29735	393.2999	.0026	ST 24:1;O4	C24H40O4	[M+H]+	/resources/tools/chemdb_ontology?abbrev=ST 24:1;O4
393.29735	393.2975	.0002	FA 22:1;O2	C22H42O4Na	[M+Na]+	/resources/tools/chemdb_ontology?abbrev=FA 22:1;O2
573.38073	573.3874	.0067	LPS O-20:0;O	C26H54NO9P	[M+NH4]+	/resources/tools/chemdb_ontology?abbrev=LPS O-20:0;O
573.38073	573.3890	.0083	FA 34:6;O2	C34H56O4Na2	[M+2Na-H]+	/resources/tools/chemdb_ontology?abbrev=FA 34:6;O2
409.2711	409.2701	.0010	PG O-37:3	C43H81O9PNa2	[M+2Na]2+	/resources/tools/chemdb_ontology?abbrev=PG O-37:3
409.2711	409.2689	.0022	FA 23:3;O	C23H40O3Na2	[M+2Na-H]+	/resources/tools/chemdb_ontology?abbrev=FA 23:3;O
409.2711	409.2689	.0022	MG O-20:4	C23H40O3Na2	[M+2Na-H]+	/resources/tools/chemdb_ontology?abbrev=MG O-20:4
409.2711	409.2689	.0022	ST 23:0;O3	C23H40O3Na2	[M+2Na-H]+	/resources/tools/chemdb_ontology?abbrev=ST 23:0;O3
310.31027	310.3104	.0002	NAE 18:0	C20H41NO2	[M+H-H2O]+	/resources/tools/chemdb_ontology?abbrev=NAE 18:0
310.31027	310.3104	.0002	SPB 20:1;O2	C20H41NO2	[M+H-H2O]+	/resources/tools/chemdb_ontology?abbrev=SPB 20:1;O2
746.53088	746.5330	.0022	PS O-34:2	C40H76NO9P	[M+H]+	/resources/tools/chemdb_ontology?abbrev=PS O-34:2
746.53088	746.5330	.0022	PS 34:0	C40H78NO10P	[M+H-H2O]+	/resources/tools/chemdb_ontology?abbrev=PS 34:0
746.53088	746.5330	.0022	PG O-34:4	C40H73O9P	[M+NH4]+	/resources/tools/chemdb_ontology?abbrev=PG O-34:4
501.33767	501.3422	.0045	ST 27:0;O8	C27H48O8	[M+H]+	/resources/tools/chemdb_ontology?abbrev=ST 27:0;O8
501.33767	501.3357	.0020	ST 24:1;O2;Tau	C26H45NO5S	[M+NH4]+	/resources/tools/chemdb_ontology?abbrev=ST 24:1;O2;Tau
501.33767	501.3299	.0077	LPS O-16:0	C22H46NO8P	[M+NH4]+	/resources/tools/chemdb_ontology?abbrev=LPS O-16:0
501.33767	501.3315	.0062	ST 30:3;O3	C30H48O3Na2	[M+2Na-H]+	/resources/tools/chemdb_ontology?abbrev=ST 30:3;O3
873.48704	873.4936	.0066	TG 52:19;O3	C55H68O9	[M+H]+	/resources/tools/chemdb_ontology?abbrev=TG 52:19;O3
744.51616	744.5174	.0012	PS O-34:3	C40H74NO9P	[M+H]+	/resources/tools/chemdb_ontology?abbrev=PS O-34:3
744.51616	744.5174	.0012	PS 34:1	C40H76NO10P	[M+H-H2O]+	/resources/tools/chemdb_ontology?abbrev=PS 34:1
744.51616	744.5150	.0012	PS O-32:0	C38H76NO9PNa	[M+Na]+	/resources/tools/chemdb_ontology?abbrev=PS O-32:0
744.51616	744.5174	.0012	PG O-34:5	C40H71O9P	[M+NH4]+	/resources/tools/chemdb_ontology?abbrev=PG O-34:5
701.52479	701.5228	.0020	CerPE 36:3;O3	C38H73N2O7P	[M+H]+	/resources/tools/chemdb_ontology?abbrev=CerPE 36:3;O3
597.47642	597.4725	.0039	FOH 35:4;O6	C35H64O7	[M+H]+	/resources/tools/chemdb_ontology?abbrev=FOH 35:4;O6
597.47642	597.4853	.0089	FAHFA 37:3;O	C37H66O4Na	[M+Na]+	/resources/tools/chemdb_ontology?abbrev=FAHFA 37:3;O
774.52683	774.5280	.0011	PS 35:2	C41H76NO10P	[M+H]+	/resources/tools/chemdb_ontology?abbrev=PS 35:2
774.52683	774.5280	.0011	PG 35:4	C41H73O10P	[M+NH4]+	/resources/tools/chemdb_ontology?abbrev=PG 35:4
772.51044	772.5123	.0019	PS 35:3	C41H74NO10P	[M+H]+	/resources/tools/chemdb_ontology?abbrev=PS 35:3
772.51044	772.5099	.0005	PS 33:0	C39H76NO10PNa	[M+Na]+	/resources/tools/chemdb_ontology?abbrev=PS 33:0
772.51044	772.5123	.0019	PG 35:5	C41H71O10P	[M+NH4]+	/resources/tools/chemdb_ontology?abbrev=PG 35:5
786.52719	786.5280	.0008	PS 36:3	C42H76NO10P	[M+H]+	/resources/tools/chemdb_ontology?abbrev=PS 36:3
786.52719	786.5256	.0016	PS 34:0	C40H78NO10PNa	[M+Na]+	/resources/tools/chemdb_ontology?abbrev=PS 34:0
786.52719	786.5280	.0008	PG 36:5	C42H73O10P	[M+NH4]+	/resources/tools/chemdb_ontology?abbrev=PG 36:5
487.44532	487.4485	.0032	FA 31:1	C31H60O2Na	[M+Na]+	/resources/tools/chemdb_ontology?abbrev=FA 31:1
487.44532	487.4485	.0032	WE 31:1	C31H60O2Na	[M+Na]+	/resources/tools/chemdb_ontology?abbrev=WE 31:1
435.26799	435.2676	.0004	PG 40:5	C46H81O10PNa2	[M+2Na]2+	/resources/tools/chemdb_ontology?abbrev=PG 40:5
311.25765	311.2581	.0004	FA 19:2;O	C19H34O3	[M+H]+	/resources/tools/chemdb_ontology?abbrev=FA 19:2;O
311.25765	311.2581	.0004	FA 19:1;O2	C19H36O4	[M+H-H2O]+	/resources/tools/chemdb_ontology?abbrev=FA 19:1;O2
311.25765	311.2581	.0004	FOH 19:2;O3	C19H36O4	[M+H-H2O]+	/resources/tools/chemdb_ontology?abbrev=FOH 19:2;O3
488.32674	488.3347	.0079	LPG O-16:0	C22H47O8P	[M+NH4]+	/resources/tools/chemdb_ontology?abbrev=LPG O-16:0
488.32674	488.3322	.0055	CAR 18:0;O	C25H49NO5Na2	[M+2Na-H]+	/resources/tools/chemdb_ontology?abbrev=CAR 18:0;O
832.57952	832.5851	.0056	PC 40:7	C48H82NO8P	[M+H]+	/resources/tools/chemdb_ontology?abbrev=PC 40:7
832.57952	832.5698	.0097	PC 36:3;O3	C44H82NO11P	[M+H]+	/resources/tools/chemdb_ontology?abbrev=PC 36:3;O3
832.57952	832.5851	.0056	PS O-42:6	C48H84NO9P	[M+H-H2O]+	/resources/tools/chemdb_ontology?abbrev=PS O-42:6
832.57952	832.5827	.0032	PC 38:4	C46H84NO8PNa	[M+Na]+	/resources/tools/chemdb_ontology?abbrev=PC 38:4
832.57952	832.5827	.0032	PE 41:4	C46H84NO8PNa	[M+Na]+	/resources/tools/chemdb_ontology?abbrev=PE 41:4
832.57952	832.5803	.0007	PC 36:1	C44H86NO8PNa2	[M+2Na-H]+	/resources/tools/chemdb_ontology?abbrev=PC 36:1
832.57952	832.5803	.0007	PE 39:1	C44H86NO8PNa2	[M+2Na-H]+	/resources/tools/chemdb_ontology?abbrev=PE 39:1
832.57952	832.5885	.0090	HexCer 38:1;O4	C44H85NO10Na2	[M+2Na-H]+	/resources/tools/chemdb_ontology?abbrev=HexCer 38:1;O4
437.26524	437.2663	.0010	LPA 18:1	C21H41O7P	[M+H]+	/resources/tools/chemdb_ontology?abbrev=LPA 18:1
437.26524	437.2686	.0034	ST 28:6;O5	C28H38O5	[M+H-H2O]+	/resources/tools/chemdb_ontology?abbrev=ST 28:6;O5
437.26524	437.2686	.0034	TG 53:18;O2	C56H72O8	[M+2H]2+	/resources/tools/chemdb_ontology?abbrev=TG 53:18;O2
437.26524	437.2638	.0014	ST 24:1;O4	C24H40O4Na2	[M+2Na-H]+	/resources/tools/chemdb_ontology?abbrev=ST 24:1;O4
436.26631	436.2702	.0039	PI 37:5	C46H79O13P	[M+2H]2+	/resources/tools/chemdb_ontology?abbrev=PI 37:5
426.26477	426.2615	.0033	LPC 11:0	C19H40NO7P	[M+H]+	/resources/tools/chemdb_ontology?abbrev=LPC 11:0
426.26477	426.2615	.0033	LPE 14:0	C19H40NO7P	[M+H]+	/resources/tools/chemdb_ontology?abbrev=LPE 14:0
426.26477	426.2648	.0001	NAT 19:1	C21H41NO4SNa	[M+Na]+	/resources/tools/chemdb_ontology?abbrev=NAT 19:1
426.26477	426.2615	.0033	LPA 16:1	C19H37O7P	[M+NH4]+	/resources/tools/chemdb_ontology?abbrev=LPA 16:1
426.26477	426.2623	.0025	PG O-40:7	C46H79O9PNa2	[M+2Na]2+	/resources/tools/chemdb_ontology?abbrev=PG O-40:7
426.26477	426.2591	.0057	NAE 20:3;O2	C22H39NO4Na2	[M+2Na-H]+	/resources/tools/chemdb_ontology?abbrev=NAE 20:3;O2
427.27218	427.2690	.0032	FA 23:4;O5	C23H38O7	[M+H]+	/resources/tools/chemdb_ontology?abbrev=FA 23:4;O5
427.27218	427.2690	.0032	FA 23:3;O6	C23H40O8	[M+H-H2O]+	/resources/tools/chemdb_ontology?abbrev=FA 23:3;O6
427.27218	427.2819	.0097	ST 25:2;O4	C25H40O4Na	[M+Na]+	/resources/tools/chemdb_ontology?abbrev=ST 25:2;O4
427.27218	427.2701	.0021	PG O-40:6	C46H81O9PNa2	[M+2Na]2+	/resources/tools/chemdb_ontology?abbrev=PG O-40:6
427.27218	427.2795	.0073	FA 23:2;O2	C23H42O4Na2	[M+2Na-H]+	/resources/tools/chemdb_ontology?abbrev=FA 23:2;O2
430.27532	430.2754	.0001	PG 39:3	C45H83O10PNa2	[M+2Na]2+	/resources/tools/chemdb_ontology?abbrev=PG 39:3
431.26884	431.2768	.0080	ST 24:1;O5	C24H40O5Na	[M+Na]+	/resources/tools/chemdb_ontology?abbrev=ST 24:1;O5
434.26717	434.2666	.0006	LPE 16:1	C21H42NO7P	[M+H-H2O]+	/resources/tools/chemdb_ontology?abbrev=LPE 16:1
434.26717	434.2666	.0006	PC O-13:1	C21H42NO7P	[M+H-H2O]+	/resources/tools/chemdb_ontology?abbrev=PC O-13:1
434.26717	434.2703	.0032	PI O-34:1	C43H83O12PNa2	[M+2Na]2+	/resources/tools/chemdb_ontology?abbrev=PI O-34:1
486.32238	486.3190	.0034	CAR 20:4;O	C27H45NO5Na	[M+Na]+	/resources/tools/chemdb_ontology?abbrev=CAR 20:4;O
486.32238	486.3190	.0034	LPG O-16:1	C22H45O8P	[M+NH4]+	/resources/tools/chemdb_ontology?abbrev=LPG O-16:1
486.32238	486.3166	.0058	CAR 18:1;O	C25H47NO5Na2	[M+2Na-H]+	/resources/tools/chemdb_ontology?abbrev=CAR 18:1;O
429.27299	429.2724	.0006	LPC 10:0	C18H38NO7P	[M+NH4]+	/resources/tools/chemdb_ontology?abbrev=LPC 10:0
429.27299	429.2724	.0006	LPE 13:0	C18H38NO7P	[M+NH4]+	/resources/tools/chemdb_ontology?abbrev=LPE 13:0
429.27299	429.2724	.0006	PC O-10:0	C18H38NO7P	[M+NH4]+	/resources/tools/chemdb_ontology?abbrev=PC O-10:0
429.27299	429.2782	.0052	NAT 20:4	C22H37NO4S	[M+NH4]+	/resources/tools/chemdb_ontology?abbrev=NAT 20:4
429.27299	429.2740	.0010	FA 26:6	C26H40O2Na2	[M+2Na-H]+	/resources/tools/chemdb_ontology?abbrev=FA 26:6
489.32216	489.3211	.0011	ST 29:3;O7	C29H46O7	[M+H-H2O]+	/resources/tools/chemdb_ontology?abbrev=ST 29:3;O7
489.32216	489.3187	.0035	ST 27:1;O6	C27H46O6Na	[M+Na]+	/resources/tools/chemdb_ontology?abbrev=ST 27:1;O6
489.32216	489.3251	.0029	PI O-42:2	C51H97O12PNa2	[M+2Na]2+	/resources/tools/chemdb_ontology?abbrev=PI O-42:2
489.32216	489.3315	.0093	ST 29:2;O3	C29H48O3Na2	[M+2Na-H]+	/resources/tools/chemdb_ontology?abbrev=ST 29:2;O3
487.32576	487.3159	.0099	ST 29:3;O3	C29H46O3Na2	[M+2Na-H]+	/resources/tools/chemdb_ontology?abbrev=ST 29:3;O3
499.33835	499.3394	.0011	LPG O-18:0	C24H51O8P	[M+H]+	/resources/tools/chemdb_ontology?abbrev=LPG O-18:0
499.33835	499.3394	.0010	ST 29:2;O5	C29H48O5Na	[M+Na]+	/resources/tools/chemdb_ontology?abbrev=ST 29:2;O5
931.5397	931.5413	.0016	DGDG 36:9	C51H78O15	[M+H]+	/resources/tools/chemdb_ontology?abbrev=DGDG 36:9
931.5397	931.5331	.0066	PI 42:10	C51H79O13P	[M+H]+	/resources/tools/chemdb_ontology?abbrev=PI 42:10
931.5397	931.5307	.0090	PI 40:7	C49H81O13PNa	[M+Na]+	/resources/tools/chemdb_ontology?abbrev=PI 40:7
703.50575	703.5021	.0037	PE 32:3	C37H68NO8P	[M+NH4]+	/resources/tools/chemdb_ontology?abbrev=PE 32:3
703.50575	703.5090	.0033	CL 68:2	C77H146O17P2	[M+2H]2+	/resources/tools/chemdb_ontology?abbrev=CL 68:2
500.34135	500.3404	.0009	ST 27:1;O2;S	C27H46O5S	[M+NH4]+	/resources/tools/chemdb_ontology?abbrev=ST 27:1;O2;S
455.33326	455.3367	.0035	ST 26:0;O6	C26H46O6	[M+H]+	/resources/tools/chemdb_ontology?abbrev=ST 26:0;O6
455.33326	455.3244	.0088	LPE O-16:1	C21H44NO6P	[M+NH4]+	/resources/tools/chemdb_ontology?abbrev=LPE O-16:1
455.33326	455.3260	.0072	ST 29:3;O	C29H46ONa2	[M+2Na-H]+	/resources/tools/chemdb_ontology?abbrev=ST 29:3;O
775.53052	775.5272	.0033	PA 42:7	C45H75O8P	[M+H]+	/resources/tools/chemdb_ontology?abbrev=PA 42:7
775.53052	775.5355	.0050	MGDG 36:6	C45H74O10	[M+H]+	/resources/tools/chemdb_ontology?abbrev=MGDG 36:6
775.53052	775.5248	.0057	PA 40:4	C43H77O8PNa	[M+Na]+	/resources/tools/chemdb_ontology?abbrev=PA 40:4
775.53052	775.5232	.0073	PS 34:3	C40H72NO10P	[M+NH4]+	/resources/tools/chemdb_ontology?abbrev=PS 34:3
775.53052	775.5337	.0031	CerPE 38:2;O3	C40H79N2O7PNa2	[M+2Na-H]+	/resources/tools/chemdb_ontology?abbrev=CerPE 38:2;O3
775.53052	775.5224	.0081	PA 38:1	C41H79O8PNa2	[M+2Na-H]+	/resources/tools/chemdb_ontology?abbrev=PA 38:1
652.56106	652.5615	.0004	Cer 39:1;O2	C39H77NO3Na2	[M+2Na-H]+	/resources/tools/chemdb_ontology?abbrev=Cer 39:1;O2
669.50241	669.4942	.0082	CerPE 33:1;O2	C35H71N2O6PNa	[M+Na]+	/resources/tools/chemdb_ontology?abbrev=CerPE 33:1;O2
669.50241	669.4942	.0082	SM 30:1;O2	C35H71N2O6PNa	[M+Na]+	/resources/tools/chemdb_ontology?abbrev=SM 30:1;O2
284.2945	284.2948	.0003	SPB 18:0;O2	C18H39NO2	[M+H-H2O]+	/resources/tools/chemdb_ontology?abbrev=SPB 18:0;O2
681.49302	681.4854	.0077	PA O-36:5	C39H69O7P	[M+H]+	/resources/tools/chemdb_ontology?abbrev=PA O-36:5
681.49302	681.4854	.0077	PA 36:3	C39H71O8P	[M+H-H2O]+	/resources/tools/chemdb_ontology?abbrev=PA 36:3
681.49302	681.4942	.0012	CerPE 34:2;O2	C36H71N2O6PNa	[M+Na]+	/resources/tools/chemdb_ontology?abbrev=CerPE 34:2;O2
667.57199	667.5660	.0060	DG 41:5	C44H76O5	[M+H-H2O]+	/resources/tools/chemdb_ontology?abbrev=DG 41:5
569.44524	569.4540	.0088	FAHFA 35:3;O	C35H62O4Na	[M+Na]+	/resources/tools/chemdb_ontology?abbrev=FAHFA 35:3;O
659.36274	659.3531	.0097	PA 28:2;O3	C31H57O11PNa	[M+Na]+	/resources/tools/chemdb_ontology?abbrev=PA 28:2;O3
659.36274	659.3659	.0032	PA 30:3	C33H59O8PNa2	[M+2Na-H]+	/resources/tools/chemdb_ontology?abbrev=PA 30:3
776.53339	776.5259	.0075	HexCer 34:1;O4	C40H77NO10Na2	[M+2Na-H]+	/resources/tools/chemdb_ontology?abbrev=HexCer 34:1;O4
817.57687	817.5742	.0027	PG O-42:7	C48H83O9P	[M+H-H2O]+	/resources/tools/chemdb_ontology?abbrev=PG O-42:7
817.57687	817.5718	.0051	PA 43:4	C46H83O8PNa	[M+Na]+	/resources/tools/chemdb_ontology?abbrev=PA 43:4
817.57687	817.5702	.0067	PS 37:3	C43H78NO10P	[M+NH4]+	/resources/tools/chemdb_ontology?abbrev=PS 37:3
817.57687	817.5694	.0075	PA 41:1	C44H85O8PNa2	[M+2Na-H]+	/resources/tools/chemdb_ontology?abbrev=PA 41:1
1072.2908	1072.3004	.0096	CoA 18:3	C39H64N7O17P3SNa2	[M+2Na-H]+	/resources/tools/chemdb_ontology?abbrev=CoA 18:3
760.52247	760.5276	.0051	PC 36:6	C44H76NO8P	[M+H-H2O]+	/resources/tools/chemdb_ontology?abbrev=PC 36:6
760.52247	760.5276	.0051	PE 39:6	C44H76NO8P	[M+H-H2O]+	/resources/tools/chemdb_ontology?abbrev=PE 39:6
760.52247	760.5252	.0027	PC O-34:5	C42H76NO7PNa	[M+Na]+	/resources/tools/chemdb_ontology?abbrev=PC O-34:5
760.52247	760.5228	.0003	PC O-32:2	C40H78NO7PNa2	[M+2Na-H]+	/resources/tools/chemdb_ontology?abbrev=PC O-32:2
760.52247	760.5228	.0003	PE O-35:2	C40H78NO7PNa2	[M+2Na-H]+	/resources/tools/chemdb_ontology?abbrev=PE O-35:2
760.52247	760.5310	.0085	HexCer 34:1;O3	C40H77NO9Na2	[M+2Na-H]+	/resources/tools/chemdb_ontology?abbrev=HexCer 34:1;O3
611.49156	611.5010	.0094	FAHFA 38:3;O	C38H68O4Na	[M+Na]+	/resources/tools/chemdb_ontology?abbrev=FAHFA 38:3;O
611.49156	611.4986	.0070	FAHFA 36:0;O	C36H70O4Na2	[M+2Na-H]+	/resources/tools/chemdb_ontology?abbrev=FAHFA 36:0;O
838.55543	838.5593	.0038	PS 40:5	C46H80NO10P	[M+H]+	/resources/tools/chemdb_ontology?abbrev=PS 40:5
838.55543	838.5569	.0014	PS 38:2	C44H82NO10PNa	[M+Na]+	/resources/tools/chemdb_ontology?abbrev=PS 38:2
838.55543	838.5593	.0038	PG 40:7	C46H77O10P	[M+NH4]+	/resources/tools/chemdb_ontology?abbrev=PG 40:7
794.52989	794.5330	.0032	PS O-38:6	C44H76NO9P	[M+H]+	/resources/tools/chemdb_ontology?abbrev=PS O-38:6
794.52989	794.5330	.0032	PC 36:5;O2	C44H78NO10P	[M+H-H2O]+	/resources/tools/chemdb_ontology?abbrev=PC 36:5;O2
794.52989	794.5330	.0032	PS 38:4	C44H78NO10P	[M+H-H2O]+	/resources/tools/chemdb_ontology?abbrev=PS 38:4
794.52989	794.5306	.0007	PS O-36:3	C42H78NO9PNa	[M+Na]+	/resources/tools/chemdb_ontology?abbrev=PS O-36:3
794.52989	794.5282	.0017	PS O-34:0	C40H80NO9PNa2	[M+2Na-H]+	/resources/tools/chemdb_ontology?abbrev=PS O-34:0
797.51234	797.5116	.0008	PA 44:10	C47H73O8P	[M+H]+	/resources/tools/chemdb_ontology?abbrev=PA 44:10
797.51234	797.5175	.0051	PI 31:0	C40H77O13P	[M+H]+	/resources/tools/chemdb_ontology?abbrev=PI 31:0
797.51234	797.5198	.0075	MGDG 38:9	C47H72O10	[M+H]+	/resources/tools/chemdb_ontology?abbrev=MGDG 38:9
797.51234	797.5092	.0032	PA 42:7	C45H75O8PNa	[M+Na]+	/resources/tools/chemdb_ontology?abbrev=PA 42:7
797.51234	797.5174	.0051	MGDG 36:6	C45H74O10Na	[M+Na]+	/resources/tools/chemdb_ontology?abbrev=MGDG 36:6
797.51234	797.5076	.0048	PS 36:6	C42H70NO10P	[M+NH4]+	/resources/tools/chemdb_ontology?abbrev=PS 36:6
797.51234	797.5068	.0056	PA 40:4	C43H77O8PNa2	[M+2Na-H]+	/resources/tools/chemdb_ontology?abbrev=PA 40:4
772.5459	772.5487	.0028	PS O-36:3	C42H78NO9P	[M+H]+	/resources/tools/chemdb_ontology?abbrev=PS O-36:3
772.5459	772.5487	.0028	PS 36:1	C42H80NO10P	[M+H-H2O]+	/resources/tools/chemdb_ontology?abbrev=PS 36:1
772.5459	772.5463	.0004	PS O-34:0	C40H80NO9PNa	[M+Na]+	/resources/tools/chemdb_ontology?abbrev=PS O-34:0
772.5459	772.5487	.0028	PG O-36:5	C42H75O9P	[M+NH4]+	/resources/tools/chemdb_ontology?abbrev=PG O-36:5
796.50927	796.5123	.0030	PS 37:5	C43H74NO10P	[M+H]+	/resources/tools/chemdb_ontology?abbrev=PS 37:5
796.50927	796.5099	.0006	PS 35:2	C41H76NO10PNa	[M+Na]+	/resources/tools/chemdb_ontology?abbrev=PS 35:2
796.50927	796.5123	.0030	PG 37:7	C43H71O10P	[M+NH4]+	/resources/tools/chemdb_ontology?abbrev=PG 37:7
702.46944	702.4704	.0010	PS 31:1	C37H70NO10P	[M+H-H2O]+	/resources/tools/chemdb_ontology?abbrev=PS 31:1
702.46944	702.4680	.0014	LPS O-29:1;O	C35H70NO9PNa	[M+Na]+	/resources/tools/chemdb_ontology?abbrev=LPS O-29:1;O
702.46944	702.4680	.0014	PS O-29:0	C35H70NO9PNa	[M+Na]+	/resources/tools/chemdb_ontology?abbrev=PS O-29:0
788.54311	788.5436	.0005	PS 36:2	C42H78NO10P	[M+H]+	/resources/tools/chemdb_ontology?abbrev=PS 36:2
788.54311	788.5518	.0087	Hex2Cer 30:1;O2	C42H79NO13	[M+H-H2O]+	/resources/tools/chemdb_ontology?abbrev=Hex2Cer 30:1;O2
788.54311	788.5436	.0005	PG 36:4	C42H75O10P	[M+NH4]+	/resources/tools/chemdb_ontology?abbrev=PG 36:4
812.54203	812.5436	.0016	PC 36:5;O2	C44H78NO10P	[M+H]+	/resources/tools/chemdb_ontology?abbrev=PC 36:5;O2
812.54203	812.5436	.0016	PS 38:4	C44H78NO10P	[M+H]+	/resources/tools/chemdb_ontology?abbrev=PS 38:4
812.54203	812.5436	.0016	PC 36:4;O3	C44H80NO11P	[M+H-H2O]+	/resources/tools/chemdb_ontology?abbrev=PC 36:4;O3
812.54203	812.5412	.0008	PS 36:1	C42H80NO10PNa	[M+Na]+	/resources/tools/chemdb_ontology?abbrev=PS 36:1
812.54203	812.5436	.0016	PG 38:6	C44H75O10P	[M+NH4]+	/resources/tools/chemdb_ontology?abbrev=PG 38:6
461.2837	461.2898	.0061	ST 27:4;O6	C27H40O6	[M+H]+	/resources/tools/chemdb_ontology?abbrev=ST 27:4;O6
461.2837	461.2832	.0005	PG 44:7	C50H85O10PNa2	[M+2Na]2+	/resources/tools/chemdb_ontology?abbrev=PG 44:7
514.34264	514.3374	.0052	ST 21:0;O2;GlcA	C27H44O8	[M+NH4]+	/resources/tools/chemdb_ontology?abbrev=ST 21:0;O2;GlcA
514.34264	514.3374	.0052	ST 27:2;O8	C27H44O8	[M+NH4]+	/resources/tools/chemdb_ontology?abbrev=ST 27:2;O8
514.34264	514.3503	.0077	LPG O-18:1	C24H49O8P	[M+NH4]+	/resources/tools/chemdb_ontology?abbrev=LPG O-18:1
790.55767	790.5593	.0016	PS 36:1	C42H80NO10P	[M+H]+	/resources/tools/chemdb_ontology?abbrev=PS 36:1
790.55767	790.5593	.0016	IPC 36:1;O2	C42H82NO11P	[M+H-H2O]+	/resources/tools/chemdb_ontology?abbrev=IPC 36:1;O2
790.55767	790.5497	.0079	SHexCer 36:1;O2	C42H81NO11S	[M+H-H2O]+	/resources/tools/chemdb_ontology?abbrev=SHexCer 36:1;O2
790.55767	790.5593	.0016	PG 36:3	C42H77O10P	[M+NH4]+	/resources/tools/chemdb_ontology?abbrev=PG 36:3
583.46086	583.4697	.0088	FAHFA 36:3;O	C36H64O4Na	[M+Na]+	/resources/tools/chemdb_ontology?abbrev=FAHFA 36:3;O
583.46086	583.4673	.0064	FAHFA 34:0;O	C34H66O4Na2	[M+2Na-H]+	/resources/tools/chemdb_ontology?abbrev=FAHFA 34:0;O
512.33796	512.3347	.0033	LPS O-18:0	C24H50NO8P	[M+H]+	/resources/tools/chemdb_ontology?abbrev=LPS O-18:0
512.33796	512.3370	.0009	ST 31:7;O5	C31H42O5	[M+NH4]+	/resources/tools/chemdb_ontology?abbrev=ST 31:7;O5
463.28108	463.2819	.0008	LPA 20:2	C23H43O7P	[M+H]+	/resources/tools/chemdb_ontology?abbrev=LPA 20:2
463.28108	463.2819	.0008	PA 20:0	C23H45O8P	[M+H-H2O]+	/resources/tools/chemdb_ontology?abbrev=PA 20:0
463.28108	463.2819	.0008	TG 53:14;O2	C56H80O8Na2	[M+2Na]2+	/resources/tools/chemdb_ontology?abbrev=TG 53:14;O2
463.28108	463.2795	.0016	FA 26:5;O2	C26H42O4Na2	[M+2Na-H]+	/resources/tools/chemdb_ontology?abbrev=FA 26:5;O2
463.28108	463.2795	.0016	MG O-23:6;O	C26H42O4Na2	[M+2Na-H]+	/resources/tools/chemdb_ontology?abbrev=MG O-23:6;O
463.28108	463.2795	.0016	ST 26:2;O4	C26H42O4Na2	[M+2Na-H]+	/resources/tools/chemdb_ontology?abbrev=ST 26:2;O4
455.28853	455.2792	.0093	ST 28:6;O5	C28H38O5	[M+H]+	/resources/tools/chemdb_ontology?abbrev=ST 28:6;O5
455.28853	455.2881	.0005	LPE 15:1	C20H40NO7P	[M+NH4]+	/resources/tools/chemdb_ontology?abbrev=LPE 15:1
455.28853	455.2881	.0005	PC O-12:1	C20H40NO7P	[M+NH4]+	/resources/tools/chemdb_ontology?abbrev=PC O-12:1
455.28853	455.2896	.0011	FA 28:7	C28H42O2Na2	[M+2Na-H]+	/resources/tools/chemdb_ontology?abbrev=FA 28:7
457.28452	457.2924	.0079	ST 26:2;O5	C26H42O5Na	[M+Na]+	/resources/tools/chemdb_ontology?abbrev=ST 26:2;O5
453.2877	453.2976	.0099	LPA 19:0	C22H45O7P	[M+H]+	/resources/tools/chemdb_ontology?abbrev=LPA 19:0
453.2877	453.2976	.0099	LPG O-16:0	C22H47O8P	[M+H-H2O]+	/resources/tools/chemdb_ontology?abbrev=LPG O-16:0
453.2877	453.2975	.0098	ST 27:3;O4	C27H42O4Na	[M+Na]+	/resources/tools/chemdb_ontology?abbrev=ST 27:3;O4
453.2877	453.2975	.0098	ST 28:2;O4	C27H42O4Na	[M+Na]+	/resources/tools/chemdb_ontology?abbrev=ST 28:2;O4
460.28279	460.2822	.0005	LPE 18:2	C23H44NO7P	[M+H-H2O]+	/resources/tools/chemdb_ontology?abbrev=LPE 18:2
460.28279	460.2798	.0029	LPE O-16:1	C21H44NO6PNa	[M+Na]+	/resources/tools/chemdb_ontology?abbrev=LPE O-16:1
460.28279	460.2860	.0032	PI O-38:3	C47H87O12PNa2	[M+2Na]2+	/resources/tools/chemdb_ontology?abbrev=PI O-38:3
748.51137	748.5123	.0009	PS 33:1	C39H74NO10P	[M+H]+	/resources/tools/chemdb_ontology?abbrev=PS 33:1
748.51137	748.5123	.0009	PG 33:3	C39H71O10P	[M+NH4]+	/resources/tools/chemdb_ontology?abbrev=PG 33:3
770.49596	770.4967	.0007	PS 35:4	C41H72NO10P	[M+H]+	/resources/tools/chemdb_ontology?abbrev=PS 35:4
770.49596	770.4943	.0017	PS 33:1	C39H74NO10PNa	[M+Na]+	/resources/tools/chemdb_ontology?abbrev=PS 33:1
770.49596	770.4967	.0007	PG 35:6	C41H69O10P	[M+NH4]+	/resources/tools/chemdb_ontology?abbrev=PG 35:6
462.2821	462.2858	.0037	PI 41:7	C50H83O13P	[M+2H]2+	/resources/tools/chemdb_ontology?abbrev=PI 41:7
462.2821	462.2834	.0013	PI 37:1	C46H87O13PNa2	[M+2Na]2+	/resources/tools/chemdb_ontology?abbrev=PI 37:1
816.57256	816.5749	.0023	PS 38:2	C44H82NO10P	[M+H]+	/resources/tools/chemdb_ontology?abbrev=PS 38:2
816.57256	816.5749	.0023	PG 38:4	C44H79O10P	[M+NH4]+	/resources/tools/chemdb_ontology?abbrev=PG 38:4
458.28681	458.2853	.0015	CAR 16:1;O	C23H43NO5Na2	[M+2Na-H]+	/resources/tools/chemdb_ontology?abbrev=CAR 16:1;O
806.56338	806.5624	.0010	Hex2Cer 30:1;O2	C42H79NO13	[M+H]+	/resources/tools/chemdb_ontology?abbrev=Hex2Cer 30:1;O2
806.56338	806.5694	.0060	PC 38:6	C46H80NO8P	[M+H]+	/resources/tools/chemdb_ontology?abbrev=PC 38:6
806.56338	806.5694	.0060	PE 41:6	C46H80NO8P	[M+H]+	/resources/tools/chemdb_ontology?abbrev=PE 41:6
806.56338	806.5694	.0060	PS O-40:5	C46H82NO9P	[M+H-H2O]+	/resources/tools/chemdb_ontology?abbrev=PS O-40:5
806.56338	806.5670	.0036	PC 36:3	C44H82NO8PNa	[M+Na]+	/resources/tools/chemdb_ontology?abbrev=PC 36:3
806.56338	806.5670	.0036	PE 39:3	C44H82NO8PNa	[M+Na]+	/resources/tools/chemdb_ontology?abbrev=PE 39:3
806.56338	806.5646	.0012	PC 34:0	C42H84NO8PNa2	[M+2Na-H]+	/resources/tools/chemdb_ontology?abbrev=PC 34:0
806.56338	806.5646	.0012	PE 37:0	C42H84NO8PNa2	[M+2Na-H]+	/resources/tools/chemdb_ontology?abbrev=PE 37:0
695.51804	695.5221	.0041	PG O-31:0	C37H75O9P	[M+H]+	/resources/tools/chemdb_ontology?abbrev=PG O-31:0
695.51804	695.5098	.0082	CerPE 35:2;O2	C37H73N2O6PNa	[M+Na]+	/resources/tools/chemdb_ontology?abbrev=CerPE 35:2;O2
695.51804	695.5098	.0082	SM 32:2;O2	C37H73N2O6PNa	[M+Na]+	/resources/tools/chemdb_ontology?abbrev=SM 32:2;O2
642.49292	642.4939	.0010	HexCer 30:2;O2	C36H67NO8	[M+H]+	/resources/tools/chemdb_ontology?abbrev=HexCer 30:2;O2
642.49292	642.4857	.0072	PE O-31:2	C36H70NO7P	[M+H-H2O]+	/resources/tools/chemdb_ontology?abbrev=PE O-31:2
642.49292	642.4833	.0096	CerP 34:0;O2	C34H70NO6PNa	[M+Na]+	/resources/tools/chemdb_ontology?abbrev=CerP 34:0;O2
269.24724	269.2475	.0003	FA 17:1	C17H32O2	[M+H]+	/resources/tools/chemdb_ontology?abbrev=FA 17:1
269.24724	269.2475	.0003	SFE 17:1	C17H32O2	[M+H]+	/resources/tools/chemdb_ontology?abbrev=SFE 17:1
269.24724	269.2475	.0003	FA 17:0;O	C17H34O3	[M+H-H2O]+	/resources/tools/chemdb_ontology?abbrev=FA 17:0;O
269.24724	269.2475	.0003	FAHFA 34:1;O	C34H64O4	[M+2H]2+	/resources/tools/chemdb_ontology?abbrev=FAHFA 34:1;O
770.53165	770.5330	.0014	PS O-36:4	C42H76NO9P	[M+H]+	/resources/tools/chemdb_ontology?abbrev=PS O-36:4
770.53165	770.5330	.0014	PS 36:2	C42H78NO10P	[M+H-H2O]+	/resources/tools/chemdb_ontology?abbrev=PS 36:2
770.53165	770.5306	.0010	PS O-34:1	C40H78NO9PNa	[M+Na]+	/resources/tools/chemdb_ontology?abbrev=PS O-34:1
770.53165	770.5330	.0014	PG O-36:6	C42H73O9P	[M+NH4]+	/resources/tools/chemdb_ontology?abbrev=PG O-36:6
637.4669	637.4591	.0078	PA O-34:4	C37H67O7P	[M+H-H2O]+	/resources/tools/chemdb_ontology?abbrev=PA O-34:4
683.52006	683.5122	.0078	CerPE 36:3;O3	C38H73N2O7P	[M+H-H2O]+	/resources/tools/chemdb_ontology?abbrev=CerPE 36:3;O3
836.54125	836.5436	.0024	PS 40:6	C46H78NO10P	[M+H]+	/resources/tools/chemdb_ontology?abbrev=PS 40:6
836.54125	836.5412	.0000	PS 38:3	C44H80NO10PNa	[M+Na]+	/resources/tools/chemdb_ontology?abbrev=PS 38:3
836.54125	836.5436	.0024	PG 40:8	C46H75O10P	[M+NH4]+	/resources/tools/chemdb_ontology?abbrev=PG 40:8
836.54125	836.5388	.0025	PS 36:0	C42H82NO10PNa2	[M+2Na-H]+	/resources/tools/chemdb_ontology?abbrev=PS 36:0
696.52106	696.5302	.0092	CerP 38:1;O2	C38H76NO6PNa	[M+Na]+	/resources/tools/chemdb_ontology?abbrev=CerP 38:1;O2
696.52106	696.5174	.0037	PG O-30:1	C36H71O9P	[M+NH4]+	/resources/tools/chemdb_ontology?abbrev=PG O-30:1
674.28582	674.2912	.0054	PS 23:3;O3	C29H50NO13PNa	[M+Na]+	/resources/tools/chemdb_ontology?abbrev=PS 23:3;O3
474.38969	474.3942	.0045	ST 30:3;O3	C30H48O3	[M+NH4]+	/resources/tools/chemdb_ontology?abbrev=ST 30:3;O3
483.35765	483.3557	.0019	LPC O-15:1	C23H48NO6P	[M+NH4]+	/resources/tools/chemdb_ontology?abbrev=LPC O-15:1
483.35765	483.3557	.0019	LPE O-18:1	C23H48NO6P	[M+NH4]+	/resources/tools/chemdb_ontology?abbrev=LPE O-18:1
483.35765	483.3563	.0014	PI 43:0	C52H101O13P	[M+2H]2+	/resources/tools/chemdb_ontology?abbrev=PI 43:0
483.35765	483.3573	.0003	ST 31:3;O	C31H50ONa2	[M+2Na-H]+	/resources/tools/chemdb_ontology?abbrev=ST 31:3;O
449.33669	449.3390	.0023	ST 29:3;O2	C29H46O2Na	[M+Na]+	/resources/tools/chemdb_ontology?abbrev=ST 29:3;O2
449.33669	449.3366	.0001	FA 27:3	C27H48O2Na2	[M+2Na-H]+	/resources/tools/chemdb_ontology?abbrev=FA 27:3
449.33669	449.3366	.0001	ST 27:0;O2	C27H48O2Na2	[M+2Na-H]+	/resources/tools/chemdb_ontology?abbrev=ST 27:0;O2
449.33669	449.3366	.0001	WE 27:3	C27H48O2Na2	[M+2Na-H]+	/resources/tools/chemdb_ontology?abbrev=WE 27:3
391.28371	391.2843	.0006	ST 24:2;O4	C24H38O4	[M+H]+	/resources/tools/chemdb_ontology?abbrev=ST 24:2;O4
391.28371	391.2843	.0006	ST 24:1;O5	C24H40O5	[M+H-H2O]+	/resources/tools/chemdb_ontology?abbrev=ST 24:1;O5
391.28371	391.2819	.0018	WE 22:2;O2	C22H40O4Na	[M+Na]+	/resources/tools/chemdb_ontology?abbrev=WE 22:2;O2
391.28371	391.2803	.0035	CAR 12:1;O2	C19H35NO6	[M+NH4]+	/resources/tools/chemdb_ontology?abbrev=CAR 12:1;O2
391.28371	391.2795	.0042	MG O-17:0;O	C20H42O4Na2	[M+2Na-H]+	/resources/tools/chemdb_ontology?abbrev=MG O-17:0;O
676.30067	676.3068	.0062	PS 23:2;O3	C29H52NO13PNa	[M+Na]+	/resources/tools/chemdb_ontology?abbrev=PS 23:2;O3
467.38376	467.3859	.0022	FA 30:4	C30H52O2Na	[M+Na]+	/resources/tools/chemdb_ontology?abbrev=FA 30:4
467.38376	467.3859	.0022	ST 30:1;O2	C30H52O2Na	[M+Na]+	/resources/tools/chemdb_ontology?abbrev=ST 30:1;O2
467.38376	467.3835	.0002	FA 28:1	C28H54O2Na2	[M+2Na-H]+	/resources/tools/chemdb_ontology?abbrev=FA 28:1
467.38376	467.3835	.0002	WE 28:1	C28H54O2Na2	[M+2Na-H]+	/resources/tools/chemdb_ontology?abbrev=WE 28:1
425.30477	425.3050	.0002	ST 28:5;O3	C28H40O3	[M+H]+	/resources/tools/chemdb_ontology?abbrev=ST 28:5;O3
425.30477	425.3026	.0021	LPA O-18:0	C21H45O6P	[M+H]+	/resources/tools/chemdb_ontology?abbrev=LPA O-18:0
425.30477	425.3026	.0022	FA 26:5;O	C26H42O3Na	[M+Na]+	/resources/tools/chemdb_ontology?abbrev=FA 26:5;O
425.30477	425.3026	.0022	ST 26:2;O3	C26H42O3Na	[M+Na]+	/resources/tools/chemdb_ontology?abbrev=ST 26:2;O3
425.30477	425.3026	.0022	TG 49:8	C52H84O6Na2	[M+2Na]2+	/resources/tools/chemdb_ontology?abbrev=TG 49:8
425.30477	425.3014	.0033	PG O-39:1	C45H89O9PNa2	[M+2Na]2+	/resources/tools/chemdb_ontology?abbrev=PG O-39:1
425.30477	425.3002	.0046	FA 24:2;O	C24H44O3Na2	[M+2Na-H]+	/resources/tools/chemdb_ontology?abbrev=FA 24:2;O
631.50133	631.5061	.0048	PA O-33:0	C36H73O7P	[M+H-H2O]+	/resources/tools/chemdb_ontology?abbrev=PA O-33:0
658.29088	658.2963	.0054	PS 23:3;O2	C29H50NO12PNa	[M+Na]+	/resources/tools/chemdb_ontology?abbrev=PS 23:3;O2
712.48981	712.4912	.0014	PC 31:4	C39H70NO8P	[M+H]+	/resources/tools/chemdb_ontology?abbrev=PC 31:4
712.48981	712.4912	.0014	PE 34:4	C39H70NO8P	[M+H]+	/resources/tools/chemdb_ontology?abbrev=PE 34:4
712.48981	712.4912	.0014	PS O-33:3	C39H72NO9P	[M+H-H2O]+	/resources/tools/chemdb_ontology?abbrev=PS O-33:3
712.48981	712.4888	.0010	PC 29:1	C37H72NO8PNa	[M+Na]+	/resources/tools/chemdb_ontology?abbrev=PC 29:1
712.48981	712.4888	.0010	PE 32:1	C37H72NO8PNa	[M+Na]+	/resources/tools/chemdb_ontology?abbrev=PE 32:1
712.48981	712.4912	.0014	PA 36:5	C39H67O8P	[M+NH4]+	/resources/tools/chemdb_ontology?abbrev=PA 36:5
507.41516	507.4190	.0038	NAT 25:0	C27H55NO4S	[M+NH4]+	/resources/tools/chemdb_ontology?abbrev=NAT 25:0
507.41516	507.4148	.0003	FA 31:2	C31H58O2Na2	[M+2Na-H]+	/resources/tools/chemdb_ontology?abbrev=FA 31:2
571.42782	571.4333	.0055	DG 31:3	C34H60O5Na	[M+Na]+	/resources/tools/chemdb_ontology?abbrev=DG 31:3
571.42782	571.4309	.0031	DG 29:0	C32H62O5Na2	[M+2Na-H]+	/resources/tools/chemdb_ontology?abbrev=DG 29:0
452.31305	452.3135	.0005	LPC O-14:1	C22H46NO6P	[M+H]+	/resources/tools/chemdb_ontology?abbrev=LPC O-14:1
452.31305	452.3135	.0005	LPE O-17:0;O	C22H48NO7P	[M+H-H2O]+	/resources/tools/chemdb_ontology?abbrev=LPE O-17:0;O
775.53004	775.5272	.0028	PA 42:7	C45H75O8P	[M+H]+	/resources/tools/chemdb_ontology?abbrev=PA 42:7
775.53004	775.5355	.0054	MGDG 36:6	C45H74O10	[M+H]+	/resources/tools/chemdb_ontology?abbrev=MGDG 36:6
775.53004	775.5248	.0052	PA 40:4	C43H77O8PNa	[M+Na]+	/resources/tools/chemdb_ontology?abbrev=PA 40:4
775.53004	775.5232	.0068	PS 34:3	C40H72NO10P	[M+NH4]+	/resources/tools/chemdb_ontology?abbrev=PS 34:3
775.53004	775.5337	.0036	CerPE 38:2;O3	C40H79N2O7PNa2	[M+2Na-H]+	/resources/tools/chemdb_ontology?abbrev=CerPE 38:2;O3
775.53004	775.5224	.0076	PA 38:1	C41H79O8PNa2	[M+2Na-H]+	/resources/tools/chemdb_ontology?abbrev=PA 38:1
679.36179	679.3565	.0053	PS 25:4;O2	C31H52NO12P	[M+NH4]+	/resources/tools/chemdb_ontology?abbrev=PS 25:4;O2
696.26772	696.2731	.0054	PS 23:3;O3	C29H50NO13PNa2	[M+2Na-H]+	/resources/tools/chemdb_ontology?abbrev=PS 23:3;O3
855.5382	855.5382	.0000	PI 37:4	C46H81O13P	[M+H-H2O]+	/resources/tools/chemdb_ontology?abbrev=PI 37:4
855.5382	855.5358	.0024	PI O-35:3	C44H81O12PNa	[M+Na]+	/resources/tools/chemdb_ontology?abbrev=PI O-35:3
855.5382	855.5334	.0048	PI O-33:0	C42H83O12PNa2	[M+2Na-H]+	/resources/tools/chemdb_ontology?abbrev=PI O-33:0
814.55797	814.5593	.0013	PS 38:3	C44H80NO10P	[M+H]+	/resources/tools/chemdb_ontology?abbrev=PS 38:3
814.55797	814.5593	.0013	PC 36:3;O3	C44H82NO11P	[M+H-H2O]+	/resources/tools/chemdb_ontology?abbrev=PC 36:3;O3
814.55797	814.5569	.0011	PS 36:0	C42H82NO10PNa	[M+Na]+	/resources/tools/chemdb_ontology?abbrev=PS 36:0
814.55797	814.5593	.0013	PG 38:5	C44H77O10P	[M+NH4]+	/resources/tools/chemdb_ontology?abbrev=PG 38:5
836.53971	836.5436	.0039	PS 40:6	C46H78NO10P	[M+H]+	/resources/tools/chemdb_ontology?abbrev=PS 40:6
836.53971	836.5412	.0015	PS 38:3	C44H80NO10PNa	[M+Na]+	/resources/tools/chemdb_ontology?abbrev=PS 38:3
836.53971	836.5436	.0039	PG 40:8	C46H75O10P	[M+NH4]+	/resources/tools/chemdb_ontology?abbrev=PG 40:8
836.53971	836.5388	.0009	PS 36:0	C42H82NO10PNa2	[M+2Na-H]+	/resources/tools/chemdb_ontology?abbrev=PS 36:0
774.52636	774.5280	.0016	PS 35:2	C41H76NO10P	[M+H]+	/resources/tools/chemdb_ontology?abbrev=PS 35:2
774.52636	774.5280	.0016	PG 35:4	C41H73O10P	[M+NH4]+	/resources/tools/chemdb_ontology?abbrev=PG 35:4
815.56094	815.5545	.0064	PS 37:4	C43H76NO10P	[M+NH4]+	/resources/tools/chemdb_ontology?abbrev=PS 37:4
815.56094	815.5537	.0072	PA 41:2	C44H83O8PNa2	[M+2Na-H]+	/resources/tools/chemdb_ontology?abbrev=PA 41:2
371.31494	371.3156	.0006	FA 22:1;O2	C22H42O4	[M+H]+	/resources/tools/chemdb_ontology?abbrev=FA 22:1;O2
832.57892	832.5851	.0062	PC 40:7	C48H82NO8P	[M+H]+	/resources/tools/chemdb_ontology?abbrev=PC 40:7
832.57892	832.5698	.0091	PC 36:3;O3	C44H82NO11P	[M+H]+	/resources/tools/chemdb_ontology?abbrev=PC 36:3;O3
832.57892	832.5851	.0062	PS O-42:6	C48H84NO9P	[M+H-H2O]+	/resources/tools/chemdb_ontology?abbrev=PS O-42:6
832.57892	832.5827	.0038	PC 38:4	C46H84NO8PNa	[M+Na]+	/resources/tools/chemdb_ontology?abbrev=PC 38:4
832.57892	832.5827	.0038	PE 41:4	C46H84NO8PNa	[M+Na]+	/resources/tools/chemdb_ontology?abbrev=PE 41:4
832.57892	832.5803	.0013	PC 36:1	C44H86NO8PNa2	[M+2Na-H]+	/resources/tools/chemdb_ontology?abbrev=PC 36:1
832.57892	832.5803	.0013	PE 39:1	C44H86NO8PNa2	[M+2Na-H]+	/resources/tools/chemdb_ontology?abbrev=PE 39:1
832.57892	832.5885	.0096	HexCer 38:1;O4	C44H85NO10Na2	[M+2Na-H]+	/resources/tools/chemdb_ontology?abbrev=HexCer 38:1;O4
728.48509	728.4861	.0010	PS 33:2	C39H72NO10P	[M+H-H2O]+	/resources/tools/chemdb_ontology?abbrev=PS 33:2
728.48509	728.4837	.0014	PS O-31:1	C37H72NO9PNa	[M+Na]+	/resources/tools/chemdb_ontology?abbrev=PS O-31:1
408.38485	408.3836	.0013	FA 26:3	C26H46O2	[M+NH4]+	/resources/tools/chemdb_ontology?abbrev=FA 26:3
408.38485	408.3836	.0013	WE 26:3	C26H46O2	[M+NH4]+	/resources/tools/chemdb_ontology?abbrev=WE 26:3
788.54602	788.5436	.0024	PS 36:2	C42H78NO10P	[M+H]+	/resources/tools/chemdb_ontology?abbrev=PS 36:2
788.54602	788.5518	.0058	Hex2Cer 30:1;O2	C42H79NO13	[M+H-H2O]+	/resources/tools/chemdb_ontology?abbrev=Hex2Cer 30:1;O2
788.54602	788.5436	.0024	PG 36:4	C42H75O10P	[M+NH4]+	/resources/tools/chemdb_ontology?abbrev=PG 36:4
788.54602	788.5541	.0080	PC O-34:2	C42H82NO7PNa2	[M+2Na-H]+	/resources/tools/chemdb_ontology?abbrev=PC O-34:2
788.54602	788.5541	.0080	PE O-37:2	C42H82NO7PNa2	[M+2Na-H]+	/resources/tools/chemdb_ontology?abbrev=PE O-37:2
784.66646	784.6661	.0004	HexCer 40:1;O2	C46H89NO8	[M+H]+	/resources/tools/chemdb_ontology?abbrev=HexCer 40:1;O2
784.66646	784.6578	.0086	PC O-38:1	C46H92NO7P	[M+H-H2O]+	/resources/tools/chemdb_ontology?abbrev=PC O-38:1
784.66646	784.6578	.0086	PE O-41:1	C46H92NO7P	[M+H-H2O]+	/resources/tools/chemdb_ontology?abbrev=PE O-41:1
772.51153	772.5123	.0008	PS 35:3	C41H74NO10P	[M+H]+	/resources/tools/chemdb_ontology?abbrev=PS 35:3
772.51153	772.5099	.0016	PS 33:0	C39H76NO10PNa	[M+Na]+	/resources/tools/chemdb_ontology?abbrev=PS 33:0
772.51153	772.5123	.0008	PG 35:5	C41H71O10P	[M+NH4]+	/resources/tools/chemdb_ontology?abbrev=PG 35:5
786.53746	786.5280	.0095	PS 36:3	C42H76NO10P	[M+H]+	/resources/tools/chemdb_ontology?abbrev=PS 36:3
786.53746	786.5432	.0058	PC 38:7	C46H78NO8P	[M+H-H2O]+	/resources/tools/chemdb_ontology?abbrev=PC 38:7
786.53746	786.5432	.0058	PE 41:7	C46H78NO8P	[M+H-H2O]+	/resources/tools/chemdb_ontology?abbrev=PE 41:7
786.53746	786.5408	.0033	PC O-36:6	C44H78NO7PNa	[M+Na]+	/resources/tools/chemdb_ontology?abbrev=PC O-36:6
786.53746	786.5280	.0095	PG 36:5	C42H73O10P	[M+NH4]+	/resources/tools/chemdb_ontology?abbrev=PG 36:5
786.53746	786.5384	.0009	PC O-34:3	C42H80NO7PNa2	[M+2Na-H]+	/resources/tools/chemdb_ontology?abbrev=PC O-34:3
786.53746	786.5384	.0009	PE O-37:3	C42H80NO7PNa2	[M+2Na-H]+	/resources/tools/chemdb_ontology?abbrev=PE O-37:3
786.53746	786.5466	.0092	HexCer 36:2;O3	C42H79NO9Na2	[M+2Na-H]+	/resources/tools/chemdb_ontology?abbrev=HexCer 36:2;O3
748.51102	748.5123	.0013	PS 33:1	C39H74NO10P	[M+H]+	/resources/tools/chemdb_ontology?abbrev=PS 33:1
748.51102	748.5123	.0013	PG 33:3	C39H71O10P	[M+NH4]+	/resources/tools/chemdb_ontology?abbrev=PG 33:3
359.31554	359.3156	.0000	MG 18:0	C21H42O4	[M+H]+	/resources/tools/chemdb_ontology?abbrev=MG 18:0
359.31554	359.3156	.0000	MG O-18:1;O	C21H42O4	[M+H]+	/resources/tools/chemdb_ontology?abbrev=MG O-18:1;O
401.34102	401.3414	.0004	ST 27:2;O2	C27H44O2	[M+H]+	/resources/tools/chemdb_ontology?abbrev=ST 27:2;O2
401.34102	401.3414	.0004	ST 27:1;O3	C27H46O3	[M+H-H2O]+	/resources/tools/chemdb_ontology?abbrev=ST 27:1;O3
401.34102	401.3390	.0020	FA 25:2	C25H46O2Na	[M+Na]+	/resources/tools/chemdb_ontology?abbrev=FA 25:2
401.34102	401.3458	.0048	SM 41:1;O2	C46H93N2O6P	[M+2H]2+	/resources/tools/chemdb_ontology?abbrev=SM 41:1;O2
527.40154	527.4071	.0055	FAHFA 32:3;O	C32H56O4Na	[M+Na]+	/resources/tools/chemdb_ontology?abbrev=FAHFA 32:3;O
527.40154	527.4047	.0031	FA 30:1;O2	C30H58O4Na2	[M+2Na-H]+	/resources/tools/chemdb_ontology?abbrev=FA 30:1;O2
341.30521	341.3050	.0002	FA 21:1;O	C21H40O3	[M+H]+	/resources/tools/chemdb_ontology?abbrev=FA 21:1;O
341.30521	341.3050	.0002	MG 18:0	C21H42O4	[M+H-H2O]+	/resources/tools/chemdb_ontology?abbrev=MG 18:0
341.30521	341.3050	.0002	MG O-18:1;O	C21H42O4	[M+H-H2O]+	/resources/tools/chemdb_ontology?abbrev=MG O-18:1;O
341.30521	341.3050	.0002	TG 39:0	C42H80O6	[M+2H]2+	/resources/tools/chemdb_ontology?abbrev=TG 39:0
667.57218	667.5660	.0062	DG 41:5	C44H76O5	[M+H-H2O]+	/resources/tools/chemdb_ontology?abbrev=DG 41:5
415.28452	415.2819	.0026	ST 24:1;O4	C24H40O4Na	[M+Na]+	/resources/tools/chemdb_ontology?abbrev=ST 24:1;O4
415.28452	415.2931	.0086	SPBP 18:0;O3	C18H40NO6P	[M+NH4]+	/resources/tools/chemdb_ontology?abbrev=SPBP 18:0;O3
415.28452	415.2883	.0038	PA 42:2	C45H85O8PNa2	[M+2Na]2+	/resources/tools/chemdb_ontology?abbrev=PA 42:2
415.28452	415.2795	.0051	FA 22:1;O2	C22H42O4Na2	[M+2Na-H]+	/resources/tools/chemdb_ontology?abbrev=FA 22:1;O2
101.02352	101.0233	.0002	FA 4:1;O2	C4H6O4	[M+H-H2O]+	/resources/tools/chemdb_ontology?abbrev=FA 4:1;O2
101.02352	101.0233	.0002	FA 8:4;O4	C8H8O6	[M+2H]2+	/resources/tools/chemdb_ontology?abbrev=FA 8:4;O4
119.03421	119.0339	.0003	FA 4:1;O2	C4H6O4	[M+H]+	/resources/tools/chemdb_ontology?abbrev=FA 4:1;O2
437.26656	437.2663	.0003	LPA 18:1	C21H41O7P	[M+H]+	/resources/tools/chemdb_ontology?abbrev=LPA 18:1
437.26656	437.2686	.0021	ST 28:6;O5	C28H38O5	[M+H-H2O]+	/resources/tools/chemdb_ontology?abbrev=ST 28:6;O5
437.26656	437.2686	.0021	TG 53:18;O2	C56H72O8	[M+2H]2+	/resources/tools/chemdb_ontology?abbrev=TG 53:18;O2
437.26656	437.2638	.0027	ST 24:1;O4	C24H40O4Na2	[M+2Na-H]+	/resources/tools/chemdb_ontology?abbrev=ST 24:1;O4
223.06305	223.0705	.0075	SFE 11:4	C11H14O2Na2	[M+2Na-H]+	/resources/tools/chemdb_ontology?abbrev=SFE 11:4
732.39214	732.3823	.0098	PE 30:4;O2	C35H62NO10PNa2	[M+2Na-H]+	/resources/tools/chemdb_ontology?abbrev=PE 30:4;O2
267.1596	267.1567	.0029	FA 13:1;O2	C13H24O4Na	[M+Na]+	/resources/tools/chemdb_ontology?abbrev=FA 13:1;O2
267.1596	267.1591	.0005	ST 30:5;O8	C30H44O8	[M+2H]2+	/resources/tools/chemdb_ontology?abbrev=ST 30:5;O8
267.1596	267.1608	.0012	ST 27:0;O5;S	C27H48O8S	[M+2H]2+	/resources/tools/chemdb_ontology?abbrev=ST 27:0;O5;S
267.1596	267.1643	.0047	ST 30:3;O5	C30H48O5Na2	[M+2Na]2+	/resources/tools/chemdb_ontology?abbrev=ST 30:3;O5
473.33753	473.3350	.0025	LPE O-16:0;O	C21H46NO7P	[M+NH4]+	/resources/tools/chemdb_ontology?abbrev=LPE O-16:0;O
473.33753	473.3366	.0009	ST 29:2;O2	C29H48O2Na2	[M+2Na-H]+	/resources/tools/chemdb_ontology?abbrev=ST 29:2;O2
851.5443	851.5433	.0010	PI O-38:6	C47H81O12P	[M+H-H2O]+	/resources/tools/chemdb_ontology?abbrev=PI O-38:6
851.5443	851.5537	.0094	PA 44:5	C47H83O8PNa2	[M+2Na-H]+	/resources/tools/chemdb_ontology?abbrev=PA 44:5
439.27317	439.2819	.0087	LPA 18:0	C21H43O7P	[M+H]+	/resources/tools/chemdb_ontology?abbrev=LPA 18:0
439.27317	439.2795	.0063	ST 24:0;O4	C24H42O4Na2	[M+2Na-H]+	/resources/tools/chemdb_ontology?abbrev=ST 24:0;O4
698.28284	698.2888	.0060	PS 23:2;O3	C29H52NO13PNa2	[M+2Na-H]+	/resources/tools/chemdb_ontology?abbrev=PS 23:2;O3
812.48752	812.4861	.0014	PS 40:9	C46H72NO10P	[M+H-H2O]+	/resources/tools/chemdb_ontology?abbrev=PS 40:9
812.48752	812.4813	.0062	PS O-36:5	C42H74NO9PNa2	[M+2Na-H]+	/resources/tools/chemdb_ontology?abbrev=PS O-36:5
478.17644	478.1813	.0048	PS 12:0	C18H34NO10PNa	[M+Na]+	/resources/tools/chemdb_ontology?abbrev=PS 12:0
534.36534	534.3554	.0099	LPE 22:2	C27H52NO7P	[M+H]+	/resources/tools/chemdb_ontology?abbrev=LPE 22:2
534.36534	534.3554	.0099	PC 19:0	C27H54NO8P	[M+H-H2O]+	/resources/tools/chemdb_ontology?abbrev=PC 19:0
534.36534	534.3637	.0017	ST 27:0;O9	C27H48O9	[M+NH4]+	/resources/tools/chemdb_ontology?abbrev=ST 27:0;O9
534.36534	534.3563	.0090	NAT 25:0	C27H55NO4SNa2	[M+2Na-H]+	/resources/tools/chemdb_ontology?abbrev=NAT 25:0
483.37589	483.3833	.0074	FA 32:6;O2	C32H52O4	[M+H-H2O]+	/resources/tools/chemdb_ontology?abbrev=FA 32:6;O2
483.37589	483.3809	.0050	TG 57:6	C60H104O6Na2	[M+2Na]2+	/resources/tools/chemdb_ontology?abbrev=TG 57:6
483.37589	483.3785	.0026	FA 28:1;O	C28H54O3Na2	[M+2Na-H]+	/resources/tools/chemdb_ontology?abbrev=FA 28:1;O
830.56425	830.5694	.0052	PC 40:8	C48H80NO8P	[M+H]+	/resources/tools/chemdb_ontology?abbrev=PC 40:8
830.56425	830.5694	.0052	PS O-42:7	C48H82NO9P	[M+H-H2O]+	/resources/tools/chemdb_ontology?abbrev=PS O-42:7
830.56425	830.5670	.0028	PC 38:5	C46H82NO8PNa	[M+Na]+	/resources/tools/chemdb_ontology?abbrev=PC 38:5
830.56425	830.5670	.0028	PE 41:5	C46H82NO8PNa	[M+Na]+	/resources/tools/chemdb_ontology?abbrev=PE 41:5
830.56425	830.5646	.0004	PC 36:2	C44H84NO8PNa2	[M+2Na-H]+	/resources/tools/chemdb_ontology?abbrev=PC 36:2
830.56425	830.5646	.0004	PE 39:2	C44H84NO8PNa2	[M+2Na-H]+	/resources/tools/chemdb_ontology?abbrev=PE 39:2
948.71732	948.7263	.0090	IPC 46:0;O3	C52H104NO12P	[M+H-H2O]+	/resources/tools/chemdb_ontology?abbrev=IPC 46:0;O3
855.5381	855.5382	.0001	PI 37:4	C46H81O13P	[M+H-H2O]+	/resources/tools/chemdb_ontology?abbrev=PI 37:4
855.5381	855.5358	.0023	PI O-35:3	C44H81O12PNa	[M+Na]+	/resources/tools/chemdb_ontology?abbrev=PI O-35:3
855.5381	855.5334	.0047	PI O-33:0	C42H83O12PNa2	[M+2Na-H]+	/resources/tools/chemdb_ontology?abbrev=PI O-33:0
696.26761	696.2731	.0055	PS 23:3;O3	C29H50NO13PNa2	[M+2Na-H]+	/resources/tools/chemdb_ontology?abbrev=PS 23:3;O3
490.36677	490.3656	.0012	LPC O-18:1	C26H54NO6P	[M+H-H2O]+	/resources/tools/chemdb_ontology?abbrev=LPC O-18:1
490.36677	490.3641	.0027	PI 44:0	C53H103O13P	[M+2H]2+	/resources/tools/chemdb_ontology?abbrev=PI 44:0
774.56205	774.5643	.0023	PS O-36:2	C42H80NO9P	[M+H]+	/resources/tools/chemdb_ontology?abbrev=PS O-36:2
774.56205	774.5643	.0023	PS 36:0	C42H82NO10P	[M+H-H2O]+	/resources/tools/chemdb_ontology?abbrev=PS 36:0
774.56205	774.5643	.0023	PG O-36:4	C42H77O9P	[M+NH4]+	/resources/tools/chemdb_ontology?abbrev=PG O-36:4
658.29005	658.2963	.0062	PS 23:3;O2	C29H50NO12PNa	[M+Na]+	/resources/tools/chemdb_ontology?abbrev=PS 23:3;O2
338.34155	338.3417	.0002	NAE 20:0	C22H45NO2	[M+H-H2O]+	/resources/tools/chemdb_ontology?abbrev=NAE 20:0
371.37323	371.3672	.0060	ST 27:1	C27H46	[M+H]+	/resources/tools/chemdb_ontology?abbrev=ST 27:1
371.37323	371.3672	.0060	ST 27:0;O	C27H48O	[M+H-H2O]+	/resources/tools/chemdb_ontology?abbrev=ST 27:0;O
904.69119	904.7001	.0089	PS 44:0	C50H98NO10P	[M+H]+	/resources/tools/chemdb_ontology?abbrev=PS 44:0
904.69119	904.7001	.0089	IPC 44:0;O2	C50H100NO11P	[M+H-H2O]+	/resources/tools/chemdb_ontology?abbrev=IPC 44:0;O2
904.69119	904.7001	.0089	PG 44:2	C50H95O10P	[M+NH4]+	/resources/tools/chemdb_ontology?abbrev=PG 44:2
531.3702	531.3656	.0046	ST 30:1;O6	C30H52O6Na	[M+Na]+	/resources/tools/chemdb_ontology?abbrev=ST 30:1;O6
860.66515	860.6739	.0087	PS O-42:1	C48H94NO9P	[M+H]+	/resources/tools/chemdb_ontology?abbrev=PS O-42:1
860.66515	860.6739	.0087	PG O-42:3	C48H91O9P	[M+NH4]+	/resources/tools/chemdb_ontology?abbrev=PG O-42:3
812.48921	812.4861	.0031	PS 40:9	C46H72NO10P	[M+H-H2O]+	/resources/tools/chemdb_ontology?abbrev=PS 40:9
812.48921	812.4813	.0079	PS O-36:5	C42H74NO9PNa2	[M+2Na-H]+	/resources/tools/chemdb_ontology?abbrev=PS O-36:5
364.35718	364.3574	.0002	NAE 22:1	C24H47NO2	[M+H-H2O]+	/resources/tools/chemdb_ontology?abbrev=NAE 22:1
816.63904	816.6477	.0086	PC 38:1	C46H90NO8P	[M+H]+	/resources/tools/chemdb_ontology?abbrev=PC 38:1
816.63904	816.6477	.0086	PE 41:1	C46H90NO8P	[M+H]+	/resources/tools/chemdb_ontology?abbrev=PE 41:1
816.63904	816.6477	.0086	PS O-40:0	C46H92NO9P	[M+H-H2O]+	/resources/tools/chemdb_ontology?abbrev=PS O-40:0
816.63904	816.6477	.0086	PA 43:2	C46H87O8P	[M+NH4]+	/resources/tools/chemdb_ontology?abbrev=PA 43:2
698.28255	698.2888	.0062	PS 23:2;O3	C29H52NO13PNa2	[M+2Na-H]+	/resources/tools/chemdb_ontology?abbrev=PS 23:2;O3
423.41353	423.4197	.0061	FA 28:1	C28H54O2	[M+H]+	/resources/tools/chemdb_ontology?abbrev=FA 28:1
423.41353	423.4197	.0061	WE 28:1	C28H54O2	[M+H]+	/resources/tools/chemdb_ontology?abbrev=WE 28:1
423.41353	423.4197	.0061	FA 28:0;O	C28H56O3	[M+H-H2O]+	/resources/tools/chemdb_ontology?abbrev=FA 28:0;O
521.43057	521.4329	.0023	FA 34:5	C34H58O2Na	[M+Na]+	/resources/tools/chemdb_ontology?abbrev=FA 34:5
521.43057	521.4329	.0023	WE 34:5	C34H58O2Na	[M+Na]+	/resources/tools/chemdb_ontology?abbrev=WE 34:5
521.43057	521.4347	.0041	NAT 26:0	C28H57NO4S	[M+NH4]+	/resources/tools/chemdb_ontology?abbrev=NAT 26:0
521.43057	521.4305	.0001	WE 32:2	C32H60O2Na2	[M+2Na-H]+	/resources/tools/chemdb_ontology?abbrev=WE 32:2
684.52175	684.5174	.0044	PG O-29:0	C35H71O9P	[M+NH4]+	/resources/tools/chemdb_ontology?abbrev=PG O-29:0
674.28534	674.2912	.0059	PS 23:3;O3	C29H50NO13PNa	[M+Na]+	/resources/tools/chemdb_ontology?abbrev=PS 23:3;O3
683.51837	683.5122	.0061	CerPE 36:3;O3	C38H73N2O7P	[M+H-H2O]+	/resources/tools/chemdb_ontology?abbrev=CerPE 36:3;O3
683.51837	683.5098	.0085	CerPE 34:1;O2	C36H73N2O6PNa	[M+Na]+	/resources/tools/chemdb_ontology?abbrev=CerPE 34:1;O2
374.33453	374.3417	.0072	ST 25:2;O	C25H40O	[M+NH4]+	/resources/tools/chemdb_ontology?abbrev=ST 25:2;O
374.33453	374.3265	.0081	FA 21:1;O2	C21H40O4	[M+NH4]+	/resources/tools/chemdb_ontology?abbrev=FA 21:1;O2
374.33453	374.3265	.0081	MG 18:1	C21H40O4	[M+NH4]+	/resources/tools/chemdb_ontology?abbrev=MG 18:1
374.33453	374.3265	.0081	WE 21:1;O2	C21H40O4	[M+NH4]+	/resources/tools/chemdb_ontology?abbrev=WE 21:1;O2
663.42123	663.4232	.0019	PG 28:2	C34H63O10P	[M+H]+	/resources/tools/chemdb_ontology?abbrev=PG 28:2
772.51157	772.5123	.0007	PS 35:3	C41H74NO10P	[M+H]+	/resources/tools/chemdb_ontology?abbrev=PS 35:3
772.51157	772.5099	.0017	PS 33:0	C39H76NO10PNa	[M+Na]+	/resources/tools/chemdb_ontology?abbrev=PS 33:0
772.51157	772.5123	.0007	PG 35:5	C41H71O10P	[M+NH4]+	/resources/tools/chemdb_ontology?abbrev=PG 35:5
417.30056	417.2999	.0006	ST 26:2;O5	C26H42O5	[M+H-H2O]+	/resources/tools/chemdb_ontology?abbrev=ST 26:2;O5
417.30056	417.2975	.0030	ST 24:0;O4	C24H42O4Na	[M+Na]+	/resources/tools/chemdb_ontology?abbrev=ST 24:0;O4
417.30056	417.2959	.0047	CAR 14:2;O2	C21H37NO6	[M+NH4]+	/resources/tools/chemdb_ontology?abbrev=CAR 14:2;O2
417.30056	417.3040	.0034	PA 42:0	C45H89O8PNa2	[M+2Na]2+	/resources/tools/chemdb_ontology?abbrev=PA 42:0
417.30056	417.2951	.0054	FA 22:0;O2	C22H44O4Na2	[M+2Na-H]+	/resources/tools/chemdb_ontology?abbrev=FA 22:0;O2
417.30056	417.2951	.0054	MG O-19:1;O	C22H44O4Na2	[M+2Na-H]+	/resources/tools/chemdb_ontology?abbrev=MG O-19:1;O
417.30056	417.3104	.0098	ST 26:1;O	C26H44ONa2	[M+2Na-H]+	/resources/tools/chemdb_ontology?abbrev=ST 26:1;O
772.61296	772.6215	.0085	PC O-36:2	C44H86NO7P	[M+H]+	/resources/tools/chemdb_ontology?abbrev=PC O-36:2
772.61296	772.6215	.0085	PE O-39:2	C44H86NO7P	[M+H]+	/resources/tools/chemdb_ontology?abbrev=PE O-39:2
772.61296	772.6215	.0085	PC 36:0	C44H88NO8P	[M+H-H2O]+	/resources/tools/chemdb_ontology?abbrev=PC 36:0
772.61296	772.6215	.0085	PE 39:0	C44H88NO8P	[M+H-H2O]+	/resources/tools/chemdb_ontology?abbrev=PE 39:0
385.38895	385.3829	.0061	ST 28:0;O	C28H50O	[M+H-H2O]+	/resources/tools/chemdb_ontology?abbrev=ST 28:0;O
395.31284	395.3156	.0027	ST 24:0;O4	C24H42O4	[M+H]+	/resources/tools/chemdb_ontology?abbrev=ST 24:0;O4
395.31284	395.3132	.0003	FA 22:0;O2	C22H44O4Na	[M+Na]+	/resources/tools/chemdb_ontology?abbrev=FA 22:0;O2
395.31284	395.3132	.0003	MG O-19:1;O	C22H44O4Na	[M+Na]+	/resources/tools/chemdb_ontology?abbrev=MG O-19:1;O
373.33102	373.3312	.0002	FA 22:0;O2	C22H44O4	[M+H]+	/resources/tools/chemdb_ontology?abbrev=FA 22:0;O2
373.33102	373.3312	.0002	MG O-19:1;O	C22H44O4	[M+H]+	/resources/tools/chemdb_ontology?abbrev=MG O-19:1;O
390.35756	390.3578	.0002	FA 22:0;O2	C22H44O4	[M+NH4]+	/resources/tools/chemdb_ontology?abbrev=FA 22:0;O2
390.35756	390.3578	.0002	MG O-19:1;O	C22H44O4	[M+NH4]+	/resources/tools/chemdb_ontology?abbrev=MG O-19:1;O
390.35756	390.3598	.0022	TG 46:0	C49H94O6	[M+2H]2+	/resources/tools/chemdb_ontology?abbrev=TG 46:0
311.29415	311.2945	.0003	FA 20:1	C20H38O2	[M+H]+	/resources/tools/chemdb_ontology?abbrev=FA 20:1
311.29415	311.2945	.0003	SFE 20:1	C20H38O2	[M+H]+	/resources/tools/chemdb_ontology?abbrev=SFE 20:1
311.29415	311.2945	.0003	WE 20:1	C20H38O2	[M+H]+	/resources/tools/chemdb_ontology?abbrev=WE 20:1
311.29415	311.2945	.0003	FA 20:0;O	C20H40O3	[M+H-H2O]+	/resources/tools/chemdb_ontology?abbrev=FA 20:0;O
411.28695	411.2894	.0024	ST 27:5;O3	C27H38O3	[M+H]+	/resources/tools/chemdb_ontology?abbrev=ST 27:5;O3
411.28695	411.2894	.0024	ST 27:4;O4	C27H40O4	[M+H-H2O]+	/resources/tools/chemdb_ontology?abbrev=ST 27:4;O4
411.28695	411.2894	.0024	ST 28:3;O4	C27H40O4	[M+H-H2O]+	/resources/tools/chemdb_ontology?abbrev=ST 28:3;O4
411.28695	411.2858	.0012	PG O-37:1	C43H85O9PNa2	[M+2Na]2+	/resources/tools/chemdb_ontology?abbrev=PG O-37:1
774.56165	774.5643	.0027	PS O-36:2	C42H80NO9P	[M+H]+	/resources/tools/chemdb_ontology?abbrev=PS O-36:2
774.56165	774.5643	.0027	PS 36:0	C42H82NO10P	[M+H-H2O]+	/resources/tools/chemdb_ontology?abbrev=PS 36:0
774.56165	774.5643	.0027	PG O-36:4	C42H77O9P	[M+NH4]+	/resources/tools/chemdb_ontology?abbrev=PG O-36:4
396.3164	396.3108	.0056	CAR 16:2	C23H41NO4	[M+H]+	/resources/tools/chemdb_ontology?abbrev=CAR 16:2
396.3164	396.3108	.0056	CAR 16:1;O	C23H43NO5	[M+H-H2O]+	/resources/tools/chemdb_ontology?abbrev=CAR 16:1;O
396.3164	396.3108	.0056	FA 23:4;O2	C23H38O4	[M+NH4]+	/resources/tools/chemdb_ontology?abbrev=FA 23:4;O2
396.3164	396.3108	.0056	FOH 23:5;O3	C23H38O4	[M+NH4]+	/resources/tools/chemdb_ontology?abbrev=FOH 23:5;O3
396.3164	396.3108	.0056	MG 20:4	C23H38O4	[M+NH4]+	/resources/tools/chemdb_ontology?abbrev=MG 20:4
396.3164	396.3108	.0056	ST 23:1;O4	C23H38O4	[M+NH4]+	/resources/tools/chemdb_ontology?abbrev=ST 23:1;O4
396.3164	396.3261	.0097	ST 27:5;O	C27H38O	[M+NH4]+	/resources/tools/chemdb_ontology?abbrev=ST 27:5;O
396.3164	396.3128	.0036	TG 48:8	C51H82O6	[M+2H]2+	/resources/tools/chemdb_ontology?abbrev=TG 48:8
396.3164	396.3117	.0047	PG O-38:1	C44H87O9P	[M+2H]2+	/resources/tools/chemdb_ontology?abbrev=PG O-38:1
728.58669	728.5952	.0086	CerP 42:2;O2	C42H82NO6P	[M+H]+	/resources/tools/chemdb_ontology?abbrev=CerP 42:2;O2
728.58669	728.5952	.0086	PC O-34:1	C42H84NO7P	[M+H-H2O]+	/resources/tools/chemdb_ontology?abbrev=PC O-34:1
728.58669	728.5952	.0086	PE O-37:1	C42H84NO7P	[M+H-H2O]+	/resources/tools/chemdb_ontology?abbrev=PE O-37:1
364.35711	364.3574	.0003	NAE 22:1	C24H47NO2	[M+H-H2O]+	/resources/tools/chemdb_ontology?abbrev=NAE 22:1
814.558	814.5593	.0013	PS 38:3	C44H80NO10P	[M+H]+	/resources/tools/chemdb_ontology?abbrev=PS 38:3
814.558	814.5593	.0013	PC 36:3;O3	C44H82NO11P	[M+H-H2O]+	/resources/tools/chemdb_ontology?abbrev=PC 36:3;O3
814.558	814.5569	.0011	PS 36:0	C42H82NO10PNa	[M+Na]+	/resources/tools/chemdb_ontology?abbrev=PS 36:0
814.558	814.5593	.0013	PG 38:5	C44H77O10P	[M+NH4]+	/resources/tools/chemdb_ontology?abbrev=PG 38:5
696.26737	696.2731	.0058	PS 23:3;O3	C29H50NO13PNa2	[M+2Na-H]+	/resources/tools/chemdb_ontology?abbrev=PS 23:3;O3
625.38034	625.3711	.0092	LPI 21:0	C30H59O12P	[M+H-H2O]+	/resources/tools/chemdb_ontology?abbrev=LPI 21:0
625.38034	625.3840	.0036	PA 29:2	C32H59O8PNa	[M+Na]+	/resources/tools/chemdb_ontology?abbrev=PA 29:2
625.38034	625.3824	.0020	PE 24:2;O2	C29H54NO10P	[M+NH4]+	/resources/tools/chemdb_ontology?abbrev=PE 24:2;O2
772.54705	772.5487	.0016	PS O-36:3	C42H78NO9P	[M+H]+	/resources/tools/chemdb_ontology?abbrev=PS O-36:3
772.54705	772.5487	.0016	PS 36:1	C42H80NO10P	[M+H-H2O]+	/resources/tools/chemdb_ontology?abbrev=PS 36:1
772.54705	772.5463	.0008	PS O-34:0	C40H80NO9PNa	[M+Na]+	/resources/tools/chemdb_ontology?abbrev=PS O-34:0
772.54705	772.5487	.0016	PG O-36:5	C42H75O9P	[M+NH4]+	/resources/tools/chemdb_ontology?abbrev=PG O-36:5
674.28493	674.2912	.0063	PS 23:3;O3	C29H50NO13PNa	[M+Na]+	/resources/tools/chemdb_ontology?abbrev=PS 23:3;O3
658.28995	658.2963	.0063	PS 23:3;O2	C29H50NO12PNa	[M+Na]+	/resources/tools/chemdb_ontology?abbrev=PS 23:3;O2
812.48735	812.4861	.0013	PS 40:9	C46H72NO10P	[M+H-H2O]+	/resources/tools/chemdb_ontology?abbrev=PS 40:9
812.48735	812.4813	.0061	PS O-36:5	C42H74NO9PNa2	[M+2Na-H]+	/resources/tools/chemdb_ontology?abbrev=PS O-36:5
698.28213	698.2888	.0067	PS 23:2;O3	C29H52NO13PNa2	[M+2Na-H]+	/resources/tools/chemdb_ontology?abbrev=PS 23:2;O3
429.3004	429.2999	.0005	ST 27:4;O4	C27H40O4	[M+H]+	/resources/tools/chemdb_ontology?abbrev=ST 27:4;O4
429.3004	429.2999	.0005	ST 28:3;O4	C27H40O4	[M+H]+	/resources/tools/chemdb_ontology?abbrev=ST 28:3;O4
429.3004	429.2999	.0005	ST 27:3;O5	C27H42O5	[M+H-H2O]+	/resources/tools/chemdb_ontology?abbrev=ST 27:3;O5
429.3004	429.2975	.0029	ST 25:1;O4	C25H42O4Na	[M+Na]+	/resources/tools/chemdb_ontology?abbrev=ST 25:1;O4
429.3004	429.2999	.0005	TG 51:12;O2	C54H80O8	[M+2H]2+	/resources/tools/chemdb_ontology?abbrev=TG 51:12;O2
429.3004	429.3040	.0036	PA 44:2	C47H89O8PNa2	[M+2Na]2+	/resources/tools/chemdb_ontology?abbrev=PA 44:2
429.3004	429.2951	.0053	FA 23:1;O2	C23H44O4Na2	[M+2Na-H]+	/resources/tools/chemdb_ontology?abbrev=FA 23:1;O2
429.3004	429.2951	.0053	FOH 23:2;O3	C23H44O4Na2	[M+2Na-H]+	/resources/tools/chemdb_ontology?abbrev=FOH 23:2;O3
429.3004	429.3104	.0100	ST 27:2;O	C27H44ONa2	[M+2Na-H]+	/resources/tools/chemdb_ontology?abbrev=ST 27:2;O
557.38554	557.3925	.0070	LPS O-20:0	C26H54NO8P	[M+NH4]+	/resources/tools/chemdb_ontology?abbrev=LPS O-20:0
778.51776	778.5134	.0044	SHexCer 34:1;O3	C40H77NO12S	[M+H-H2O]+	/resources/tools/chemdb_ontology?abbrev=SHexCer 34:1;O3
563.36258	563.3707	.0081	PA 26:1	C29H55O8P	[M+H]+	/resources/tools/chemdb_ontology?abbrev=PA 26:1
563.36258	563.3683	.0057	ST 32:2;O5	C32H54O5Na2	[M+2Na-H]+	/resources/tools/chemdb_ontology?abbrev=ST 32:2;O5
678.44003	678.4341	.0060	PS 28:1	C34H64NO10P	[M+H]+	/resources/tools/chemdb_ontology?abbrev=PS 28:1
678.44003	678.4493	.0093	PE 33:5	C38H66NO8P	[M+H-H2O]+	/resources/tools/chemdb_ontology?abbrev=PE 33:5
678.44003	678.4445	.0045	LPE O-29:2;O	C34H68NO7PNa2	[M+2Na-H]+	/resources/tools/chemdb_ontology?abbrev=LPE O-29:2;O
678.44003	678.4445	.0045	PE O-29:1	C34H68NO7PNa2	[M+2Na-H]+	/resources/tools/chemdb_ontology?abbrev=PE O-29:1
698.53695	698.5330	.0039	PG O-30:0	C36H73O9P	[M+NH4]+	/resources/tools/chemdb_ontology?abbrev=PG O-30:0
677.43697	677.4388	.0018	PG 29:2	C35H65O10P	[M+H]+	/resources/tools/chemdb_ontology?abbrev=PG 29:2
697.53392	697.5255	.0084	CerPE 35:1;O2	C37H75N2O6PNa	[M+Na]+	/resources/tools/chemdb_ontology?abbrev=CerPE 35:1;O2
697.53392	697.5255	.0084	SM 32:1;O2	C37H75N2O6PNa	[M+Na]+	/resources/tools/chemdb_ontology?abbrev=SM 32:1;O2
697.53392	697.5354	.0014	TG 37:0	C40H76O6Na2	[M+2Na-H]+	/resources/tools/chemdb_ontology?abbrev=TG 37:0
723.54942	723.5534	.0040	PG O-33:0	C39H79O9P	[M+H]+	/resources/tools/chemdb_ontology?abbrev=PG O-33:0
723.54942	723.5411	.0083	CerPE 37:2;O2	C39H77N2O6PNa	[M+Na]+	/resources/tools/chemdb_ontology?abbrev=CerPE 37:2;O2
723.54942	723.5411	.0083	SM 34:2;O2	C39H77N2O6PNa	[M+Na]+	/resources/tools/chemdb_ontology?abbrev=SM 34:2;O2
723.54942	723.5510	.0016	TG 39:1	C42H78O6Na2	[M+2Na-H]+	/resources/tools/chemdb_ontology?abbrev=TG 39:1
662.46598	662.4755	.0095	PC 27:1	C35H68NO8P	[M+H]+	/resources/tools/chemdb_ontology?abbrev=PC 27:1
662.46598	662.4755	.0095	PE 30:1	C35H68NO8P	[M+H]+	/resources/tools/chemdb_ontology?abbrev=PE 30:1
662.46598	662.4755	.0095	LPS O-29:1;O	C35H70NO9P	[M+H-H2O]+	/resources/tools/chemdb_ontology?abbrev=LPS O-29:1;O
662.46598	662.4755	.0095	PS O-29:0	C35H70NO9P	[M+H-H2O]+	/resources/tools/chemdb_ontology?abbrev=PS O-29:0
662.46598	662.4755	.0095	PA 32:2	C35H65O8P	[M+NH4]+	/resources/tools/chemdb_ontology?abbrev=PA 32:2
657.50529	657.4966	.0087	CerPE 34:3;O2	C36H69N2O6P	[M+H]+	/resources/tools/chemdb_ontology?abbrev=CerPE 34:3;O2
657.50529	657.4966	.0087	CerPE 34:2;O3	C36H71N2O7P	[M+H-H2O]+	/resources/tools/chemdb_ontology?abbrev=CerPE 34:2;O3
399.40479	399.3985	.0063	ST 29:0;O	C29H52O	[M+H-H2O]+	/resources/tools/chemdb_ontology?abbrev=ST 29:0;O
798.56332	798.5643	.0010	PC 36:4;O	C44H80NO9P	[M+H]+	/resources/tools/chemdb_ontology?abbrev=PC 36:4;O
798.56332	798.5643	.0010	PS O-38:4	C44H80NO9P	[M+H]+	/resources/tools/chemdb_ontology?abbrev=PS O-38:4
798.56332	798.5643	.0010	PS 38:2	C44H82NO10P	[M+H-H2O]+	/resources/tools/chemdb_ontology?abbrev=PS 38:2
798.56332	798.5619	.0014	PS O-36:1	C42H82NO9PNa	[M+Na]+	/resources/tools/chemdb_ontology?abbrev=PS O-36:1
798.56332	798.5643	.0010	PG O-38:6	C44H77O9P	[M+NH4]+	/resources/tools/chemdb_ontology?abbrev=PG O-38:6
696.26767	696.2731	.0055	PS 23:3;O3	C29H50NO13PNa2	[M+2Na-H]+	/resources/tools/chemdb_ontology?abbrev=PS 23:3;O3
674.28549	674.2912	.0057	PS 23:3;O3	C29H50NO13PNa	[M+Na]+	/resources/tools/chemdb_ontology?abbrev=PS 23:3;O3
730.50065	730.5017	.0011	PS O-33:3	C39H72NO9P	[M+H]+	/resources/tools/chemdb_ontology?abbrev=PS O-33:3
730.50065	730.5017	.0011	PS 33:1	C39H74NO10P	[M+H-H2O]+	/resources/tools/chemdb_ontology?abbrev=PS 33:1
730.50065	730.4993	.0013	PS O-31:0	C37H74NO9PNa	[M+Na]+	/resources/tools/chemdb_ontology?abbrev=PS O-31:0
465.34107	465.3339	.0072	ST 29:3;O3	C29H46O3Na	[M+Na]+	/resources/tools/chemdb_ontology?abbrev=ST 29:3;O3
465.34107	465.3315	.0096	ST 27:0;O3	C27H48O3Na2	[M+2Na-H]+	/resources/tools/chemdb_ontology?abbrev=ST 27:0;O3
502.37215	502.3656	.0066	LPC O-19:2	C27H54NO6P	[M+H-H2O]+	/resources/tools/chemdb_ontology?abbrev=LPC O-19:2
502.37215	502.3738	.0017	ST 27:0;O7	C27H48O7	[M+NH4]+	/resources/tools/chemdb_ontology?abbrev=ST 27:0;O7
530.4211	530.4200	.0011	TG 64:8	C67H114O6Na2	[M+2Na]2+	/resources/tools/chemdb_ontology?abbrev=TG 64:8
443.31595	443.3156	.0004	ST 28:3;O5	C28H44O5	[M+H-H2O]+	/resources/tools/chemdb_ontology?abbrev=ST 28:3;O5
443.31595	443.3132	.0028	MG O-23:5;O	C26H44O4Na	[M+Na]+	/resources/tools/chemdb_ontology?abbrev=MG O-23:5;O
443.31595	443.3132	.0028	ST 26:1;O4	C26H44O4Na	[M+Na]+	/resources/tools/chemdb_ontology?abbrev=ST 26:1;O4
443.31595	443.3108	.0052	FA 24:1;O2	C24H46O4Na2	[M+2Na-H]+	/resources/tools/chemdb_ontology?abbrev=FA 24:1;O2
698.28263	698.2888	.0062	PS 23:2;O3	C29H52NO13PNa2	[M+2Na-H]+	/resources/tools/chemdb_ontology?abbrev=PS 23:2;O3
147.06568	147.0652	.0005	FA 6:1;O2	C6H10O4	[M+H]+	/resources/tools/chemdb_ontology?abbrev=FA 6:1;O2
147.06568	147.0652	.0005	FA 6:0;O3	C6H12O5	[M+H-H2O]+	/resources/tools/chemdb_ontology?abbrev=FA 6:0;O3
295.19103	295.1904	.0007	FA 17:3;O3	C17H28O5	[M+H-H2O]+	/resources/tools/chemdb_ontology?abbrev=FA 17:3;O3
295.19103	295.1880	.0031	FA 15:1;O2	C15H28O4Na	[M+Na]+	/resources/tools/chemdb_ontology?abbrev=FA 15:1;O2
295.19103	295.1904	.0007	ST 28:3;O2;GlcA	C34H52O8	[M+2H]2+	/resources/tools/chemdb_ontology?abbrev=ST 28:3;O2;GlcA
907.60625	907.6059	.0004	PI O-42:6	C51H89O12P	[M+H-H2O]+	/resources/tools/chemdb_ontology?abbrev=PI O-42:6
442.39884	442.4043	.0055	ST 30:3;O	C30H48O	[M+NH4]+	/resources/tools/chemdb_ontology?abbrev=ST 30:3;O
658.28994	658.2963	.0063	PS 23:3;O2	C29H50NO12PNa	[M+Na]+	/resources/tools/chemdb_ontology?abbrev=PS 23:3;O2
460.34291	460.3455	.0026	NAT 23:1	C25H49NO4S	[M+H]+	/resources/tools/chemdb_ontology?abbrev=NAT 23:1
460.34291	460.3441	.0012	TG 58:14	C61H90O6	[M+2H]2+	/resources/tools/chemdb_ontology?abbrev=TG 58:14
460.34291	460.3417	.0012	TG 54:8	C57H94O6Na2	[M+2Na]2+	/resources/tools/chemdb_ontology?abbrev=TG 54:8
531.42442	531.4278	.0034	TG 64:7	C67H116O6Na2	[M+2Na]2+	/resources/tools/chemdb_ontology?abbrev=TG 64:7
596.50871	596.4989	.0098	Cer 35:1;O2	C35H69NO3Na2	[M+2Na-H]+	/resources/tools/chemdb_ontology?abbrev=Cer 35:1;O2
465.29685	465.2976	.0007	LPA 20:1	C23H45O7P	[M+H]+	/resources/tools/chemdb_ontology?abbrev=LPA 20:1
465.29685	465.3033	.0065	ST 27:1;O2;S	C27H46O5S	[M+H-H2O]+	/resources/tools/chemdb_ontology?abbrev=ST 27:1;O2;S
465.29685	465.2951	.0017	MG O-23:5;O	C26H44O4Na2	[M+2Na-H]+	/resources/tools/chemdb_ontology?abbrev=MG O-23:5;O
465.29685	465.2951	.0017	ST 26:1;O4	C26H44O4Na2	[M+2Na-H]+	/resources/tools/chemdb_ontology?abbrev=ST 26:1;O4
661.46298	661.4591	.0038	PA O-36:6	C39H67O7P	[M+H-H2O]+	/resources/tools/chemdb_ontology?abbrev=PA O-36:6
800.5777	800.5800	.0023	PS O-38:3	C44H82NO9P	[M+H]+	/resources/tools/chemdb_ontology?abbrev=PS O-38:3
800.5777	800.5800	.0023	PS 38:1	C44H84NO10P	[M+H-H2O]+	/resources/tools/chemdb_ontology?abbrev=PS 38:1
800.5777	800.5776	.0001	PS O-36:0	C42H84NO9PNa	[M+Na]+	/resources/tools/chemdb_ontology?abbrev=PS O-36:0
800.5777	800.5800	.0023	PG O-38:5	C44H79O9P	[M+NH4]+	/resources/tools/chemdb_ontology?abbrev=PG O-38:5
778.51812	778.5134	.0048	SHexCer 34:1;O3	C40H77NO12S	[M+H-H2O]+	/resources/tools/chemdb_ontology?abbrev=SHexCer 34:1;O3
772.54765	772.5487	.0010	PS O-36:3	C42H78NO9P	[M+H]+	/resources/tools/chemdb_ontology?abbrev=PS O-36:3
772.54765	772.5487	.0010	PS 36:1	C42H80NO10P	[M+H-H2O]+	/resources/tools/chemdb_ontology?abbrev=PS 36:1
772.54765	772.5463	.0014	PS O-34:0	C40H80NO9PNa	[M+Na]+	/resources/tools/chemdb_ontology?abbrev=PS O-34:0
772.54765	772.5487	.0010	PG O-36:5	C42H75O9P	[M+NH4]+	/resources/tools/chemdb_ontology?abbrev=PG O-36:5
816.58468	816.5749	.0098	PS 38:2	C44H82NO10P	[M+H]+	/resources/tools/chemdb_ontology?abbrev=PS 38:2
816.58468	816.5831	.0015	Hex2Cer 32:1;O2	C44H83NO13	[M+H-H2O]+	/resources/tools/chemdb_ontology?abbrev=Hex2Cer 32:1;O2
816.58468	816.5902	.0055	PC 40:6	C48H84NO8P	[M+H-H2O]+	/resources/tools/chemdb_ontology?abbrev=PC 40:6
816.58468	816.5902	.0055	PE 43:6	C48H84NO8P	[M+H-H2O]+	/resources/tools/chemdb_ontology?abbrev=PE 43:6
816.58468	816.5878	.0031	PC O-38:5	C46H84NO7PNa	[M+Na]+	/resources/tools/chemdb_ontology?abbrev=PC O-38:5
816.58468	816.5749	.0098	PG 38:4	C44H79O10P	[M+NH4]+	/resources/tools/chemdb_ontology?abbrev=PG 38:4
816.58468	816.5854	.0007	PC O-36:2	C44H86NO7PNa2	[M+2Na-H]+	/resources/tools/chemdb_ontology?abbrev=PC O-36:2
816.58468	816.5854	.0007	PE O-39:2	C44H86NO7PNa2	[M+2Na-H]+	/resources/tools/chemdb_ontology?abbrev=PE O-39:2
816.58468	816.5936	.0089	HexCer 38:1;O3	C44H85NO9Na2	[M+2Na-H]+	/resources/tools/chemdb_ontology?abbrev=HexCer 38:1;O3
741.5247	741.5177	.0070	PC 32:5	C40H70NO8P	[M+NH4]+	/resources/tools/chemdb_ontology?abbrev=PC 32:5
741.5247	741.5177	.0070	PE 35:5	C40H70NO8P	[M+NH4]+	/resources/tools/chemdb_ontology?abbrev=PE 35:5
741.5247	741.5247	.0000	CL 74:6	C83H150O17P2	[M+2H]2+	/resources/tools/chemdb_ontology?abbrev=CL 74:6
741.5247	741.5223	.0024	CL 70:0	C79H154O17P2Na2	[M+2Na]2+	/resources/tools/chemdb_ontology?abbrev=CL 70:0
462.29831	462.2979	.0004	LPC 15:1	C23H46NO7P	[M+H-H2O]+	/resources/tools/chemdb_ontology?abbrev=LPC 15:1
462.29831	462.2979	.0004	LPE 18:1	C23H46NO7P	[M+H-H2O]+	/resources/tools/chemdb_ontology?abbrev=LPE 18:1
462.29831	462.2955	.0028	LPE O-16:0	C21H46NO6PNa	[M+Na]+	/resources/tools/chemdb_ontology?abbrev=LPE O-16:0
462.29831	462.3061	.0078	FA 23:3;O6	C23H40O8	[M+NH4]+	/resources/tools/chemdb_ontology?abbrev=FA 23:3;O6
462.29831	462.3016	.0033	PI O-38:1	C47H91O12PNa2	[M+2Na]2+	/resources/tools/chemdb_ontology?abbrev=PI O-38:1
455.30348	455.3132	.0097	ST 27:2;O4	C27H44O4Na	[M+Na]+	/resources/tools/chemdb_ontology?abbrev=ST 27:2;O4
455.30348	455.3132	.0097	ST 28:1;O4	C27H44O4Na	[M+Na]+	/resources/tools/chemdb_ontology?abbrev=ST 28:1;O4
457.30413	457.2948	.0093	ST 28:5;O5	C28H40O5	[M+H]+	/resources/tools/chemdb_ontology?abbrev=ST 28:5;O5
457.30413	457.3037	.0004	LPC 12:0	C20H42NO7P	[M+NH4]+	/resources/tools/chemdb_ontology?abbrev=LPC 12:0
457.30413	457.3037	.0004	LPE 15:0	C20H42NO7P	[M+NH4]+	/resources/tools/chemdb_ontology?abbrev=LPE 15:0
457.30413	457.3037	.0004	LPE O-15:1;O	C20H42NO7P	[M+NH4]+	/resources/tools/chemdb_ontology?abbrev=LPE O-15:1;O
457.30413	457.3053	.0012	FA 28:6	C28H44O2Na2	[M+2Na-H]+	/resources/tools/chemdb_ontology?abbrev=FA 28:6
457.30413	457.3053	.0012	ST 28:3;O2	C28H44O2Na2	[M+2Na-H]+	/resources/tools/chemdb_ontology?abbrev=ST 28:3;O2
794.52283	794.5306	.0078	PS O-36:3	C42H78NO9PNa	[M+Na]+	/resources/tools/chemdb_ontology?abbrev=PS O-36:3
794.52283	794.5282	.0054	PS O-34:0	C40H80NO9PNa2	[M+2Na-H]+	/resources/tools/chemdb_ontology?abbrev=PS O-34:0
459.30003	459.3081	.0081	ST 26:1;O5	C26H44O5Na	[M+Na]+	/resources/tools/chemdb_ontology?abbrev=ST 26:1;O5
540.47039	540.4622	.0081	DG 29:2	C32H58O5	[M+NH4]+	/resources/tools/chemdb_ontology?abbrev=DG 29:2
463.29925	463.3054	.0062	ST 27:3;O6	C27H42O6	[M+H]+	/resources/tools/chemdb_ontology?abbrev=ST 27:3;O6
463.29925	463.3054	.0062	ST 27:2;O7	C27H44O7	[M+H-H2O]+	/resources/tools/chemdb_ontology?abbrev=ST 27:2;O7
463.29925	463.2989	.0004	PG 44:5	C50H89O10PNa2	[M+2Na]2+	/resources/tools/chemdb_ontology?abbrev=PG 44:5
464.29747	464.3015	.0040	PI 41:5	C50H87O13P	[M+2H]2+	/resources/tools/chemdb_ontology?abbrev=PI 41:5
553.53949	553.5303	.0092	Cer 34:2;O2	C34H65NO3	[M+NH4]+	/resources/tools/chemdb_ontology?abbrev=Cer 34:2;O2
517.3535	517.3628	.0093	ST 31:2;O3	C31H52O3Na2	[M+2Na-H]+	/resources/tools/chemdb_ontology?abbrev=ST 31:2;O3
597.47617	597.4725	.0037	FOH 35:4;O6	C35H64O7	[M+H]+	/resources/tools/chemdb_ontology?abbrev=FOH 35:4;O6
597.47617	597.4853	.0092	FAHFA 37:3;O	C37H66O4Na	[M+Na]+	/resources/tools/chemdb_ontology?abbrev=FAHFA 37:3;O
752.37037	752.3721	.0018	PS 28:2;O2	C34H62NO12PNa2	[M+2Na-H]+	/resources/tools/chemdb_ontology?abbrev=PS 28:2;O2
657.50558	657.4966	.0090	CerPE 34:3;O2	C36H69N2O6P	[M+H]+	/resources/tools/chemdb_ontology?abbrev=CerPE 34:3;O2
657.50558	657.4966	.0090	CerPE 34:2;O3	C36H71N2O7P	[M+H-H2O]+	/resources/tools/chemdb_ontology?abbrev=CerPE 34:2;O3
513.41171	513.4027	.0090	LPC O-17:0	C25H54NO6P	[M+NH4]+	/resources/tools/chemdb_ontology?abbrev=LPC O-17:0
513.41171	513.4027	.0090	LPE O-20:0	C25H54NO6P	[M+NH4]+	/resources/tools/chemdb_ontology?abbrev=LPE O-20:0
502.42102	502.4231	.0020	Cer 30:2;O2	C30H57NO3Na	[M+Na]+	/resources/tools/chemdb_ontology?abbrev=Cer 30:2;O2
674.28502	674.2912	.0062	PS 23:3;O3	C29H50NO13PNa	[M+Na]+	/resources/tools/chemdb_ontology?abbrev=PS 23:3;O3
696.26745	696.2731	.0057	PS 23:3;O3	C29H50NO13PNa2	[M+2Na-H]+	/resources/tools/chemdb_ontology?abbrev=PS 23:3;O3
756.5165	756.5174	.0009	PS 35:2	C41H76NO10P	[M+H-H2O]+	/resources/tools/chemdb_ontology?abbrev=PS 35:2
756.5165	756.5150	.0015	PS O-33:1	C39H76NO9PNa	[M+Na]+	/resources/tools/chemdb_ontology?abbrev=PS O-33:1
814.56906	814.5593	.0098	PS 38:3	C44H80NO10P	[M+H]+	/resources/tools/chemdb_ontology?abbrev=PS 38:3
814.56906	814.5745	.0055	PC 40:7	C48H82NO8P	[M+H-H2O]+	/resources/tools/chemdb_ontology?abbrev=PC 40:7
814.56906	814.5593	.0098	PC 36:3;O3	C44H82NO11P	[M+H-H2O]+	/resources/tools/chemdb_ontology?abbrev=PC 36:3;O3
814.56906	814.5721	.0030	PC O-38:6	C46H82NO7PNa	[M+Na]+	/resources/tools/chemdb_ontology?abbrev=PC O-38:6
814.56906	814.5593	.0098	PG 38:5	C44H77O10P	[M+NH4]+	/resources/tools/chemdb_ontology?abbrev=PG 38:5
814.56906	814.5697	.0006	PC O-36:3	C44H84NO7PNa2	[M+2Na-H]+	/resources/tools/chemdb_ontology?abbrev=PC O-36:3
814.56906	814.5779	.0089	HexCer 38:2;O3	C44H83NO9Na2	[M+2Na-H]+	/resources/tools/chemdb_ontology?abbrev=HexCer 38:2;O3
683.46165	683.4646	.0030	PA 35:4	C38H67O8P	[M+H]+	/resources/tools/chemdb_ontology?abbrev=PA 35:4
683.46165	683.4622	.0006	PA 33:1	C36H69O8PNa	[M+Na]+	/resources/tools/chemdb_ontology?abbrev=PA 33:1
683.46165	683.4646	.0029	DG 40:10	C43H64O5Na	[M+Na]+	/resources/tools/chemdb_ontology?abbrev=DG 40:10
683.46165	683.4606	.0010	PC 25:1;O2	C33H64NO10P	[M+NH4]+	/resources/tools/chemdb_ontology?abbrev=PC 25:1;O2
683.46165	683.4606	.0010	PS 27:0	C33H64NO10P	[M+NH4]+	/resources/tools/chemdb_ontology?abbrev=PS 27:0
683.46165	683.4622	.0005	DG 38:7	C41H66O5Na2	[M+2Na-H]+	/resources/tools/chemdb_ontology?abbrev=DG 38:7
684.4656	684.4599	.0057	PE 32:4	C37H66NO8P	[M+H]+	/resources/tools/chemdb_ontology?abbrev=PE 32:4
684.4656	684.4575	.0081	PC 27:1	C35H68NO8PNa	[M+Na]+	/resources/tools/chemdb_ontology?abbrev=PC 27:1
684.4656	684.4575	.0081	PE 30:1	C35H68NO8PNa	[M+Na]+	/resources/tools/chemdb_ontology?abbrev=PE 30:1
684.4656	684.4599	.0057	PA 34:5	C37H63O8P	[M+NH4]+	/resources/tools/chemdb_ontology?abbrev=PA 34:5
798.5628	798.5643	.0015	PC 36:4;O	C44H80NO9P	[M+H]+	/resources/tools/chemdb_ontology?abbrev=PC 36:4;O
798.5628	798.5643	.0015	PS O-38:4	C44H80NO9P	[M+H]+	/resources/tools/chemdb_ontology?abbrev=PS O-38:4
798.5628	798.5643	.0015	PS 38:2	C44H82NO10P	[M+H-H2O]+	/resources/tools/chemdb_ontology?abbrev=PS 38:2
798.5628	798.5619	.0009	PS O-36:1	C42H82NO9PNa	[M+Na]+	/resources/tools/chemdb_ontology?abbrev=PS O-36:1
798.5628	798.5643	.0015	PG O-38:6	C44H77O9P	[M+NH4]+	/resources/tools/chemdb_ontology?abbrev=PG O-38:6
658.2904	658.2963	.0059	PS 23:3;O2	C29H50NO12PNa	[M+Na]+	/resources/tools/chemdb_ontology?abbrev=PS 23:3;O2
297.27839	297.2788	.0004	FA 19:1	C19H36O2	[M+H]+	/resources/tools/chemdb_ontology?abbrev=FA 19:1
297.27839	297.2788	.0004	SFE 19:1	C19H36O2	[M+H]+	/resources/tools/chemdb_ontology?abbrev=SFE 19:1
297.27839	297.2788	.0004	WE 19:1	C19H36O2	[M+H]+	/resources/tools/chemdb_ontology?abbrev=WE 19:1
297.27839	297.2788	.0004	FA 19:0;O	C19H38O3	[M+H-H2O]+	/resources/tools/chemdb_ontology?abbrev=FA 19:0;O
698.28305	698.2888	.0057	PS 23:2;O3	C29H52NO13PNa2	[M+2Na-H]+	/resources/tools/chemdb_ontology?abbrev=PS 23:2;O3
740.52166	740.5225	.0008	PC 33:4	C41H74NO8P	[M+H]+	/resources/tools/chemdb_ontology?abbrev=PC 33:4
740.52166	740.5225	.0008	PE 36:4	C41H74NO8P	[M+H]+	/resources/tools/chemdb_ontology?abbrev=PE 36:4
740.52166	740.5225	.0008	PE O-36:5;O	C41H74NO8P	[M+H]+	/resources/tools/chemdb_ontology?abbrev=PE O-36:5;O
740.52166	740.5225	.0008	PS O-35:3	C41H76NO9P	[M+H-H2O]+	/resources/tools/chemdb_ontology?abbrev=PS O-35:3
740.52166	740.5201	.0016	PC 31:1	C39H76NO8PNa	[M+Na]+	/resources/tools/chemdb_ontology?abbrev=PC 31:1
740.52166	740.5201	.0016	PE 34:1	C39H76NO8PNa	[M+Na]+	/resources/tools/chemdb_ontology?abbrev=PE 34:1
740.52166	740.5225	.0008	PA 38:5	C41H71O8P	[M+NH4]+	/resources/tools/chemdb_ontology?abbrev=PA 38:5
740.52166	740.5169	.0048	CL 74:7	C83H148O17P2	[M+2H]2+	/resources/tools/chemdb_ontology?abbrev=CL 74:7
826.53655	826.5381	.0016	PC 40:10	C48H76NO8P	[M+H]+	/resources/tools/chemdb_ontology?abbrev=PC 40:10
826.53655	826.5357	.0008	PC 38:7	C46H78NO8PNa	[M+Na]+	/resources/tools/chemdb_ontology?abbrev=PC 38:7
826.53655	826.5357	.0008	PE 41:7	C46H78NO8PNa	[M+Na]+	/resources/tools/chemdb_ontology?abbrev=PE 41:7
826.53655	826.5440	.0075	PI 32:1	C41H77O13P	[M+NH4]+	/resources/tools/chemdb_ontology?abbrev=PI 32:1
826.53655	826.5333	.0032	PC 36:4	C44H80NO8PNa2	[M+2Na-H]+	/resources/tools/chemdb_ontology?abbrev=PC 36:4
826.53655	826.5333	.0032	PE 39:4	C44H80NO8PNa2	[M+2Na-H]+	/resources/tools/chemdb_ontology?abbrev=PE 39:4
827.5396	827.5433	.0037	PI O-36:4	C45H81O12P	[M+H-H2O]+	/resources/tools/chemdb_ontology?abbrev=PI O-36:4
827.5396	827.5334	.0062	PE 42:11	C47H72NO8P	[M+NH4]+	/resources/tools/chemdb_ontology?abbrev=PE 42:11
595.47107	595.4721	.0010	DG 36:6	C39H64O5	[M+H-H2O]+	/resources/tools/chemdb_ontology?abbrev=DG 36:6
595.47107	595.4673	.0038	DG O-32:2	C35H66O4Na2	[M+2Na-H]+	/resources/tools/chemdb_ontology?abbrev=DG O-32:2
806.70808	806.7109	.0029	SM 40:0;O2	C45H93N2O6P	[M+NH4]+	/resources/tools/chemdb_ontology?abbrev=SM 40:0;O2
730.50058	730.5017	.0012	PS O-33:3	C39H72NO9P	[M+H]+	/resources/tools/chemdb_ontology?abbrev=PS O-33:3
730.50058	730.5017	.0012	PS 33:1	C39H74NO10P	[M+H-H2O]+	/resources/tools/chemdb_ontology?abbrev=PS 33:1
730.50058	730.4993	.0012	PS O-31:0	C37H74NO9PNa	[M+Na]+	/resources/tools/chemdb_ontology?abbrev=PS O-31:0
467.31377	467.3132	.0006	LPA 20:0	C23H47O7P	[M+H]+	/resources/tools/chemdb_ontology?abbrev=LPA 20:0
467.31377	467.3190	.0052	ST 27:1;O;S	C27H46O4S	[M+H]+	/resources/tools/chemdb_ontology?abbrev=ST 27:1;O;S
467.31377	467.3156	.0018	ST 30:5;O5	C30H44O5	[M+H-H2O]+	/resources/tools/chemdb_ontology?abbrev=ST 30:5;O5
467.31377	467.3132	.0006	ST 28:3;O4	C28H44O4Na	[M+Na]+	/resources/tools/chemdb_ontology?abbrev=ST 28:3;O4
338.34103	338.3417	.0007	NAE 20:0	C22H45NO2	[M+H-H2O]+	/resources/tools/chemdb_ontology?abbrev=NAE 20:0
830.49481	830.4967	.0018	PS 40:9	C46H72NO10P	[M+H]+	/resources/tools/chemdb_ontology?abbrev=PS 40:9
830.49481	830.4943	.0006	PS 38:6	C44H74NO10PNa	[M+Na]+	/resources/tools/chemdb_ontology?abbrev=PS 38:6
830.49481	830.4918	.0030	PS 36:3	C42H76NO10PNa2	[M+2Na-H]+	/resources/tools/chemdb_ontology?abbrev=PS 36:3
445.3319	445.3312	.0007	ST 28:3;O4	C28H44O4	[M+H]+	/resources/tools/chemdb_ontology?abbrev=ST 28:3;O4
445.3319	445.3312	.0007	ST 28:2;O5	C28H46O5	[M+H-H2O]+	/resources/tools/chemdb_ontology?abbrev=ST 28:2;O5
445.3319	445.3264	.0055	MG O-21:1;O	C24H48O4Na2	[M+2Na-H]+	/resources/tools/chemdb_ontology?abbrev=MG O-21:1;O
445.3319	445.3417	.0098	ST 28:1;O	C28H48ONa2	[M+2Na-H]+	/resources/tools/chemdb_ontology?abbrev=ST 28:1;O
623.58177	623.5762	.0056	CE 16:1	C43H74O2	[M+H]+	/resources/tools/chemdb_ontology?abbrev=CE 16:1
623.58177	623.5721	.0096	Cer 38:3;O3	C38H71NO4	[M+NH4]+	/resources/tools/chemdb_ontology?abbrev=Cer 38:3;O3
756.51661	756.5174	.0008	PS 35:2	C41H76NO10P	[M+H-H2O]+	/resources/tools/chemdb_ontology?abbrev=PS 35:2
756.51661	756.5150	.0016	PS O-33:1	C39H76NO9PNa	[M+Na]+	/resources/tools/chemdb_ontology?abbrev=PS O-33:1
814.56902	814.5593	.0098	PS 38:3	C44H80NO10P	[M+H]+	/resources/tools/chemdb_ontology?abbrev=PS 38:3
814.56902	814.5745	.0055	PC 40:7	C48H82NO8P	[M+H-H2O]+	/resources/tools/chemdb_ontology?abbrev=PC 40:7
814.56902	814.5593	.0098	PC 36:3;O3	C44H82NO11P	[M+H-H2O]+	/resources/tools/chemdb_ontology?abbrev=PC 36:3;O3
814.56902	814.5721	.0031	PC O-38:6	C46H82NO7PNa	[M+Na]+	/resources/tools/chemdb_ontology?abbrev=PC O-38:6
814.56902	814.5593	.0098	PG 38:5	C44H77O10P	[M+NH4]+	/resources/tools/chemdb_ontology?abbrev=PG 38:5
814.56902	814.5697	.0007	PC O-36:3	C44H84NO7PNa2	[M+2Na-H]+	/resources/tools/chemdb_ontology?abbrev=PC O-36:3
814.56902	814.5779	.0089	HexCer 38:2;O3	C44H83NO9Na2	[M+2Na-H]+	/resources/tools/chemdb_ontology?abbrev=HexCer 38:2;O3
696.26707	696.2731	.0061	PS 23:3;O3	C29H50NO13PNa2	[M+2Na-H]+	/resources/tools/chemdb_ontology?abbrev=PS 23:3;O3
674.285	674.2912	.0062	PS 23:3;O3	C29H50NO13PNa	[M+Na]+	/resources/tools/chemdb_ontology?abbrev=PS 23:3;O3
671.52053	671.5122	.0083	CerPE 35:2;O3	C37H73N2O7P	[M+H-H2O]+	/resources/tools/chemdb_ontology?abbrev=CerPE 35:2;O3
802.53683	802.5381	.0013	PC 38:8	C46H76NO8P	[M+H]+	/resources/tools/chemdb_ontology?abbrev=PC 38:8
802.53683	802.5381	.0013	PS O-40:7	C46H78NO9P	[M+H-H2O]+	/resources/tools/chemdb_ontology?abbrev=PS O-40:7
802.53683	802.5357	.0011	PC 36:5	C44H78NO8PNa	[M+Na]+	/resources/tools/chemdb_ontology?abbrev=PC 36:5
802.53683	802.5357	.0011	PE 39:5	C44H78NO8PNa	[M+Na]+	/resources/tools/chemdb_ontology?abbrev=PE 39:5
802.53683	802.5333	.0035	PC 34:2	C42H80NO8PNa2	[M+2Na-H]+	/resources/tools/chemdb_ontology?abbrev=PC 34:2
802.53683	802.5333	.0035	PE 37:2	C42H80NO8PNa2	[M+2Na-H]+	/resources/tools/chemdb_ontology?abbrev=PE 37:2
803.53997	803.5433	.0033	PI O-34:2	C43H81O12P	[M+H-H2O]+	/resources/tools/chemdb_ontology?abbrev=PI O-34:2
803.53997	803.5334	.0066	PE 40:9	C45H72NO8P	[M+NH4]+	/resources/tools/chemdb_ontology?abbrev=PE 40:9
803.53997	803.5379	.0020	CL 80:8	C89H158O17P2Na2	[M+2Na]2+	/resources/tools/chemdb_ontology?abbrev=CL 80:8
806.70781	806.7109	.0031	SM 40:0;O2	C45H93N2O6P	[M+NH4]+	/resources/tools/chemdb_ontology?abbrev=SM 40:0;O2
770.63691	770.6422	.0053	PC O-37:1	C45H90NO7P	[M+H-H2O]+	/resources/tools/chemdb_ontology?abbrev=PC O-37:1
770.63691	770.6422	.0053	PE O-40:1	C45H90NO7P	[M+H-H2O]+	/resources/tools/chemdb_ontology?abbrev=PE O-40:1
784.48958	784.4912	.0016	PE 40:10	C45H70NO8P	[M+H]+	/resources/tools/chemdb_ontology?abbrev=PE 40:10
784.48958	784.4888	.0008	PE 38:7	C43H72NO8PNa	[M+Na]+	/resources/tools/chemdb_ontology?abbrev=PE 38:7
784.48958	784.4912	.0016	PA 42:11	C45H67O8P	[M+NH4]+	/resources/tools/chemdb_ontology?abbrev=PA 42:11
784.48958	784.4971	.0075	PI 29:1	C38H71O13P	[M+NH4]+	/resources/tools/chemdb_ontology?abbrev=PI 29:1
784.48958	784.4994	.0098	MGDG 36:10	C45H66O10	[M+NH4]+	/resources/tools/chemdb_ontology?abbrev=MGDG 36:10
784.48958	784.4864	.0032	PC 33:4	C41H74NO8PNa2	[M+2Na-H]+	/resources/tools/chemdb_ontology?abbrev=PC 33:4
784.48958	784.4864	.0032	PE 36:4	C41H74NO8PNa2	[M+2Na-H]+	/resources/tools/chemdb_ontology?abbrev=PE 36:4
784.48958	784.4864	.0032	PE O-36:5;O	C41H74NO8PNa2	[M+2Na-H]+	/resources/tools/chemdb_ontology?abbrev=PE O-36:5;O
439.37507	439.3782	.0031	DG 24:0	C27H52O5	[M+H-H2O]+	/resources/tools/chemdb_ontology?abbrev=DG 24:0
439.37507	439.3758	.0007	MG O-22:0;O	C25H52O4Na	[M+Na]+	/resources/tools/chemdb_ontology?abbrev=MG O-22:0;O
457.33171	457.3312	.0005	ST 29:4;O4	C29H44O4	[M+H]+	/resources/tools/chemdb_ontology?abbrev=ST 29:4;O4
457.33171	457.3312	.0005	ST 29:3;O5	C29H46O5	[M+H-H2O]+	/resources/tools/chemdb_ontology?abbrev=ST 29:3;O5
457.33171	457.3288	.0029	ST 27:1;O4	C27H46O4Na	[M+Na]+	/resources/tools/chemdb_ontology?abbrev=ST 27:1;O4
457.33171	457.3401	.0084	LPE O-16:0	C21H46NO6P	[M+NH4]+	/resources/tools/chemdb_ontology?abbrev=LPE O-16:0
457.33171	457.3417	.0100	ST 29:2;O	C29H48ONa2	[M+2Na-H]+	/resources/tools/chemdb_ontology?abbrev=ST 29:2;O
479.31367	479.3190	.0053	ST 28:2;O;S	C28H46O4S	[M+H]+	/resources/tools/chemdb_ontology?abbrev=ST 28:2;O;S
479.31367	479.3132	.0005	LPG O-18:1	C24H49O8P	[M+H-H2O]+	/resources/tools/chemdb_ontology?abbrev=LPG O-18:1
479.31367	479.3132	.0005	ST 29:4;O4	C29H44O4Na	[M+Na]+	/resources/tools/chemdb_ontology?abbrev=ST 29:4;O4
479.31367	479.3108	.0029	ST 27:1;O4	C27H46O4Na2	[M+2Na-H]+	/resources/tools/chemdb_ontology?abbrev=ST 27:1;O4
840.5188	840.5174	.0014	PS 42:9	C48H76NO10P	[M+H-H2O]+	/resources/tools/chemdb_ontology?abbrev=PS 42:9
840.5188	840.5126	.0062	PS O-38:5	C44H78NO9PNa2	[M+2Na-H]+	/resources/tools/chemdb_ontology?abbrev=PS O-38:5
515.38488	515.3820	.0029	LPE O-19:0;O	C24H52NO7P	[M+NH4]+	/resources/tools/chemdb_ontology?abbrev=LPE O-19:0;O
515.38488	515.3835	.0013	FA 32:5	C32H54O2Na2	[M+2Na-H]+	/resources/tools/chemdb_ontology?abbrev=FA 32:5
658.29036	658.2963	.0059	PS 23:3;O2	C29H50NO12PNa	[M+Na]+	/resources/tools/chemdb_ontology?abbrev=PS 23:3;O2
518.39809	518.3969	.0012	LPC O-20:1	C28H58NO6P	[M+H-H2O]+	/resources/tools/chemdb_ontology?abbrev=LPC O-20:1
698.28285	698.2888	.0059	PS 23:2;O3	C29H52NO13PNa2	[M+2Na-H]+	/resources/tools/chemdb_ontology?abbrev=PS 23:2;O3
579.49261	579.4983	.0057	DG 33:2	C36H66O5	[M+H]+	/resources/tools/chemdb_ontology?abbrev=DG 33:2
544.42577	544.4336	.0079	Cer 32:3;O3	C32H59NO4Na	[M+Na]+	/resources/tools/chemdb_ontology?abbrev=Cer 32:3;O3
543.42246	543.4133	.0092	LPE O-21:0;O	C26H56NO7P	[M+NH4]+	/resources/tools/chemdb_ontology?abbrev=LPE O-21:0;O
543.42246	543.4148	.0076	FA 34:5	C34H58O2Na2	[M+2Na-H]+	/resources/tools/chemdb_ontology?abbrev=FA 34:5
543.42246	543.4148	.0076	WE 34:5	C34H58O2Na2	[M+2Na-H]+	/resources/tools/chemdb_ontology?abbrev=WE 34:5
521.44004	521.4329	.0071	FA 34:5	C34H58O2Na	[M+Na]+	/resources/tools/chemdb_ontology?abbrev=FA 34:5
521.44004	521.4329	.0071	WE 34:5	C34H58O2Na	[M+Na]+	/resources/tools/chemdb_ontology?abbrev=WE 34:5
521.44004	521.4347	.0054	NAT 26:0	C28H57NO4S	[M+NH4]+	/resources/tools/chemdb_ontology?abbrev=NAT 26:0
521.44004	521.4435	.0034	TG 62:3	C65H120O6Na2	[M+2Na]2+	/resources/tools/chemdb_ontology?abbrev=TG 62:3
521.44004	521.4305	.0095	WE 32:2	C32H60O2Na2	[M+2Na-H]+	/resources/tools/chemdb_ontology?abbrev=WE 32:2
521.44004	521.4305	.0096	WE 32:2	C32H60O2Na2	[M+2Na-H]+	/resources/tools/chemdb_ontology?abbrev=WE 32:2
328.32008	328.3210	.0009	NAE 18:0	C20H41NO2	[M+H]+	/resources/tools/chemdb_ontology?abbrev=NAE 18:0
328.32008	328.3210	.0009	SPB 20:1;O2	C20H41NO2	[M+H]+	/resources/tools/chemdb_ontology?abbrev=SPB 20:1;O2
328.32008	328.3210	.0009	FA 20:1	C20H38O2	[M+NH4]+	/resources/tools/chemdb_ontology?abbrev=FA 20:1
328.32008	328.3210	.0009	SFE 20:1	C20H38O2	[M+NH4]+	/resources/tools/chemdb_ontology?abbrev=SFE 20:1
328.32008	328.3210	.0009	WE 20:1	C20H38O2	[M+NH4]+	/resources/tools/chemdb_ontology?abbrev=WE 20:1
676.48974	676.4912	.0014	PC 28:1	C36H70NO8P	[M+H]+	/resources/tools/chemdb_ontology?abbrev=PC 28:1
676.48974	676.4912	.0014	PE 31:1	C36H70NO8P	[M+H]+	/resources/tools/chemdb_ontology?abbrev=PE 31:1
676.48974	676.4912	.0014	PS O-30:0	C36H72NO9P	[M+H-H2O]+	/resources/tools/chemdb_ontology?abbrev=PS O-30:0
676.48974	676.4912	.0014	PA 33:2	C36H67O8P	[M+NH4]+	/resources/tools/chemdb_ontology?abbrev=PA 33:2
603.43947	603.4384	.0011	PA O-30:2	C33H63O7P	[M+H]+	/resources/tools/chemdb_ontology?abbrev=PA O-30:2
603.43947	603.4384	.0011	PA 30:0	C33H65O8P	[M+H-H2O]+	/resources/tools/chemdb_ontology?abbrev=PA 30:0
366.37279	366.3730	.0002	NAE 22:0	C24H49NO2	[M+H-H2O]+	/resources/tools/chemdb_ontology?abbrev=NAE 22:0
425.42919	425.4353	.0061	FA 28:0	C28H56O2	[M+H]+	/resources/tools/chemdb_ontology?abbrev=FA 28:0
425.42919	425.4353	.0061	SFE 28:0	C28H56O2	[M+H]+	/resources/tools/chemdb_ontology?abbrev=SFE 28:0
425.42919	425.4353	.0061	WE 28:0	C28H56O2	[M+H]+	/resources/tools/chemdb_ontology?abbrev=WE 28:0
753.52421	753.5177	.0065	PE 36:6	C41H70NO8P	[M+NH4]+	/resources/tools/chemdb_ontology?abbrev=PE 36:6
753.52421	753.5247	.0005	CL 76:8	C85H150O17P2	[M+2H]2+	/resources/tools/chemdb_ontology?abbrev=CL 76:8
753.52421	753.5223	.0019	CL 72:2	C81H154O17P2Na2	[M+2Na]2+	/resources/tools/chemdb_ontology?abbrev=CL 72:2
752.52114	752.5225	.0013	PC 34:5	C42H74NO8P	[M+H]+	/resources/tools/chemdb_ontology?abbrev=PC 34:5
752.52114	752.5225	.0013	PE 37:5	C42H74NO8P	[M+H]+	/resources/tools/chemdb_ontology?abbrev=PE 37:5
752.52114	752.5225	.0013	PS O-36:4	C42H76NO9P	[M+H-H2O]+	/resources/tools/chemdb_ontology?abbrev=PS O-36:4
752.52114	752.5201	.0011	PC 32:2	C40H76NO8PNa	[M+Na]+	/resources/tools/chemdb_ontology?abbrev=PC 32:2
752.52114	752.5201	.0011	PE 35:2	C40H76NO8PNa	[M+Na]+	/resources/tools/chemdb_ontology?abbrev=PE 35:2
752.52114	752.5225	.0013	PA 39:6	C42H71O8P	[M+NH4]+	/resources/tools/chemdb_ontology?abbrev=PA 39:6
752.52114	752.5169	.0043	CL 76:9	C85H148O17P2	[M+2H]2+	/resources/tools/chemdb_ontology?abbrev=CL 76:9
696.52843	696.5326	.0042	PC O-32:3	C40H76NO7P	[M+H-H2O]+	/resources/tools/chemdb_ontology?abbrev=PC O-32:3
696.52843	696.5326	.0042	PE O-35:3	C40H76NO7P	[M+H-H2O]+	/resources/tools/chemdb_ontology?abbrev=PE O-35:3
696.52843	696.5302	.0018	CerP 38:1;O2	C38H76NO6PNa	[M+Na]+	/resources/tools/chemdb_ontology?abbrev=CerP 38:1;O2
760.48955	760.4912	.0016	PE 38:8	C43H70NO8P	[M+H]+	/resources/tools/chemdb_ontology?abbrev=PE 38:8
760.48955	760.4888	.0008	PC 33:5	C41H72NO8PNa	[M+Na]+	/resources/tools/chemdb_ontology?abbrev=PC 33:5
760.48955	760.4888	.0008	PE 36:5	C41H72NO8PNa	[M+Na]+	/resources/tools/chemdb_ontology?abbrev=PE 36:5
760.48955	760.4912	.0016	PA 40:9	C43H67O8P	[M+NH4]+	/resources/tools/chemdb_ontology?abbrev=PA 40:9
760.48955	760.4864	.0032	PC 31:2	C39H74NO8PNa2	[M+2Na-H]+	/resources/tools/chemdb_ontology?abbrev=PC 31:2
760.48955	760.4864	.0032	PE 34:2	C39H74NO8PNa2	[M+2Na-H]+	/resources/tools/chemdb_ontology?abbrev=PE 34:2
711.49268	711.4959	.0032	PA 37:4	C40H71O8P	[M+H]+	/resources/tools/chemdb_ontology?abbrev=PA 37:4
711.49268	711.4959	.0032	PG O-34:4	C40H73O9P	[M+H-H2O]+	/resources/tools/chemdb_ontology?abbrev=PG O-34:4
711.49268	711.4935	.0008	PA 35:1	C38H73O8PNa	[M+Na]+	/resources/tools/chemdb_ontology?abbrev=PA 35:1
711.49268	711.4959	.0032	DG 42:10	C45H68O5Na	[M+Na]+	/resources/tools/chemdb_ontology?abbrev=DG 42:10
711.49268	711.4919	.0008	PS 29:0	C35H68NO10P	[M+NH4]+	/resources/tools/chemdb_ontology?abbrev=PS 29:0
711.49268	711.4935	.0008	DG 40:7	C43H70O5Na2	[M+2Na-H]+	/resources/tools/chemdb_ontology?abbrev=DG 40:7
703.50892	703.5021	.0068	PE 32:3	C37H68NO8P	[M+NH4]+	/resources/tools/chemdb_ontology?abbrev=PE 32:3
703.50892	703.5090	.0001	CL 68:2	C77H146O17P2	[M+2H]2+	/resources/tools/chemdb_ontology?abbrev=CL 68:2
702.50552	702.5068	.0013	PC 30:2	C38H72NO8P	[M+H]+	/resources/tools/chemdb_ontology?abbrev=PC 30:2
702.50552	702.5068	.0013	PE 33:2	C38H72NO8P	[M+H]+	/resources/tools/chemdb_ontology?abbrev=PE 33:2
702.50552	702.5068	.0013	PS O-32:1	C38H74NO9P	[M+H-H2O]+	/resources/tools/chemdb_ontology?abbrev=PS O-32:1
702.50552	702.5068	.0013	PA 35:3	C38H69O8P	[M+NH4]+	/resources/tools/chemdb_ontology?abbrev=PA 35:3
702.50552	702.5012	.0043	CL 68:3	C77H144O17P2	[M+2H]2+	/resources/tools/chemdb_ontology?abbrev=CL 68:3
595.36165	595.3606	.0011	LPI O-20:1	C29H57O11P	[M+H-H2O]+	/resources/tools/chemdb_ontology?abbrev=LPI O-20:1
806.70789	806.7109	.0031	SM 40:0;O2	C45H93N2O6P	[M+NH4]+	/resources/tools/chemdb_ontology?abbrev=SM 40:0;O2
696.26745	696.2731	.0057	PS 23:3;O3	C29H50NO13PNa2	[M+2Na-H]+	/resources/tools/chemdb_ontology?abbrev=PS 23:3;O3
770.63683	770.6422	.0054	PC O-37:1	C45H90NO7P	[M+H-H2O]+	/resources/tools/chemdb_ontology?abbrev=PC O-37:1
770.63683	770.6422	.0054	PE O-40:1	C45H90NO7P	[M+H-H2O]+	/resources/tools/chemdb_ontology?abbrev=PE O-40:1
674.28535	674.2912	.0058	PS 23:3;O3	C29H50NO13PNa	[M+Na]+	/resources/tools/chemdb_ontology?abbrev=PS 23:3;O3
658.29028	658.2963	.0060	PS 23:3;O2	C29H50NO12PNa	[M+Na]+	/resources/tools/chemdb_ontology?abbrev=PS 23:3;O2
676.30093	676.3068	.0059	PS 23:2;O3	C29H52NO13PNa	[M+Na]+	/resources/tools/chemdb_ontology?abbrev=PS 23:2;O3
698.28201	698.2888	.0068	PS 23:2;O3	C29H52NO13PNa2	[M+2Na-H]+	/resources/tools/chemdb_ontology?abbrev=PS 23:2;O3
780.53555	780.5385	.0030	IPC 34:1;O2	C40H78NO11P	[M+H]+	/resources/tools/chemdb_ontology?abbrev=IPC 34:1;O2
780.53555	780.5290	.0065	SHexCer 34:1;O2	C40H77NO11S	[M+H]+	/resources/tools/chemdb_ontology?abbrev=SHexCer 34:1;O2
780.53555	780.5385	.0030	IPC 34:0;O3	C40H80NO12P	[M+H-H2O]+	/resources/tools/chemdb_ontology?abbrev=IPC 34:0;O3
781.53813	781.5378	.0003	PG O-38:6	C44H77O9P	[M+H]+	/resources/tools/chemdb_ontology?abbrev=PG O-38:6
781.53813	781.5378	.0003	PG 38:4	C44H79O10P	[M+H-H2O]+	/resources/tools/chemdb_ontology?abbrev=PG 38:4
781.53813	781.5354	.0027	PG O-36:3	C42H79O9PNa	[M+Na]+	/resources/tools/chemdb_ontology?abbrev=PG O-36:3
781.53813	781.5330	.0051	PG O-34:0	C40H81O9PNa2	[M+2Na-H]+	/resources/tools/chemdb_ontology?abbrev=PG O-34:0
684.5768	684.5773	.0005	HexCer 34:0;O2	C40H79NO8	[M+H-H2O]+	/resources/tools/chemdb_ontology?abbrev=HexCer 34:0;O2
684.5768	684.5690	.0078	CerP 40:1;O2	C40H80NO6P	[M+H-H2O]+	/resources/tools/chemdb_ontology?abbrev=CerP 40:1;O2
778.53651	778.5381	.0016	PC 36:6	C44H76NO8P	[M+H]+	/resources/tools/chemdb_ontology?abbrev=PC 36:6
778.53651	778.5381	.0016	PE 39:6	C44H76NO8P	[M+H]+	/resources/tools/chemdb_ontology?abbrev=PE 39:6
778.53651	778.5381	.0016	PS O-38:5	C44H78NO9P	[M+H-H2O]+	/resources/tools/chemdb_ontology?abbrev=PS O-38:5
778.53651	778.5357	.0008	PC 34:3	C42H78NO8PNa	[M+Na]+	/resources/tools/chemdb_ontology?abbrev=PC 34:3
778.53651	778.5357	.0008	PE 37:3	C42H78NO8PNa	[M+Na]+	/resources/tools/chemdb_ontology?abbrev=PE 37:3
778.53651	778.5381	.0016	PA 41:7	C44H73O8P	[M+NH4]+	/resources/tools/chemdb_ontology?abbrev=PA 41:7
778.53651	778.5333	.0032	PC 32:0	C40H80NO8PNa2	[M+2Na-H]+	/resources/tools/chemdb_ontology?abbrev=PC 32:0
778.53651	778.5333	.0032	PE 35:0	C40H80NO8PNa2	[M+2Na-H]+	/resources/tools/chemdb_ontology?abbrev=PE 35:0
806.55041	806.5447	.0058	SHexCer 36:1;O3	C42H81NO12S	[M+H-H2O]+	/resources/tools/chemdb_ontology?abbrev=SHexCer 36:1;O3
807.55292	807.5534	.0005	PG O-40:7	C46H79O9P	[M+H]+	/resources/tools/chemdb_ontology?abbrev=PG O-40:7
807.55292	807.5534	.0005	PG 40:5	C46H81O10P	[M+H-H2O]+	/resources/tools/chemdb_ontology?abbrev=PG 40:5
807.55292	807.5510	.0019	PG O-38:4	C44H81O9PNa	[M+Na]+	/resources/tools/chemdb_ontology?abbrev=PG O-38:4
807.55292	807.5486	.0043	PG O-36:1	C42H83O9PNa2	[M+2Na-H]+	/resources/tools/chemdb_ontology?abbrev=PG O-36:1
786.62794	786.6371	.0092	PC O-37:2	C45H88NO7P	[M+H]+	/resources/tools/chemdb_ontology?abbrev=PC O-37:2
786.62794	786.6371	.0092	PE O-40:2	C45H88NO7P	[M+H]+	/resources/tools/chemdb_ontology?abbrev=PE O-40:2
786.62794	786.6371	.0092	PC 37:0	C45H90NO8P	[M+H-H2O]+	/resources/tools/chemdb_ontology?abbrev=PC 37:0
786.62794	786.6371	.0092	PE 40:0	C45H90NO8P	[M+H-H2O]+	/resources/tools/chemdb_ontology?abbrev=PE 40:0
786.62794	786.6371	.0092	PA O-42:3	C45H85O7P	[M+NH4]+	/resources/tools/chemdb_ontology?abbrev=PA O-42:3
505.45619	505.4591	.0029	FA 31:0;O	C31H62O3Na	[M+Na]+	/resources/tools/chemdb_ontology?abbrev=FA 31:0;O
470.38919	470.3840	.0052	ST 27:0;O5	C27H48O5	[M+NH4]+	/resources/tools/chemdb_ontology?abbrev=ST 27:0;O5
447.40379	447.3991	.0047	FA 55:1;O3	C55H108O5Na2	[M+2Na]2+	/resources/tools/chemdb_ontology?abbrev=FA 55:1;O3
521.47816	521.4717	.0065	FA 37:6	C37H62O2	[M+H-H2O]+	/resources/tools/chemdb_ontology?abbrev=FA 37:6
486.36274	486.3598	.0030	TG 62:16	C65H94O6	[M+2H]2+	/resources/tools/chemdb_ontology?abbrev=TG 62:16
714.58589	714.5878	.0019	HexCer 35:1;O2	C41H79NO8	[M+H]+	/resources/tools/chemdb_ontology?abbrev=HexCer 35:1;O2
714.58589	714.5796	.0063	PC O-33:1	C41H82NO7P	[M+H-H2O]+	/resources/tools/chemdb_ontology?abbrev=PC O-33:1
714.58589	714.5796	.0063	PE O-36:1	C41H82NO7P	[M+H-H2O]+	/resources/tools/chemdb_ontology?abbrev=PE O-36:1
547.47123	547.4721	.0009	FAHFA 35:3;O	C35H62O4	[M+H]+	/resources/tools/chemdb_ontology?abbrev=FAHFA 35:3;O
547.47123	547.4721	.0009	DG 32:2	C35H64O5	[M+H-H2O]+	/resources/tools/chemdb_ontology?abbrev=DG 32:2
828.552	828.5538	.0018	PC 40:9	C48H78NO8P	[M+H]+	/resources/tools/chemdb_ontology?abbrev=PC 40:9
828.552	828.5514	.0006	PC 38:6	C46H80NO8PNa	[M+Na]+	/resources/tools/chemdb_ontology?abbrev=PC 38:6
828.552	828.5514	.0006	PE 41:6	C46H80NO8PNa	[M+Na]+	/resources/tools/chemdb_ontology?abbrev=PE 41:6
828.552	828.5444	.0076	Hex2Cer 30:1;O2	C42H79NO13Na	[M+Na]+	/resources/tools/chemdb_ontology?abbrev=Hex2Cer 30:1;O2
828.552	828.5597	.0077	PI 32:0	C41H79O13P	[M+NH4]+	/resources/tools/chemdb_ontology?abbrev=PI 32:0
828.552	828.5490	.0030	PC 36:3	C44H82NO8PNa2	[M+2Na-H]+	/resources/tools/chemdb_ontology?abbrev=PC 36:3
828.552	828.5490	.0030	PE 39:3	C44H82NO8PNa2	[M+2Na-H]+	/resources/tools/chemdb_ontology?abbrev=PE 39:3
710.4742	710.4755	.0013	PE 34:5	C39H68NO8P	[M+H]+	/resources/tools/chemdb_ontology?abbrev=PE 34:5
710.4742	710.4731	.0011	PC 29:2	C37H70NO8PNa	[M+Na]+	/resources/tools/chemdb_ontology?abbrev=PC 29:2
710.4742	710.4731	.0011	PE 32:2	C37H70NO8PNa	[M+Na]+	/resources/tools/chemdb_ontology?abbrev=PE 32:2
710.4742	710.4755	.0013	PA 36:6	C39H65O8P	[M+NH4]+	/resources/tools/chemdb_ontology?abbrev=PA 36:6
702.50536	702.5068	.0015	PC 30:2	C38H72NO8P	[M+H]+	/resources/tools/chemdb_ontology?abbrev=PC 30:2
702.50536	702.5068	.0015	PE 33:2	C38H72NO8P	[M+H]+	/resources/tools/chemdb_ontology?abbrev=PE 33:2
702.50536	702.5068	.0015	PS O-32:1	C38H74NO9P	[M+H-H2O]+	/resources/tools/chemdb_ontology?abbrev=PS O-32:1
702.50536	702.5068	.0015	PA 35:3	C38H69O8P	[M+NH4]+	/resources/tools/chemdb_ontology?abbrev=PA 35:3
702.50536	702.5012	.0041	CL 68:3	C77H144O17P2	[M+2H]2+	/resources/tools/chemdb_ontology?abbrev=CL 68:3
758.53168	758.5330	.0014	PS O-35:3	C41H76NO9P	[M+H]+	/resources/tools/chemdb_ontology?abbrev=PS O-35:3
758.53168	758.5330	.0014	PS 35:1	C41H78NO10P	[M+H-H2O]+	/resources/tools/chemdb_ontology?abbrev=PS 35:1
758.53168	758.5306	.0010	PS O-33:0	C39H78NO9PNa	[M+Na]+	/resources/tools/chemdb_ontology?abbrev=PS O-33:0
660.45911	660.4599	.0008	PE 30:2	C35H66NO8P	[M+H]+	/resources/tools/chemdb_ontology?abbrev=PE 30:2
660.45911	660.4599	.0008	LPS O-29:2;O	C35H68NO9P	[M+H-H2O]+	/resources/tools/chemdb_ontology?abbrev=LPS O-29:2;O
660.45911	660.4599	.0008	PS O-29:1	C35H68NO9P	[M+H-H2O]+	/resources/tools/chemdb_ontology?abbrev=PS O-29:1
660.45911	660.4599	.0008	PA 32:3	C35H63O8P	[M+NH4]+	/resources/tools/chemdb_ontology?abbrev=PA 32:3
429.37223	429.3727	.0005	ST 29:2;O2	C29H48O2	[M+H]+	/resources/tools/chemdb_ontology?abbrev=ST 29:2;O2
429.37223	429.3727	.0005	ST 29:1;O3	C29H50O3	[M+H-H2O]+	/resources/tools/chemdb_ontology?abbrev=ST 29:1;O3
429.37223	429.3703	.0019	FA 27:2	C27H50O2Na	[M+Na]+	/resources/tools/chemdb_ontology?abbrev=FA 27:2
718.5119	718.5122	.0003	CerP 38:1;O2	C38H76NO6PNa2	[M+2Na-H]+	/resources/tools/chemdb_ontology?abbrev=CerP 38:1;O2
718.5119	718.5204	.0085	HexCer 32:0;O2	C38H75NO8Na2	[M+2Na-H]+	/resources/tools/chemdb_ontology?abbrev=HexCer 32:0;O2
837.59328	837.6004	.0071	PG O-42:6	C48H85O9P	[M+H]+	/resources/tools/chemdb_ontology?abbrev=PG O-42:6
837.59328	837.5851	.0081	PI O-35:1	C44H85O12P	[M+H]+	/resources/tools/chemdb_ontology?abbrev=PI O-35:1
837.59328	837.6004	.0071	PG 42:4	C48H87O10P	[M+H-H2O]+	/resources/tools/chemdb_ontology?abbrev=PG 42:4
837.59328	837.5980	.0047	PG O-40:3	C46H87O9PNa	[M+Na]+	/resources/tools/chemdb_ontology?abbrev=PG O-40:3
837.59328	837.5956	.0023	PG O-38:0	C44H89O9PNa2	[M+2Na-H]+	/resources/tools/chemdb_ontology?abbrev=PG O-38:0
837.59328	837.5980	.0047	TG 48:7	C51H84O6Na2	[M+2Na-H]+	/resources/tools/chemdb_ontology?abbrev=TG 48:7
780.54343	780.5385	.0049	IPC 34:1;O2	C40H78NO11P	[M+H]+	/resources/tools/chemdb_ontology?abbrev=IPC 34:1;O2
780.54343	780.5385	.0049	IPC 34:0;O3	C40H80NO12P	[M+H-H2O]+	/resources/tools/chemdb_ontology?abbrev=IPC 34:0;O3
780.54343	780.5514	.0079	PC 34:2	C42H80NO8PNa	[M+Na]+	/resources/tools/chemdb_ontology?abbrev=PC 34:2
780.54343	780.5514	.0079	PE 37:2	C42H80NO8PNa	[M+Na]+	/resources/tools/chemdb_ontology?abbrev=PE 37:2
780.54343	780.5458	.0023	CL 76:3	C85H160O17P2Na2	[M+2Na]2+	/resources/tools/chemdb_ontology?abbrev=CL 76:3
869.5093	869.5175	.0082	PI 37:6	C46H77O13P	[M+H]+	/resources/tools/chemdb_ontology?abbrev=PI 37:6
869.5093	869.5150	.0057	PI 35:3	C44H79O13PNa	[M+Na]+	/resources/tools/chemdb_ontology?abbrev=PI 35:3
869.5093	869.5126	.0033	PI 33:0	C42H81O13PNa2	[M+2Na-H]+	/resources/tools/chemdb_ontology?abbrev=PI 33:0
779.5957	779.6037	.0080	SM 38:2;O2	C43H85N2O6PNa	[M+Na]+	/resources/tools/chemdb_ontology?abbrev=SM 38:2;O2
779.5957	779.5909	.0048	PS O-35:1	C41H80NO9P	[M+NH4]+	/resources/tools/chemdb_ontology?abbrev=PS O-35:1
778.59274	778.5956	.0029	PS O-36:0	C42H84NO9P	[M+H]+	/resources/tools/chemdb_ontology?abbrev=PS O-36:0
778.59274	778.5956	.0029	PG O-36:2	C42H81O9P	[M+NH4]+	/resources/tools/chemdb_ontology?abbrev=PG O-36:2
800.519	800.5225	.0035	PC 38:9	C46H74NO8P	[M+H]+	/resources/tools/chemdb_ontology?abbrev=PC 38:9
800.519	800.5201	.0011	PC 36:6	C44H76NO8PNa	[M+Na]+	/resources/tools/chemdb_ontology?abbrev=PC 36:6
800.519	800.5201	.0011	PE 39:6	C44H76NO8PNa	[M+Na]+	/resources/tools/chemdb_ontology?abbrev=PE 39:6
800.519	800.5284	.0094	PI 30:0	C39H75O13P	[M+NH4]+	/resources/tools/chemdb_ontology?abbrev=PI 30:0
800.519	800.5177	.0013	PC 34:3	C42H78NO8PNa2	[M+2Na-H]+	/resources/tools/chemdb_ontology?abbrev=PC 34:3
800.519	800.5177	.0013	PE 37:3	C42H78NO8PNa2	[M+2Na-H]+	/resources/tools/chemdb_ontology?abbrev=PE 37:3
836.59001	836.5916	.0016	SHexCer 38:1;O2	C44H85NO11S	[M+H]+	/resources/tools/chemdb_ontology?abbrev=SHexCer 38:1;O2
778.53727	778.5381	.0009	PC 36:6	C44H76NO8P	[M+H]+	/resources/tools/chemdb_ontology?abbrev=PC 36:6
778.53727	778.5381	.0009	PE 39:6	C44H76NO8P	[M+H]+	/resources/tools/chemdb_ontology?abbrev=PE 39:6
778.53727	778.5381	.0009	PS O-38:5	C44H78NO9P	[M+H-H2O]+	/resources/tools/chemdb_ontology?abbrev=PS O-38:5
778.53727	778.5357	.0015	PC 34:3	C42H78NO8PNa	[M+Na]+	/resources/tools/chemdb_ontology?abbrev=PC 34:3
778.53727	778.5357	.0015	PE 37:3	C42H78NO8PNa	[M+Na]+	/resources/tools/chemdb_ontology?abbrev=PE 37:3
778.53727	778.5381	.0009	PA 41:7	C44H73O8P	[M+NH4]+	/resources/tools/chemdb_ontology?abbrev=PA 41:7
778.53727	778.5333	.0040	PC 32:0	C40H80NO8PNa2	[M+2Na-H]+	/resources/tools/chemdb_ontology?abbrev=PC 32:0
778.53727	778.5333	.0040	PE 35:0	C40H80NO8PNa2	[M+2Na-H]+	/resources/tools/chemdb_ontology?abbrev=PE 35:0
801.5223	801.5276	.0053	PI O-34:3	C43H79O12P	[M+H-H2O]+	/resources/tools/chemdb_ontology?abbrev=PI O-34:3
801.5223	801.5177	.0046	PE 40:10	C45H70NO8P	[M+NH4]+	/resources/tools/chemdb_ontology?abbrev=PE 40:10
868.50618	868.4971	.0091	PI 36:8	C45H71O13P	[M+NH4]+	/resources/tools/chemdb_ontology?abbrev=PI 36:8
868.50618	868.5075	.0013	PS 39:5	C45H78NO10PNa2	[M+2Na-H]+	/resources/tools/chemdb_ontology?abbrev=PS 39:5
781.5458	781.5378	.0080	PG O-38:6	C44H77O9P	[M+H]+	/resources/tools/chemdb_ontology?abbrev=PG O-38:6
781.5458	781.5378	.0080	PG 38:4	C44H79O10P	[M+H-H2O]+	/resources/tools/chemdb_ontology?abbrev=PG 38:4
781.5458	781.5490	.0032	PC 35:6	C43H74NO8P	[M+NH4]+	/resources/tools/chemdb_ontology?abbrev=PC 35:6
781.5458	781.5490	.0032	PE 38:6	C43H74NO8P	[M+NH4]+	/resources/tools/chemdb_ontology?abbrev=PE 38:6
781.5458	781.5490	.0032	PE O-38:7;O	C43H74NO8P	[M+NH4]+	/resources/tools/chemdb_ontology?abbrev=PE O-38:7;O
342.33551	342.3366	.0011	FA 21:1	C21H40O2	[M+NH4]+	/resources/tools/chemdb_ontology?abbrev=FA 21:1
342.33551	342.3366	.0011	WE 21:1	C21H40O2	[M+NH4]+	/resources/tools/chemdb_ontology?abbrev=WE 21:1
342.33551	342.3367	.0011	SFE 21:1	C21H40O2	[M+NH4]+	/resources/tools/chemdb_ontology?abbrev=SFE 21:1
342.33551	342.3367	.0011	WE 21:1	C21H40O2	[M+NH4]+	/resources/tools/chemdb_ontology?abbrev=WE 21:1
779.54058	779.5433	.0027	PI O-32:0	C41H81O12P	[M+H-H2O]+	/resources/tools/chemdb_ontology?abbrev=PI O-32:0
779.54058	779.5334	.0072	PE 38:7	C43H72NO8P	[M+NH4]+	/resources/tools/chemdb_ontology?abbrev=PE 38:7
779.54058	779.5379	.0026	CL 76:4	C85H158O17P2Na2	[M+2Na]2+	/resources/tools/chemdb_ontology?abbrev=CL 76:4
647.47468	647.4759	.0012	CerPE 32:2;O3	C34H67N2O7P	[M+H]+	/resources/tools/chemdb_ontology?abbrev=CerPE 32:2;O3
739.4909	739.4908	.0001	PG 35:4	C41H73O10P	[M+H-H2O]+	/resources/tools/chemdb_ontology?abbrev=PG 35:4
739.4909	739.4884	.0025	PG O-33:3	C39H73O9PNa	[M+Na]+	/resources/tools/chemdb_ontology?abbrev=PG O-33:3
739.4909	739.4868	.0041	PC 28:2;O3	C36H68NO11P	[M+NH4]+	/resources/tools/chemdb_ontology?abbrev=PC 28:2;O3
739.4909	739.4860	.0049	PG O-31:0	C37H75O9PNa2	[M+2Na-H]+	/resources/tools/chemdb_ontology?abbrev=PG O-31:0
817.49573	817.5014	.0057	PG 40:9	C46H73O10P	[M+H]+	/resources/tools/chemdb_ontology?abbrev=PG 40:9
817.49573	817.4862	.0096	PI 33:4	C42H73O13P	[M+H]+	/resources/tools/chemdb_ontology?abbrev=PI 33:4
817.49573	817.4990	.0033	PG 38:6	C44H75O10PNa	[M+Na]+	/resources/tools/chemdb_ontology?abbrev=PG 38:6
817.49573	817.4966	.0009	PG 36:3	C42H77O10PNa2	[M+2Na-H]+	/resources/tools/chemdb_ontology?abbrev=PG 36:3
802.52487	802.5205	.0044	IPC 34:1;O2	C40H78NO11PNa	[M+Na]+	/resources/tools/chemdb_ontology?abbrev=IPC 34:1;O2
802.52487	802.5333	.0084	PC 34:2	C42H80NO8PNa2	[M+2Na-H]+	/resources/tools/chemdb_ontology?abbrev=PC 34:2
802.52487	802.5333	.0084	PE 37:2	C42H80NO8PNa2	[M+2Na-H]+	/resources/tools/chemdb_ontology?abbrev=PE 37:2
822.55548	822.5643	.0089	PS O-40:6	C46H80NO9P	[M+H]+	/resources/tools/chemdb_ontology?abbrev=PS O-40:6
822.55548	822.5643	.0089	PS 40:4	C46H82NO10P	[M+H-H2O]+	/resources/tools/chemdb_ontology?abbrev=PS 40:4
822.55548	822.5619	.0065	PS O-38:3	C44H82NO9PNa	[M+Na]+	/resources/tools/chemdb_ontology?abbrev=PS O-38:3
822.55548	822.5491	.0064	PI O-33:3	C42H77O12P	[M+NH4]+	/resources/tools/chemdb_ontology?abbrev=PI O-33:3
822.55548	822.5595	.0041	PS O-36:0	C42H84NO9PNa2	[M+2Na-H]+	/resources/tools/chemdb_ontology?abbrev=PS O-36:0
636.56561	636.5714	.0058	CE 16:3	C43H70O2	[M+NH4]+	/resources/tools/chemdb_ontology?abbrev=CE 16:3
636.56561	636.5561	.0095	DG 36:3	C39H70O5	[M+NH4]+	/resources/tools/chemdb_ontology?abbrev=DG 36:3
807.55242	807.5534	.0010	PG O-40:7	C46H79O9P	[M+H]+	/resources/tools/chemdb_ontology?abbrev=PG O-40:7
807.55242	807.5534	.0010	PG 40:5	C46H81O10P	[M+H-H2O]+	/resources/tools/chemdb_ontology?abbrev=PG 40:5
807.55242	807.5510	.0014	PG O-38:4	C44H81O9PNa	[M+Na]+	/resources/tools/chemdb_ontology?abbrev=PG O-38:4
807.55242	807.5486	.0038	PG O-36:1	C42H83O9PNa2	[M+2Na-H]+	/resources/tools/chemdb_ontology?abbrev=PG O-36:1
796.54118	796.5487	.0075	PS O-38:5	C44H78NO9P	[M+H]+	/resources/tools/chemdb_ontology?abbrev=PS O-38:5
796.54118	796.5487	.0075	PS 38:3	C44H80NO10P	[M+H-H2O]+	/resources/tools/chemdb_ontology?abbrev=PS 38:3
796.54118	796.5334	.0077	IPC 34:0;O4	C40H80NO13P	[M+H-H2O]+	/resources/tools/chemdb_ontology?abbrev=IPC 34:0;O4
796.54118	796.5463	.0051	PS O-36:2	C42H80NO9PNa	[M+Na]+	/resources/tools/chemdb_ontology?abbrev=PS O-36:2
796.54118	796.5487	.0075	PG O-38:7	C44H75O9P	[M+NH4]+	/resources/tools/chemdb_ontology?abbrev=PG O-38:7
796.54118	796.5334	.0077	PI O-31:2	C40H75O12P	[M+NH4]+	/resources/tools/chemdb_ontology?abbrev=PI O-31:2
828.52997	828.5385	.0086	PC 36:5;O3	C44H78NO11P	[M+H]+	/resources/tools/chemdb_ontology?abbrev=PC 36:5;O3
736.49015	736.4912	.0010	PE 36:6	C41H70NO8P	[M+H]+	/resources/tools/chemdb_ontology?abbrev=PE 36:6
736.49015	736.4888	.0014	PC 31:3	C39H72NO8PNa	[M+Na]+	/resources/tools/chemdb_ontology?abbrev=PC 31:3
736.49015	736.4888	.0014	PE 34:3	C39H72NO8PNa	[M+Na]+	/resources/tools/chemdb_ontology?abbrev=PE 34:3
736.49015	736.4912	.0010	PA 38:7	C41H67O8P	[M+NH4]+	/resources/tools/chemdb_ontology?abbrev=PA 38:7
736.49015	736.4864	.0038	PC 29:0	C37H74NO8PNa2	[M+2Na-H]+	/resources/tools/chemdb_ontology?abbrev=PC 29:0
736.49015	736.4864	.0038	PE 32:0	C37H74NO8PNa2	[M+2Na-H]+	/resources/tools/chemdb_ontology?abbrev=PE 32:0
669.41704	669.4126	.0044	PG 30:4	C36H63O10P	[M+H-H2O]+	/resources/tools/chemdb_ontology?abbrev=PG 30:4
669.41704	669.4086	.0085	PC 23:2;O3	C31H58NO11P	[M+NH4]+	/resources/tools/chemdb_ontology?abbrev=PC 23:2;O3
669.41704	669.4086	.0085	PS 25:1;O	C31H58NO11P	[M+NH4]+	/resources/tools/chemdb_ontology?abbrev=PS 25:1;O
573.48667	573.4877	.0011	DG 34:3	C37H66O5	[M+H-H2O]+	/resources/tools/chemdb_ontology?abbrev=DG 34:3
573.48667	573.4853	.0013	DG O-32:2	C35H66O4Na	[M+Na]+	/resources/tools/chemdb_ontology?abbrev=DG O-32:2
786.62724	786.6371	.0099	PC O-37:2	C45H88NO7P	[M+H]+	/resources/tools/chemdb_ontology?abbrev=PC O-37:2
786.62724	786.6371	.0099	PE O-40:2	C45H88NO7P	[M+H]+	/resources/tools/chemdb_ontology?abbrev=PE O-40:2
786.62724	786.6371	.0099	PC 37:0	C45H90NO8P	[M+H-H2O]+	/resources/tools/chemdb_ontology?abbrev=PC 37:0
786.62724	786.6371	.0099	PE 40:0	C45H90NO8P	[M+H-H2O]+	/resources/tools/chemdb_ontology?abbrev=PE 40:0
786.62724	786.6371	.0099	PA O-42:3	C45H85O7P	[M+NH4]+	/resources/tools/chemdb_ontology?abbrev=PA O-42:3
547.47108	547.4721	.0010	FAHFA 35:3;O	C35H62O4	[M+H]+	/resources/tools/chemdb_ontology?abbrev=FAHFA 35:3;O
547.47108	547.4721	.0010	DG 32:2	C35H64O5	[M+H-H2O]+	/resources/tools/chemdb_ontology?abbrev=DG 32:2
673.4568	673.4551	.0017	PE 30:4	C35H62NO8P	[M+NH4]+	/resources/tools/chemdb_ontology?abbrev=PE 30:4
777.53357	777.5429	.0093	PA 42:6	C45H77O8P	[M+H]+	/resources/tools/chemdb_ontology?abbrev=PA 42:6
777.53357	777.5276	.0059	PI O-32:1	C41H79O12P	[M+H-H2O]+	/resources/tools/chemdb_ontology?abbrev=PI O-32:1
777.53357	777.5405	.0069	PA 40:3	C43H79O8PNa	[M+Na]+	/resources/tools/chemdb_ontology?abbrev=PA 40:3
777.53357	777.5389	.0053	PS 34:2	C40H74NO10P	[M+NH4]+	/resources/tools/chemdb_ontology?abbrev=PS 34:2
777.53357	777.5381	.0045	PA 38:0	C41H81O8PNa2	[M+2Na-H]+	/resources/tools/chemdb_ontology?abbrev=PA 38:0
764.52218	764.5225	.0003	PC 35:6	C43H74NO8P	[M+H]+	/resources/tools/chemdb_ontology?abbrev=PC 35:6
764.52218	764.5225	.0003	PE 38:6	C43H74NO8P	[M+H]+	/resources/tools/chemdb_ontology?abbrev=PE 38:6
764.52218	764.5225	.0003	PE O-38:7;O	C43H74NO8P	[M+H]+	/resources/tools/chemdb_ontology?abbrev=PE O-38:7;O
764.52218	764.5225	.0003	PE 38:5;O	C43H76NO9P	[M+H-H2O]+	/resources/tools/chemdb_ontology?abbrev=PE 38:5;O
764.52218	764.5201	.0021	PC 33:3	C41H76NO8PNa	[M+Na]+	/resources/tools/chemdb_ontology?abbrev=PC 33:3
764.52218	764.5201	.0021	PE 36:3	C41H76NO8PNa	[M+Na]+	/resources/tools/chemdb_ontology?abbrev=PE 36:3
764.52218	764.5225	.0003	PA 40:7	C43H71O8P	[M+NH4]+	/resources/tools/chemdb_ontology?abbrev=PA 40:7
764.52218	764.5307	.0085	MGDG 34:6	C43H70O10	[M+NH4]+	/resources/tools/chemdb_ontology?abbrev=MGDG 34:6
764.52218	764.5177	.0045	PC 31:0	C39H78NO8PNa2	[M+2Na-H]+	/resources/tools/chemdb_ontology?abbrev=PC 31:0
764.52218	764.5177	.0045	PE 34:0	C39H78NO8PNa2	[M+2Na-H]+	/resources/tools/chemdb_ontology?abbrev=PE 34:0
822.57339	822.5643	.0090	PS O-40:6	C46H80NO9P	[M+H]+	/resources/tools/chemdb_ontology?abbrev=PS O-40:6
822.57339	822.5643	.0090	PS 40:4	C46H82NO10P	[M+H-H2O]+	/resources/tools/chemdb_ontology?abbrev=PS 40:4
776.51854	776.5225	.0039	PC 36:7	C44H74NO8P	[M+H]+	/resources/tools/chemdb_ontology?abbrev=PC 36:7
776.51854	776.5225	.0039	PE 39:7	C44H74NO8P	[M+H]+	/resources/tools/chemdb_ontology?abbrev=PE 39:7
776.51854	776.5225	.0039	PS O-38:6	C44H76NO9P	[M+H-H2O]+	/resources/tools/chemdb_ontology?abbrev=PS O-38:6
776.51854	776.5201	.0015	PC 34:4	C42H76NO8PNa	[M+Na]+	/resources/tools/chemdb_ontology?abbrev=PC 34:4
776.51854	776.5201	.0015	PE 37:4	C42H76NO8PNa	[M+Na]+	/resources/tools/chemdb_ontology?abbrev=PE 37:4
776.51854	776.5145	.0041	CL 76:7	C85H152O17P2Na2	[M+2Na]2+	/resources/tools/chemdb_ontology?abbrev=CL 76:7
776.51854	776.5177	.0009	PC 32:1	C40H78NO8PNa2	[M+2Na-H]+	/resources/tools/chemdb_ontology?abbrev=PC 32:1
776.51854	776.5177	.0009	PE 35:1	C40H78NO8PNa2	[M+2Na-H]+	/resources/tools/chemdb_ontology?abbrev=PE 35:1
776.51854	776.5259	.0074	HexCer 34:1;O4	C40H77NO10Na2	[M+2Na-H]+	/resources/tools/chemdb_ontology?abbrev=HexCer 34:1;O4
806.55879	806.5624	.0036	Hex2Cer 30:1;O2	C42H79NO13	[M+H]+	/resources/tools/chemdb_ontology?abbrev=Hex2Cer 30:1;O2
806.55879	806.5670	.0082	PC 36:3	C44H82NO8PNa	[M+Na]+	/resources/tools/chemdb_ontology?abbrev=PC 36:3
806.55879	806.5670	.0082	PE 39:3	C44H82NO8PNa	[M+Na]+	/resources/tools/chemdb_ontology?abbrev=PE 39:3
806.55879	806.5646	.0058	PC 34:0	C42H84NO8PNa2	[M+2Na-H]+	/resources/tools/chemdb_ontology?abbrev=PC 34:0
806.55879	806.5646	.0058	PE 37:0	C42H84NO8PNa2	[M+2Na-H]+	/resources/tools/chemdb_ontology?abbrev=PE 37:0
754.53711	754.5381	.0010	PC 34:4	C42H76NO8P	[M+H]+	/resources/tools/chemdb_ontology?abbrev=PC 34:4
754.53711	754.5381	.0010	PE 37:4	C42H76NO8P	[M+H]+	/resources/tools/chemdb_ontology?abbrev=PE 37:4
754.53711	754.5381	.0010	PS O-36:3	C42H78NO9P	[M+H-H2O]+	/resources/tools/chemdb_ontology?abbrev=PS O-36:3
754.53711	754.5357	.0014	PC 32:1	C40H78NO8PNa	[M+Na]+	/resources/tools/chemdb_ontology?abbrev=PC 32:1
754.53711	754.5357	.0014	PE 35:1	C40H78NO8PNa	[M+Na]+	/resources/tools/chemdb_ontology?abbrev=PE 35:1
754.53711	754.5440	.0069	HexCer 34:1;O4	C40H77NO10Na	[M+Na]+	/resources/tools/chemdb_ontology?abbrev=HexCer 34:1;O4
754.53711	754.5381	.0010	PA 39:5	C42H73O8P	[M+NH4]+	/resources/tools/chemdb_ontology?abbrev=PA 39:5
754.53711	754.5325	.0046	CL 76:7	C85H152O17P2	[M+2H]2+	/resources/tools/chemdb_ontology?abbrev=CL 76:7
812.58962	812.5800	.0096	PS 39:2	C45H84NO10P	[M+H-H2O]+	/resources/tools/chemdb_ontology?abbrev=PS 39:2
812.58962	812.5987	.0091	HexCer 39:2;O2	C45H85NO8Na2	[M+2Na-H]+	/resources/tools/chemdb_ontology?abbrev=HexCer 39:2;O2
755.54039	755.5334	.0070	PC 33:5	C41H72NO8P	[M+NH4]+	/resources/tools/chemdb_ontology?abbrev=PC 33:5
755.54039	755.5334	.0070	PE 36:5	C41H72NO8P	[M+NH4]+	/resources/tools/chemdb_ontology?abbrev=PE 36:5
755.54039	755.5403	.0001	CL 76:6	C85H154O17P2	[M+2H]2+	/resources/tools/chemdb_ontology?abbrev=CL 76:6
755.54039	755.5379	.0025	CL 72:0	C81H158O17P2Na2	[M+2Na]2+	/resources/tools/chemdb_ontology?abbrev=CL 72:0
786.50512	786.5068	.0017	PE 40:9	C45H72NO8P	[M+H]+	/resources/tools/chemdb_ontology?abbrev=PE 40:9
786.50512	786.5044	.0007	PC 35:6	C43H74NO8PNa	[M+Na]+	/resources/tools/chemdb_ontology?abbrev=PC 35:6
786.50512	786.5044	.0007	PE 38:6	C43H74NO8PNa	[M+Na]+	/resources/tools/chemdb_ontology?abbrev=PE 38:6
786.50512	786.5044	.0007	PE O-38:7;O	C43H74NO8PNa	[M+Na]+	/resources/tools/chemdb_ontology?abbrev=PE O-38:7;O
786.50512	786.5068	.0017	PA 42:10	C45H69O8P	[M+NH4]+	/resources/tools/chemdb_ontology?abbrev=PA 42:10
786.50512	786.5127	.0076	PI 29:0	C38H73O13P	[M+NH4]+	/resources/tools/chemdb_ontology?abbrev=PI 29:0
786.50512	786.5151	.0099	MGDG 36:9	C45H68O10	[M+NH4]+	/resources/tools/chemdb_ontology?abbrev=MGDG 36:9
786.50512	786.5020	.0031	PC 33:3	C41H76NO8PNa2	[M+2Na-H]+	/resources/tools/chemdb_ontology?abbrev=PC 33:3
786.50512	786.5020	.0031	PE 36:3	C41H76NO8PNa2	[M+2Na-H]+	/resources/tools/chemdb_ontology?abbrev=PE 36:3
844.55791	844.5487	.0092	PS 42:7	C48H80NO10P	[M+H-H2O]+	/resources/tools/chemdb_ontology?abbrev=PS 42:7
756.54303	756.5514	.0083	PC 32:0	C40H80NO8PNa	[M+Na]+	/resources/tools/chemdb_ontology?abbrev=PC 32:0
756.54303	756.5514	.0083	PE 35:0	C40H80NO8PNa	[M+Na]+	/resources/tools/chemdb_ontology?abbrev=PE 35:0
756.54303	756.5361	.0070	HexCer 35:2;O2	C41H77NO8Na2	[M+2Na-H]+	/resources/tools/chemdb_ontology?abbrev=HexCer 35:2;O2
827.53762	827.5433	.0057	PI O-36:4	C45H81O12P	[M+H-H2O]+	/resources/tools/chemdb_ontology?abbrev=PI O-36:4
827.53762	827.5334	.0042	PE 42:11	C47H72NO8P	[M+NH4]+	/resources/tools/chemdb_ontology?abbrev=PE 42:11
842.50795	842.5130	.0050	IPC 34:0;O3	C40H80NO12PNa2	[M+2Na-H]+	/resources/tools/chemdb_ontology?abbrev=IPC 34:0;O3
862.60534	862.6073	.0019	SHexCer 40:1;O3	C46H89NO12S	[M+H-H2O]+	/resources/tools/chemdb_ontology?abbrev=SHexCer 40:1;O3
807.5612	807.5534	.0078	PG O-40:7	C46H79O9P	[M+H]+	/resources/tools/chemdb_ontology?abbrev=PG O-40:7
807.5612	807.5534	.0078	PG 40:5	C46H81O10P	[M+H-H2O]+	/resources/tools/chemdb_ontology?abbrev=PG 40:5
807.5612	807.5647	.0035	PC 37:7	C45H76NO8P	[M+NH4]+	/resources/tools/chemdb_ontology?abbrev=PC 37:7
807.5612	807.5647	.0035	PE 40:7	C45H76NO8P	[M+NH4]+	/resources/tools/chemdb_ontology?abbrev=PE 40:7
863.60849	863.6008	.0077	PI O-37:2	C46H87O12P	[M+H]+	/resources/tools/chemdb_ontology?abbrev=PI O-37:2
863.60849	863.6160	.0076	PG 44:5	C50H89O10P	[M+H-H2O]+	/resources/tools/chemdb_ontology?abbrev=PG 44:5
863.60849	863.6008	.0077	PI 37:0	C46H89O13P	[M+H-H2O]+	/resources/tools/chemdb_ontology?abbrev=PI 37:0
863.60849	863.6136	.0051	PG O-42:4	C48H89O9PNa	[M+Na]+	/resources/tools/chemdb_ontology?abbrev=PG O-42:4
863.60849	863.6112	.0027	PG O-40:1	C46H91O9PNa2	[M+2Na-H]+	/resources/tools/chemdb_ontology?abbrev=PG O-40:1
863.60849	863.6136	.0051	TG 50:8	C53H86O6Na2	[M+2Na-H]+	/resources/tools/chemdb_ontology?abbrev=TG 50:8
826.53442	826.5381	.0037	PC 40:10	C48H76NO8P	[M+H]+	/resources/tools/chemdb_ontology?abbrev=PC 40:10
826.53442	826.5357	.0013	PC 38:7	C46H78NO8PNa	[M+Na]+	/resources/tools/chemdb_ontology?abbrev=PC 38:7
826.53442	826.5357	.0013	PE 41:7	C46H78NO8PNa	[M+Na]+	/resources/tools/chemdb_ontology?abbrev=PE 41:7
826.53442	826.5440	.0096	PI 32:1	C41H77O13P	[M+NH4]+	/resources/tools/chemdb_ontology?abbrev=PI 32:1
826.53442	826.5333	.0011	PC 36:4	C44H80NO8PNa2	[M+2Na-H]+	/resources/tools/chemdb_ontology?abbrev=PC 36:4
826.53442	826.5333	.0011	PE 39:4	C44H80NO8PNa2	[M+2Na-H]+	/resources/tools/chemdb_ontology?abbrev=PE 39:4
805.55608	805.5589	.0028	PI O-34:1	C43H83O12P	[M+H-H2O]+	/resources/tools/chemdb_ontology?abbrev=PI O-34:1
805.55608	805.5490	.0071	PE 40:8	C45H74NO8P	[M+NH4]+	/resources/tools/chemdb_ontology?abbrev=PE 40:8
804.55275	804.5538	.0010	PC 38:7	C46H78NO8P	[M+H]+	/resources/tools/chemdb_ontology?abbrev=PC 38:7
804.55275	804.5538	.0010	PE 41:7	C46H78NO8P	[M+H]+	/resources/tools/chemdb_ontology?abbrev=PE 41:7
804.55275	804.5538	.0010	PS O-40:6	C46H80NO9P	[M+H-H2O]+	/resources/tools/chemdb_ontology?abbrev=PS O-40:6
804.55275	804.5514	.0014	PC 36:4	C44H80NO8PNa	[M+Na]+	/resources/tools/chemdb_ontology?abbrev=PC 36:4
804.55275	804.5514	.0014	PE 39:4	C44H80NO8PNa	[M+Na]+	/resources/tools/chemdb_ontology?abbrev=PE 39:4
804.55275	804.5490	.0038	PC 34:1	C42H82NO8PNa2	[M+2Na-H]+	/resources/tools/chemdb_ontology?abbrev=PC 34:1
804.55275	804.5490	.0038	PE 37:1	C42H82NO8PNa2	[M+2Na-H]+	/resources/tools/chemdb_ontology?abbrev=PE 37:1
804.55275	804.5572	.0045	HexCer 36:1;O4	C42H81NO10Na2	[M+2Na-H]+	/resources/tools/chemdb_ontology?abbrev=HexCer 36:1;O4
894.5213	894.5127	.0086	PI 38:9	C47H73O13P	[M+NH4]+	/resources/tools/chemdb_ontology?abbrev=PI 38:9
894.5213	894.5231	.0018	PS 41:6	C47H80NO10PNa2	[M+2Na-H]+	/resources/tools/chemdb_ontology?abbrev=PS 41:6
597.48661	597.4877	.0011	DG 36:5	C39H66O5	[M+H-H2O]+	/resources/tools/chemdb_ontology?abbrev=DG 36:5
597.48661	597.4853	.0013	FAHFA 37:3;O	C37H66O4Na	[M+Na]+	/resources/tools/chemdb_ontology?abbrev=FAHFA 37:3;O
702.50541	702.5068	.0014	PC 30:2	C38H72NO8P	[M+H]+	/resources/tools/chemdb_ontology?abbrev=PC 30:2
702.50541	702.5068	.0014	PE 33:2	C38H72NO8P	[M+H]+	/resources/tools/chemdb_ontology?abbrev=PE 33:2
702.50541	702.5068	.0014	PS O-32:1	C38H74NO9P	[M+H-H2O]+	/resources/tools/chemdb_ontology?abbrev=PS O-32:1
702.50541	702.5068	.0014	PA 35:3	C38H69O8P	[M+NH4]+	/resources/tools/chemdb_ontology?abbrev=PA 35:3
702.50541	702.5012	.0042	CL 68:3	C77H144O17P2	[M+2H]2+	/resources/tools/chemdb_ontology?abbrev=CL 68:3
879.49744	879.5018	.0044	PI 38:8	C47H75O13P	[M+H]+	/resources/tools/chemdb_ontology?abbrev=PI 38:8
879.49744	879.4994	.0020	PI 36:5	C45H77O13PNa	[M+Na]+	/resources/tools/chemdb_ontology?abbrev=PI 36:5
879.49744	879.4970	.0004	PI 34:2	C43H79O13PNa2	[M+2Na-H]+	/resources/tools/chemdb_ontology?abbrev=PI 34:2
728.52123	728.5225	.0012	PC 32:3	C40H74NO8P	[M+H]+	/resources/tools/chemdb_ontology?abbrev=PC 32:3
728.52123	728.5225	.0012	PE 35:3	C40H74NO8P	[M+H]+	/resources/tools/chemdb_ontology?abbrev=PE 35:3
728.52123	728.5225	.0012	PS O-34:2	C40H76NO9P	[M+H-H2O]+	/resources/tools/chemdb_ontology?abbrev=PS O-34:2
728.52123	728.5201	.0012	PC 30:0	C38H76NO8PNa	[M+Na]+	/resources/tools/chemdb_ontology?abbrev=PC 30:0
728.52123	728.5201	.0012	PE 33:0	C38H76NO8PNa	[M+Na]+	/resources/tools/chemdb_ontology?abbrev=PE 33:0
728.52123	728.5225	.0012	PA 37:4	C40H71O8P	[M+NH4]+	/resources/tools/chemdb_ontology?abbrev=PA 37:4
728.52123	728.5169	.0044	CL 72:5	C81H148O17P2	[M+2H]2+	/resources/tools/chemdb_ontology?abbrev=CL 72:5
582.54447	582.5456	.0011	Cer 36:1;O3	C36H71NO4	[M+H]+	/resources/tools/chemdb_ontology?abbrev=Cer 36:1;O3
582.54447	582.5456	.0011	Cer 36:0;O4	C36H73NO5	[M+H-H2O]+	/resources/tools/chemdb_ontology?abbrev=Cer 36:0;O4
582.54447	582.5456	.0011	FAHFA 36:1;O	C36H68O4	[M+NH4]+	/resources/tools/chemdb_ontology?abbrev=FAHFA 36:1;O
696.2668	696.2731	.0063	PS 23:3;O3	C29H50NO13PNa2	[M+2Na-H]+	/resources/tools/chemdb_ontology?abbrev=PS 23:3;O3
674.28487	674.2912	.0063	PS 23:3;O3	C29H50NO13PNa	[M+Na]+	/resources/tools/chemdb_ontology?abbrev=PS 23:3;O3
883.5309	883.5331	.0022	PI 38:6	C47H79O13P	[M+H]+	/resources/tools/chemdb_ontology?abbrev=PI 38:6
883.5309	883.5307	.0002	PI 36:3	C45H81O13PNa	[M+Na]+	/resources/tools/chemdb_ontology?abbrev=PI 36:3
883.5309	883.5283	.0026	PI 34:0	C43H83O13PNa2	[M+2Na-H]+	/resources/tools/chemdb_ontology?abbrev=PI 34:0
905.51318	905.5175	.0043	PI 40:9	C49H77O13P	[M+H]+	/resources/tools/chemdb_ontology?abbrev=PI 40:9
905.51318	905.5150	.0019	PI 38:6	C47H79O13PNa	[M+Na]+	/resources/tools/chemdb_ontology?abbrev=PI 38:6
905.51318	905.5126	.0005	PI 36:3	C45H81O13PNa2	[M+2Na-H]+	/resources/tools/chemdb_ontology?abbrev=PI 36:3
822.55646	822.5643	.0079	PS O-40:6	C46H80NO9P	[M+H]+	/resources/tools/chemdb_ontology?abbrev=PS O-40:6
822.55646	822.5643	.0079	PS 40:4	C46H82NO10P	[M+H-H2O]+	/resources/tools/chemdb_ontology?abbrev=PS 40:4
822.55646	822.5619	.0055	PS O-38:3	C44H82NO9PNa	[M+Na]+	/resources/tools/chemdb_ontology?abbrev=PS O-38:3
822.55646	822.5491	.0074	PI O-33:3	C42H77O12P	[M+NH4]+	/resources/tools/chemdb_ontology?abbrev=PI O-33:3
822.55646	822.5595	.0031	PS O-36:0	C42H84NO9PNa2	[M+2Na-H]+	/resources/tools/chemdb_ontology?abbrev=PS O-36:0
859.64633	859.6423	.0041	PG 42:2	C48H91O10P	[M+H]+	/resources/tools/chemdb_ontology?abbrev=PG 42:2
624.50571	624.4963	.0094	PA O-30:0	C33H67O7P	[M+NH4]+	/resources/tools/chemdb_ontology?abbrev=PA O-30:0
711.4926	711.4959	.0033	PA 37:4	C40H71O8P	[M+H]+	/resources/tools/chemdb_ontology?abbrev=PA 37:4
711.4926	711.4959	.0033	PG O-34:4	C40H73O9P	[M+H-H2O]+	/resources/tools/chemdb_ontology?abbrev=PG O-34:4
711.4926	711.4935	.0009	PA 35:1	C38H73O8PNa	[M+Na]+	/resources/tools/chemdb_ontology?abbrev=PA 35:1
711.4926	711.4959	.0033	DG 42:10	C45H68O5Na	[M+Na]+	/resources/tools/chemdb_ontology?abbrev=DG 42:10
711.4926	711.4919	.0007	PS 29:0	C35H68NO10P	[M+NH4]+	/resources/tools/chemdb_ontology?abbrev=PS 29:0
711.4926	711.4935	.0009	DG 40:7	C43H70O5Na2	[M+2Na-H]+	/resources/tools/chemdb_ontology?abbrev=DG 40:7
737.4936	737.4963	.0027	PI O-29:0	C38H75O12P	[M+H-H2O]+	/resources/tools/chemdb_ontology?abbrev=PI O-29:0
737.4936	737.4934	.0002	CL 74:10	C83H142O17P2	[M+2H]2+	/resources/tools/chemdb_ontology?abbrev=CL 74:10
737.4936	737.4910	.0026	CL 70:4	C79H146O17P2Na2	[M+2Na]2+	/resources/tools/chemdb_ontology?abbrev=CL 70:4
623.50239	623.5034	.0010	DG 38:6	C41H68O5	[M+H-H2O]+	/resources/tools/chemdb_ontology?abbrev=DG 38:6
823.57598	823.5695	.0065	PI O-34:1	C43H83O12P	[M+H]+	/resources/tools/chemdb_ontology?abbrev=PI O-34:1
823.57598	823.5847	.0088	PG 41:4	C47H85O10P	[M+H-H2O]+	/resources/tools/chemdb_ontology?abbrev=PG 41:4
823.57598	823.5799	.0040	PG O-37:0	C43H87O9PNa2	[M+2Na-H]+	/resources/tools/chemdb_ontology?abbrev=PG O-37:0
665.54585	665.5503	.0045	DG 41:6	C44H74O5	[M+H-H2O]+	/resources/tools/chemdb_ontology?abbrev=DG 41:6
795.54626	795.5382	.0081	PI O-32:1	C41H79O12P	[M+H]+	/resources/tools/chemdb_ontology?abbrev=PI O-32:1
795.54626	795.5534	.0072	PG 39:4	C45H81O10P	[M+H-H2O]+	/resources/tools/chemdb_ontology?abbrev=PG 39:4
795.54626	795.5510	.0048	PG O-37:3	C43H81O9PNa	[M+Na]+	/resources/tools/chemdb_ontology?abbrev=PG O-37:3
795.54626	795.5486	.0024	PG O-35:0	C41H83O9PNa2	[M+2Na-H]+	/resources/tools/chemdb_ontology?abbrev=PG O-35:0
801.59504	801.6004	.0054	PG 39:1	C45H87O10P	[M+H-H2O]+	/resources/tools/chemdb_ontology?abbrev=PG 39:1
801.59504	801.5980	.0029	PG O-37:0	C43H87O9PNa	[M+Na]+	/resources/tools/chemdb_ontology?abbrev=PG O-37:0
801.59504	801.5980	.0029	TG 45:4	C48H84O6Na2	[M+2Na-H]+	/resources/tools/chemdb_ontology?abbrev=TG 45:4
801.59504	801.5857	.0094	SM 38:2;O2	C43H85N2O6PNa2	[M+2Na-H]+	/resources/tools/chemdb_ontology?abbrev=SM 38:2;O2
759.4751	759.4753	.0002	CL 74:10	C83H142O17P2Na2	[M+2Na]2+	/resources/tools/chemdb_ontology?abbrev=CL 74:10
848.56892	848.5623	.0066	IPC 36:0;O3	C42H84NO12PNa	[M+Na]+	/resources/tools/chemdb_ontology?abbrev=IPC 36:0;O3
848.56892	848.5776	.0087	PC 38:4;O	C46H84NO9PNa	[M+Na]+	/resources/tools/chemdb_ontology?abbrev=PC 38:4;O
848.56892	848.5776	.0087	PS O-40:4	C46H84NO9PNa	[M+Na]+	/resources/tools/chemdb_ontology?abbrev=PS O-40:4
848.56892	848.5752	.0063	PS O-38:1	C44H86NO9PNa2	[M+2Na-H]+	/resources/tools/chemdb_ontology?abbrev=PS O-38:1
676.30075	676.3068	.0061	PS 23:2;O3	C29H52NO13PNa	[M+Na]+	/resources/tools/chemdb_ontology?abbrev=PS 23:2;O3
758.47225	758.4755	.0033	PE 38:9	C43H68NO8P	[M+H]+	/resources/tools/chemdb_ontology?abbrev=PE 38:9
758.47225	758.4731	.0009	PE 36:6	C41H70NO8PNa	[M+Na]+	/resources/tools/chemdb_ontology?abbrev=PE 36:6
758.47225	758.4755	.0033	PA 40:10	C43H65O8P	[M+NH4]+	/resources/tools/chemdb_ontology?abbrev=PA 40:10
758.47225	758.4814	.0092	PI 27:0	C36H69O13P	[M+NH4]+	/resources/tools/chemdb_ontology?abbrev=PI 27:0
758.47225	758.4707	.0015	PC 31:3	C39H72NO8PNa2	[M+2Na-H]+	/resources/tools/chemdb_ontology?abbrev=PC 31:3
758.47225	758.4707	.0015	PE 34:3	C39H72NO8PNa2	[M+2Na-H]+	/resources/tools/chemdb_ontology?abbrev=PE 34:3
796.54787	796.5487	.0008	PS O-38:5	C44H78NO9P	[M+H]+	/resources/tools/chemdb_ontology?abbrev=PS O-38:5
796.54787	796.5487	.0008	PS 38:3	C44H80NO10P	[M+H-H2O]+	/resources/tools/chemdb_ontology?abbrev=PS 38:3
796.54787	796.5463	.0016	PS O-36:2	C42H80NO9PNa	[M+Na]+	/resources/tools/chemdb_ontology?abbrev=PS O-36:2
796.54787	796.5487	.0008	PG O-38:7	C44H75O9P	[M+NH4]+	/resources/tools/chemdb_ontology?abbrev=PG O-38:7
698.28215	698.2888	.0066	PS 23:2;O3	C29H52NO13PNa2	[M+2Na-H]+	/resources/tools/chemdb_ontology?abbrev=PS 23:2;O3
764.50853	764.5177	.0091	PC 31:0	C39H78NO8PNa2	[M+2Na-H]+	/resources/tools/chemdb_ontology?abbrev=PC 31:0
764.50853	764.5177	.0091	PE 34:0	C39H78NO8PNa2	[M+2Na-H]+	/resources/tools/chemdb_ontology?abbrev=PE 34:0
800.58699	800.5800	.0070	PS O-38:3	C44H82NO9P	[M+H]+	/resources/tools/chemdb_ontology?abbrev=PS O-38:3
800.58699	800.5800	.0070	PS 38:1	C44H84NO10P	[M+H-H2O]+	/resources/tools/chemdb_ontology?abbrev=PS 38:1
800.58699	800.5952	.0083	PC O-40:7	C48H84NO7P	[M+H-H2O]+	/resources/tools/chemdb_ontology?abbrev=PC O-40:7
800.58699	800.5776	.0094	PS O-36:0	C42H84NO9PNa	[M+Na]+	/resources/tools/chemdb_ontology?abbrev=PS O-36:0
800.58699	800.5800	.0070	PG O-38:5	C44H79O9P	[M+NH4]+	/resources/tools/chemdb_ontology?abbrev=PG O-38:5
800.58699	800.5904	.0034	CerP 44:2;O2	C44H86NO6PNa2	[M+2Na-H]+	/resources/tools/chemdb_ontology?abbrev=CerP 44:2;O2
803.60028	803.5909	.0094	PS O-37:3	C43H80NO9P	[M+NH4]+	/resources/tools/chemdb_ontology?abbrev=PS O-37:3
803.60028	803.6013	.0011	SM 38:1;O2	C43H87N2O6PNa2	[M+2Na-H]+	/resources/tools/chemdb_ontology?abbrev=SM 38:1;O2
739.49137	739.4908	.0005	PG 35:4	C41H73O10P	[M+H-H2O]+	/resources/tools/chemdb_ontology?abbrev=PG 35:4
739.49137	739.4884	.0029	PG O-33:3	C39H73O9PNa	[M+Na]+	/resources/tools/chemdb_ontology?abbrev=PG O-33:3
739.49137	739.4868	.0045	PC 28:2;O3	C36H68NO11P	[M+NH4]+	/resources/tools/chemdb_ontology?abbrev=PC 28:2;O3
739.49137	739.4860	.0053	PG O-31:0	C37H75O9PNa2	[M+2Na-H]+	/resources/tools/chemdb_ontology?abbrev=PG O-31:0
797.54562	797.5538	.0082	PI O-32:0	C41H81O12P	[M+H]+	/resources/tools/chemdb_ontology?abbrev=PI O-32:0
797.54562	797.5439	.0017	PE 38:6;O	C43H74NO9P	[M+NH4]+	/resources/tools/chemdb_ontology?abbrev=PE 38:6;O
797.54562	797.5556	.0099	SHexCer 34:1;O2	C40H77NO11S	[M+NH4]+	/resources/tools/chemdb_ontology?abbrev=SHexCer 34:1;O2
729.20523	729.2048	.0004	PIP2 16:0	C25H49O19P3	[M+H-H2O]+	/resources/tools/chemdb_ontology?abbrev=PIP2 16:0
439.37597	439.3782	.0022	DG 24:0	C27H52O5	[M+H-H2O]+	/resources/tools/chemdb_ontology?abbrev=DG 24:0
439.37597	439.3758	.0002	MG O-22:0;O	C25H52O4Na	[M+Na]+	/resources/tools/chemdb_ontology?abbrev=MG O-22:0;O
541.4428	541.4340	.0088	LPC O-19:0	C27H58NO6P	[M+NH4]+	/resources/tools/chemdb_ontology?abbrev=LPC O-19:0
395.34906	395.3520	.0029	TG 47:2	C50H92O6	[M+2H]2+	/resources/tools/chemdb_ontology?abbrev=TG 47:2
395.34906	395.3458	.0032	SM 40:0;O2	C45H93N2O6P	[M+2H]2+	/resources/tools/chemdb_ontology?abbrev=SM 40:0;O2
576.58128	576.5714	.0099	Cer 38:1;O2	C38H75NO3	[M+H-H2O]+	/resources/tools/chemdb_ontology?abbrev=Cer 38:1;O2
576.58128	576.5714	.0099	WE 38:3	C38H70O2	[M+NH4]+	/resources/tools/chemdb_ontology?abbrev=WE 38:3
612.55389	612.5561	.0023	DG 34:1	C37H70O5	[M+NH4]+	/resources/tools/chemdb_ontology?abbrev=DG 34:1
872.17887	872.1851	.0062	CoA 8:2	C29H46N7O17P3S	[M+H-H2O]+	/resources/tools/chemdb_ontology?abbrev=CoA 8:2
871.17801	871.1858	.0078	CoA 4:0;O	C25H42N7O18P3S	[M+NH4]+	/resources/tools/chemdb_ontology?abbrev=CoA 4:0;O
573.4868	573.4877	.0009	DG 34:3	C37H66O5	[M+H-H2O]+	/resources/tools/chemdb_ontology?abbrev=DG 34:3
573.4868	573.4853	.0015	DG O-32:2	C35H66O4Na	[M+Na]+	/resources/tools/chemdb_ontology?abbrev=DG O-32:2
638.58141	638.5870	.0056	CE 16:2	C43H72O2	[M+NH4]+	/resources/tools/chemdb_ontology?abbrev=CE 16:2
638.58141	638.5718	.0096	DG 36:2	C39H72O5	[M+NH4]+	/resources/tools/chemdb_ontology?abbrev=DG 36:2
781.5558	781.5490	.0068	PC 35:6	C43H74NO8P	[M+NH4]+	/resources/tools/chemdb_ontology?abbrev=PC 35:6
781.5558	781.5490	.0068	PE 38:6	C43H74NO8P	[M+NH4]+	/resources/tools/chemdb_ontology?abbrev=PE 38:6
781.5558	781.5490	.0068	PE O-38:7;O	C43H74NO8P	[M+NH4]+	/resources/tools/chemdb_ontology?abbrev=PE O-38:7;O
781.5558	781.5560	.0002	CL 80:8	C89H158O17P2	[M+2H]2+	/resources/tools/chemdb_ontology?abbrev=CL 80:8
781.5558	781.5536	.0022	CL 76:2	C85H162O17P2Na2	[M+2Na]2+	/resources/tools/chemdb_ontology?abbrev=CL 76:2
780.55245	780.5538	.0013	PC 36:5	C44H78NO8P	[M+H]+	/resources/tools/chemdb_ontology?abbrev=PC 36:5
780.55245	780.5538	.0013	PE 39:5	C44H78NO8P	[M+H]+	/resources/tools/chemdb_ontology?abbrev=PE 39:5
780.55245	780.5538	.0013	PC 36:4;O	C44H80NO9P	[M+H-H2O]+	/resources/tools/chemdb_ontology?abbrev=PC 36:4;O
780.55245	780.5538	.0013	PS O-38:4	C44H80NO9P	[M+H-H2O]+	/resources/tools/chemdb_ontology?abbrev=PS O-38:4
780.55245	780.5514	.0011	PC 34:2	C42H80NO8PNa	[M+Na]+	/resources/tools/chemdb_ontology?abbrev=PC 34:2
780.55245	780.5514	.0011	PE 37:2	C42H80NO8PNa	[M+Na]+	/resources/tools/chemdb_ontology?abbrev=PE 37:2
780.55245	780.5538	.0013	PA 41:6	C44H75O8P	[M+NH4]+	/resources/tools/chemdb_ontology?abbrev=PA 41:6
802.53374	802.5381	.0044	PC 38:8	C46H76NO8P	[M+H]+	/resources/tools/chemdb_ontology?abbrev=PC 38:8
802.53374	802.5381	.0044	PS O-40:7	C46H78NO9P	[M+H-H2O]+	/resources/tools/chemdb_ontology?abbrev=PS O-40:7
802.53374	802.5357	.0020	PC 36:5	C44H78NO8PNa	[M+Na]+	/resources/tools/chemdb_ontology?abbrev=PC 36:5
802.53374	802.5357	.0020	PE 39:5	C44H78NO8PNa	[M+Na]+	/resources/tools/chemdb_ontology?abbrev=PE 39:5
802.53374	802.5333	.0004	PC 34:2	C42H80NO8PNa2	[M+2Na-H]+	/resources/tools/chemdb_ontology?abbrev=PC 34:2
802.53374	802.5333	.0004	PE 37:2	C42H80NO8PNa2	[M+2Na-H]+	/resources/tools/chemdb_ontology?abbrev=PE 37:2
537.35368	537.3551	.0014	PA 24:0	C27H53O8P	[M+H]+	/resources/tools/chemdb_ontology?abbrev=PA 24:0
537.35368	537.3551	.0014	LPG 21:0	C27H55O9P	[M+H-H2O]+	/resources/tools/chemdb_ontology?abbrev=LPG 21:0
537.35368	537.3526	.0010	ST 30:1;O5	C30H52O5Na2	[M+2Na-H]+	/resources/tools/chemdb_ontology?abbrev=ST 30:1;O5
597.48623	597.4877	.0015	DG 36:5	C39H66O5	[M+H-H2O]+	/resources/tools/chemdb_ontology?abbrev=DG 36:5
597.48623	597.4853	.0009	FAHFA 37:3;O	C37H66O4Na	[M+Na]+	/resources/tools/chemdb_ontology?abbrev=FAHFA 37:3;O
562.56553	562.5557	.0098	Cer 37:1;O2	C37H73NO3	[M+H-H2O]+	/resources/tools/chemdb_ontology?abbrev=Cer 37:1;O2
805.55529	805.5589	.0036	PI O-34:1	C43H83O12P	[M+H-H2O]+	/resources/tools/chemdb_ontology?abbrev=PI O-34:1
805.55529	805.5490	.0063	PE 40:8	C45H74NO8P	[M+NH4]+	/resources/tools/chemdb_ontology?abbrev=PE 40:8
804.55209	804.5538	.0017	PC 38:7	C46H78NO8P	[M+H]+	/resources/tools/chemdb_ontology?abbrev=PC 38:7
804.55209	804.5538	.0017	PE 41:7	C46H78NO8P	[M+H]+	/resources/tools/chemdb_ontology?abbrev=PE 41:7
804.55209	804.5538	.0017	PS O-40:6	C46H80NO9P	[M+H-H2O]+	/resources/tools/chemdb_ontology?abbrev=PS O-40:6
804.55209	804.5514	.0007	PC 36:4	C44H80NO8PNa	[M+Na]+	/resources/tools/chemdb_ontology?abbrev=PC 36:4
804.55209	804.5514	.0007	PE 39:4	C44H80NO8PNa	[M+Na]+	/resources/tools/chemdb_ontology?abbrev=PE 39:4
804.55209	804.5490	.0031	PC 34:1	C42H82NO8PNa2	[M+2Na-H]+	/resources/tools/chemdb_ontology?abbrev=PC 34:1
804.55209	804.5490	.0031	PE 37:1	C42H82NO8PNa2	[M+2Na-H]+	/resources/tools/chemdb_ontology?abbrev=PE 37:1
804.55209	804.5572	.0051	HexCer 36:1;O4	C42H81NO10Na2	[M+2Na-H]+	/resources/tools/chemdb_ontology?abbrev=HexCer 36:1;O4
563.56995	563.5762	.0062	WE 38:1	C38H74O2	[M+H]+	/resources/tools/chemdb_ontology?abbrev=WE 38:1
827.54817	827.5433	.0049	PI O-36:4	C45H81O12P	[M+H-H2O]+	/resources/tools/chemdb_ontology?abbrev=PI O-36:4
827.54817	827.5561	.0080	PA 44:6	C47H81O8PNa	[M+Na]+	/resources/tools/chemdb_ontology?abbrev=PA 44:6
827.54817	827.5545	.0063	PC 36:6;O2	C44H76NO10P	[M+NH4]+	/resources/tools/chemdb_ontology?abbrev=PC 36:6;O2
827.54817	827.5545	.0063	PS 38:5	C44H76NO10P	[M+NH4]+	/resources/tools/chemdb_ontology?abbrev=PS 38:5
827.54817	827.5537	.0055	PA 42:3	C45H83O8PNa2	[M+2Na-H]+	/resources/tools/chemdb_ontology?abbrev=PA 42:3
557.43109	557.4289	.0022	LPE O-22:0;O	C27H58NO7P	[M+NH4]+	/resources/tools/chemdb_ontology?abbrev=LPE O-22:0;O
771.54638	771.5534	.0071	PG 37:2	C43H81O10P	[M+H-H2O]+	/resources/tools/chemdb_ontology?abbrev=PG 37:2
771.54638	771.5510	.0047	PG O-35:1	C41H81O9PNa	[M+Na]+	/resources/tools/chemdb_ontology?abbrev=PG O-35:1
771.54638	771.5387	.0076	SM 36:3;O2	C41H79N2O6PNa2	[M+2Na-H]+	/resources/tools/chemdb_ontology?abbrev=SM 36:3;O2
848.57263	848.5800	.0074	PS O-42:7	C48H82NO9P	[M+H]+	/resources/tools/chemdb_ontology?abbrev=PS O-42:7
848.57263	848.5800	.0074	PS 42:5	C48H84NO10P	[M+H-H2O]+	/resources/tools/chemdb_ontology?abbrev=PS 42:5
848.57263	848.5776	.0050	PC 38:4;O	C46H84NO9PNa	[M+Na]+	/resources/tools/chemdb_ontology?abbrev=PC 38:4;O
848.57263	848.5776	.0050	PS O-40:4	C46H84NO9PNa	[M+Na]+	/resources/tools/chemdb_ontology?abbrev=PS O-40:4
848.57263	848.5752	.0026	PS O-38:1	C44H86NO9PNa2	[M+2Na-H]+	/resources/tools/chemdb_ontology?abbrev=PS O-38:1
734.47183	734.4755	.0037	PE 36:7	C41H68NO8P	[M+H]+	/resources/tools/chemdb_ontology?abbrev=PE 36:7
734.47183	734.4731	.0013	PC 31:4	C39H70NO8PNa	[M+Na]+	/resources/tools/chemdb_ontology?abbrev=PC 31:4
734.47183	734.4731	.0013	PE 34:4	C39H70NO8PNa	[M+Na]+	/resources/tools/chemdb_ontology?abbrev=PE 34:4
734.47183	734.4755	.0037	PA 38:8	C41H65O8P	[M+NH4]+	/resources/tools/chemdb_ontology?abbrev=PA 38:8
734.47183	734.4707	.0011	PC 29:1	C37H72NO8PNa2	[M+2Na-H]+	/resources/tools/chemdb_ontology?abbrev=PC 29:1
734.47183	734.4707	.0011	PE 32:1	C37H72NO8PNa2	[M+2Na-H]+	/resources/tools/chemdb_ontology?abbrev=PE 32:1
713.4935	713.4864	.0071	PE 33:5	C38H66NO8P	[M+NH4]+	/resources/tools/chemdb_ontology?abbrev=PE 33:5
713.4935	713.4934	.0001	CL 70:6	C79H142O17P2	[M+2H]2+	/resources/tools/chemdb_ontology?abbrev=CL 70:6
713.4935	713.4910	.0025	CL 66:0	C75H146O17P2Na2	[M+2Na]2+	/resources/tools/chemdb_ontology?abbrev=CL 66:0
712.49022	712.4912	.0010	PC 31:4	C39H70NO8P	[M+H]+	/resources/tools/chemdb_ontology?abbrev=PC 31:4
712.49022	712.4912	.0010	PE 34:4	C39H70NO8P	[M+H]+	/resources/tools/chemdb_ontology?abbrev=PE 34:4
712.49022	712.4912	.0010	PS O-33:3	C39H72NO9P	[M+H-H2O]+	/resources/tools/chemdb_ontology?abbrev=PS O-33:3
712.49022	712.4888	.0014	PC 29:1	C37H72NO8PNa	[M+Na]+	/resources/tools/chemdb_ontology?abbrev=PC 29:1
712.49022	712.4888	.0014	PE 32:1	C37H72NO8PNa	[M+Na]+	/resources/tools/chemdb_ontology?abbrev=PE 32:1
712.49022	712.4912	.0010	PA 36:5	C39H67O8P	[M+NH4]+	/resources/tools/chemdb_ontology?abbrev=PA 36:5
770.54318	770.5517	.0085	HexCer 36:2;O2	C42H79NO8Na2	[M+2Na-H]+	/resources/tools/chemdb_ontology?abbrev=HexCer 36:2;O2
821.56192	821.5538	.0081	PI O-34:2	C43H81O12P	[M+H]+	/resources/tools/chemdb_ontology?abbrev=PI O-34:2
821.56192	821.5691	.0072	PG 41:5	C47H83O10P	[M+H-H2O]+	/resources/tools/chemdb_ontology?abbrev=PG 41:5
821.56192	821.5538	.0081	PI 34:0	C43H83O13P	[M+H-H2O]+	/resources/tools/chemdb_ontology?abbrev=PI 34:0
821.56192	821.5643	.0024	PG O-37:1	C43H85O9PNa2	[M+2Na-H]+	/resources/tools/chemdb_ontology?abbrev=PG O-37:1
714.49623	714.5044	.0082	PC 29:0	C37H74NO8PNa	[M+Na]+	/resources/tools/chemdb_ontology?abbrev=PC 29:0
714.49623	714.5044	.0082	PE 32:0	C37H74NO8PNa	[M+Na]+	/resources/tools/chemdb_ontology?abbrev=PE 32:0
714.49623	714.5012	.0050	CL 70:5	C79H144O17P2	[M+2H]2+	/resources/tools/chemdb_ontology?abbrev=CL 70:5
714.49623	714.4891	.0071	HexCer 32:2;O2	C38H71NO8Na2	[M+2Na-H]+	/resources/tools/chemdb_ontology?abbrev=HexCer 32:2;O2
785.49072	785.4910	.0003	CL 78:12	C87H146O17P2Na2	[M+2Na]2+	/resources/tools/chemdb_ontology?abbrev=CL 78:12
762.50577	762.5068	.0011	PE 38:7	C43H72NO8P	[M+H]+	/resources/tools/chemdb_ontology?abbrev=PE 38:7
762.50577	762.5068	.0011	PE 38:6;O	C43H74NO9P	[M+H-H2O]+	/resources/tools/chemdb_ontology?abbrev=PE 38:6;O
762.50577	762.5044	.0013	PC 33:4	C41H74NO8PNa	[M+Na]+	/resources/tools/chemdb_ontology?abbrev=PC 33:4
762.50577	762.5044	.0013	PE 36:4	C41H74NO8PNa	[M+Na]+	/resources/tools/chemdb_ontology?abbrev=PE 36:4
762.50577	762.5044	.0013	PE O-36:5;O	C41H74NO8PNa	[M+Na]+	/resources/tools/chemdb_ontology?abbrev=PE O-36:5;O
762.50577	762.5068	.0011	PA 40:8	C43H69O8P	[M+NH4]+	/resources/tools/chemdb_ontology?abbrev=PA 40:8
762.50577	762.5012	.0046	CL 78:13	C87H144O17P2	[M+2H]2+	/resources/tools/chemdb_ontology?abbrev=CL 78:13
762.50577	762.5020	.0038	PC 31:1	C39H76NO8PNa2	[M+2Na-H]+	/resources/tools/chemdb_ontology?abbrev=PC 31:1
762.50577	762.5020	.0038	PE 34:1	C39H76NO8PNa2	[M+2Na-H]+	/resources/tools/chemdb_ontology?abbrev=PE 34:1
764.51201	764.5201	.0081	PC 33:3	C41H76NO8PNa	[M+Na]+	/resources/tools/chemdb_ontology?abbrev=PC 33:3
764.51201	764.5201	.0081	PE 36:3	C41H76NO8PNa	[M+Na]+	/resources/tools/chemdb_ontology?abbrev=PE 36:3
764.51201	764.5145	.0024	CL 74:5	C83H152O17P2Na2	[M+2Na]2+	/resources/tools/chemdb_ontology?abbrev=CL 74:5
764.51201	764.5177	.0057	PC 31:0	C39H78NO8PNa2	[M+2Na-H]+	/resources/tools/chemdb_ontology?abbrev=PC 31:0
764.51201	764.5177	.0057	PE 34:0	C39H78NO8PNa2	[M+2Na-H]+	/resources/tools/chemdb_ontology?abbrev=PE 34:0
772.54894	772.5487	.0002	PS O-36:3	C42H78NO9P	[M+H]+	/resources/tools/chemdb_ontology?abbrev=PS O-36:3
772.54894	772.5487	.0002	PS 36:1	C42H80NO10P	[M+H-H2O]+	/resources/tools/chemdb_ontology?abbrev=PS 36:1
772.54894	772.5463	.0027	PS O-34:0	C40H80NO9PNa	[M+Na]+	/resources/tools/chemdb_ontology?abbrev=PS O-34:0
772.54894	772.5487	.0002	PG O-36:5	C42H75O9P	[M+NH4]+	/resources/tools/chemdb_ontology?abbrev=PG O-36:5
784.48769	784.4912	.0035	PE 40:10	C45H70NO8P	[M+H]+	/resources/tools/chemdb_ontology?abbrev=PE 40:10
784.48769	784.4888	.0011	PE 38:7	C43H72NO8PNa	[M+Na]+	/resources/tools/chemdb_ontology?abbrev=PE 38:7
784.48769	784.4912	.0035	PA 42:11	C45H67O8P	[M+NH4]+	/resources/tools/chemdb_ontology?abbrev=PA 42:11
784.48769	784.4971	.0094	PI 29:1	C38H71O13P	[M+NH4]+	/resources/tools/chemdb_ontology?abbrev=PI 29:1
784.48769	784.4832	.0045	CL 78:13	C87H144O17P2Na2	[M+2Na]2+	/resources/tools/chemdb_ontology?abbrev=CL 78:13
784.48769	784.4864	.0013	PC 33:4	C41H74NO8PNa2	[M+2Na-H]+	/resources/tools/chemdb_ontology?abbrev=PC 33:4
784.48769	784.4864	.0013	PE 36:4	C41H74NO8PNa2	[M+2Na-H]+	/resources/tools/chemdb_ontology?abbrev=PE 36:4
784.48769	784.4864	.0013	PE O-36:5;O	C41H74NO8PNa2	[M+2Na-H]+	/resources/tools/chemdb_ontology?abbrev=PE O-36:5;O
806.46926	806.4731	.0039	PE 40:10	C45H70NO8PNa	[M+Na]+	/resources/tools/chemdb_ontology?abbrev=PE 40:10
806.46926	806.4707	.0015	PE 38:7	C43H72NO8PNa2	[M+2Na-H]+	/resources/tools/chemdb_ontology?abbrev=PE 38:7
763.50921	763.5120	.0028	PI O-31:1	C40H77O12P	[M+H-H2O]+	/resources/tools/chemdb_ontology?abbrev=PI O-31:1
763.50921	763.5090	.0002	CL 78:12	C87H146O17P2	[M+2H]2+	/resources/tools/chemdb_ontology?abbrev=CL 78:12
763.50921	763.5066	.0026	CL 74:6	C83H150O17P2Na2	[M+2Na]2+	/resources/tools/chemdb_ontology?abbrev=CL 74:6
822.56365	822.5643	.0007	PS O-40:6	C46H80NO9P	[M+H]+	/resources/tools/chemdb_ontology?abbrev=PS O-40:6
822.56365	822.5643	.0007	PS 40:4	C46H82NO10P	[M+H-H2O]+	/resources/tools/chemdb_ontology?abbrev=PS 40:4
822.56365	822.5619	.0017	PS O-38:3	C44H82NO9PNa	[M+Na]+	/resources/tools/chemdb_ontology?abbrev=PS O-38:3
822.56365	822.5595	.0041	PS O-36:0	C42H84NO9PNa2	[M+2Na-H]+	/resources/tools/chemdb_ontology?abbrev=PS O-36:0
801.59479	801.6004	.0056	PG 39:1	C45H87O10P	[M+H-H2O]+	/resources/tools/chemdb_ontology?abbrev=PG 39:1
801.59479	801.5980	.0032	PG O-37:0	C43H87O9PNa	[M+Na]+	/resources/tools/chemdb_ontology?abbrev=PG O-37:0
801.59479	801.5980	.0032	TG 45:4	C48H84O6Na2	[M+2Na-H]+	/resources/tools/chemdb_ontology?abbrev=TG 45:4
801.59479	801.5857	.0091	SM 38:2;O2	C43H85N2O6PNa2	[M+2Na-H]+	/resources/tools/chemdb_ontology?abbrev=SM 38:2;O2
823.5719	823.5695	.0024	PI O-34:1	C43H83O12P	[M+H]+	/resources/tools/chemdb_ontology?abbrev=PI O-34:1
823.5719	823.5799	.0080	PG O-37:0	C43H87O9PNa2	[M+2Na-H]+	/resources/tools/chemdb_ontology?abbrev=PG O-37:0
571.36319	571.3629	.0003	ST 28:3;O2;GlcA	C34H52O8	[M+H-H2O]+	/resources/tools/chemdb_ontology?abbrev=ST 28:3;O2;GlcA
571.36319	571.3718	.0086	LPS 20:0	C26H52NO9P	[M+NH4]+	/resources/tools/chemdb_ontology?abbrev=LPS 20:0
712.60875	712.6086	.0002	DGTS 32:0	C42H81NO7	[M+H]+	/resources/tools/chemdb_ontology?abbrev=DGTS 32:0
712.60875	712.6086	.0002	HexCer 36:0;O2	C42H83NO8	[M+H-H2O]+	/resources/tools/chemdb_ontology?abbrev=HexCer 36:0;O2
712.60875	712.6003	.0084	CerP 42:1;O2	C42H84NO6P	[M+H-H2O]+	/resources/tools/chemdb_ontology?abbrev=CerP 42:1;O2
533.41039	533.4200	.0097	ST 27:0;O;Hex	C33H58O6	[M+H-H2O]+	/resources/tools/chemdb_ontology?abbrev=ST 27:0;O;Hex
533.41039	533.4176	.0073	DG 28:1	C31H58O5Na	[M+Na]+	/resources/tools/chemdb_ontology?abbrev=DG 28:1
573.48671	573.4877	.0010	DG 34:3	C37H66O5	[M+H-H2O]+	/resources/tools/chemdb_ontology?abbrev=DG 34:3
573.48671	573.4853	.0014	DG O-32:2	C35H66O4Na	[M+Na]+	/resources/tools/chemdb_ontology?abbrev=DG O-32:2
590.51211	590.5143	.0022	Cer 37:4;O3	C37H67NO4	[M+H]+	/resources/tools/chemdb_ontology?abbrev=Cer 37:4;O3
632.52696	632.5248	.0021	DG 36:5	C39H66O5	[M+NH4]+	/resources/tools/chemdb_ontology?abbrev=DG 36:5
592.46282	592.4572	.0057	ST 29:2;O;Hex	C35H58O6	[M+NH4]+	/resources/tools/chemdb_ontology?abbrev=ST 29:2;O;Hex
555.39182	555.3996	.0078	DG 28:1	C31H58O5Na2	[M+2Na-H]+	/resources/tools/chemdb_ontology?abbrev=DG 28:1
589.50897	589.5166	.0077	FAHFA 36:0;O	C36H70O4Na	[M+Na]+	/resources/tools/chemdb_ontology?abbrev=FAHFA 36:0;O
618.51137	618.5092	.0022	DG 35:5	C38H64O5	[M+NH4]+	/resources/tools/chemdb_ontology?abbrev=DG 35:5
553.38902	553.3976	.0086	LPC 19:1	C27H54NO7P	[M+NH4]+	/resources/tools/chemdb_ontology?abbrev=LPC 19:1
553.38902	553.3976	.0086	LPE 22:1	C27H54NO7P	[M+NH4]+	/resources/tools/chemdb_ontology?abbrev=LPE 22:1
553.38902	553.3976	.0086	PC O-19:1	C27H54NO7P	[M+NH4]+	/resources/tools/chemdb_ontology?abbrev=PC O-19:1
553.38902	553.3839	.0051	DG 28:2	C31H56O5Na2	[M+2Na-H]+	/resources/tools/chemdb_ontology?abbrev=DG 28:2
589.46021	589.4591	.0011	PA O-30:0	C33H67O7P	[M+H-H2O]+	/resources/tools/chemdb_ontology?abbrev=PA O-30:0
570.36598	570.3637	.0023	ST 24:1;O3;GlcA	C30H48O9	[M+NH4]+	/resources/tools/chemdb_ontology?abbrev=ST 24:1;O3;GlcA
531.40697	531.4020	.0050	DG 28:2	C31H56O5Na	[M+Na]+	/resources/tools/chemdb_ontology?abbrev=DG 28:2
678.50558	678.5068	.0012	PC 28:0	C36H72NO8P	[M+H]+	/resources/tools/chemdb_ontology?abbrev=PC 28:0
678.50558	678.5068	.0012	PE 31:0	C36H72NO8P	[M+H]+	/resources/tools/chemdb_ontology?abbrev=PE 31:0
678.50558	678.5068	.0012	PA 33:1	C36H69O8P	[M+NH4]+	/resources/tools/chemdb_ontology?abbrev=PA 33:1
678.50558	678.5092	.0036	DG 40:10	C43H64O5	[M+NH4]+	/resources/tools/chemdb_ontology?abbrev=DG 40:10
638.58218	638.5870	.0049	CE 16:2	C43H72O2	[M+NH4]+	/resources/tools/chemdb_ontology?abbrev=CE 16:2
830.56715	830.5694	.0023	PC 40:8	C48H80NO8P	[M+H]+	/resources/tools/chemdb_ontology?abbrev=PC 40:8
830.56715	830.5694	.0023	PS O-42:7	C48H82NO9P	[M+H-H2O]+	/resources/tools/chemdb_ontology?abbrev=PS O-42:7
830.56715	830.5670	.0001	PC 38:5	C46H82NO8PNa	[M+Na]+	/resources/tools/chemdb_ontology?abbrev=PC 38:5
830.56715	830.5670	.0001	PE 41:5	C46H82NO8PNa	[M+Na]+	/resources/tools/chemdb_ontology?abbrev=PE 41:5
830.56715	830.5646	.0025	PC 36:2	C44H84NO8PNa2	[M+2Na-H]+	/resources/tools/chemdb_ontology?abbrev=PC 36:2
830.56715	830.5646	.0025	PE 39:2	C44H84NO8PNa2	[M+2Na-H]+	/resources/tools/chemdb_ontology?abbrev=PE 39:2
602.51091	602.5119	.0010	Cer 36:2;O3	C36H69NO4Na	[M+Na]+	/resources/tools/chemdb_ontology?abbrev=Cer 36:2;O3
760.48731	760.4912	.0039	PE 38:8	C43H70NO8P	[M+H]+	/resources/tools/chemdb_ontology?abbrev=PE 38:8
760.48731	760.4888	.0015	PC 33:5	C41H72NO8PNa	[M+Na]+	/resources/tools/chemdb_ontology?abbrev=PC 33:5
760.48731	760.4888	.0015	PE 36:5	C41H72NO8PNa	[M+Na]+	/resources/tools/chemdb_ontology?abbrev=PE 36:5
760.48731	760.4912	.0039	PA 40:9	C43H67O8P	[M+NH4]+	/resources/tools/chemdb_ontology?abbrev=PA 40:9
760.48731	760.4832	.0042	CL 74:9	C83H144O17P2Na2	[M+2Na]2+	/resources/tools/chemdb_ontology?abbrev=CL 74:9
760.48731	760.4864	.0009	PC 31:2	C39H74NO8PNa2	[M+2Na-H]+	/resources/tools/chemdb_ontology?abbrev=PC 31:2
760.48731	760.4864	.0009	PE 34:2	C39H74NO8PNa2	[M+2Na-H]+	/resources/tools/chemdb_ontology?abbrev=PE 34:2
797.56172	797.5538	.0079	PI O-32:0	C41H81O12P	[M+H]+	/resources/tools/chemdb_ontology?abbrev=PI O-32:0
797.56172	797.5691	.0074	PG 39:3	C45H83O10P	[M+H-H2O]+	/resources/tools/chemdb_ontology?abbrev=PG 39:3
797.56172	797.5667	.0050	PG O-37:2	C43H83O9PNa	[M+Na]+	/resources/tools/chemdb_ontology?abbrev=PG O-37:2
797.56172	797.5651	.0034	IPC 34:1;O2	C40H78NO11P	[M+NH4]+	/resources/tools/chemdb_ontology?abbrev=IPC 34:1;O2
797.56172	797.5556	.0062	SHexCer 34:1;O2	C40H77NO11S	[M+NH4]+	/resources/tools/chemdb_ontology?abbrev=SHexCer 34:1;O2
739.50895	739.5021	.0069	PE 35:6	C40H68NO8P	[M+NH4]+	/resources/tools/chemdb_ontology?abbrev=PE 35:6
739.50895	739.5090	.0001	CL 74:8	C83H146O17P2	[M+2H]2+	/resources/tools/chemdb_ontology?abbrev=CL 74:8
739.50895	739.5066	.0023	CL 70:2	C79H150O17P2Na2	[M+2Na]2+	/resources/tools/chemdb_ontology?abbrev=CL 70:2
738.50573	738.5068	.0011	PC 33:5	C41H72NO8P	[M+H]+	/resources/tools/chemdb_ontology?abbrev=PC 33:5
738.50573	738.5068	.0011	PE 36:5	C41H72NO8P	[M+H]+	/resources/tools/chemdb_ontology?abbrev=PE 36:5
738.50573	738.5044	.0013	PC 31:2	C39H74NO8PNa	[M+Na]+	/resources/tools/chemdb_ontology?abbrev=PC 31:2
738.50573	738.5044	.0013	PE 34:2	C39H74NO8PNa	[M+Na]+	/resources/tools/chemdb_ontology?abbrev=PE 34:2
738.50573	738.5068	.0011	PA 38:6	C41H69O8P	[M+NH4]+	/resources/tools/chemdb_ontology?abbrev=PA 38:6
738.50573	738.5012	.0045	CL 74:9	C83H144O17P2	[M+2H]2+	/resources/tools/chemdb_ontology?abbrev=CL 74:9
796.55861	796.5487	.0099	PS O-38:5	C44H78NO9P	[M+H]+	/resources/tools/chemdb_ontology?abbrev=PS O-38:5
796.55861	796.5487	.0099	PS 38:3	C44H80NO10P	[M+H-H2O]+	/resources/tools/chemdb_ontology?abbrev=PS 38:3
796.55861	796.5487	.0099	PG O-38:7	C44H75O9P	[M+NH4]+	/resources/tools/chemdb_ontology?abbrev=PG O-38:7
796.55861	796.5674	.0088	HexCer 38:3;O2	C44H81NO8Na2	[M+2Na-H]+	/resources/tools/chemdb_ontology?abbrev=HexCer 38:3;O2
605.455	605.4541	.0009	PA O-30:1	C33H65O7P	[M+H]+	/resources/tools/chemdb_ontology?abbrev=PA O-30:1
605.455	605.4516	.0034	FAHFA 36:3;O	C36H64O4Na2	[M+2Na-H]+	/resources/tools/chemdb_ontology?abbrev=FAHFA 36:3;O
754.53631	754.5381	.0018	PC 34:4	C42H76NO8P	[M+H]+	/resources/tools/chemdb_ontology?abbrev=PC 34:4
754.53631	754.5381	.0018	PE 37:4	C42H76NO8P	[M+H]+	/resources/tools/chemdb_ontology?abbrev=PE 37:4
754.53631	754.5381	.0018	PS O-36:3	C42H78NO9P	[M+H-H2O]+	/resources/tools/chemdb_ontology?abbrev=PS O-36:3
754.53631	754.5357	.0006	PC 32:1	C40H78NO8PNa	[M+Na]+	/resources/tools/chemdb_ontology?abbrev=PC 32:1
754.53631	754.5357	.0006	PE 35:1	C40H78NO8PNa	[M+Na]+	/resources/tools/chemdb_ontology?abbrev=PE 35:1
754.53631	754.5440	.0077	HexCer 34:1;O4	C40H77NO10Na	[M+Na]+	/resources/tools/chemdb_ontology?abbrev=HexCer 34:1;O4
754.53631	754.5381	.0018	PA 39:5	C42H73O8P	[M+NH4]+	/resources/tools/chemdb_ontology?abbrev=PA 39:5
754.53631	754.5325	.0038	CL 76:7	C85H152O17P2	[M+2H]2+	/resources/tools/chemdb_ontology?abbrev=CL 76:7
675.54242	675.5435	.0011	CerPE 35:1;O2	C37H75N2O6P	[M+H]+	/resources/tools/chemdb_ontology?abbrev=CerPE 35:1;O2
675.54242	675.5435	.0011	SM 32:1;O2	C37H75N2O6P	[M+H]+	/resources/tools/chemdb_ontology?abbrev=SM 32:1;O2
675.54242	675.5347	.0077	DG 42:8	C45H72O5	[M+H-H2O]+	/resources/tools/chemdb_ontology?abbrev=DG 42:8
742.61568	742.6191	.0035	HexCer 37:1;O2	C43H83NO8	[M+H]+	/resources/tools/chemdb_ontology?abbrev=HexCer 37:1;O2
742.61568	742.6109	.0048	PC O-35:1	C43H86NO7P	[M+H-H2O]+	/resources/tools/chemdb_ontology?abbrev=PC O-35:1
742.61568	742.6109	.0048	PE O-38:1	C43H86NO7P	[M+H-H2O]+	/resources/tools/chemdb_ontology?abbrev=PE O-38:1
676.30089	676.3068	.0060	PS 23:2;O3	C29H52NO13PNa	[M+Na]+	/resources/tools/chemdb_ontology?abbrev=PS 23:2;O3
467.40621	467.4095	.0033	DG 26:0	C29H56O5	[M+H-H2O]+	/resources/tools/chemdb_ontology?abbrev=DG 26:0
698.28201	698.2888	.0068	PS 23:2;O3	C29H52NO13PNa2	[M+2Na-H]+	/resources/tools/chemdb_ontology?abbrev=PS 23:2;O3
726.50303	726.5068	.0038	PC 32:4	C40H72NO8P	[M+H]+	/resources/tools/chemdb_ontology?abbrev=PC 32:4
726.50303	726.5068	.0038	PE 35:4	C40H72NO8P	[M+H]+	/resources/tools/chemdb_ontology?abbrev=PE 35:4
726.50303	726.5068	.0038	PS O-34:3	C40H74NO9P	[M+H-H2O]+	/resources/tools/chemdb_ontology?abbrev=PS O-34:3
726.50303	726.5044	.0014	PC 30:1	C38H74NO8PNa	[M+Na]+	/resources/tools/chemdb_ontology?abbrev=PC 30:1
726.50303	726.5044	.0014	PE 33:1	C38H74NO8PNa	[M+Na]+	/resources/tools/chemdb_ontology?abbrev=PE 33:1
726.50303	726.5068	.0038	PA 37:5	C40H69O8P	[M+NH4]+	/resources/tools/chemdb_ontology?abbrev=PA 37:5
726.50303	726.5012	.0018	CL 72:7	C81H144O17P2	[M+2H]2+	/resources/tools/chemdb_ontology?abbrev=CL 72:7
726.50303	726.4988	.0042	CL 68:1	C77H148O17P2Na2	[M+2Na]2+	/resources/tools/chemdb_ontology?abbrev=CL 68:1
704.52151	704.5225	.0010	PC 30:1	C38H74NO8P	[M+H]+	/resources/tools/chemdb_ontology?abbrev=PC 30:1
704.52151	704.5225	.0010	PE 33:1	C38H74NO8P	[M+H]+	/resources/tools/chemdb_ontology?abbrev=PE 33:1
704.52151	704.5225	.0010	PS O-32:0	C38H76NO9P	[M+H-H2O]+	/resources/tools/chemdb_ontology?abbrev=PS O-32:0
704.52151	704.5225	.0010	PA 35:2	C38H71O8P	[M+NH4]+	/resources/tools/chemdb_ontology?abbrev=PA 35:2
704.52151	704.5248	.0033	DG 42:11	C45H66O5	[M+NH4]+	/resources/tools/chemdb_ontology?abbrev=DG 42:11
704.52151	704.5169	.0046	CL 68:1	C77H148O17P2	[M+2H]2+	/resources/tools/chemdb_ontology?abbrev=CL 68:1
794.49039	794.4967	.0063	PS 37:6	C43H72NO10P	[M+H]+	/resources/tools/chemdb_ontology?abbrev=PS 37:6
794.49039	794.4943	.0039	PS 35:3	C41H74NO10PNa	[M+Na]+	/resources/tools/chemdb_ontology?abbrev=PS 35:3
794.49039	794.4814	.0090	PI 30:3	C39H69O13P	[M+NH4]+	/resources/tools/chemdb_ontology?abbrev=PI 30:3
794.49039	794.4918	.0015	PS 33:0	C39H76NO10PNa2	[M+2Na-H]+	/resources/tools/chemdb_ontology?abbrev=PS 33:0
705.5248	705.5177	.0071	PC 29:2	C37H70NO8P	[M+NH4]+	/resources/tools/chemdb_ontology?abbrev=PC 29:2
705.5248	705.5177	.0071	PE 32:2	C37H70NO8P	[M+NH4]+	/resources/tools/chemdb_ontology?abbrev=PE 32:2
705.5248	705.5247	.0001	CL 68:0	C77H150O17P2	[M+2H]2+	/resources/tools/chemdb_ontology?abbrev=CL 68:0
706.52746	706.5228	.0046	HexCer 33:2;O2	C39H73NO8Na	[M+Na]+	/resources/tools/chemdb_ontology?abbrev=HexCer 33:2;O2
571.45359	571.4485	.0050	WE 38:8	C38H60O2Na	[M+Na]+	/resources/tools/chemdb_ontology?abbrev=WE 38:8
571.45359	571.4446	.0090	LPE O-23:0;O	C28H60NO7P	[M+NH4]+	/resources/tools/chemdb_ontology?abbrev=LPE O-23:0;O
571.45359	571.4461	.0075	FA 36:5	C36H62O2Na2	[M+2Na-H]+	/resources/tools/chemdb_ontology?abbrev=FA 36:5
571.45359	571.4461	.0075	WE 36:5	C36H62O2Na2	[M+2Na-H]+	/resources/tools/chemdb_ontology?abbrev=WE 36:5
763.57752	763.5847	.0072	PG O-36:1	C42H83O9P	[M+H]+	/resources/tools/chemdb_ontology?abbrev=PG O-36:1
763.57752	763.5724	.0051	CerPE 40:3;O2	C42H81N2O6PNa	[M+Na]+	/resources/tools/chemdb_ontology?abbrev=CerPE 40:3;O2
763.57752	763.5847	.0072	TG 44:5	C47H80O6Na	[M+Na]+	/resources/tools/chemdb_ontology?abbrev=TG 44:5
763.57752	763.5823	.0048	TG 42:2	C45H82O6Na2	[M+2Na-H]+	/resources/tools/chemdb_ontology?abbrev=TG 42:2
763.57752	763.5700	.0075	SM 35:0;O2	C40H83N2O6PNa2	[M+2Na-H]+	/resources/tools/chemdb_ontology?abbrev=SM 35:0;O2
783.49572	783.5018	.0061	PI 30:0	C39H75O13P	[M+H]+	/resources/tools/chemdb_ontology?abbrev=PI 30:0
783.49572	783.4935	.0022	PA 41:7	C44H73O8PNa	[M+Na]+	/resources/tools/chemdb_ontology?abbrev=PA 41:7
783.49572	783.4919	.0038	PS 35:6	C41H68NO10P	[M+NH4]+	/resources/tools/chemdb_ontology?abbrev=PS 35:6
783.49572	783.4911	.0046	PA 39:4	C42H75O8PNa2	[M+2Na-H]+	/resources/tools/chemdb_ontology?abbrev=PA 39:4
572.45681	572.4649	.0081	Cer 34:3;O3	C34H63NO4Na	[M+Na]+	/resources/tools/chemdb_ontology?abbrev=Cer 34:3;O3
762.57403	762.5643	.0097	PS O-35:1	C41H80NO9P	[M+H]+	/resources/tools/chemdb_ontology?abbrev=PS O-35:1
762.57403	762.5796	.0056	PE O-40:5	C45H82NO7P	[M+H-H2O]+	/resources/tools/chemdb_ontology?abbrev=PE O-40:5
762.57403	762.5643	.0097	PG O-35:3	C41H77O9P	[M+NH4]+	/resources/tools/chemdb_ontology?abbrev=PG O-35:3
641.54414	641.5503	.0062	DG 39:4	C42H74O5	[M+H-H2O]+	/resources/tools/chemdb_ontology?abbrev=DG 39:4
791.59822	791.5949	.0033	PA 44:4	C47H85O8P	[M+H-H2O]+	/resources/tools/chemdb_ontology?abbrev=PA 44:4
791.59822	791.5925	.0057	PA O-42:3	C45H85O7PNa	[M+Na]+	/resources/tools/chemdb_ontology?abbrev=PA O-42:3
791.59822	791.5909	.0073	PS O-36:2	C42H80NO9P	[M+NH4]+	/resources/tools/chemdb_ontology?abbrev=PS O-36:2
791.59822	791.5901	.0081	PA O-40:0	C43H87O7PNa2	[M+2Na-H]+	/resources/tools/chemdb_ontology?abbrev=PA O-40:0
839.60839	839.6008	.0076	PI O-35:0	C44H87O12P	[M+H]+	/resources/tools/chemdb_ontology?abbrev=PI O-35:0
839.60839	839.6160	.0077	PG O-42:5	C48H87O9P	[M+H]+	/resources/tools/chemdb_ontology?abbrev=PG O-42:5
839.60839	839.6160	.0077	PG 42:3	C48H89O10P	[M+H-H2O]+	/resources/tools/chemdb_ontology?abbrev=PG 42:3
839.60839	839.6136	.0052	PG O-40:2	C46H89O9PNa	[M+Na]+	/resources/tools/chemdb_ontology?abbrev=PG O-40:2
839.60839	839.6160	.0076	TG 50:9	C53H84O6Na	[M+Na]+	/resources/tools/chemdb_ontology?abbrev=TG 50:9
839.60839	839.6136	.0052	TG 48:6	C51H86O6Na2	[M+2Na-H]+	/resources/tools/chemdb_ontology?abbrev=TG 48:6
802.53422	802.5381	.0039	PC 38:8	C46H76NO8P	[M+H]+	/resources/tools/chemdb_ontology?abbrev=PC 38:8
802.53422	802.5381	.0039	PS O-40:7	C46H78NO9P	[M+H-H2O]+	/resources/tools/chemdb_ontology?abbrev=PS O-40:7
802.53422	802.5357	.0015	PC 36:5	C44H78NO8PNa	[M+Na]+	/resources/tools/chemdb_ontology?abbrev=PC 36:5
802.53422	802.5357	.0015	PE 39:5	C44H78NO8PNa	[M+Na]+	/resources/tools/chemdb_ontology?abbrev=PE 39:5
802.53422	802.5333	.0009	PC 34:2	C42H80NO8PNa2	[M+2Na-H]+	/resources/tools/chemdb_ontology?abbrev=PC 34:2
802.53422	802.5333	.0009	PE 37:2	C42H80NO8PNa2	[M+2Na-H]+	/resources/tools/chemdb_ontology?abbrev=PE 37:2
782.5588	782.5542	.0046	IPC 34:0;O2	C40H80NO11P	[M+H]+	/resources/tools/chemdb_ontology?abbrev=IPC 34:0;O2
782.5588	782.5670	.0082	PC 34:1	C42H82NO8PNa	[M+Na]+	/resources/tools/chemdb_ontology?abbrev=PC 34:1
782.5588	782.5670	.0082	PE 37:1	C42H82NO8PNa	[M+Na]+	/resources/tools/chemdb_ontology?abbrev=PE 37:1
782.5588	782.5614	.0026	CL 76:1	C85H164O17P2Na2	[M+2Na]2+	/resources/tools/chemdb_ontology?abbrev=CL 76:1
780.55275	780.5538	.0010	PC 36:5	C44H78NO8P	[M+H]+	/resources/tools/chemdb_ontology?abbrev=PC 36:5
780.55275	780.5538	.0010	PE 39:5	C44H78NO8P	[M+H]+	/resources/tools/chemdb_ontology?abbrev=PE 39:5
780.55275	780.5538	.0010	PC 36:4;O	C44H80NO9P	[M+H-H2O]+	/resources/tools/chemdb_ontology?abbrev=PC 36:4;O
780.55275	780.5538	.0010	PS O-38:4	C44H80NO9P	[M+H-H2O]+	/resources/tools/chemdb_ontology?abbrev=PS O-38:4
780.55275	780.5514	.0014	PC 34:2	C42H80NO8PNa	[M+Na]+	/resources/tools/chemdb_ontology?abbrev=PC 34:2
780.55275	780.5514	.0014	PE 37:2	C42H80NO8PNa	[M+Na]+	/resources/tools/chemdb_ontology?abbrev=PE 37:2
780.55275	780.5538	.0010	PA 41:6	C44H75O8P	[M+NH4]+	/resources/tools/chemdb_ontology?abbrev=PA 41:6
732.59845	732.5902	.0083	PC O-33:1	C41H82NO7P	[M+H]+	/resources/tools/chemdb_ontology?abbrev=PC O-33:1
732.59845	732.5902	.0083	PE O-36:1	C41H82NO7P	[M+H]+	/resources/tools/chemdb_ontology?abbrev=PE O-36:1
732.59845	732.6014	.0029	CerPE 38:2;O2	C40H79N2O6P	[M+NH4]+	/resources/tools/chemdb_ontology?abbrev=CerPE 38:2;O2
732.59845	732.5902	.0083	PA O-38:2	C41H79O7P	[M+NH4]+	/resources/tools/chemdb_ontology?abbrev=PA O-38:2
838.60545	838.5956	.0098	PS 41:3	C47H86NO10P	[M+H-H2O]+	/resources/tools/chemdb_ontology?abbrev=PS 41:3
367.33541	367.3359	.0005	ST 27:2;O	C27H44O	[M+H-H2O]+	/resources/tools/chemdb_ontology?abbrev=ST 27:2;O
367.33541	367.3319	.0035	NAE 20:3	C22H39NO2	[M+NH4]+	/resources/tools/chemdb_ontology?abbrev=NAE 20:3
367.33541	367.3389	.0034	DG 44:2	C47H88O5	[M+2H]2+	/resources/tools/chemdb_ontology?abbrev=DG 44:2
733.5464	733.5378	.0086	PG O-34:2	C40H77O9P	[M+H]+	/resources/tools/chemdb_ontology?abbrev=PG O-34:2
733.5464	733.5378	.0086	PG 34:0	C40H79O10P	[M+H-H2O]+	/resources/tools/chemdb_ontology?abbrev=PG 34:0
733.5464	733.5490	.0026	PC 31:2	C39H74NO8P	[M+NH4]+	/resources/tools/chemdb_ontology?abbrev=PC 31:2
733.5464	733.5490	.0026	PE 34:2	C39H74NO8P	[M+NH4]+	/resources/tools/chemdb_ontology?abbrev=PE 34:2
789.59354	789.6004	.0069	PG O-38:2	C44H85O9P	[M+H]+	/resources/tools/chemdb_ontology?abbrev=PG O-38:2
789.59354	789.6004	.0069	PG 38:0	C44H87O10P	[M+H-H2O]+	/resources/tools/chemdb_ontology?abbrev=PG 38:0
789.59354	789.6004	.0068	TG 46:6	C49H82O6Na	[M+Na]+	/resources/tools/chemdb_ontology?abbrev=TG 46:6
789.59354	789.5980	.0044	TG 44:3	C47H84O6Na2	[M+2Na-H]+	/resources/tools/chemdb_ontology?abbrev=TG 44:3
789.59354	789.5857	.0079	CerPE 40:1;O2	C42H85N2O6PNa2	[M+2Na-H]+	/resources/tools/chemdb_ontology?abbrev=CerPE 40:1;O2
789.59354	789.5857	.0079	SM 37:1;O2	C42H85N2O6PNa2	[M+2Na-H]+	/resources/tools/chemdb_ontology?abbrev=SM 37:1;O2
781.55607	781.5490	.0070	PC 35:6	C43H74NO8P	[M+NH4]+	/resources/tools/chemdb_ontology?abbrev=PC 35:6
781.55607	781.5490	.0070	PE 38:6	C43H74NO8P	[M+NH4]+	/resources/tools/chemdb_ontology?abbrev=PE 38:6
781.55607	781.5490	.0070	PE O-38:7;O	C43H74NO8P	[M+NH4]+	/resources/tools/chemdb_ontology?abbrev=PE O-38:7;O
781.55607	781.5560	.0001	CL 80:8	C89H158O17P2	[M+2H]2+	/resources/tools/chemdb_ontology?abbrev=CL 80:8
781.55607	781.5536	.0025	CL 76:2	C85H162O17P2Na2	[M+2Na]2+	/resources/tools/chemdb_ontology?abbrev=CL 76:2
1484.0542	1484.0578	.0036	CL 74:5	C83H152O17P2	[M+H]+	/resources/tools/chemdb_ontology?abbrev=CL 74:5
1484.0542	1484.0553	.0011	CL 72:2	C81H154O17P2Na	[M+Na]+	/resources/tools/chemdb_ontology?abbrev=CL 72:2
753.52245	753.5177	.0047	PE 36:6	C41H70NO8P	[M+NH4]+	/resources/tools/chemdb_ontology?abbrev=PE 36:6
753.52245	753.5247	.0022	CL 76:8	C85H150O17P2	[M+2H]2+	/resources/tools/chemdb_ontology?abbrev=CL 76:8
753.52245	753.5223	.0002	CL 72:2	C81H154O17P2Na2	[M+2Na]2+	/resources/tools/chemdb_ontology?abbrev=CL 72:2
701.55831	701.5592	.0009	CerPE 37:2;O2	C39H77N2O6P	[M+H]+	/resources/tools/chemdb_ontology?abbrev=CerPE 37:2;O2
701.55831	701.5592	.0009	SM 34:2;O2	C39H77N2O6P	[M+H]+	/resources/tools/chemdb_ontology?abbrev=SM 34:2;O2
701.55831	701.5592	.0009	CerPE 37:1;O3	C39H79N2O7P	[M+H-H2O]+	/resources/tools/chemdb_ontology?abbrev=CerPE 37:1;O3
701.55831	701.5503	.0080	DG 44:9	C47H74O5	[M+H-H2O]+	/resources/tools/chemdb_ontology?abbrev=DG 44:9
701.55831	701.5674	.0091	HexCer 33:2;O2	C39H73NO8	[M+NH4]+	/resources/tools/chemdb_ontology?abbrev=HexCer 33:2;O2
754.52585	754.5357	.0099	PC 32:1	C40H78NO8PNa	[M+Na]+	/resources/tools/chemdb_ontology?abbrev=PC 32:1
754.52585	754.5357	.0099	PE 35:1	C40H78NO8PNa	[M+Na]+	/resources/tools/chemdb_ontology?abbrev=PE 35:1
754.52585	754.5301	.0043	CL 72:1	C81H156O17P2Na2	[M+2Na]2+	/resources/tools/chemdb_ontology?abbrev=CL 72:1
730.53759	730.5381	.0005	PC 32:2	C40H76NO8P	[M+H]+	/resources/tools/chemdb_ontology?abbrev=PC 32:2
730.53759	730.5381	.0005	PE 35:2	C40H76NO8P	[M+H]+	/resources/tools/chemdb_ontology?abbrev=PE 35:2
730.53759	730.5381	.0005	PS O-34:1	C40H78NO9P	[M+H-H2O]+	/resources/tools/chemdb_ontology?abbrev=PS O-34:1
730.53759	730.5381	.0005	PA 37:3	C40H73O8P	[M+NH4]+	/resources/tools/chemdb_ontology?abbrev=PA 37:3
730.53759	730.5405	.0029	DG 44:12	C47H68O5	[M+NH4]+	/resources/tools/chemdb_ontology?abbrev=DG 44:12
730.58997	730.5857	.0042	CerPE 38:3;O2	C40H77N2O6P	[M+NH4]+	/resources/tools/chemdb_ontology?abbrev=CerPE 38:3;O2
1460.06587	1460.0578	.0081	CL 72:3	C81H152O17P2	[M+H]+	/resources/tools/chemdb_ontology?abbrev=CL 72:3
820.50643	820.5123	.0059	PS 39:7	C45H74NO10P	[M+H]+	/resources/tools/chemdb_ontology?abbrev=PS 39:7
820.50643	820.5099	.0035	PS 37:4	C43H76NO10PNa	[M+Na]+	/resources/tools/chemdb_ontology?abbrev=PS 37:4
820.50643	820.4971	.0094	PI 32:4	C41H71O13P	[M+NH4]+	/resources/tools/chemdb_ontology?abbrev=PI 32:4
820.50643	820.5075	.0011	PS 35:1	C41H78NO10PNa2	[M+2Na-H]+	/resources/tools/chemdb_ontology?abbrev=PS 35:1
1482.04803	1482.0421	.0059	CL 74:6	C83H150O17P2	[M+H]+	/resources/tools/chemdb_ontology?abbrev=CL 74:6
1482.04803	1482.0397	.0083	CL 72:3	C81H152O17P2Na	[M+Na]+	/resources/tools/chemdb_ontology?abbrev=CL 72:3
752.51912	752.5225	.0034	PC 34:5	C42H74NO8P	[M+H]+	/resources/tools/chemdb_ontology?abbrev=PC 34:5
752.51912	752.5225	.0034	PE 37:5	C42H74NO8P	[M+H]+	/resources/tools/chemdb_ontology?abbrev=PE 37:5
752.51912	752.5225	.0034	PS O-36:4	C42H76NO9P	[M+H-H2O]+	/resources/tools/chemdb_ontology?abbrev=PS O-36:4
752.51912	752.5201	.0010	PC 32:2	C40H76NO8PNa	[M+Na]+	/resources/tools/chemdb_ontology?abbrev=PC 32:2
752.51912	752.5201	.0010	PE 35:2	C40H76NO8PNa	[M+Na]+	/resources/tools/chemdb_ontology?abbrev=PE 35:2
752.51912	752.5225	.0034	PA 39:6	C42H71O8P	[M+NH4]+	/resources/tools/chemdb_ontology?abbrev=PA 39:6
752.51912	752.5169	.0023	CL 76:9	C85H148O17P2	[M+2H]2+	/resources/tools/chemdb_ontology?abbrev=CL 76:9
752.51912	752.5145	.0047	CL 72:3	C81H152O17P2Na2	[M+2Na]2+	/resources/tools/chemdb_ontology?abbrev=CL 72:3
768.49286	768.4963	.0034	PE 40:9	C45H72NO8P	[M+H-H2O]+	/resources/tools/chemdb_ontology?abbrev=PE 40:9
768.49286	768.4915	.0014	PE O-36:5	C41H74NO7PNa2	[M+2Na-H]+	/resources/tools/chemdb_ontology?abbrev=PE O-36:5
769.49602	769.5014	.0054	PG 36:5	C42H73O10P	[M+H]+	/resources/tools/chemdb_ontology?abbrev=PG 36:5
769.49602	769.4885	.0075	MGDG 36:9	C45H68O10	[M+H]+	/resources/tools/chemdb_ontology?abbrev=MGDG 36:9
769.49602	769.4862	.0099	PI 29:0	C38H73O13P	[M+H]+	/resources/tools/chemdb_ontology?abbrev=PI 29:0
769.49602	769.4990	.0030	PG 34:2	C40H75O10PNa	[M+Na]+	/resources/tools/chemdb_ontology?abbrev=PG 34:2
769.49602	769.4861	.0099	MGDG 34:6	C43H70O10Na	[M+Na]+	/resources/tools/chemdb_ontology?abbrev=MGDG 34:6
732.54369	732.5482	.0045	CL 72:1	C81H156O17P2	[M+2H]2+	/resources/tools/chemdb_ontology?abbrev=CL 72:1
790.59629	790.5956	.0006	PS O-37:1	C43H84NO9P	[M+H]+	/resources/tools/chemdb_ontology?abbrev=PS O-37:1
790.59629	790.5956	.0006	PG O-37:3	C43H81O9P	[M+NH4]+	/resources/tools/chemdb_ontology?abbrev=PG O-37:3
821.50978	821.5175	.0077	PI 33:2	C42H77O13P	[M+H]+	/resources/tools/chemdb_ontology?abbrev=PI 33:2
821.50978	821.5174	.0076	MGDG 38:8	C47H74O10Na	[M+Na]+	/resources/tools/chemdb_ontology?abbrev=MGDG 38:8
821.50978	821.5076	.0022	PS 38:8	C44H70NO10P	[M+NH4]+	/resources/tools/chemdb_ontology?abbrev=PS 38:8
821.50978	821.5068	.0030	PA 42:6	C45H77O8PNa2	[M+2Na-H]+	/resources/tools/chemdb_ontology?abbrev=PA 42:6
821.50978	821.5150	.0052	MGDG 36:5	C45H76O10Na2	[M+2Na-H]+	/resources/tools/chemdb_ontology?abbrev=MGDG 36:5
731.59266	731.5949	.0023	PA O-39:1	C42H83O7P	[M+H]+	/resources/tools/chemdb_ontology?abbrev=PA O-39:1
788.64668	788.6528	.0061	PC O-37:1	C45H90NO7P	[M+H]+	/resources/tools/chemdb_ontology?abbrev=PC O-37:1
788.64668	788.6528	.0061	PE O-40:1	C45H90NO7P	[M+H]+	/resources/tools/chemdb_ontology?abbrev=PE O-40:1
788.64668	788.6528	.0061	PA O-42:2	C45H87O7P	[M+NH4]+	/resources/tools/chemdb_ontology?abbrev=PA O-42:2
739.52354	739.5272	.0037	PA 39:4	C42H75O8P	[M+H]+	/resources/tools/chemdb_ontology?abbrev=PA 39:4
739.52354	739.5272	.0037	PG O-36:4	C42H77O9P	[M+H-H2O]+	/resources/tools/chemdb_ontology?abbrev=PG O-36:4
739.52354	739.5248	.0013	PA 37:1	C40H77O8PNa	[M+Na]+	/resources/tools/chemdb_ontology?abbrev=PA 37:1
739.52354	739.5272	.0037	DG 44:10	C47H72O5Na	[M+Na]+	/resources/tools/chemdb_ontology?abbrev=DG 44:10
739.52354	739.5232	.0003	PS 31:0	C37H72NO10P	[M+NH4]+	/resources/tools/chemdb_ontology?abbrev=PS 31:0
739.52354	739.5248	.0012	DG 42:7	C45H74O5Na2	[M+2Na-H]+	/resources/tools/chemdb_ontology?abbrev=DG 42:7
590.46337	590.4544	.0090	CerP 32:1;O2	C32H64NO6P	[M+H]+	/resources/tools/chemdb_ontology?abbrev=CerP 32:1;O2
590.46337	590.4544	.0090	LPC 24:0	C32H66NO7P	[M+H-H2O]+	/resources/tools/chemdb_ontology?abbrev=LPC 24:0
590.46337	590.4544	.0090	LPE O-27:1;O	C32H66NO7P	[M+H-H2O]+	/resources/tools/chemdb_ontology?abbrev=LPE O-27:1;O
712.60713	712.6086	.0014	DGTS 32:0	C42H81NO7	[M+H]+	/resources/tools/chemdb_ontology?abbrev=DGTS 32:0
712.60713	712.6086	.0014	HexCer 36:0;O2	C42H83NO8	[M+H-H2O]+	/resources/tools/chemdb_ontology?abbrev=HexCer 36:0;O2
712.60713	712.6003	.0068	CerP 42:1;O2	C42H84NO6P	[M+H-H2O]+	/resources/tools/chemdb_ontology?abbrev=CerP 42:1;O2
569.36288	569.3561	.0067	LPS 20:1	C26H50NO9P	[M+NH4]+	/resources/tools/chemdb_ontology?abbrev=LPS 20:1
569.36288	569.3561	.0067	PE 21:1;O	C26H50NO9P	[M+NH4]+	/resources/tools/chemdb_ontology?abbrev=PE 21:1;O
589.45975	589.4591	.0006	PA O-30:0	C33H67O7P	[M+H-H2O]+	/resources/tools/chemdb_ontology?abbrev=PA O-30:0
808.57404	808.5698	.0042	IPC 36:1;O2	C42H82NO11P	[M+H]+	/resources/tools/chemdb_ontology?abbrev=IPC 36:1;O2
808.57404	808.5698	.0042	IPC 36:0;O3	C42H84NO12P	[M+H-H2O]+	/resources/tools/chemdb_ontology?abbrev=IPC 36:0;O3
808.57404	808.5827	.0086	PC 36:2	C44H84NO8PNa	[M+Na]+	/resources/tools/chemdb_ontology?abbrev=PC 36:2
808.57404	808.5827	.0086	PE 39:2	C44H84NO8PNa	[M+Na]+	/resources/tools/chemdb_ontology?abbrev=PE 39:2
659.51369	659.5122	.0014	CerPE 34:2;O2	C36H71N2O6P	[M+H]+	/resources/tools/chemdb_ontology?abbrev=CerPE 34:2;O2
659.51369	659.5122	.0014	CerPE 34:1;O3	C36H73N2O7P	[M+H-H2O]+	/resources/tools/chemdb_ontology?abbrev=CerPE 34:1;O3
659.51369	659.5205	.0068	HexCer 30:2;O2	C36H67NO8	[M+NH4]+	/resources/tools/chemdb_ontology?abbrev=HexCer 30:2;O2
645.48646	645.4854	.0011	PA O-33:2	C36H69O7P	[M+H]+	/resources/tools/chemdb_ontology?abbrev=PA O-33:2
645.48646	645.4854	.0011	PA 33:0	C36H71O8P	[M+H-H2O]+	/resources/tools/chemdb_ontology?abbrev=PA 33:0
645.48646	645.4877	.0013	DG 40:9	C43H66O5	[M+H-H2O]+	/resources/tools/chemdb_ontology?abbrev=DG 40:9
612.56626	612.5714	.0051	CE 14:1	C41H70O2	[M+NH4]+	/resources/tools/chemdb_ontology?abbrev=CE 14:1
602.5117	602.5119	.0002	Cer 36:2;O3	C36H69NO4Na	[M+Na]+	/resources/tools/chemdb_ontology?abbrev=Cer 36:2;O3
550.49029	550.4830	.0073	Cer 34:3;O3	C34H63NO4	[M+H]+	/resources/tools/chemdb_ontology?abbrev=Cer 34:3;O3
550.49029	550.4830	.0073	FAHFA 34:3;O	C34H60O4	[M+NH4]+	/resources/tools/chemdb_ontology?abbrev=FAHFA 34:3;O
712.4898	712.4912	.0014	PC 31:4	C39H70NO8P	[M+H]+	/resources/tools/chemdb_ontology?abbrev=PC 31:4
712.4898	712.4912	.0014	PE 34:4	C39H70NO8P	[M+H]+	/resources/tools/chemdb_ontology?abbrev=PE 34:4
712.4898	712.4912	.0014	PS O-33:3	C39H72NO9P	[M+H-H2O]+	/resources/tools/chemdb_ontology?abbrev=PS O-33:3
712.4898	712.4888	.0010	PC 29:1	C37H72NO8PNa	[M+Na]+	/resources/tools/chemdb_ontology?abbrev=PC 29:1
712.4898	712.4888	.0010	PE 32:1	C37H72NO8PNa	[M+Na]+	/resources/tools/chemdb_ontology?abbrev=PE 32:1
712.4898	712.4912	.0014	PA 36:5	C39H67O8P	[M+NH4]+	/resources/tools/chemdb_ontology?abbrev=PA 36:5
639.58544	639.5922	.0068	DG 37:0	C40H78O5	[M+H]+	/resources/tools/chemdb_ontology?abbrev=DG 37:0
831.49767	831.5018	.0041	PI 34:4	C43H75O13P	[M+H]+	/resources/tools/chemdb_ontology?abbrev=PI 34:4
831.49767	831.4994	.0017	PI 32:1	C41H77O13PNa	[M+Na]+	/resources/tools/chemdb_ontology?abbrev=PI 32:1
549.48699	549.4877	.0007	DG 32:1	C35H66O5	[M+H-H2O]+	/resources/tools/chemdb_ontology?abbrev=DG 32:1
770.54242	770.5330	.0094	PS O-36:4	C42H76NO9P	[M+H]+	/resources/tools/chemdb_ontology?abbrev=PS O-36:4
770.54242	770.5330	.0094	PS 36:2	C42H78NO10P	[M+H-H2O]+	/resources/tools/chemdb_ontology?abbrev=PS 36:2
770.54242	770.5330	.0094	PG O-36:6	C42H73O9P	[M+NH4]+	/resources/tools/chemdb_ontology?abbrev=PG O-36:6
770.54242	770.5517	.0093	HexCer 36:2;O2	C42H79NO8Na2	[M+2Na-H]+	/resources/tools/chemdb_ontology?abbrev=HexCer 36:2;O2
599.50236	599.5034	.0010	DG 36:4	C39H68O5	[M+H-H2O]+	/resources/tools/chemdb_ontology?abbrev=DG 36:4
847.52508	847.5331	.0080	PI 35:3	C44H79O13P	[M+H]+	/resources/tools/chemdb_ontology?abbrev=PI 35:3
847.52508	847.5307	.0056	PI 33:0	C42H81O13PNa	[M+Na]+	/resources/tools/chemdb_ontology?abbrev=PI 33:0
847.52508	847.5232	.0019	PS 40:9	C46H72NO10P	[M+NH4]+	/resources/tools/chemdb_ontology?abbrev=PS 40:9
847.52508	847.5224	.0027	PA 44:7	C47H79O8PNa2	[M+2Na-H]+	/resources/tools/chemdb_ontology?abbrev=PA 44:7
722.53173	722.5330	.0013	PS O-32:0	C38H76NO9P	[M+H]+	/resources/tools/chemdb_ontology?abbrev=PS O-32:0
722.53173	722.5330	.0013	PG O-32:2	C38H73O9P	[M+NH4]+	/resources/tools/chemdb_ontology?abbrev=PG O-32:2
759.56176	759.5534	.0083	PG O-36:3	C42H79O9P	[M+H]+	/resources/tools/chemdb_ontology?abbrev=PG O-36:3
759.56176	759.5534	.0083	PG 36:1	C42H81O10P	[M+H-H2O]+	/resources/tools/chemdb_ontology?abbrev=PG 36:1
759.56176	759.5647	.0029	PC 33:3	C41H76NO8P	[M+NH4]+	/resources/tools/chemdb_ontology?abbrev=PC 33:3
759.56176	759.5647	.0029	PE 36:3	C41H76NO8P	[M+NH4]+	/resources/tools/chemdb_ontology?abbrev=PE 36:3
1534.07756	1534.0734	.0042	CL 78:8	C87H154O17P2	[M+H]+	/resources/tools/chemdb_ontology?abbrev=CL 78:8
1534.07756	1534.0710	.0066	CL 76:5	C85H156O17P2Na	[M+Na]+	/resources/tools/chemdb_ontology?abbrev=CL 76:5
1534.07756	1534.0686	.0090	CL 74:2	C83H158O17P2Na2	[M+2Na-H]+	/resources/tools/chemdb_ontology?abbrev=CL 74:2
779.53803	779.5433	.0052	PI O-32:0	C41H81O12P	[M+H-H2O]+	/resources/tools/chemdb_ontology?abbrev=PI O-32:0
779.53803	779.5334	.0047	PE 38:7	C43H72NO8P	[M+NH4]+	/resources/tools/chemdb_ontology?abbrev=PE 38:7
779.53803	779.5379	.0001	CL 76:4	C85H158O17P2Na2	[M+2Na]2+	/resources/tools/chemdb_ontology?abbrev=CL 76:4
846.52201	846.5256	.0035	PS 39:5	C45H78NO10PNa	[M+Na]+	/resources/tools/chemdb_ontology?abbrev=PS 39:5
846.52201	846.5127	.0093	PI 34:5	C43H73O13P	[M+NH4]+	/resources/tools/chemdb_ontology?abbrev=PI 34:5
846.52201	846.5231	.0011	PS 37:2	C43H80NO10PNa2	[M+2Na-H]+	/resources/tools/chemdb_ontology?abbrev=PS 37:2
756.553	756.5538	.0008	PC 34:3	C42H78NO8P	[M+H]+	/resources/tools/chemdb_ontology?abbrev=PC 34:3
756.553	756.5538	.0008	PE 37:3	C42H78NO8P	[M+H]+	/resources/tools/chemdb_ontology?abbrev=PE 37:3
756.553	756.5538	.0008	PS O-36:2	C42H80NO9P	[M+H-H2O]+	/resources/tools/chemdb_ontology?abbrev=PS O-36:2
756.553	756.5514	.0016	PC 32:0	C40H80NO8PNa	[M+Na]+	/resources/tools/chemdb_ontology?abbrev=PC 32:0
756.553	756.5514	.0016	PE 35:0	C40H80NO8PNa	[M+Na]+	/resources/tools/chemdb_ontology?abbrev=PE 35:0
756.553	756.5538	.0008	PA 39:4	C42H75O8P	[M+NH4]+	/resources/tools/chemdb_ontology?abbrev=PA 39:4
756.553	756.5482	.0048	CL 76:5	C85H156O17P2	[M+2H]2+	/resources/tools/chemdb_ontology?abbrev=CL 76:5
778.53473	778.5381	.0034	PC 36:6	C44H76NO8P	[M+H]+	/resources/tools/chemdb_ontology?abbrev=PC 36:6
778.53473	778.5381	.0034	PE 39:6	C44H76NO8P	[M+H]+	/resources/tools/chemdb_ontology?abbrev=PE 39:6
778.53473	778.5381	.0034	PS O-38:5	C44H78NO9P	[M+H-H2O]+	/resources/tools/chemdb_ontology?abbrev=PS O-38:5
778.53473	778.5357	.0010	PC 34:3	C42H78NO8PNa	[M+Na]+	/resources/tools/chemdb_ontology?abbrev=PC 34:3
778.53473	778.5357	.0010	PE 37:3	C42H78NO8PNa	[M+Na]+	/resources/tools/chemdb_ontology?abbrev=PE 37:3
778.53473	778.5381	.0034	PA 41:7	C44H73O8P	[M+NH4]+	/resources/tools/chemdb_ontology?abbrev=PA 41:7
778.53473	778.5301	.0046	CL 76:5	C85H156O17P2Na2	[M+2Na]2+	/resources/tools/chemdb_ontology?abbrev=CL 76:5
778.53473	778.5333	.0014	PC 32:0	C40H80NO8PNa2	[M+2Na-H]+	/resources/tools/chemdb_ontology?abbrev=PC 32:0
778.53473	778.5333	.0014	PE 35:0	C40H80NO8PNa2	[M+2Na-H]+	/resources/tools/chemdb_ontology?abbrev=PE 35:0
814.60577	814.6143	.0086	HexCer 39:1;O2	C45H87NO8Na2	[M+2Na-H]+	/resources/tools/chemdb_ontology?abbrev=HexCer 39:1;O2
757.5563	757.5490	.0073	PC 33:4	C41H74NO8P	[M+NH4]+	/resources/tools/chemdb_ontology?abbrev=PC 33:4
757.5563	757.5490	.0073	PE 36:4	C41H74NO8P	[M+NH4]+	/resources/tools/chemdb_ontology?abbrev=PE 36:4
757.5563	757.5490	.0073	PE O-36:5;O	C41H74NO8P	[M+NH4]+	/resources/tools/chemdb_ontology?abbrev=PE O-36:5;O
757.5563	757.5560	.0003	CL 76:4	C85H158O17P2	[M+2H]2+	/resources/tools/chemdb_ontology?abbrev=CL 76:4
795.51149	795.5171	.0056	PG 38:6	C44H75O10P	[M+H]+	/resources/tools/chemdb_ontology?abbrev=PG 38:6
795.51149	795.5018	.0097	PI 31:1	C40H75O13P	[M+H]+	/resources/tools/chemdb_ontology?abbrev=PI 31:1
795.51149	795.5147	.0032	PG 36:3	C42H77O10PNa	[M+Na]+	/resources/tools/chemdb_ontology?abbrev=PG 36:3
795.51149	795.5018	.0097	MGDG 36:7	C45H72O10Na	[M+Na]+	/resources/tools/chemdb_ontology?abbrev=MGDG 36:7
795.51149	795.5122	.0008	PG 34:0	C40H79O10PNa2	[M+2Na-H]+	/resources/tools/chemdb_ontology?abbrev=PG 34:0
576.50589	576.4962	.0097	Cer 34:1;O3	C34H67NO4Na	[M+Na]+	/resources/tools/chemdb_ontology?abbrev=Cer 34:1;O3
794.50831	794.5119	.0036	PE 42:10	C47H74NO8P	[M+H-H2O]+	/resources/tools/chemdb_ontology?abbrev=PE 42:10
794.50831	794.5071	.0012	PE O-38:6	C43H76NO7PNa2	[M+2Na-H]+	/resources/tools/chemdb_ontology?abbrev=PE O-38:6
662.47457	662.4755	.0010	PC 27:1	C35H68NO8P	[M+H]+	/resources/tools/chemdb_ontology?abbrev=PC 27:1
662.47457	662.4755	.0010	PE 30:1	C35H68NO8P	[M+H]+	/resources/tools/chemdb_ontology?abbrev=PE 30:1
662.47457	662.4755	.0010	LPS O-29:1;O	C35H70NO9P	[M+H-H2O]+	/resources/tools/chemdb_ontology?abbrev=LPS O-29:1;O
662.47457	662.4755	.0010	PS O-29:0	C35H70NO9P	[M+H-H2O]+	/resources/tools/chemdb_ontology?abbrev=PS O-29:0
662.47457	662.4755	.0010	PA 32:2	C35H65O8P	[M+NH4]+	/resources/tools/chemdb_ontology?abbrev=PA 32:2
720.52779	720.5326	.0049	PC O-34:5	C42H76NO7P	[M+H-H2O]+	/resources/tools/chemdb_ontology?abbrev=PC O-34:5
721.52917	721.5378	.0086	PG O-33:1	C39H77O9P	[M+H]+	/resources/tools/chemdb_ontology?abbrev=PG O-33:1
721.52917	721.5231	.0061	SM 32:0;O2	C37H77N2O6PNa2	[M+2Na-H]+	/resources/tools/chemdb_ontology?abbrev=SM 32:0;O2
684.45609	684.4599	.0038	PE 32:4	C37H66NO8P	[M+H]+	/resources/tools/chemdb_ontology?abbrev=PE 32:4
684.45609	684.4575	.0014	PC 27:1	C35H68NO8PNa	[M+Na]+	/resources/tools/chemdb_ontology?abbrev=PC 27:1
684.45609	684.4575	.0014	PE 30:1	C35H68NO8PNa	[M+Na]+	/resources/tools/chemdb_ontology?abbrev=PE 30:1
684.45609	684.4599	.0038	PA 34:5	C37H63O8P	[M+NH4]+	/resources/tools/chemdb_ontology?abbrev=PA 34:5
575.50258	575.5034	.0008	FAHFA 37:3;O	C37H66O4	[M+H]+	/resources/tools/chemdb_ontology?abbrev=FAHFA 37:3;O
575.50258	575.5034	.0008	DG 34:2	C37H68O5	[M+H-H2O]+	/resources/tools/chemdb_ontology?abbrev=DG 34:2
816.6117	816.6113	.0004	PS O-39:2	C45H86NO9P	[M+H]+	/resources/tools/chemdb_ontology?abbrev=PS O-39:2
816.6117	816.6113	.0004	PS 39:0	C45H88NO10P	[M+H-H2O]+	/resources/tools/chemdb_ontology?abbrev=PS 39:0
758.55918	758.5638	.0046	CL 76:3	C85H160O17P2	[M+2H]2+	/resources/tools/chemdb_ontology?abbrev=CL 76:3
758.55918	758.5517	.0075	HexCer 35:1;O2	C41H79NO8Na2	[M+2Na-H]+	/resources/tools/chemdb_ontology?abbrev=HexCer 35:1;O2
625.51778	625.5190	.0013	DG 38:5	C41H70O5	[M+H-H2O]+	/resources/tools/chemdb_ontology?abbrev=DG 38:5
625.51778	625.5142	.0036	DG O-34:1	C37H72O4Na2	[M+2Na-H]+	/resources/tools/chemdb_ontology?abbrev=DG O-34:1
738.50549	738.5068	.0013	PC 33:5	C41H72NO8P	[M+H]+	/resources/tools/chemdb_ontology?abbrev=PC 33:5
738.50549	738.5068	.0013	PE 36:5	C41H72NO8P	[M+H]+	/resources/tools/chemdb_ontology?abbrev=PE 36:5
738.50549	738.5044	.0011	PC 31:2	C39H74NO8PNa	[M+Na]+	/resources/tools/chemdb_ontology?abbrev=PC 31:2
738.50549	738.5044	.0011	PE 34:2	C39H74NO8PNa	[M+Na]+	/resources/tools/chemdb_ontology?abbrev=PE 34:2
738.50549	738.5068	.0013	PA 38:6	C41H69O8P	[M+NH4]+	/resources/tools/chemdb_ontology?abbrev=PA 38:6
738.50549	738.5012	.0043	CL 74:9	C83H144O17P2	[M+2H]2+	/resources/tools/chemdb_ontology?abbrev=CL 74:9
663.47773	663.4748	.0029	PA O-36:5	C39H69O7P	[M+H-H2O]+	/resources/tools/chemdb_ontology?abbrev=PA O-36:5
663.47773	663.4708	.0070	PE 29:2	C34H64NO8P	[M+NH4]+	/resources/tools/chemdb_ontology?abbrev=PE 29:2
757.61208	757.6218	.0097	SM 38:2;O2	C43H85N2O6P	[M+H]+	/resources/tools/chemdb_ontology?abbrev=SM 38:2;O2
757.61208	757.6106	.0015	PA 41:0	C44H87O8P	[M+H-H2O]+	/resources/tools/chemdb_ontology?abbrev=PA 41:0
797.5618	797.5538	.0080	PI O-32:0	C41H81O12P	[M+H]+	/resources/tools/chemdb_ontology?abbrev=PI O-32:0
797.5618	797.5691	.0073	PG 39:3	C45H83O10P	[M+H-H2O]+	/resources/tools/chemdb_ontology?abbrev=PG 39:3
797.5618	797.5667	.0049	PG O-37:2	C43H83O9PNa	[M+Na]+	/resources/tools/chemdb_ontology?abbrev=PG O-37:2
797.5618	797.5651	.0033	IPC 34:1;O2	C40H78NO11P	[M+NH4]+	/resources/tools/chemdb_ontology?abbrev=IPC 34:1;O2
797.5618	797.5556	.0062	SHexCer 34:1;O2	C40H77NO11S	[M+NH4]+	/resources/tools/chemdb_ontology?abbrev=SHexCer 34:1;O2
788.59031	788.5952	.0049	PE O-42:6	C47H84NO7P	[M+H-H2O]+	/resources/tools/chemdb_ontology?abbrev=PE O-42:6
739.50879	739.5021	.0067	PE 35:6	C40H68NO8P	[M+NH4]+	/resources/tools/chemdb_ontology?abbrev=PE 35:6
739.50879	739.5090	.0002	CL 74:8	C83H146O17P2	[M+2H]2+	/resources/tools/chemdb_ontology?abbrev=CL 74:8
739.50879	739.5066	.0022	CL 70:2	C79H150O17P2Na2	[M+2Na]2+	/resources/tools/chemdb_ontology?abbrev=CL 70:2
704.52098	704.5225	.0015	PC 30:1	C38H74NO8P	[M+H]+	/resources/tools/chemdb_ontology?abbrev=PC 30:1
704.52098	704.5225	.0015	PE 33:1	C38H74NO8P	[M+H]+	/resources/tools/chemdb_ontology?abbrev=PE 33:1
704.52098	704.5225	.0015	PS O-32:0	C38H76NO9P	[M+H-H2O]+	/resources/tools/chemdb_ontology?abbrev=PS O-32:0
704.52098	704.5225	.0015	PA 35:2	C38H71O8P	[M+NH4]+	/resources/tools/chemdb_ontology?abbrev=PA 35:2
704.52098	704.5248	.0039	DG 42:11	C45H66O5	[M+NH4]+	/resources/tools/chemdb_ontology?abbrev=DG 42:11
704.52098	704.5169	.0041	CL 68:1	C77H148O17P2	[M+2H]2+	/resources/tools/chemdb_ontology?abbrev=CL 68:1
796.55861	796.5487	.0099	PS O-38:5	C44H78NO9P	[M+H]+	/resources/tools/chemdb_ontology?abbrev=PS O-38:5
796.55861	796.5487	.0099	PS 38:3	C44H80NO10P	[M+H-H2O]+	/resources/tools/chemdb_ontology?abbrev=PS 38:3
796.55861	796.5487	.0099	PG O-38:7	C44H75O9P	[M+NH4]+	/resources/tools/chemdb_ontology?abbrev=PG O-38:7
796.55861	796.5674	.0088	HexCer 38:3;O2	C44H81NO8Na2	[M+2Na-H]+	/resources/tools/chemdb_ontology?abbrev=HexCer 38:3;O2
756.60636	756.5984	.0080	HexCer 37:2;O3	C43H81NO9	[M+H]+	/resources/tools/chemdb_ontology?abbrev=HexCer 37:2;O3
846.5729	846.5643	.0086	PS 42:6	C48H82NO10P	[M+H-H2O]+	/resources/tools/chemdb_ontology?abbrev=PS 42:6
857.51334	857.5175	.0041	PI 36:5	C45H77O13P	[M+H]+	/resources/tools/chemdb_ontology?abbrev=PI 36:5
857.51334	857.5150	.0017	PI 34:2	C43H79O13PNa	[M+Na]+	/resources/tools/chemdb_ontology?abbrev=PI 34:2
730.5371	730.5381	.0010	PC 32:2	C40H76NO8P	[M+H]+	/resources/tools/chemdb_ontology?abbrev=PC 32:2
730.5371	730.5381	.0010	PE 35:2	C40H76NO8P	[M+H]+	/resources/tools/chemdb_ontology?abbrev=PE 35:2
730.5371	730.5381	.0010	PS O-34:1	C40H78NO9P	[M+H-H2O]+	/resources/tools/chemdb_ontology?abbrev=PS O-34:1
730.5371	730.5381	.0010	PA 37:3	C40H73O8P	[M+NH4]+	/resources/tools/chemdb_ontology?abbrev=PA 37:3
730.5371	730.5405	.0034	DG 44:12	C47H68O5	[M+NH4]+	/resources/tools/chemdb_ontology?abbrev=DG 44:12
730.5371	730.5325	.0046	CL 72:3	C81H152O17P2	[M+2H]2+	/resources/tools/chemdb_ontology?abbrev=CL 72:3
731.5408	731.5334	.0074	PC 31:3	C39H72NO8P	[M+NH4]+	/resources/tools/chemdb_ontology?abbrev=PC 31:3
731.5408	731.5334	.0074	PE 34:3	C39H72NO8P	[M+NH4]+	/resources/tools/chemdb_ontology?abbrev=PE 34:3
731.5408	731.5403	.0005	CL 72:2	C81H154O17P2	[M+2H]2+	/resources/tools/chemdb_ontology?abbrev=CL 72:2
870.52142	870.5256	.0041	PS 41:7	C47H78NO10PNa	[M+Na]+	/resources/tools/chemdb_ontology?abbrev=PS 41:7
870.52142	870.5127	.0087	PI 36:7	C45H73O13P	[M+NH4]+	/resources/tools/chemdb_ontology?abbrev=PI 36:7
870.52142	870.5231	.0017	PS 39:4	C45H80NO10PNa2	[M+2Na-H]+	/resources/tools/chemdb_ontology?abbrev=PS 39:4
815.60902	815.6160	.0070	PG O-40:3	C46H87O9P	[M+H]+	/resources/tools/chemdb_ontology?abbrev=PG O-40:3
815.60902	815.6160	.0070	PG 40:1	C46H89O10P	[M+H-H2O]+	/resources/tools/chemdb_ontology?abbrev=PG 40:1
815.60902	815.6136	.0046	PG O-38:0	C44H89O9PNa	[M+Na]+	/resources/tools/chemdb_ontology?abbrev=PG O-38:0
815.60902	815.6160	.0070	TG 48:7	C51H84O6Na	[M+Na]+	/resources/tools/chemdb_ontology?abbrev=TG 48:7
815.60902	815.6136	.0046	TG 46:4	C49H86O6Na2	[M+2Na-H]+	/resources/tools/chemdb_ontology?abbrev=TG 46:4
815.60902	815.6013	.0077	SM 39:2;O2	C44H87N2O6PNa2	[M+2Na-H]+	/resources/tools/chemdb_ontology?abbrev=SM 39:2;O2
818.50821	818.5119	.0037	PE 44:12	C49H74NO8P	[M+H-H2O]+	/resources/tools/chemdb_ontology?abbrev=PE 44:12
818.50821	818.5059	.0023	SHexCer 34:1;O3	C40H77NO12SNa	[M+Na]+	/resources/tools/chemdb_ontology?abbrev=SHexCer 34:1;O3
818.50821	818.5071	.0011	PE O-40:8	C45H76NO7PNa2	[M+2Na-H]+	/resources/tools/chemdb_ontology?abbrev=PE O-40:8
802.53459	802.5381	.0035	PC 38:8	C46H76NO8P	[M+H]+	/resources/tools/chemdb_ontology?abbrev=PC 38:8
802.53459	802.5381	.0035	PS O-40:7	C46H78NO9P	[M+H-H2O]+	/resources/tools/chemdb_ontology?abbrev=PS O-40:7
802.53459	802.5357	.0011	PC 36:5	C44H78NO8PNa	[M+Na]+	/resources/tools/chemdb_ontology?abbrev=PC 36:5
802.53459	802.5357	.0011	PE 39:5	C44H78NO8PNa	[M+Na]+	/resources/tools/chemdb_ontology?abbrev=PE 39:5
802.53459	802.5333	.0013	PC 34:2	C42H80NO8PNa2	[M+2Na-H]+	/resources/tools/chemdb_ontology?abbrev=PC 34:2
802.53459	802.5333	.0013	PE 37:2	C42H80NO8PNa2	[M+2Na-H]+	/resources/tools/chemdb_ontology?abbrev=PE 37:2
803.53789	803.5433	.0054	PI O-34:2	C43H81O12P	[M+H-H2O]+	/resources/tools/chemdb_ontology?abbrev=PI O-34:2
803.53789	803.5334	.0045	PE 40:9	C45H72NO8P	[M+NH4]+	/resources/tools/chemdb_ontology?abbrev=PE 40:9
803.53789	803.5379	.0000	CL 80:8	C89H158O17P2Na2	[M+2Na]2+	/resources/tools/chemdb_ontology?abbrev=CL 80:8
748.54962	748.5487	.0009	PS O-34:1	C40H78NO9P	[M+H]+	/resources/tools/chemdb_ontology?abbrev=PS O-34:1
748.54962	748.5487	.0009	PG O-34:3	C40H75O9P	[M+NH4]+	/resources/tools/chemdb_ontology?abbrev=PG O-34:3
780.60811	780.6113	.0032	PG O-36:1	C42H83O9P	[M+NH4]+	/resources/tools/chemdb_ontology?abbrev=PG O-36:1
839.60889	839.6160	.0072	PG O-42:5	C48H87O9P	[M+H]+	/resources/tools/chemdb_ontology?abbrev=PG O-42:5
839.60889	839.6008	.0081	PI O-35:0	C44H87O12P	[M+H]+	/resources/tools/chemdb_ontology?abbrev=PI O-35:0
839.60889	839.6160	.0072	PG 42:3	C48H89O10P	[M+H-H2O]+	/resources/tools/chemdb_ontology?abbrev=PG 42:3
839.60889	839.6136	.0047	PG O-40:2	C46H89O9PNa	[M+Na]+	/resources/tools/chemdb_ontology?abbrev=PG O-40:2
839.60889	839.6160	.0071	TG 50:9	C53H84O6Na	[M+Na]+	/resources/tools/chemdb_ontology?abbrev=TG 50:9
839.60889	839.6136	.0047	TG 48:6	C51H86O6Na2	[M+2Na-H]+	/resources/tools/chemdb_ontology?abbrev=TG 48:6
780.55281	780.5538	.0010	PC 36:5	C44H78NO8P	[M+H]+	/resources/tools/chemdb_ontology?abbrev=PC 36:5
780.55281	780.5538	.0010	PE 39:5	C44H78NO8P	[M+H]+	/resources/tools/chemdb_ontology?abbrev=PE 39:5
780.55281	780.5538	.0010	PC 36:4;O	C44H80NO9P	[M+H-H2O]+	/resources/tools/chemdb_ontology?abbrev=PC 36:4;O
780.55281	780.5538	.0010	PS O-38:4	C44H80NO9P	[M+H-H2O]+	/resources/tools/chemdb_ontology?abbrev=PS O-38:4
780.55281	780.5514	.0014	PC 34:2	C42H80NO8PNa	[M+Na]+	/resources/tools/chemdb_ontology?abbrev=PC 34:2
780.55281	780.5514	.0014	PE 37:2	C42H80NO8PNa	[M+Na]+	/resources/tools/chemdb_ontology?abbrev=PE 37:2
780.55281	780.5538	.0010	PA 41:6	C44H75O8P	[M+NH4]+	/resources/tools/chemdb_ontology?abbrev=PA 41:6
783.56295	783.5534	.0095	PG O-38:5	C44H79O9P	[M+H]+	/resources/tools/chemdb_ontology?abbrev=PG O-38:5
783.56295	783.5534	.0095	PG 38:3	C44H81O10P	[M+H-H2O]+	/resources/tools/chemdb_ontology?abbrev=PG 38:3
783.56295	783.5647	.0017	PC 35:5	C43H76NO8P	[M+NH4]+	/resources/tools/chemdb_ontology?abbrev=PC 35:5
783.56295	783.5647	.0017	PE 38:5	C43H76NO8P	[M+NH4]+	/resources/tools/chemdb_ontology?abbrev=PE 38:5
783.56295	783.5647	.0017	PE O-38:6;O	C43H76NO8P	[M+NH4]+	/resources/tools/chemdb_ontology?abbrev=PE O-38:6;O
690.49666	690.4915	.0051	HexCer 32:3;O2	C38H69NO8Na	[M+Na]+	/resources/tools/chemdb_ontology?abbrev=HexCer 32:3;O2
690.49666	690.5012	.0046	CL 66:1	C75H144O17P2	[M+2H]2+	/resources/tools/chemdb_ontology?abbrev=CL 66:1
691.49916	691.4908	.0083	PG O-31:2	C37H71O9P	[M+H]+	/resources/tools/chemdb_ontology?abbrev=PG O-31:2
691.49916	691.5061	.0069	PA O-38:5	C41H73O7P	[M+H-H2O]+	/resources/tools/chemdb_ontology?abbrev=PA O-38:5
691.49916	691.4908	.0083	PG 31:0	C37H73O10P	[M+H-H2O]+	/resources/tools/chemdb_ontology?abbrev=PG 31:0
691.49916	691.5021	.0029	PC 28:2	C36H68NO8P	[M+NH4]+	/resources/tools/chemdb_ontology?abbrev=PC 28:2
691.49916	691.5021	.0029	PE 31:2	C36H68NO8P	[M+NH4]+	/resources/tools/chemdb_ontology?abbrev=PE 31:2
746.59619	746.6058	.0096	PC O-34:1	C42H84NO7P	[M+H]+	/resources/tools/chemdb_ontology?abbrev=PC O-34:1
746.59619	746.6058	.0096	PE O-37:1	C42H84NO7P	[M+H]+	/resources/tools/chemdb_ontology?abbrev=PE O-37:1
746.59619	746.6058	.0096	PA O-39:2	C42H81O7P	[M+NH4]+	/resources/tools/chemdb_ontology?abbrev=PA O-39:2
840.62109	840.6113	.0098	PS 41:2	C47H88NO10P	[M+H-H2O]+	/resources/tools/chemdb_ontology?abbrev=PS 41:2
840.62109	840.6300	.0089	HexCer 41:2;O2	C47H89NO8Na2	[M+2Na-H]+	/resources/tools/chemdb_ontology?abbrev=HexCer 41:2;O2
782.56109	782.5542	.0069	IPC 34:0;O2	C40H80NO11P	[M+H]+	/resources/tools/chemdb_ontology?abbrev=IPC 34:0;O2
782.56109	782.5694	.0083	PC 36:4	C44H80NO8P	[M+H]+	/resources/tools/chemdb_ontology?abbrev=PC 36:4
782.56109	782.5694	.0083	PE 39:4	C44H80NO8P	[M+H]+	/resources/tools/chemdb_ontology?abbrev=PE 39:4
782.56109	782.5694	.0083	PS O-38:3	C44H82NO9P	[M+H-H2O]+	/resources/tools/chemdb_ontology?abbrev=PS O-38:3
782.56109	782.5670	.0059	PC 34:1	C42H82NO8PNa	[M+Na]+	/resources/tools/chemdb_ontology?abbrev=PC 34:1
782.56109	782.5670	.0059	PE 37:1	C42H82NO8PNa	[M+Na]+	/resources/tools/chemdb_ontology?abbrev=PE 37:1
782.56109	782.5694	.0083	PA 41:5	C44H77O8P	[M+NH4]+	/resources/tools/chemdb_ontology?abbrev=PA 41:5
782.56109	782.5614	.0003	CL 76:1	C85H164O17P2Na2	[M+2Na]2+	/resources/tools/chemdb_ontology?abbrev=CL 76:1
781.55618	781.5490	.0072	PC 35:6	C43H74NO8P	[M+NH4]+	/resources/tools/chemdb_ontology?abbrev=PC 35:6
781.55618	781.5490	.0072	PE 38:6	C43H74NO8P	[M+NH4]+	/resources/tools/chemdb_ontology?abbrev=PE 38:6
781.55618	781.5490	.0072	PE O-38:7;O	C43H74NO8P	[M+NH4]+	/resources/tools/chemdb_ontology?abbrev=PE O-38:7;O
781.55618	781.5560	.0002	CL 80:8	C89H158O17P2	[M+2H]2+	/resources/tools/chemdb_ontology?abbrev=CL 80:8
781.55618	781.5536	.0026	CL 76:2	C85H162O17P2Na2	[M+2Na]2+	/resources/tools/chemdb_ontology?abbrev=CL 76:2
688.49047	688.4912	.0007	PC 29:2	C37H70NO8P	[M+H]+	/resources/tools/chemdb_ontology?abbrev=PC 29:2
688.49047	688.4912	.0007	PE 32:2	C37H70NO8P	[M+H]+	/resources/tools/chemdb_ontology?abbrev=PE 32:2
688.49047	688.4912	.0007	PS O-31:1	C37H72NO9P	[M+H-H2O]+	/resources/tools/chemdb_ontology?abbrev=PS O-31:1
688.49047	688.4912	.0007	PA 34:3	C37H67O8P	[M+NH4]+	/resources/tools/chemdb_ontology?abbrev=PA 34:3
746.54365	746.5483	.0046	PC O-36:6	C44H78NO7P	[M+H-H2O]+	/resources/tools/chemdb_ontology?abbrev=PC O-36:6
746.54365	746.5435	.0002	CerP 40:1;O2	C40H80NO6PNa2	[M+2Na-H]+	/resources/tools/chemdb_ontology?abbrev=CerP 40:1;O2
746.54365	746.5517	.0081	HexCer 34:0;O2	C40H79NO8Na2	[M+2Na-H]+	/resources/tools/chemdb_ontology?abbrev=HexCer 34:0;O2
710.47222	710.4755	.0033	PE 34:5	C39H68NO8P	[M+H]+	/resources/tools/chemdb_ontology?abbrev=PE 34:5
710.47222	710.4731	.0009	PC 29:2	C37H70NO8PNa	[M+Na]+	/resources/tools/chemdb_ontology?abbrev=PC 29:2
710.47222	710.4731	.0009	PE 32:2	C37H70NO8PNa	[M+Na]+	/resources/tools/chemdb_ontology?abbrev=PE 32:2
710.47222	710.4755	.0033	PA 36:6	C39H65O8P	[M+NH4]+	/resources/tools/chemdb_ontology?abbrev=PA 36:6
711.47553	711.4753	.0002	CL 66:2	C75H142O17P2Na2	[M+2Na]2+	/resources/tools/chemdb_ontology?abbrev=CL 66:2
547.47113	547.4721	.0010	FAHFA 35:3;O	C35H62O4	[M+H]+	/resources/tools/chemdb_ontology?abbrev=FAHFA 35:3;O
547.47113	547.4721	.0010	DG 32:2	C35H64O5	[M+H-H2O]+	/resources/tools/chemdb_ontology?abbrev=DG 32:2
726.44359	726.4341	.0095	PS 32:5	C38H64NO10P	[M+H]+	/resources/tools/chemdb_ontology?abbrev=PS 32:5
1377.97875	1377.9795	.0008	CL 66:2	C75H142O17P2	[M+H]+	/resources/tools/chemdb_ontology?abbrev=CL 66:2
732.45404	732.4599	.0058	PE 36:8	C41H66NO8P	[M+H]+	/resources/tools/chemdb_ontology?abbrev=PE 36:8
732.45404	732.4575	.0034	PE 34:5	C39H68NO8PNa	[M+Na]+	/resources/tools/chemdb_ontology?abbrev=PE 34:5
732.45404	732.4599	.0058	PA 38:9	C41H63O8P	[M+NH4]+	/resources/tools/chemdb_ontology?abbrev=PA 38:9
732.45404	732.4551	.0010	PC 29:2	C37H70NO8PNa2	[M+2Na-H]+	/resources/tools/chemdb_ontology?abbrev=PC 29:2
732.45404	732.4551	.0010	PE 32:2	C37H70NO8PNa2	[M+2Na-H]+	/resources/tools/chemdb_ontology?abbrev=PE 32:2
747.54678	747.5534	.0067	PG O-35:2	C41H79O9P	[M+H]+	/resources/tools/chemdb_ontology?abbrev=PG O-35:2
747.54678	747.5534	.0067	PG 35:0	C41H81O10P	[M+H-H2O]+	/resources/tools/chemdb_ontology?abbrev=PG 35:0
747.54678	747.5387	.0080	CerPE 37:1;O2	C39H79N2O6PNa2	[M+2Na-H]+	/resources/tools/chemdb_ontology?abbrev=CerPE 37:1;O2
747.54678	747.5387	.0080	SM 34:1;O2	C39H79N2O6PNa2	[M+2Na-H]+	/resources/tools/chemdb_ontology?abbrev=SM 34:1;O2
749.55222	749.5480	.0043	PA 41:4	C44H79O8P	[M+H-H2O]+	/resources/tools/chemdb_ontology?abbrev=PA 41:4
749.55222	749.5568	.0046	SM 36:3;O2	C41H79N2O6PNa	[M+Na]+	/resources/tools/chemdb_ontology?abbrev=SM 36:3;O2
749.55222	749.5439	.0083	PS O-33:2	C39H74NO9P	[M+NH4]+	/resources/tools/chemdb_ontology?abbrev=PS O-33:2
749.55222	749.5544	.0022	SM 34:0;O2	C39H81N2O6PNa2	[M+2Na-H]+	/resources/tools/chemdb_ontology?abbrev=SM 34:0;O2
749.55222	749.5432	.0091	PA O-37:0	C40H81O7PNa2	[M+2Na-H]+	/resources/tools/chemdb_ontology?abbrev=PA O-37:0
781.61239	781.6106	.0018	PA 43:2	C46H87O8P	[M+H-H2O]+	/resources/tools/chemdb_ontology?abbrev=PA 43:2
781.61239	781.6082	.0042	PA O-41:1	C44H87O7PNa	[M+Na]+	/resources/tools/chemdb_ontology?abbrev=PA O-41:1
781.61239	781.6194	.0070	SM 38:1;O2	C43H87N2O6PNa	[M+Na]+	/resources/tools/chemdb_ontology?abbrev=SM 38:1;O2
781.61239	781.6065	.0058	PS O-35:0	C41H82NO9P	[M+NH4]+	/resources/tools/chemdb_ontology?abbrev=PS O-35:0
689.54726	689.5480	.0007	PA O-36:1	C39H77O7P	[M+H]+	/resources/tools/chemdb_ontology?abbrev=PA O-36:1
747.59989	747.6011	.0012	PC O-33:2	C41H80NO7P	[M+NH4]+	/resources/tools/chemdb_ontology?abbrev=PC O-33:2
747.59989	747.6011	.0012	PE O-36:2	C41H80NO7P	[M+NH4]+	/resources/tools/chemdb_ontology?abbrev=PE O-36:2
747.59989	747.6026	.0028	CE 22:3	C49H82O2Na2	[M+2Na-H]+	/resources/tools/chemdb_ontology?abbrev=CE 22:3
689.49376	689.4904	.0033	PA O-38:6	C41H71O7P	[M+H-H2O]+	/resources/tools/chemdb_ontology?abbrev=PA O-38:6
689.49376	689.4864	.0073	PE 31:3	C36H66NO8P	[M+NH4]+	/resources/tools/chemdb_ontology?abbrev=PE 31:3
689.49376	689.4934	.0004	CL 66:2	C75H142O17P2	[M+2H]2+	/resources/tools/chemdb_ontology?abbrev=CL 66:2
712.47832	712.4832	.0048	CL 66:1	C75H144O17P2Na2	[M+2Na]2+	/resources/tools/chemdb_ontology?abbrev=CL 66:1
712.47832	712.4735	.0048	HexCer 32:3;O2	C38H69NO8Na2	[M+2Na-H]+	/resources/tools/chemdb_ontology?abbrev=HexCer 32:3;O2
800.44122	800.4473	.0061	PS 36:7	C42H68NO10PNa	[M+Na]+	/resources/tools/chemdb_ontology?abbrev=PS 36:7
800.44122	800.4449	.0037	PS 34:4	C40H70NO10PNa2	[M+2Na-H]+	/resources/tools/chemdb_ontology?abbrev=PS 34:4
719.54018	719.5374	.0028	PA O-40:5	C43H77O7P	[M+H-H2O]+	/resources/tools/chemdb_ontology?abbrev=PA O-40:5
719.54018	719.5334	.0068	PC 30:2	C38H72NO8P	[M+NH4]+	/resources/tools/chemdb_ontology?abbrev=PC 30:2
719.54018	719.5334	.0068	PE 33:2	C38H72NO8P	[M+NH4]+	/resources/tools/chemdb_ontology?abbrev=PE 33:2
719.54018	719.5403	.0002	CL 70:0	C79H154O17P2	[M+2H]2+	/resources/tools/chemdb_ontology?abbrev=CL 70:0
807.5717	807.5746	.0029	PI O-34:0	C43H85O12P	[M+H-H2O]+	/resources/tools/chemdb_ontology?abbrev=PI O-34:0
807.5717	807.5647	.0070	PC 37:7	C45H76NO8P	[M+NH4]+	/resources/tools/chemdb_ontology?abbrev=PC 37:7
807.5717	807.5647	.0070	PE 40:7	C45H76NO8P	[M+NH4]+	/resources/tools/chemdb_ontology?abbrev=PE 40:7
807.5717	807.5692	.0025	CL 80:4	C89H166O17P2Na2	[M+2Na]2+	/resources/tools/chemdb_ontology?abbrev=CL 80:4
638.58211	638.5870	.0049	CE 16:2	C43H72O2	[M+NH4]+	/resources/tools/chemdb_ontology?abbrev=CE 16:2
865.62421	865.6164	.0078	PI O-37:1	C46H89O12P	[M+H]+	/resources/tools/chemdb_ontology?abbrev=PI O-37:1
865.62421	865.6317	.0075	PG 44:4	C50H91O10P	[M+H-H2O]+	/resources/tools/chemdb_ontology?abbrev=PG 44:4
865.62421	865.6293	.0051	PG O-42:3	C48H91O9PNa	[M+Na]+	/resources/tools/chemdb_ontology?abbrev=PG O-42:3
865.62421	865.6317	.0074	TG 52:10	C55H86O6Na	[M+Na]+	/resources/tools/chemdb_ontology?abbrev=TG 52:10
865.62421	865.6269	.0027	PG O-40:0	C46H93O9PNa2	[M+2Na-H]+	/resources/tools/chemdb_ontology?abbrev=PG O-40:0
865.62421	865.6293	.0050	TG 50:7	C53H88O6Na2	[M+2Na-H]+	/resources/tools/chemdb_ontology?abbrev=TG 50:7
806.56839	806.5694	.0010	PC 38:6	C46H80NO8P	[M+H]+	/resources/tools/chemdb_ontology?abbrev=PC 38:6
806.56839	806.5694	.0010	PE 41:6	C46H80NO8P	[M+H]+	/resources/tools/chemdb_ontology?abbrev=PE 41:6
806.56839	806.5624	.0060	Hex2Cer 30:1;O2	C42H79NO13	[M+H]+	/resources/tools/chemdb_ontology?abbrev=Hex2Cer 30:1;O2
806.56839	806.5694	.0010	PS O-40:5	C46H82NO9P	[M+H-H2O]+	/resources/tools/chemdb_ontology?abbrev=PS O-40:5
806.56839	806.5670	.0014	PC 36:3	C44H82NO8PNa	[M+Na]+	/resources/tools/chemdb_ontology?abbrev=PC 36:3
806.56839	806.5670	.0014	PE 39:3	C44H82NO8PNa	[M+Na]+	/resources/tools/chemdb_ontology?abbrev=PE 39:3
806.56839	806.5646	.0038	PC 34:0	C42H84NO8PNa2	[M+2Na-H]+	/resources/tools/chemdb_ontology?abbrev=PC 34:0
806.56839	806.5646	.0038	PE 37:0	C42H84NO8PNa2	[M+2Na-H]+	/resources/tools/chemdb_ontology?abbrev=PE 37:0
864.62106	864.6229	.0018	SHexCer 40:1;O2	C46H89NO11S	[M+H]+	/resources/tools/chemdb_ontology?abbrev=SHexCer 40:1;O2
864.62106	864.6113	.0098	PS 43:4	C49H88NO10P	[M+H-H2O]+	/resources/tools/chemdb_ontology?abbrev=PS 43:4
824.57434	824.5800	.0057	PS O-40:5	C46H82NO9P	[M+H]+	/resources/tools/chemdb_ontology?abbrev=PS O-40:5
824.57434	824.5800	.0057	PS 40:3	C46H84NO10P	[M+H-H2O]+	/resources/tools/chemdb_ontology?abbrev=PS 40:3
824.57434	824.5647	.0096	IPC 36:0;O4	C42H84NO13P	[M+H-H2O]+	/resources/tools/chemdb_ontology?abbrev=IPC 36:0;O4
824.57434	824.5776	.0032	PS O-38:2	C44H84NO9PNa	[M+Na]+	/resources/tools/chemdb_ontology?abbrev=PS O-38:2
824.57434	824.5800	.0057	PG O-40:7	C46H79O9P	[M+NH4]+	/resources/tools/chemdb_ontology?abbrev=PG O-40:7
824.57434	824.5647	.0096	PI O-33:2	C42H79O12P	[M+NH4]+	/resources/tools/chemdb_ontology?abbrev=PI O-33:2
828.55	828.5538	.0038	PC 40:9	C48H78NO8P	[M+H]+	/resources/tools/chemdb_ontology?abbrev=PC 40:9
828.55	828.5514	.0014	PC 38:6	C46H80NO8PNa	[M+Na]+	/resources/tools/chemdb_ontology?abbrev=PC 38:6
828.55	828.5514	.0014	PE 41:6	C46H80NO8PNa	[M+Na]+	/resources/tools/chemdb_ontology?abbrev=PE 41:6
828.55	828.5444	.0056	Hex2Cer 30:1;O2	C42H79NO13Na	[M+Na]+	/resources/tools/chemdb_ontology?abbrev=Hex2Cer 30:1;O2
828.55	828.5597	.0097	PI 32:0	C41H79O13P	[M+NH4]+	/resources/tools/chemdb_ontology?abbrev=PI 32:0
828.55	828.5490	.0010	PC 36:3	C44H82NO8PNa2	[M+2Na-H]+	/resources/tools/chemdb_ontology?abbrev=PC 36:3
828.55	828.5490	.0010	PE 39:3	C44H82NO8PNa2	[M+2Na-H]+	/resources/tools/chemdb_ontology?abbrev=PE 39:3
829.55357	829.5589	.0054	PI O-36:3	C45H83O12P	[M+H-H2O]+	/resources/tools/chemdb_ontology?abbrev=PI O-36:3
829.55357	829.5490	.0045	PE 42:10	C47H74NO8P	[M+NH4]+	/resources/tools/chemdb_ontology?abbrev=PE 42:10
825.57543	825.5851	.0097	PI O-34:0	C43H85O12P	[M+H]+	/resources/tools/chemdb_ontology?abbrev=PI O-34:0
825.57543	825.5752	.0002	PE 40:6;O	C45H78NO9P	[M+NH4]+	/resources/tools/chemdb_ontology?abbrev=PE 40:6;O
609.60102	609.5929	.0082	Cer 38:2;O2	C38H73NO3	[M+NH4]+	/resources/tools/chemdb_ontology?abbrev=Cer 38:2;O2
830.55399	830.5542	.0002	PC 36:4;O3	C44H80NO11P	[M+H]+	/resources/tools/chemdb_ontology?abbrev=PC 36:4;O3
830.55399	830.5518	.0022	IPC 36:1;O2	C42H82NO11PNa	[M+Na]+	/resources/tools/chemdb_ontology?abbrev=IPC 36:1;O2
850.5867	850.5956	.0089	PS O-42:6	C48H84NO9P	[M+H]+	/resources/tools/chemdb_ontology?abbrev=PS O-42:6
850.5867	850.5956	.0089	PS 42:4	C48H86NO10P	[M+H-H2O]+	/resources/tools/chemdb_ontology?abbrev=PS 42:4
850.5867	850.5932	.0065	PS O-40:3	C46H86NO9PNa	[M+Na]+	/resources/tools/chemdb_ontology?abbrev=PS O-40:3
850.5867	850.5804	.0063	PI O-35:3	C44H81O12P	[M+NH4]+	/resources/tools/chemdb_ontology?abbrev=PI O-35:3
850.5867	850.5908	.0041	PS O-38:0	C44H88NO9PNa2	[M+2Na-H]+	/resources/tools/chemdb_ontology?abbrev=PS O-38:0
809.57431	809.5691	.0052	PG O-40:6	C46H81O9P	[M+H]+	/resources/tools/chemdb_ontology?abbrev=PG O-40:6
809.57431	809.5691	.0052	PG 40:4	C46H83O10P	[M+H-H2O]+	/resources/tools/chemdb_ontology?abbrev=PG 40:4
809.57431	809.5667	.0076	PG O-38:3	C44H83O9PNa	[M+Na]+	/resources/tools/chemdb_ontology?abbrev=PG O-38:3
809.57431	809.5803	.0060	PC 37:6	C45H78NO8P	[M+NH4]+	/resources/tools/chemdb_ontology?abbrev=PC 37:6
809.57431	809.5803	.0060	PE 40:6	C45H78NO8P	[M+NH4]+	/resources/tools/chemdb_ontology?abbrev=PE 40:6
809.57431	809.5803	.0060	PE O-40:7;O	C45H78NO8P	[M+NH4]+	/resources/tools/chemdb_ontology?abbrev=PE O-40:7;O
658.29088	658.2963	.0054	PS 23:3;O2	C29H50NO12PNa	[M+Na]+	/resources/tools/chemdb_ontology?abbrev=PS 23:3;O2
734.49441	734.4967	.0022	PS 32:1	C38H72NO10P	[M+H]+	/resources/tools/chemdb_ontology?abbrev=PS 32:1
734.49441	734.4967	.0022	IPC 32:1;O2	C38H74NO11P	[M+H-H2O]+	/resources/tools/chemdb_ontology?abbrev=IPC 32:1;O2
734.49441	734.4967	.0022	PG 32:3	C38H69O10P	[M+NH4]+	/resources/tools/chemdb_ontology?abbrev=PG 32:3
814.56972	814.5745	.0048	PC 40:7	C48H82NO8P	[M+H-H2O]+	/resources/tools/chemdb_ontology?abbrev=PC 40:7
814.56972	814.5721	.0024	PC O-38:6	C46H82NO7PNa	[M+Na]+	/resources/tools/chemdb_ontology?abbrev=PC O-38:6
814.56972	814.5697	.0000	PC O-36:3	C44H84NO7PNa2	[M+2Na-H]+	/resources/tools/chemdb_ontology?abbrev=PC O-36:3
814.56972	814.5779	.0082	HexCer 38:2;O3	C44H83NO9Na2	[M+2Na-H]+	/resources/tools/chemdb_ontology?abbrev=HexCer 38:2;O3
760.51104	760.5123	.0013	PS 34:2	C40H74NO10P	[M+H]+	/resources/tools/chemdb_ontology?abbrev=PS 34:2
760.51104	760.5123	.0013	PG 34:4	C40H71O10P	[M+NH4]+	/resources/tools/chemdb_ontology?abbrev=PG 34:4
696.26705	696.2731	.0061	PS 23:3;O3	C29H50NO13PNa2	[M+2Na-H]+	/resources/tools/chemdb_ontology?abbrev=PS 23:3;O3
761.51431	761.5116	.0027	PA 41:7	C44H73O8P	[M+H]+	/resources/tools/chemdb_ontology?abbrev=PA 41:7
761.51431	761.5116	.0027	PG O-38:7	C44H75O9P	[M+H-H2O]+	/resources/tools/chemdb_ontology?abbrev=PG O-38:7
761.51431	761.5092	.0051	PA 39:4	C42H75O8PNa	[M+Na]+	/resources/tools/chemdb_ontology?abbrev=PA 39:4
761.51431	761.5076	.0068	PS 33:3	C39H70NO10P	[M+NH4]+	/resources/tools/chemdb_ontology?abbrev=PS 33:3
761.51431	761.5180	.0037	CerPE 37:2;O3	C39H77N2O7PNa2	[M+2Na-H]+	/resources/tools/chemdb_ontology?abbrev=CerPE 37:2;O3
761.51431	761.5091	.0052	DG 44:10	C47H72O5Na2	[M+2Na-H]+	/resources/tools/chemdb_ontology?abbrev=DG 44:10
761.51431	761.5068	.0075	PA 37:1	C40H77O8PNa2	[M+2Na-H]+	/resources/tools/chemdb_ontology?abbrev=PA 37:1
765.46383	765.4701	.0063	PG 36:7	C42H69O10P	[M+H]+	/resources/tools/chemdb_ontology?abbrev=PG 36:7
765.46383	765.4549	.0090	PI 29:2	C38H69O13P	[M+H]+	/resources/tools/chemdb_ontology?abbrev=PI 29:2
765.46383	765.4677	.0039	PG 34:4	C40H71O10PNa	[M+Na]+	/resources/tools/chemdb_ontology?abbrev=PG 34:4
765.46383	765.4653	.0015	PG 32:1	C38H73O10PNa2	[M+2Na-H]+	/resources/tools/chemdb_ontology?abbrev=PG 32:1
674.28534	674.2912	.0059	PS 23:3;O3	C29H50NO13PNa	[M+Na]+	/resources/tools/chemdb_ontology?abbrev=PS 23:3;O3
550.49035	550.4830	.0074	Cer 34:3;O3	C34H63NO4	[M+H]+	/resources/tools/chemdb_ontology?abbrev=Cer 34:3;O3
550.49035	550.4830	.0074	FAHFA 34:3;O	C34H60O4	[M+NH4]+	/resources/tools/chemdb_ontology?abbrev=FAHFA 34:3;O
800.5898	800.5800	.0098	PS O-38:3	C44H82NO9P	[M+H]+	/resources/tools/chemdb_ontology?abbrev=PS O-38:3
800.5898	800.5952	.0054	PC O-40:7	C48H84NO7P	[M+H-H2O]+	/resources/tools/chemdb_ontology?abbrev=PC O-40:7
800.5898	800.5800	.0098	PS 38:1	C44H84NO10P	[M+H-H2O]+	/resources/tools/chemdb_ontology?abbrev=PS 38:1
800.5898	800.5800	.0098	PG O-38:5	C44H79O9P	[M+NH4]+	/resources/tools/chemdb_ontology?abbrev=PG O-38:5
800.5898	800.5904	.0006	CerP 44:2;O2	C44H86NO6PNa2	[M+2Na-H]+	/resources/tools/chemdb_ontology?abbrev=CerP 44:2;O2
800.5898	800.5987	.0089	HexCer 38:1;O2	C44H85NO8Na2	[M+2Na-H]+	/resources/tools/chemdb_ontology?abbrev=HexCer 38:1;O2
779.55248	779.5585	.0060	PA 42:5	C45H79O8P	[M+H]+	/resources/tools/chemdb_ontology?abbrev=PA 42:5
779.55248	779.5433	.0092	PI O-32:0	C41H81O12P	[M+H-H2O]+	/resources/tools/chemdb_ontology?abbrev=PI O-32:0
779.55248	779.5561	.0036	PA 40:2	C43H81O8PNa	[M+Na]+	/resources/tools/chemdb_ontology?abbrev=PA 40:2
779.55248	779.5545	.0020	PS 34:1	C40H76NO10P	[M+NH4]+	/resources/tools/chemdb_ontology?abbrev=PS 34:1
727.58157	727.5748	.0067	SM 36:3;O2	C41H79N2O6P	[M+H]+	/resources/tools/chemdb_ontology?abbrev=SM 36:3;O2
727.58157	727.5748	.0067	CerPE 39:2;O3	C41H81N2O7P	[M+H-H2O]+	/resources/tools/chemdb_ontology?abbrev=CerPE 39:2;O3
727.58157	727.5847	.0031	TG 41:2	C44H80O6Na	[M+Na]+	/resources/tools/chemdb_ontology?abbrev=TG 41:2
727.58157	727.5724	.0091	SM 34:0;O2	C39H81N2O6PNa	[M+Na]+	/resources/tools/chemdb_ontology?abbrev=SM 34:0;O2
633.27854	633.2775	.0010	PA 26:4;O2	C29H49O10PNa2	[M+2Na-H]+	/resources/tools/chemdb_ontology?abbrev=PA 26:4;O2
575.50258	575.5034	.0008	FAHFA 37:3;O	C37H66O4	[M+H]+	/resources/tools/chemdb_ontology?abbrev=FAHFA 37:3;O
575.50258	575.5034	.0008	DG 34:2	C37H68O5	[M+H-H2O]+	/resources/tools/chemdb_ontology?abbrev=DG 34:2
219.02639	219.0240	.0024	FA 7:2;O3	C7H10O5Na2	[M+2Na-H]+	/resources/tools/chemdb_ontology?abbrev=FA 7:2;O3
335.16668	335.1647	.0020	ST 33:2_O7	C33H52O11Na2	[M+2Na]2+	/resources/tools/chemdb_ontology?abbrev=ST 33:2_O7
335.16668	335.1594	.0073	FA 18:5;O	C18H26O3Na2	[M+2Na-H]+	/resources/tools/chemdb_ontology?abbrev=FA 18:5;O
409.18287	409.1833	.0004	FA 19:4;O6	C19H30O8Na	[M+Na]+	/resources/tools/chemdb_ontology?abbrev=FA 19:4;O6
261.09391	261.0915	.0024	ST 19:4;O3;GlcA	C25H32O9Na2	[M+2Na]2+	/resources/tools/chemdb_ontology?abbrev=ST 19:4;O3;GlcA
261.09391	261.0862	.0077	FA 14:6	C14H16O2Na2	[M+2Na-H]+	/resources/tools/chemdb_ontology?abbrev=FA 14:6
116.07754	116.0706	.0069	FA 5:2	C5H6O2	[M+NH4]+	/resources/tools/chemdb_ontology?abbrev=FA 5:2
116.07754	116.0726	.0049	FA 15:6	C15H18O2	[M+2H]2+	/resources/tools/chemdb_ontology?abbrev=FA 15:6
116.07754	116.0726	.0049	WE 15:6	C15H18O2	[M+2H]2+	/resources/tools/chemdb_ontology?abbrev=WE 15:6
371.22749	371.2217	.0058	FA 23:7;O3	C23H32O5	[M+H-H2O]+	/resources/tools/chemdb_ontology?abbrev=FA 23:7;O3
371.22749	371.2217	.0058	ST 23:4;O5	C23H32O5	[M+H-H2O]+	/resources/tools/chemdb_ontology?abbrev=ST 23:4;O5
371.22749	371.2193	.0082	FA 21:5;O2	C21H32O4Na	[M+Na]+	/resources/tools/chemdb_ontology?abbrev=FA 21:5;O2
371.22749	371.2193	.0082	ST 21:2;O4	C21H32O4Na	[M+Na]+	/resources/tools/chemdb_ontology?abbrev=ST 21:2;O4
371.22749	371.2281	.0006	PA 40:10	C43H65O8P	[M+2H]2+	/resources/tools/chemdb_ontology?abbrev=PA 40:10
371.22749	371.2311	.0036	PI 27:0	C36H69O13P	[M+2H]2+	/resources/tools/chemdb_ontology?abbrev=PI 27:0
371.22749	371.2257	.0018	PA 36:4	C39H69O8PNa2	[M+2Na]2+	/resources/tools/chemdb_ontology?abbrev=PA 36:4
365.15531	365.1488	.0065	FA 22:10	C22H24O2Na2	[M+2Na-H]+	/resources/tools/chemdb_ontology?abbrev=FA 22:10
328.24109	328.2482	.0071	FA 18:3;O2	C18H30O4	[M+NH4]+	/resources/tools/chemdb_ontology?abbrev=FA 18:3;O2
328.24109	328.2385	.0026	PA O-34:4	C37H67O7P	[M+2H]2+	/resources/tools/chemdb_ontology?abbrev=PA O-34:4
265.11151	265.1070	.0045	FA 14:5;O4	C14H18O6	[M+H-H2O]+	/resources/tools/chemdb_ontology?abbrev=FA 14:5;O4
265.11151	265.1199	.0084	FA 16:7	C16H18O2Na	[M+Na]+	/resources/tools/chemdb_ontology?abbrev=FA 16:7
265.11151	265.1175	.0060	FA 14:4	C14H20O2Na2	[M+2Na-H]+	/resources/tools/chemdb_ontology?abbrev=FA 14:4
349.18263	349.1816	.0011	PI 23:2;O	C32H57O14P	[M+2H]2+	/resources/tools/chemdb_ontology?abbrev=PI 23:2;O
349.18263	349.1750	.0076	ST 19:2;O3	C19H28O3Na2	[M+2Na-H]+	/resources/tools/chemdb_ontology?abbrev=ST 19:2;O3
90.05474	90.0549	.0002	FA 3:1	C3H4O2	[M+NH4]+	/resources/tools/chemdb_ontology?abbrev=FA 3:1
90.05474	90.0570	.0022	SFE 11:4	C11H14O2	[M+2H]2+	/resources/tools/chemdb_ontology?abbrev=SFE 11:4
122.0711	122.0726	.0015	FA 16:7	C16H18O2	[M+2H]2+	/resources/tools/chemdb_ontology?abbrev=FA 16:7
122.0711	122.0702	.0009	FA 12:1	C12H22O2Na2	[M+2Na]2+	/resources/tools/chemdb_ontology?abbrev=FA 12:1
122.0711	122.0702	.0009	SFE 12:1	C12H22O2Na2	[M+2Na]2+	/resources/tools/chemdb_ontology?abbrev=SFE 12:1
122.0711	122.0702	.0009	WE 12:1	C12H22O2Na2	[M+2Na]2+	/resources/tools/chemdb_ontology?abbrev=WE 12:1
465.20529	465.2119	.0066	ST 18:3;O3;GlcA	C24H32O9	[M+H]+	/resources/tools/chemdb_ontology?abbrev=ST 18:3;O3;GlcA
465.20529	465.1989	.0064	LPA 17:2	C20H37O7PNa2	[M+2Na-H]+	/resources/tools/chemdb_ontology?abbrev=LPA 17:2
117.08474	117.0910	.0063	FA 6:0	C6H12O2	[M+H]+	/resources/tools/chemdb_ontology?abbrev=FA 6:0
117.08474	117.0910	.0063	SFE 6:0	C6H12O2	[M+H]+	/resources/tools/chemdb_ontology?abbrev=SFE 6:0
117.08474	117.0804	.0043	FA 15:5	C15H20O2	[M+2H]2+	/resources/tools/chemdb_ontology?abbrev=FA 15:5
117.08474	117.0804	.0043	WE 15:5	C15H20O2	[M+2H]2+	/resources/tools/chemdb_ontology?abbrev=WE 15:5
432.27952	432.2770	.0025	FA 44:3;O11	C44H82O13Na2	[M+2Na]2+	/resources/tools/chemdb_ontology?abbrev=FA 44:3;O11
432.27952	432.2696	.0099	CAR 14:0;O	C21H41NO5Na2	[M+2Na-H]+	/resources/tools/chemdb_ontology?abbrev=CAR 14:0;O
305.15644	305.1606	.0041	LPG 22:2	C28H53O9PNa2	[M+2Na]2+	/resources/tools/chemdb_ontology?abbrev=LPG 22:2
305.15644	305.1606	.0041	PA 25:1;O	C28H53O9PNa2	[M+2Na]2+	/resources/tools/chemdb_ontology?abbrev=PA 25:1;O
305.15644	305.1488	.0077	FA 17:5	C17H24O2Na2	[M+2Na-H]+	/resources/tools/chemdb_ontology?abbrev=FA 17:5
204.13191	204.1230	.0089	CAR 2:0	C9H17NO4	[M+H]+	/resources/tools/chemdb_ontology?abbrev=CAR 2:0
204.13191	204.1303	.0016	MG O-20:5	C23H38O3Na2	[M+2Na]2+	/resources/tools/chemdb_ontology?abbrev=MG O-20:5
204.13191	204.1303	.0016	ST 23:1;O3	C23H38O3Na2	[M+2Na]2+	/resources/tools/chemdb_ontology?abbrev=ST 23:1;O3
175.12722	175.1329	.0056	FA 9:0;O	C9H18O3	[M+H]+	/resources/tools/chemdb_ontology?abbrev=FA 9:0;O
175.12722	175.1223	.0049	FA 21:5;O2	C21H32O4	[M+2H]2+	/resources/tools/chemdb_ontology?abbrev=FA 21:5;O2
175.12722	175.1223	.0049	ST 21:2;O4	C21H32O4	[M+2H]2+	/resources/tools/chemdb_ontology?abbrev=ST 21:2;O4
175.12722	175.1275	.0003	ST 21:0;O	C21H36ONa2	[M+2Na]2+	/resources/tools/chemdb_ontology?abbrev=ST 21:0;O
204.12288	204.1230	.0001	CAR 2:0	C9H17NO4	[M+H]+	/resources/tools/chemdb_ontology?abbrev=CAR 2:0
204.12288	204.1250	.0022	ST 23:3;O6	C23H34O6	[M+2H]2+	/resources/tools/chemdb_ontology?abbrev=ST 23:3;O6
249.04525	249.0498	.0046	FA 12:6;O	C12H12O3Na2	[M+2Na-H]+	/resources/tools/chemdb_ontology?abbrev=FA 12:6;O
648.37969	648.3871	.0074	PC 24:3;O2	C32H58NO10P	[M+H]+	/resources/tools/chemdb_ontology?abbrev=PC 24:3;O2
648.37969	648.3871	.0074	PC 24:2;O3	C32H60NO11P	[M+H-H2O]+	/resources/tools/chemdb_ontology?abbrev=PC 24:2;O3
240.15191	240.1594	.0075	CAR 6:1	C13H23NO4	[M+H-H2O]+	/resources/tools/chemdb_ontology?abbrev=CAR 6:1
271.06464	271.0577	.0070	FA 13:7;O3	C13H12O5Na	[M+Na]+	/resources/tools/chemdb_ontology?abbrev=FA 13:7;O3
271.06464	271.0553	.0094	FA 11:4;O3	C11H14O5Na2	[M+2Na-H]+	/resources/tools/chemdb_ontology?abbrev=FA 11:4;O3
197.1006	197.0961	.0045	FA 14:7	C14H14O2	[M+H-H2O]+	/resources/tools/chemdb_ontology?abbrev=FA 14:7
197.1006	197.1042	.0036	FA 21:5;O2	C21H32O4Na2	[M+2Na]2+	/resources/tools/chemdb_ontology?abbrev=FA 21:5;O2
197.1006	197.1042	.0036	ST 21:2;O4	C21H32O4Na2	[M+2Na]2+	/resources/tools/chemdb_ontology?abbrev=ST 21:2;O4
338.25285	338.2516	.0013	PA 34:1	C37H71O8P	[M+2H]2+	/resources/tools/chemdb_ontology?abbrev=PA 34:1
338.25285	338.2572	.0044	CerPE 34:2;O3	C36H71N2O7P	[M+2H]2+	/resources/tools/chemdb_ontology?abbrev=CerPE 34:2;O3
338.25285	338.2504	.0025	DG 37:4	C40H70O5Na2	[M+2Na]2+	/resources/tools/chemdb_ontology?abbrev=DG 37:4
275.10984	275.1072	.0027	FA 27:9;O7	C27H36O9Na2	[M+2Na]2+	/resources/tools/chemdb_ontology?abbrev=FA 27:9;O7
275.10984	275.1136	.0038	LPG 18:4	C24H41O9PNa2	[M+2Na]2+	/resources/tools/chemdb_ontology?abbrev=LPG 18:4
275.10984	275.1018	.0080	FA 15:6	C15H18O2Na2	[M+2Na-H]+	/resources/tools/chemdb_ontology?abbrev=FA 15:6
275.10984	275.1018	.0080	WE 15:6	C15H18O2Na2	[M+2Na-H]+	/resources/tools/chemdb_ontology?abbrev=WE 15:6
475.32393	475.3183	.0056	LPA 22:1	C25H49O7P	[M+H-H2O]+	/resources/tools/chemdb_ontology?abbrev=LPA 22:1
475.32393	475.3159	.0080	LPA O-20:0	C23H49O6PNa	[M+Na]+	/resources/tools/chemdb_ontology?abbrev=LPA O-20:0
475.32393	475.3159	.0081	ST 28:2;O3	C28H46O3Na2	[M+2Na-H]+	/resources/tools/chemdb_ontology?abbrev=ST 28:2;O3
319.13588	319.1398	.0040	PA 25:3;O3	C28H49O11PNa2	[M+2Na]2+	/resources/tools/chemdb_ontology?abbrev=PA 25:3;O3
277.10443	277.1046	.0002	FA 13:4;O3	C13H18O5Na	[M+Na]+	/resources/tools/chemdb_ontology?abbrev=FA 13:4;O3
388.25332	388.2516	.0017	NAT 18:2	C20H37NO4S	[M+H]+	/resources/tools/chemdb_ontology?abbrev=NAT 18:2
388.25332	388.2434	.0099	CAR 12:0	C19H37NO4Na2	[M+2Na-H]+	/resources/tools/chemdb_ontology?abbrev=CAR 12:0
122.02704	122.0233	.0038	FA 13:8	C13H10O2Na2	[M+2Na]2+	/resources/tools/chemdb_ontology?abbrev=FA 13:8
241.15432	241.1587	.0044	FA 17:7;O	C17H20O	[M+H]+	/resources/tools/chemdb_ontology?abbrev=FA 17:7;O
241.15432	241.1587	.0044	FA 17:6	C17H22O2	[M+H-H2O]+	/resources/tools/chemdb_ontology?abbrev=FA 17:6
241.15432	241.1499	.0044	PA 20:0	C23H45O8P	[M+2H]2+	/resources/tools/chemdb_ontology?abbrev=PA 20:0
429.28007	429.2847	.0046	FA 23:3;O5	C23H40O7	[M+H]+	/resources/tools/chemdb_ontology?abbrev=FA 23:3;O5
429.28007	429.2782	.0019	NAT 20:4	C22H37NO4S	[M+NH4]+	/resources/tools/chemdb_ontology?abbrev=NAT 20:4
429.28007	429.2724	.0077	LPC 10:0	C18H38NO7P	[M+NH4]+	/resources/tools/chemdb_ontology?abbrev=LPC 10:0
429.28007	429.2724	.0077	LPE 13:0	C18H38NO7P	[M+NH4]+	/resources/tools/chemdb_ontology?abbrev=LPE 13:0
429.28007	429.2724	.0077	PC O-10:0	C18H38NO7P	[M+NH4]+	/resources/tools/chemdb_ontology?abbrev=PC O-10:0
429.28007	429.2740	.0061	FA 26:6	C26H40O2Na2	[M+2Na-H]+	/resources/tools/chemdb_ontology?abbrev=FA 26:6
177.11158	177.1121	.0006	FA 8:0;O2	C8H16O4	[M+H]+	/resources/tools/chemdb_ontology?abbrev=FA 8:0;O2
177.11158	177.1068	.0048	FA 19:3;O	C19H32O3Na2	[M+2Na]2+	/resources/tools/chemdb_ontology?abbrev=FA 19:3;O
427.17236	427.1727	.0004	ST 22:5;O7	C22H28O7Na	[M+Na]+	/resources/tools/chemdb_ontology?abbrev=ST 22:5;O7
427.17236	427.1703	.0020	FA 20:5;O5	C20H30O7Na2	[M+2Na-H]+	/resources/tools/chemdb_ontology?abbrev=FA 20:5;O5
239.11233	239.1042	.0081	FA 14:6	C14H16O2Na	[M+Na]+	/resources/tools/chemdb_ontology?abbrev=FA 14:6
239.11233	239.1096	.0027	ST 19:4;O3;GlcA	C25H32O9	[M+2H]2+	/resources/tools/chemdb_ontology?abbrev=ST 19:4;O3;GlcA
381.21472	381.2060	.0087	ST 24:6;O5	C24H30O5	[M+H-H2O]+	/resources/tools/chemdb_ontology?abbrev=ST 24:6;O5
381.21472	381.2101	.0047	PA 38:8	C41H65O8PNa2	[M+2Na]2+	/resources/tools/chemdb_ontology?abbrev=PA 38:8
162.12047	162.1125	.0080	FA 7:1;O	C7H12O3	[M+NH4]+	/resources/tools/chemdb_ontology?abbrev=FA 7:1;O
162.12047	162.1125	.0080	SFE 7:1;O	C7H12O3	[M+NH4]+	/resources/tools/chemdb_ontology?abbrev=SFE 7:1;O
162.12047	162.1125	.0080	WE 7:1;O	C7H12O3	[M+NH4]+	/resources/tools/chemdb_ontology?abbrev=WE 7:1;O
261.14069	261.1461	.0054	FA 14:3;O	C14H22O3Na	[M+Na]+	/resources/tools/chemdb_ontology?abbrev=FA 14:3;O
261.14069	261.1461	.0054	SFE 14:3;O	C14H22O3Na	[M+Na]+	/resources/tools/chemdb_ontology?abbrev=SFE 14:3;O
261.14069	261.1437	.0030	FA 12:0;O	C12H24O3Na2	[M+2Na-H]+	/resources/tools/chemdb_ontology?abbrev=FA 12:0;O
291.14051	291.1355	.0050	FA 18:8	C18H20O2Na	[M+Na]+	/resources/tools/chemdb_ontology?abbrev=FA 18:8
291.14051	291.1355	.0050	ST 18:5;O2	C18H20O2Na	[M+Na]+	/resources/tools/chemdb_ontology?abbrev=ST 18:5;O2
291.14051	291.1449	.0044	LPG 20:2	C26H49O9PNa2	[M+2Na]2+	/resources/tools/chemdb_ontology?abbrev=LPG 20:2
291.14051	291.1331	.0074	FA 16:5	C16H22O2Na2	[M+2Na-H]+	/resources/tools/chemdb_ontology?abbrev=FA 16:5
204.15431	204.1594	.0051	FA 10:1;O	C10H18O3	[M+NH4]+	/resources/tools/chemdb_ontology?abbrev=FA 10:1;O
204.15431	204.1594	.0051	SFE 10:1;O	C10H18O3	[M+NH4]+	/resources/tools/chemdb_ontology?abbrev=SFE 10:1;O
327.20128	327.1955	.0058	ST 21:4;O4	C21H28O4	[M+H-H2O]+	/resources/tools/chemdb_ontology?abbrev=ST 21:4;O4
327.20128	327.1931	.0082	ST 19:2;O3	C19H28O3Na	[M+Na]+	/resources/tools/chemdb_ontology?abbrev=ST 19:2;O3
371.29009	371.2920	.0020	WE 23:3	C23H40O2Na	[M+Na]+	/resources/tools/chemdb_ontology?abbrev=WE 23:3
371.29009	371.2933	.0032	PA O-40:3	C43H81O7P	[M+2H]2+	/resources/tools/chemdb_ontology?abbrev=PA O-40:3
371.29009	371.2896	.0004	SFE 21:0	C21H42O2Na2	[M+2Na-H]+	/resources/tools/chemdb_ontology?abbrev=SFE 21:0
371.29009	371.2896	.0004	WE 21:0	C21H42O2Na2	[M+2Na-H]+	/resources/tools/chemdb_ontology?abbrev=WE 21:0
371.29009	371.2896	.0005	FA 21:0	C21H42O2Na2	[M+2Na-H]+	/resources/tools/chemdb_ontology?abbrev=FA 21:0
371.29009	371.2896	.0005	SFE 21:0	C21H42O2Na2	[M+2Na-H]+	/resources/tools/chemdb_ontology?abbrev=SFE 21:0
371.29009	371.2896	.0005	WE 21:0	C21H42O2Na2	[M+2Na-H]+	/resources/tools/chemdb_ontology?abbrev=WE 21:0
233.0783	233.0760	.0023	FA 9:1;O2	C9H16O4Na2	[M+2Na-H]+	/resources/tools/chemdb_ontology?abbrev=FA 9:1;O2
233.0783	233.0760	.0023	SFE 9:1;O2	C9H16O4Na2	[M+2Na-H]+	/resources/tools/chemdb_ontology?abbrev=SFE 9:1;O2
147.07629	147.0804	.0041	FA 10:4	C10H12O2	[M+H-H2O]+	/resources/tools/chemdb_ontology?abbrev=FA 10:4
147.07629	147.0804	.0041	SFE 10:4	C10H12O2	[M+H-H2O]+	/resources/tools/chemdb_ontology?abbrev=SFE 10:4
147.07629	147.0780	.0017	FA 16:4	C16H24O2Na2	[M+2Na]2+	/resources/tools/chemdb_ontology?abbrev=FA 16:4
147.07629	147.0780	.0017	SFE 16:4	C16H24O2Na2	[M+2Na]2+	/resources/tools/chemdb_ontology?abbrev=SFE 16:4
218.13851	218.1387	.0002	CAR 3:0	C10H19NO4	[M+H]+	/resources/tools/chemdb_ontology?abbrev=CAR 3:0
218.13851	218.1387	.0002	FA 10:2;O2	C10H16O4	[M+NH4]+	/resources/tools/chemdb_ontology?abbrev=FA 10:2;O2
517.33198	517.3371	.0051	ST 27:0;O9	C27H48O9	[M+H]+	/resources/tools/chemdb_ontology?abbrev=ST 27:0;O9
517.33198	517.3265	.0055	LPA 22:0	C25H51O7PNa	[M+Na]+	/resources/tools/chemdb_ontology?abbrev=LPA 22:0
517.33198	517.3306	.0014	ST 24:1;O3;Tau	C26H45NO6S	[M+NH4]+	/resources/tools/chemdb_ontology?abbrev=ST 24:1;O3;Tau
517.33198	517.3248	.0071	LPS O-16:0;O	C22H46NO9P	[M+NH4]+	/resources/tools/chemdb_ontology?abbrev=LPS O-16:0;O
624.47934	624.4834	.0040	HexCer 30:2;O2	C36H67NO8	[M+H-H2O]+	/resources/tools/chemdb_ontology?abbrev=HexCer 30:2;O2
205.13575	205.1434	.0077	FA 10:0;O2	C10H20O4	[M+H]+	/resources/tools/chemdb_ontology?abbrev=FA 10:0;O2
205.13575	205.1329	.0029	FA 23:5;O4	C23H36O6	[M+2H]2+	/resources/tools/chemdb_ontology?abbrev=FA 23:5;O4
205.13575	205.1381	.0023	FA 23:3;O	C23H40O3Na2	[M+2Na]2+	/resources/tools/chemdb_ontology?abbrev=FA 23:3;O
205.13575	205.1381	.0023	MG O-20:4	C23H40O3Na2	[M+2Na]2+	/resources/tools/chemdb_ontology?abbrev=MG O-20:4
205.13575	205.1381	.0023	ST 23:0;O3	C23H40O3Na2	[M+2Na]2+	/resources/tools/chemdb_ontology?abbrev=ST 23:0;O3
561.35831	561.3663	.0080	LPC 20:4	C28H50NO7P	[M+NH4]+	/resources/tools/chemdb_ontology?abbrev=LPC 20:4
217.10406	217.1017	.0024	FA 23:7;O3	C23H32O5Na2	[M+2Na]2+	/resources/tools/chemdb_ontology?abbrev=FA 23:7;O3
217.10406	217.1017	.0024	ST 23:4;O5	C23H32O5Na2	[M+2Na]2+	/resources/tools/chemdb_ontology?abbrev=ST 23:4;O5
173.07802	173.0808	.0028	FA 8:2;O2	C8H12O4	[M+H]+	/resources/tools/chemdb_ontology?abbrev=FA 8:2;O2
173.07802	173.0808	.0028	FA 8:1;O3	C8H14O5	[M+H-H2O]+	/resources/tools/chemdb_ontology?abbrev=FA 8:1;O3
173.07802	173.0755	.0025	FA 19:7;O	C19H24O3Na2	[M+2Na]2+	/resources/tools/chemdb_ontology?abbrev=FA 19:7;O
173.07802	173.0755	.0025	ST 19:4;O3	C19H24O3Na2	[M+2Na]2+	/resources/tools/chemdb_ontology?abbrev=ST 19:4;O3
133.08563	133.0859	.0003	FA 6:0;O	C6H12O3	[M+H]+	/resources/tools/chemdb_ontology?abbrev=FA 6:0;O
190.14352	190.1438	.0002	FA 9:1;O	C9H16O3	[M+NH4]+	/resources/tools/chemdb_ontology?abbrev=FA 9:1;O
190.14352	190.1458	.0023	FA 23:4;O2	C23H38O4	[M+2H]2+	/resources/tools/chemdb_ontology?abbrev=FA 23:4;O2
190.14352	190.1458	.0023	FOH 23:5;O3	C23H38O4	[M+2H]2+	/resources/tools/chemdb_ontology?abbrev=FOH 23:5;O3
190.14352	190.1458	.0023	MG 20:4	C23H38O4	[M+2H]2+	/resources/tools/chemdb_ontology?abbrev=MG 20:4
190.14352	190.1458	.0023	ST 23:1;O4	C23H38O4	[M+2H]2+	/resources/tools/chemdb_ontology?abbrev=ST 23:1;O4
382.34165	382.3441	.0025	TG 45:1	C48H90O6	[M+2H]2+	/resources/tools/chemdb_ontology?abbrev=TG 45:1
333.15154	333.1437	.0078	FA 18:5;O	C18H24O3Na2	[M+2Na-H]+	/resources/tools/chemdb_ontology?abbrev=FA 18:5;O
333.15154	333.1437	.0078	FA 18:6;O	C18H24O3Na2	[M+2Na-H]+	/resources/tools/chemdb_ontology?abbrev=FA 18:6;O
333.15154	333.1437	.0078	ST 18:3;O3	C18H24O3Na2	[M+2Na-H]+	/resources/tools/chemdb_ontology?abbrev=ST 18:3;O3
477.30938	477.2999	.0095	ST 31:7;O5	C31H42O5	[M+H-H2O]+	/resources/tools/chemdb_ontology?abbrev=ST 31:7;O5
477.30938	477.3187	.0093	ST 26:0;O6	C26H46O6Na	[M+Na]+	/resources/tools/chemdb_ontology?abbrev=ST 26:0;O6
477.30938	477.3093	.0001	PI 43:6	C52H89O13P	[M+2H]2+	/resources/tools/chemdb_ontology?abbrev=PI 43:6
477.30938	477.3069	.0025	PI 39:0	C48H93O13PNa2	[M+2Na]2+	/resources/tools/chemdb_ontology?abbrev=PI 39:0
217.11358	217.1223	.0087	FA 14:6	C14H16O2	[M+H]+	/resources/tools/chemdb_ontology?abbrev=FA 14:6
217.11358	217.1199	.0063	FA 12:3	C12H18O2Na	[M+Na]+	/resources/tools/chemdb_ontology?abbrev=FA 12:3
217.11358	217.1175	.0039	FA 10:0	C10H20O2Na2	[M+2Na-H]+	/resources/tools/chemdb_ontology?abbrev=FA 10:0
217.11358	217.1175	.0039	SFE 10:0	C10H20O2Na2	[M+2Na-H]+	/resources/tools/chemdb_ontology?abbrev=SFE 10:0
217.11358	217.1175	.0039	WE 10:0	C10H20O2Na2	[M+2Na-H]+	/resources/tools/chemdb_ontology?abbrev=WE 10:0
883.52872	883.5331	.0044	PI 38:6	C47H79O13P	[M+H]+	/resources/tools/chemdb_ontology?abbrev=PI 38:6
883.52872	883.5307	.0020	PI 36:3	C45H81O13PNa	[M+Na]+	/resources/tools/chemdb_ontology?abbrev=PI 36:3
883.52872	883.5283	.0004	PI 34:0	C43H83O13PNa2	[M+2Na-H]+	/resources/tools/chemdb_ontology?abbrev=PI 34:0
743.48181	743.4858	.0039	PG 34:4	C40H71O10P	[M+H]+	/resources/tools/chemdb_ontology?abbrev=PG 34:4
743.48181	743.4834	.0015	PG 32:1	C38H73O10PNa	[M+Na]+	/resources/tools/chemdb_ontology?abbrev=PG 32:1
805.56832	805.5742	.0059	PA 44:6	C47H81O8P	[M+H]+	/resources/tools/chemdb_ontology?abbrev=PA 44:6
805.56832	805.5589	.0094	PI O-34:1	C43H83O12P	[M+H-H2O]+	/resources/tools/chemdb_ontology?abbrev=PI O-34:1
805.56832	805.5718	.0035	PA 42:3	C45H83O8PNa	[M+Na]+	/resources/tools/chemdb_ontology?abbrev=PA 42:3
805.56832	805.5702	.0018	PS 36:2	C42H78NO10P	[M+NH4]+	/resources/tools/chemdb_ontology?abbrev=PS 36:2
805.56832	805.5694	.0010	PA 40:0	C43H85O8PNa2	[M+2Na-H]+	/resources/tools/chemdb_ontology?abbrev=PA 40:0
801.5934	801.6004	.0070	PG 39:1	C45H87O10P	[M+H-H2O]+	/resources/tools/chemdb_ontology?abbrev=PG 39:1
801.5934	801.5980	.0046	PG O-37:0	C43H87O9PNa	[M+Na]+	/resources/tools/chemdb_ontology?abbrev=PG O-37:0
801.5934	801.5980	.0046	TG 45:4	C48H84O6Na2	[M+2Na-H]+	/resources/tools/chemdb_ontology?abbrev=TG 45:4
801.5934	801.5857	.0077	SM 38:2;O2	C43H85N2O6PNa2	[M+2Na-H]+	/resources/tools/chemdb_ontology?abbrev=SM 38:2;O2
796.5589	796.5674	.0085	HexCer 38:3;O2	C44H81NO8Na2	[M+2Na-H]+	/resources/tools/chemdb_ontology?abbrev=HexCer 38:3;O2
783.49503	783.5018	.0068	PI 30:0	C39H75O13P	[M+H]+	/resources/tools/chemdb_ontology?abbrev=PI 30:0
783.49503	783.4935	.0015	PA 41:7	C44H73O8PNa	[M+Na]+	/resources/tools/chemdb_ontology?abbrev=PA 41:7
783.49503	783.4919	.0031	PS 35:6	C41H68NO10P	[M+NH4]+	/resources/tools/chemdb_ontology?abbrev=PS 35:6
783.49503	783.4911	.0039	PA 39:4	C42H75O8PNa2	[M+2Na-H]+	/resources/tools/chemdb_ontology?abbrev=PA 39:4
601.51811	601.5190	.0009	DG 36:3	C39H70O5	[M+H-H2O]+	/resources/tools/chemdb_ontology?abbrev=DG 36:3
834.58062	834.5760	.0047	SHexCer 38:1;O3	C44H85NO12S	[M+H-H2O]+	/resources/tools/chemdb_ontology?abbrev=SHexCer 38:1;O3
818.5636	818.5694	.0058	PC 39:7	C47H80NO8P	[M+H]+	/resources/tools/chemdb_ontology?abbrev=PC 39:7
818.5636	818.5694	.0058	PE 42:7	C47H80NO8P	[M+H]+	/resources/tools/chemdb_ontology?abbrev=PE 42:7
818.5636	818.5670	.0034	PC 37:4	C45H82NO8PNa	[M+Na]+	/resources/tools/chemdb_ontology?abbrev=PC 37:4
818.5636	818.5670	.0034	PE 40:4	C45H82NO8PNa	[M+Na]+	/resources/tools/chemdb_ontology?abbrev=PE 40:4
818.5636	818.5694	.0058	PA 44:8	C47H77O8P	[M+NH4]+	/resources/tools/chemdb_ontology?abbrev=PA 44:8
818.5636	818.5646	.0010	PC 35:1	C43H84NO8PNa2	[M+2Na-H]+	/resources/tools/chemdb_ontology?abbrev=PC 35:1
818.5636	818.5646	.0010	PE 38:1	C43H84NO8PNa2	[M+2Na-H]+	/resources/tools/chemdb_ontology?abbrev=PE 38:1
602.52144	602.5119	.0096	Cer 36:2;O3	C36H69NO4Na	[M+Na]+	/resources/tools/chemdb_ontology?abbrev=Cer 36:2;O3
697.48787	697.4803	.0076	PA 36:4	C39H69O8P	[M+H]+	/resources/tools/chemdb_ontology?abbrev=PA 36:4
697.48787	697.4891	.0012	CerPE 34:2;O3	C36H71N2O7PNa	[M+Na]+	/resources/tools/chemdb_ontology?abbrev=CerPE 34:2;O3
697.48787	697.4779	.0100	PA 34:1	C37H71O8PNa	[M+Na]+	/resources/tools/chemdb_ontology?abbrev=PA 34:1
769.49773	769.5014	.0037	PG 36:5	C42H73O10P	[M+H]+	/resources/tools/chemdb_ontology?abbrev=PG 36:5
769.49773	769.4885	.0092	MGDG 36:9	C45H68O10	[M+H]+	/resources/tools/chemdb_ontology?abbrev=MGDG 36:9
769.49773	769.4990	.0013	PG 34:2	C40H75O10PNa	[M+Na]+	/resources/tools/chemdb_ontology?abbrev=PG 34:2
675.50627	675.5072	.0009	CerPE 34:2;O3	C36H71N2O7P	[M+H]+	/resources/tools/chemdb_ontology?abbrev=CerPE 34:2;O3
782.49235	782.4967	.0043	PS 36:5	C42H72NO10P	[M+H]+	/resources/tools/chemdb_ontology?abbrev=PS 36:5
782.49235	782.4943	.0019	PS 34:2	C40H74NO10PNa	[M+Na]+	/resources/tools/chemdb_ontology?abbrev=PS 34:2
782.49235	782.4967	.0043	PG 36:7	C42H69O10P	[M+NH4]+	/resources/tools/chemdb_ontology?abbrev=PG 36:7
733.55894	733.5490	.0099	PC 31:2	C39H74NO8P	[M+NH4]+	/resources/tools/chemdb_ontology?abbrev=PC 31:2
733.55894	733.5490	.0099	PE 34:2	C39H74NO8P	[M+NH4]+	/resources/tools/chemdb_ontology?abbrev=PE 34:2
733.55894	733.5560	.0030	CL 72:0	C81H158O17P2	[M+2H]2+	/resources/tools/chemdb_ontology?abbrev=CL 72:0
734.56166	734.5694	.0078	PC 32:0	C40H80NO8P	[M+H]+	/resources/tools/chemdb_ontology?abbrev=PC 32:0
734.56166	734.5694	.0078	PE 35:0	C40H80NO8P	[M+H]+	/resources/tools/chemdb_ontology?abbrev=PE 35:0
734.56166	734.5541	.0075	HexCer 35:2;O2	C41H77NO8Na	[M+Na]+	/resources/tools/chemdb_ontology?abbrev=HexCer 35:2;O2
734.56166	734.5694	.0078	PA 37:1	C40H77O8P	[M+NH4]+	/resources/tools/chemdb_ontology?abbrev=PA 37:1
820.52359	820.5310	.0074	IPC 34:0;O3	C40H80NO12PNa	[M+Na]+	/resources/tools/chemdb_ontology?abbrev=IPC 34:0;O3
820.52359	820.5228	.0008	PE O-40:7	C45H78NO7PNa2	[M+2Na-H]+	/resources/tools/chemdb_ontology?abbrev=PE O-40:7
454.47176	454.4618	.0099	FA 29:1	C29H56O2	[M+NH4]+	/resources/tools/chemdb_ontology?abbrev=FA 29:1
454.47176	454.4619	.0099	WE 29:1	C29H56O2	[M+NH4]+	/resources/tools/chemdb_ontology?abbrev=WE 29:1
925.26745	925.2692	.0017	CoA 9:0	C30H52N7O17P3S	[M+NH4]+	/resources/tools/chemdb_ontology?abbrev=CoA 9:0
802.56339	802.5593	.0041	PS 37:2	C43H80NO10P	[M+H]+	/resources/tools/chemdb_ontology?abbrev=PS 37:2
802.56339	802.5721	.0087	PE O-40:5	C45H82NO7PNa	[M+Na]+	/resources/tools/chemdb_ontology?abbrev=PE O-40:5
802.56339	802.5593	.0041	PG 37:4	C43H77O10P	[M+NH4]+	/resources/tools/chemdb_ontology?abbrev=PG 37:4
802.56339	802.5697	.0063	PC O-35:2	C43H84NO7PNa2	[M+2Na-H]+	/resources/tools/chemdb_ontology?abbrev=PC O-35:2
802.56339	802.5697	.0063	PE O-38:2	C43H84NO7PNa2	[M+2Na-H]+	/resources/tools/chemdb_ontology?abbrev=PE O-38:2
965.2939	965.3005	.0066	CoA 12:1	C33H56N7O17P3S	[M+NH4]+	/resources/tools/chemdb_ontology?abbrev=CoA 12:1
825.59171	825.5851	.0066	PI O-34:0	C43H85O12P	[M+H]+	/resources/tools/chemdb_ontology?abbrev=PI O-34:0
825.59171	825.6004	.0087	PG 41:3	C47H87O10P	[M+H-H2O]+	/resources/tools/chemdb_ontology?abbrev=PG 41:3
825.59171	825.5980	.0063	PG O-39:2	C45H87O9PNa	[M+Na]+	/resources/tools/chemdb_ontology?abbrev=PG O-39:2
825.59171	825.5964	.0047	IPC 36:1;O2	C42H82NO11P	[M+NH4]+	/resources/tools/chemdb_ontology?abbrev=IPC 36:1;O2
825.59171	825.5869	.0049	SHexCer 36:1;O2	C42H81NO11S	[M+NH4]+	/resources/tools/chemdb_ontology?abbrev=SHexCer 36:1;O2
825.59171	825.5980	.0062	TG 47:6	C50H84O6Na2	[M+2Na-H]+	/resources/tools/chemdb_ontology?abbrev=TG 47:6
784.5745	784.5827	.0082	PC 34:0	C42H84NO8PNa	[M+Na]+	/resources/tools/chemdb_ontology?abbrev=PC 34:0
784.5745	784.5827	.0082	PE 37:0	C42H84NO8PNa	[M+Na]+	/resources/tools/chemdb_ontology?abbrev=PE 37:0
784.5745	784.5674	.0071	HexCer 37:2;O2	C43H81NO8Na2	[M+2Na-H]+	/resources/tools/chemdb_ontology?abbrev=HexCer 37:2;O2
825.61526	825.6116	.0036	PC 38:5	C46H82NO8P	[M+NH4]+	/resources/tools/chemdb_ontology?abbrev=PC 38:5
825.61526	825.6116	.0036	PE 41:5	C46H82NO8P	[M+NH4]+	/resources/tools/chemdb_ontology?abbrev=PE 41:5
474.41724	474.4153	.0019	DG 24:0	C27H52O5	[M+NH4]+	/resources/tools/chemdb_ontology?abbrev=DG 24:0
757.55608	757.5490	.0071	PC 33:4	C41H74NO8P	[M+NH4]+	/resources/tools/chemdb_ontology?abbrev=PC 33:4
757.55608	757.5490	.0071	PE 36:4	C41H74NO8P	[M+NH4]+	/resources/tools/chemdb_ontology?abbrev=PE 36:4
757.55608	757.5490	.0071	PE O-36:5;O	C41H74NO8P	[M+NH4]+	/resources/tools/chemdb_ontology?abbrev=PE O-36:5;O
757.55608	757.5560	.0001	CL 76:4	C85H158O17P2	[M+2H]2+	/resources/tools/chemdb_ontology?abbrev=CL 76:4
841.62413	841.6317	.0076	PG O-42:4	C48H89O9P	[M+H]+	/resources/tools/chemdb_ontology?abbrev=PG O-42:4
841.62413	841.6317	.0076	PG 42:2	C48H91O10P	[M+H-H2O]+	/resources/tools/chemdb_ontology?abbrev=PG 42:2
841.62413	841.6293	.0052	PG O-40:1	C46H91O9PNa	[M+Na]+	/resources/tools/chemdb_ontology?abbrev=PG O-40:1
841.62413	841.6317	.0075	TG 50:8	C53H86O6Na	[M+Na]+	/resources/tools/chemdb_ontology?abbrev=TG 50:8
841.62413	841.6293	.0051	TG 48:5	C51H88O6Na2	[M+2Na-H]+	/resources/tools/chemdb_ontology?abbrev=TG 48:5
756.5528	756.5538	.0010	PC 34:3	C42H78NO8P	[M+H]+	/resources/tools/chemdb_ontology?abbrev=PC 34:3
756.5528	756.5538	.0010	PE 37:3	C42H78NO8P	[M+H]+	/resources/tools/chemdb_ontology?abbrev=PE 37:3
756.5528	756.5538	.0010	PS O-36:2	C42H80NO9P	[M+H-H2O]+	/resources/tools/chemdb_ontology?abbrev=PS O-36:2
756.5528	756.5514	.0014	PC 32:0	C40H80NO8PNa	[M+Na]+	/resources/tools/chemdb_ontology?abbrev=PC 32:0
756.5528	756.5514	.0014	PE 35:0	C40H80NO8PNa	[M+Na]+	/resources/tools/chemdb_ontology?abbrev=PE 35:0
756.5528	756.5538	.0010	PA 39:4	C42H75O8P	[M+NH4]+	/resources/tools/chemdb_ontology?abbrev=PA 39:4
756.5528	756.5482	.0046	CL 76:5	C85H156O17P2	[M+2H]2+	/resources/tools/chemdb_ontology?abbrev=CL 76:5
783.57173	783.5647	.0071	PC 35:5	C43H76NO8P	[M+NH4]+	/resources/tools/chemdb_ontology?abbrev=PC 35:5
783.57173	783.5647	.0071	PE 38:5	C43H76NO8P	[M+NH4]+	/resources/tools/chemdb_ontology?abbrev=PE 38:5
783.57173	783.5647	.0071	PE O-38:6;O	C43H76NO8P	[M+NH4]+	/resources/tools/chemdb_ontology?abbrev=PE O-38:6;O
783.57173	783.5692	.0025	CL 76:0	C85H166O17P2Na2	[M+2Na]2+	/resources/tools/chemdb_ontology?abbrev=CL 76:0
826.45687	826.4630	.0061	PS 38:8	C44H70NO10PNa	[M+Na]+	/resources/tools/chemdb_ontology?abbrev=PS 38:8
826.45687	826.4605	.0037	PS 36:5	C42H72NO10PNa2	[M+2Na-H]+	/resources/tools/chemdb_ontology?abbrev=PS 36:5
758.5587	758.5517	.0070	HexCer 35:1;O2	C41H79NO8Na2	[M+2Na-H]+	/resources/tools/chemdb_ontology?abbrev=HexCer 35:1;O2
782.56832	782.5694	.0011	PC 36:4	C44H80NO8P	[M+H]+	/resources/tools/chemdb_ontology?abbrev=PC 36:4
782.56832	782.5694	.0011	PE 39:4	C44H80NO8P	[M+H]+	/resources/tools/chemdb_ontology?abbrev=PE 39:4
782.56832	782.5694	.0011	PS O-38:3	C44H82NO9P	[M+H-H2O]+	/resources/tools/chemdb_ontology?abbrev=PS O-38:3
782.56832	782.5670	.0013	PC 34:1	C42H82NO8PNa	[M+Na]+	/resources/tools/chemdb_ontology?abbrev=PC 34:1
782.56832	782.5670	.0013	PE 37:1	C42H82NO8PNa	[M+Na]+	/resources/tools/chemdb_ontology?abbrev=PE 37:1
782.56832	782.5753	.0069	HexCer 36:1;O4	C42H81NO10Na	[M+Na]+	/resources/tools/chemdb_ontology?abbrev=HexCer 36:1;O4
782.56832	782.5694	.0011	PA 41:5	C44H77O8P	[M+NH4]+	/resources/tools/chemdb_ontology?abbrev=PA 41:5
804.55011	804.5538	.0037	PC 38:7	C46H78NO8P	[M+H]+	/resources/tools/chemdb_ontology?abbrev=PC 38:7
804.55011	804.5538	.0037	PE 41:7	C46H78NO8P	[M+H]+	/resources/tools/chemdb_ontology?abbrev=PE 41:7
804.55011	804.5538	.0037	PS O-40:6	C46H80NO9P	[M+H-H2O]+	/resources/tools/chemdb_ontology?abbrev=PS O-40:6
804.55011	804.5514	.0013	PC 36:4	C44H80NO8PNa	[M+Na]+	/resources/tools/chemdb_ontology?abbrev=PC 36:4
804.55011	804.5514	.0013	PE 39:4	C44H80NO8PNa	[M+Na]+	/resources/tools/chemdb_ontology?abbrev=PE 39:4
804.55011	804.5490	.0011	PC 34:1	C42H82NO8PNa2	[M+2Na-H]+	/resources/tools/chemdb_ontology?abbrev=PC 34:1
804.55011	804.5490	.0011	PE 37:1	C42H82NO8PNa2	[M+2Na-H]+	/resources/tools/chemdb_ontology?abbrev=PE 37:1
804.55011	804.5572	.0071	HexCer 36:1;O4	C42H81NO10Na2	[M+2Na-H]+	/resources/tools/chemdb_ontology?abbrev=HexCer 36:1;O4
1430.00982	1430.0108	.0010	CL 70:4	C79H146O17P2	[M+H]+	/resources/tools/chemdb_ontology?abbrev=CL 70:4
1430.00982	1430.0084	.0014	CL 68:1	C77H148O17P2Na	[M+Na]+	/resources/tools/chemdb_ontology?abbrev=CL 68:1
773.61736	773.6078	.0095	TG 48:8	C51H82O6	[M+H-H2O]+	/resources/tools/chemdb_ontology?abbrev=TG 48:8
773.61736	773.6167	.0006	PC O-35:3	C43H82NO7P	[M+NH4]+	/resources/tools/chemdb_ontology?abbrev=PC O-35:3
773.61736	773.6167	.0006	PE O-38:3	C43H82NO7P	[M+NH4]+	/resources/tools/chemdb_ontology?abbrev=PE O-38:3
773.61736	773.6167	.0007	PE O-38:3	C43H82NO7P	[M+NH4]+	/resources/tools/chemdb_ontology?abbrev=PE O-38:3
773.61736	773.6250	.0076	HexCer 37:2;O3	C43H81NO9	[M+NH4]+	/resources/tools/chemdb_ontology?abbrev=HexCer 37:2;O3
775.56795	775.5596	.0084	PS O-35:3	C41H76NO9P	[M+NH4]+	/resources/tools/chemdb_ontology?abbrev=PS O-35:3
775.56795	775.5700	.0021	CerPE 39:1;O2	C41H83N2O6PNa2	[M+2Na-H]+	/resources/tools/chemdb_ontology?abbrev=CerPE 39:1;O2
775.56795	775.5700	.0021	SM 36:1;O2	C41H83N2O6PNa2	[M+2Na-H]+	/resources/tools/chemdb_ontology?abbrev=SM 36:1;O2
775.56795	775.5588	.0091	PA O-39:1	C42H83O7PNa2	[M+2Na-H]+	/resources/tools/chemdb_ontology?abbrev=PA O-39:1
1471.9663	1471.9614	.0049	CL 72:8	C81H142O17P2Na	[M+Na]+	/resources/tools/chemdb_ontology?abbrev=CL 72:8
1471.9663	1471.9590	.0073	CL 70:5	C79H144O17P2Na2	[M+2Na-H]+	/resources/tools/chemdb_ontology?abbrev=CL 70:5
716.51235	716.5169	.0045	CL 70:3	C79H148O17P2	[M+2H]2+	/resources/tools/chemdb_ontology?abbrev=CL 70:3
716.51235	716.5048	.0076	HexCer 32:1;O2	C38H73NO8Na2	[M+2Na-H]+	/resources/tools/chemdb_ontology?abbrev=HexCer 32:1;O2
774.56531	774.5643	.0010	PS O-36:2	C42H80NO9P	[M+H]+	/resources/tools/chemdb_ontology?abbrev=PS O-36:2
774.56531	774.5643	.0010	PS 36:0	C42H82NO10P	[M+H-H2O]+	/resources/tools/chemdb_ontology?abbrev=PS 36:0
774.56531	774.5643	.0010	PG O-36:4	C42H77O9P	[M+NH4]+	/resources/tools/chemdb_ontology?abbrev=PG O-36:4
774.56531	774.5748	.0095	CerP 42:1;O2	C42H84NO6PNa2	[M+2Na-H]+	/resources/tools/chemdb_ontology?abbrev=CerP 42:1;O2
717.51497	717.5065	.0085	PG O-33:3	C39H73O9P	[M+H]+	/resources/tools/chemdb_ontology?abbrev=PG O-33:3
717.51497	717.5217	.0068	PA O-40:6	C43H75O7P	[M+H-H2O]+	/resources/tools/chemdb_ontology?abbrev=PA O-40:6
717.51497	717.5065	.0085	PG 33:1	C39H75O10P	[M+H-H2O]+	/resources/tools/chemdb_ontology?abbrev=PG 33:1
717.51497	717.5177	.0028	PC 30:3	C38H70NO8P	[M+NH4]+	/resources/tools/chemdb_ontology?abbrev=PC 30:3
717.51497	717.5177	.0028	PE 33:3	C38H70NO8P	[M+NH4]+	/resources/tools/chemdb_ontology?abbrev=PE 33:3
758.46963	758.4755	.0059	PE 38:9	C43H68NO8P	[M+H]+	/resources/tools/chemdb_ontology?abbrev=PE 38:9
758.46963	758.4731	.0035	PE 36:6	C41H70NO8PNa	[M+Na]+	/resources/tools/chemdb_ontology?abbrev=PE 36:6
758.46963	758.4755	.0059	PA 40:10	C43H65O8P	[M+NH4]+	/resources/tools/chemdb_ontology?abbrev=PA 40:10
758.46963	758.4707	.0011	PC 31:3	C39H72NO8PNa2	[M+2Na-H]+	/resources/tools/chemdb_ontology?abbrev=PC 31:3
758.46963	758.4707	.0011	PE 34:3	C39H72NO8PNa2	[M+2Na-H]+	/resources/tools/chemdb_ontology?abbrev=PE 34:3
772.55924	772.5639	.0047	PC O-38:7	C46H80NO7P	[M+H-H2O]+	/resources/tools/chemdb_ontology?abbrev=PC O-38:7
772.55924	772.5591	.0001	CerP 42:2;O2	C42H82NO6PNa2	[M+2Na-H]+	/resources/tools/chemdb_ontology?abbrev=CerP 42:2;O2
772.55924	772.5674	.0081	DGCC 32:0	C42H81NO8Na2	[M+2Na-H]+	/resources/tools/chemdb_ontology?abbrev=DGCC 32:0
772.55924	772.5674	.0081	HexCer 36:1;O2	C42H81NO8Na2	[M+2Na-H]+	/resources/tools/chemdb_ontology?abbrev=HexCer 36:1;O2
1428.00378	1427.9952	.0086	CL 70:5	C79H144O17P2	[M+H]+	/resources/tools/chemdb_ontology?abbrev=CL 70:5
736.48785	736.4912	.0033	PE 36:6	C41H70NO8P	[M+H]+	/resources/tools/chemdb_ontology?abbrev=PE 36:6
736.48785	736.4888	.0009	PC 31:3	C39H72NO8PNa	[M+Na]+	/resources/tools/chemdb_ontology?abbrev=PC 31:3
736.48785	736.4888	.0009	PE 34:3	C39H72NO8PNa	[M+Na]+	/resources/tools/chemdb_ontology?abbrev=PE 34:3
736.48785	736.4912	.0033	PA 38:7	C41H67O8P	[M+NH4]+	/resources/tools/chemdb_ontology?abbrev=PA 38:7
736.48785	736.4832	.0047	CL 70:5	C79H144O17P2Na2	[M+2Na]2+	/resources/tools/chemdb_ontology?abbrev=CL 70:5
736.48785	736.4864	.0015	PC 29:0	C37H74NO8PNa2	[M+2Na-H]+	/resources/tools/chemdb_ontology?abbrev=PC 29:0
736.48785	736.4864	.0015	PE 32:0	C37H74NO8PNa2	[M+2Na-H]+	/resources/tools/chemdb_ontology?abbrev=PE 32:0
714.50608	714.5068	.0007	PC 31:3	C39H72NO8P	[M+H]+	/resources/tools/chemdb_ontology?abbrev=PC 31:3
714.50608	714.5068	.0007	PE 34:3	C39H72NO8P	[M+H]+	/resources/tools/chemdb_ontology?abbrev=PE 34:3
714.50608	714.5068	.0007	PS O-33:2	C39H74NO9P	[M+H-H2O]+	/resources/tools/chemdb_ontology?abbrev=PS O-33:2
714.50608	714.5044	.0017	PC 29:0	C37H74NO8PNa	[M+Na]+	/resources/tools/chemdb_ontology?abbrev=PC 29:0
714.50608	714.5044	.0017	PE 32:0	C37H74NO8PNa	[M+Na]+	/resources/tools/chemdb_ontology?abbrev=PE 32:0
714.50608	714.5068	.0007	PA 36:4	C39H69O8P	[M+NH4]+	/resources/tools/chemdb_ontology?abbrev=PA 36:4
714.50608	714.5012	.0049	CL 70:5	C79H144O17P2	[M+2H]2+	/resources/tools/chemdb_ontology?abbrev=CL 70:5
737.49123	737.4963	.0051	PI O-29:0	C38H75O12P	[M+H-H2O]+	/resources/tools/chemdb_ontology?abbrev=PI O-29:0
737.49123	737.4934	.0022	CL 74:10	C83H142O17P2	[M+2H]2+	/resources/tools/chemdb_ontology?abbrev=CL 74:10
737.49123	737.4910	.0002	CL 70:4	C79H146O17P2Na2	[M+2Na]2+	/resources/tools/chemdb_ontology?abbrev=CL 70:4
714.55916	714.5515	.0077	HexCer 34:2;O3	C40H75NO9	[M+H]+	/resources/tools/chemdb_ontology?abbrev=HexCer 34:2;O3
714.55916	714.5515	.0077	HexCer 34:1;O4	C40H77NO10	[M+H-H2O]+	/resources/tools/chemdb_ontology?abbrev=HexCer 34:1;O4
1449.98495	1449.9795	.0054	CL 72:8	C81H142O17P2	[M+H]+	/resources/tools/chemdb_ontology?abbrev=CL 72:8
1449.98495	1449.9771	.0079	CL 70:5	C79H144O17P2Na	[M+Na]+	/resources/tools/chemdb_ontology?abbrev=CL 70:5
759.4728	759.4753	.0025	CL 74:10	C83H142O17P2Na2	[M+2Na]2+	/resources/tools/chemdb_ontology?abbrev=CL 74:10
1493.94905	1493.9434	.0057	CL 72:8	C81H142O17P2Na2	[M+2Na-H]+	/resources/tools/chemdb_ontology?abbrev=CL 72:8
1451.99385	1451.9952	.0013	CL 72:7	C81H144O17P2	[M+H]+	/resources/tools/chemdb_ontology?abbrev=CL 72:7
1451.99385	1451.9927	.0011	CL 70:4	C79H146O17P2Na	[M+Na]+	/resources/tools/chemdb_ontology?abbrev=CL 70:4
1451.99385	1451.9903	.0035	CL 68:1	C77H148O17P2Na2	[M+2Na-H]+	/resources/tools/chemdb_ontology?abbrev=CL 68:1
773.56238	773.5691	.0067	PG O-37:3	C43H81O9P	[M+H]+	/resources/tools/chemdb_ontology?abbrev=PG O-37:3
773.56238	773.5691	.0067	PG 37:1	C43H83O10P	[M+H-H2O]+	/resources/tools/chemdb_ontology?abbrev=PG 37:1
773.56238	773.5667	.0043	PG O-35:0	C41H83O9PNa	[M+Na]+	/resources/tools/chemdb_ontology?abbrev=PG O-35:0
773.56238	773.5667	.0043	TG 43:4	C46H80O6Na2	[M+2Na-H]+	/resources/tools/chemdb_ontology?abbrev=TG 43:4
773.56238	773.5544	.0080	CerPE 39:2;O2	C41H81N2O6PNa2	[M+2Na-H]+	/resources/tools/chemdb_ontology?abbrev=CerPE 39:2;O2
773.56238	773.5544	.0080	SM 36:2;O2	C41H81N2O6PNa2	[M+2Na-H]+	/resources/tools/chemdb_ontology?abbrev=SM 36:2;O2
772.61248	772.6215	.0090	PC O-36:2	C44H86NO7P	[M+H]+	/resources/tools/chemdb_ontology?abbrev=PC O-36:2
772.61248	772.6215	.0090	PE O-39:2	C44H86NO7P	[M+H]+	/resources/tools/chemdb_ontology?abbrev=PE O-39:2
772.61248	772.6215	.0090	PC 36:0	C44H88NO8P	[M+H-H2O]+	/resources/tools/chemdb_ontology?abbrev=PC 36:0
772.61248	772.6215	.0090	PE 39:0	C44H88NO8P	[M+H-H2O]+	/resources/tools/chemdb_ontology?abbrev=PE 39:0
715.50941	715.5061	.0033	PA O-40:7	C43H73O7P	[M+H-H2O]+	/resources/tools/chemdb_ontology?abbrev=PA O-40:7
715.50941	715.5021	.0073	PC 30:4	C38H68NO8P	[M+NH4]+	/resources/tools/chemdb_ontology?abbrev=PC 30:4
715.50941	715.5021	.0073	PE 33:4	C38H68NO8P	[M+NH4]+	/resources/tools/chemdb_ontology?abbrev=PE 33:4
715.50941	715.5090	.0004	CL 70:4	C79H146O17P2	[M+2H]2+	/resources/tools/chemdb_ontology?abbrev=CL 70:4
815.61051	815.6160	.0055	PG O-40:3	C46H87O9P	[M+H]+	/resources/tools/chemdb_ontology?abbrev=PG O-40:3
815.61051	815.6160	.0055	PG 40:1	C46H89O10P	[M+H-H2O]+	/resources/tools/chemdb_ontology?abbrev=PG 40:1
815.61051	815.6136	.0031	PG O-38:0	C44H89O9PNa	[M+Na]+	/resources/tools/chemdb_ontology?abbrev=PG O-38:0
815.61051	815.6160	.0055	TG 48:7	C51H84O6Na	[M+Na]+	/resources/tools/chemdb_ontology?abbrev=TG 48:7
815.61051	815.6136	.0031	TG 46:4	C49H86O6Na2	[M+2Na-H]+	/resources/tools/chemdb_ontology?abbrev=TG 46:4
815.61051	815.6013	.0092	SM 39:2;O2	C44H87N2O6PNa2	[M+2Na-H]+	/resources/tools/chemdb_ontology?abbrev=SM 39:2;O2
610.57708	610.5769	.0002	Cer 38:1;O3	C38H75NO4	[M+H]+	/resources/tools/chemdb_ontology?abbrev=Cer 38:1;O3
610.57708	610.5769	.0002	Cer 38:0;O4	C38H77NO5	[M+H-H2O]+	/resources/tools/chemdb_ontology?abbrev=Cer 38:0;O4
549.487	549.4877	.0007	DG 32:1	C35H66O5	[M+H-H2O]+	/resources/tools/chemdb_ontology?abbrev=DG 32:1
625.51759	625.5190	.0014	DG 38:5	C41H70O5	[M+H-H2O]+	/resources/tools/chemdb_ontology?abbrev=DG 38:5
625.51759	625.5142	.0034	DG O-34:1	C37H72O4Na2	[M+2Na-H]+	/resources/tools/chemdb_ontology?abbrev=DG O-34:1
715.56326	715.5636	.0004	PA O-38:2	C41H79O7P	[M+H]+	/resources/tools/chemdb_ontology?abbrev=PA O-38:2
715.56326	715.5636	.0004	PA 38:0	C41H81O8P	[M+H-H2O]+	/resources/tools/chemdb_ontology?abbrev=PA 38:0
553.53994	553.5303	.0097	Cer 34:2;O2	C34H65NO3	[M+NH4]+	/resources/tools/chemdb_ontology?abbrev=Cer 34:2;O2
720.52778	720.5326	.0049	PC O-34:5	C42H76NO7P	[M+H-H2O]+	/resources/tools/chemdb_ontology?abbrev=PC O-34:5
689.55803	689.5592	.0012	CerPE 36:1;O2	C38H77N2O6P	[M+H]+	/resources/tools/chemdb_ontology?abbrev=CerPE 36:1;O2
689.55803	689.5592	.0012	SM 33:1;O2	C38H77N2O6P	[M+H]+	/resources/tools/chemdb_ontology?abbrev=SM 33:1;O2
689.55803	689.5592	.0012	CerPE 36:0;O3	C38H79N2O7P	[M+H-H2O]+	/resources/tools/chemdb_ontology?abbrev=CerPE 36:0;O3
689.55803	689.5674	.0094	HexCer 32:1;O2	C38H73NO8	[M+NH4]+	/resources/tools/chemdb_ontology?abbrev=HexCer 32:1;O2
611.57973	611.5762	.0036	CE 15:0	C42H74O2	[M+H]+	/resources/tools/chemdb_ontology?abbrev=CE 15:0
611.57973	611.5737	.0060	WE 40:2	C40H76O2Na	[M+Na]+	/resources/tools/chemdb_ontology?abbrev=WE 40:2
611.57973	611.5721	.0076	Cer 37:2;O3	C37H71NO4	[M+NH4]+	/resources/tools/chemdb_ontology?abbrev=Cer 37:2;O3
690.56154	690.5544	.0071	CerPE 35:2;O2	C37H73N2O6P	[M+NH4]+	/resources/tools/chemdb_ontology?abbrev=CerPE 35:2;O2
690.56154	690.5544	.0071	SM 32:2;O2	C37H73N2O6P	[M+NH4]+	/resources/tools/chemdb_ontology?abbrev=SM 32:2;O2
711.54004	711.5323	.0077	PA O-38:4	C41H75O7P	[M+H]+	/resources/tools/chemdb_ontology?abbrev=PA O-38:4
711.54004	711.5435	.0035	CerPE 38:3;O3	C40H77N2O7P	[M+H-H2O]+	/resources/tools/chemdb_ontology?abbrev=CerPE 38:3;O3
711.54004	711.5323	.0077	PA 38:2	C41H77O8P	[M+H-H2O]+	/resources/tools/chemdb_ontology?abbrev=PA 38:2
711.54004	711.5411	.0011	CerPE 36:1;O2	C38H77N2O6PNa	[M+Na]+	/resources/tools/chemdb_ontology?abbrev=CerPE 36:1;O2
711.54004	711.5411	.0011	SM 33:1;O2	C38H77N2O6PNa	[M+Na]+	/resources/tools/chemdb_ontology?abbrev=SM 33:1;O2
798.57475	798.5830	.0083	HexCer 38:2;O2	C44H83NO8Na2	[M+2Na-H]+	/resources/tools/chemdb_ontology?abbrev=HexCer 38:2;O2
844.57933	844.5851	.0057	PE 44:8	C49H82NO8P	[M+H]+	/resources/tools/chemdb_ontology?abbrev=PE 44:8
844.57933	844.5827	.0033	PC 39:5	C47H84NO8PNa	[M+Na]+	/resources/tools/chemdb_ontology?abbrev=PC 39:5
844.57933	844.5827	.0033	PE 42:5	C47H84NO8PNa	[M+Na]+	/resources/tools/chemdb_ontology?abbrev=PE 42:5
844.57933	844.5803	.0009	PC 37:2	C45H86NO8PNa2	[M+2Na-H]+	/resources/tools/chemdb_ontology?abbrev=PC 37:2
844.57933	844.5803	.0009	PE 40:2	C45H86NO8PNa2	[M+2Na-H]+	/resources/tools/chemdb_ontology?abbrev=PE 40:2
739.50899	739.5021	.0069	PE 35:6	C40H68NO8P	[M+NH4]+	/resources/tools/chemdb_ontology?abbrev=PE 35:6
739.50899	739.5090	.0000	CL 74:8	C83H146O17P2	[M+2H]2+	/resources/tools/chemdb_ontology?abbrev=CL 74:8
739.50899	739.5066	.0024	CL 70:2	C79H150O17P2Na2	[M+2Na]2+	/resources/tools/chemdb_ontology?abbrev=CL 70:2
738.50505	738.5068	.0018	PC 33:5	C41H72NO8P	[M+H]+	/resources/tools/chemdb_ontology?abbrev=PC 33:5
738.50505	738.5068	.0018	PE 36:5	C41H72NO8P	[M+H]+	/resources/tools/chemdb_ontology?abbrev=PE 36:5
738.50505	738.5044	.0006	PC 31:2	C39H74NO8PNa	[M+Na]+	/resources/tools/chemdb_ontology?abbrev=PC 31:2
738.50505	738.5044	.0006	PE 34:2	C39H74NO8PNa	[M+Na]+	/resources/tools/chemdb_ontology?abbrev=PE 34:2
738.50505	738.5068	.0018	PA 38:6	C41H69O8P	[M+NH4]+	/resources/tools/chemdb_ontology?abbrev=PA 38:6
738.50505	738.5012	.0038	CL 74:9	C83H144O17P2	[M+2H]2+	/resources/tools/chemdb_ontology?abbrev=CL 74:9
797.5621	797.5538	.0083	PI O-32:0	C41H81O12P	[M+H]+	/resources/tools/chemdb_ontology?abbrev=PI O-32:0
797.5621	797.5691	.0070	PG 39:3	C45H83O10P	[M+H-H2O]+	/resources/tools/chemdb_ontology?abbrev=PG 39:3
797.5621	797.5667	.0046	PG O-37:2	C43H83O9PNa	[M+Na]+	/resources/tools/chemdb_ontology?abbrev=PG O-37:2
797.5621	797.5651	.0030	IPC 34:1;O2	C40H78NO11P	[M+NH4]+	/resources/tools/chemdb_ontology?abbrev=IPC 34:1;O2
797.5621	797.5556	.0065	SHexCer 34:1;O2	C40H77NO11S	[M+NH4]+	/resources/tools/chemdb_ontology?abbrev=SHexCer 34:1;O2
667.5609	667.5660	.0051	DG 41:5	C44H76O5	[M+H-H2O]+	/resources/tools/chemdb_ontology?abbrev=DG 41:5
609.60173	609.5929	.0089	Cer 38:2;O2	C38H73NO3	[M+NH4]+	/resources/tools/chemdb_ontology?abbrev=Cer 38:2;O2
825.58289	825.5851	.0022	PI O-34:0	C43H85O12P	[M+H]+	/resources/tools/chemdb_ontology?abbrev=PI O-34:0
825.58289	825.5869	.0040	SHexCer 36:1;O2	C42H81NO11S	[M+NH4]+	/resources/tools/chemdb_ontology?abbrev=SHexCer 36:1;O2
825.58289	825.5752	.0076	PE 40:6;O	C45H78NO9P	[M+NH4]+	/resources/tools/chemdb_ontology?abbrev=PE 40:6;O
740.52172	740.5225	.0008	PC 33:4	C41H74NO8P	[M+H]+	/resources/tools/chemdb_ontology?abbrev=PC 33:4
740.52172	740.5225	.0008	PE 36:4	C41H74NO8P	[M+H]+	/resources/tools/chemdb_ontology?abbrev=PE 36:4
740.52172	740.5225	.0008	PE O-36:5;O	C41H74NO8P	[M+H]+	/resources/tools/chemdb_ontology?abbrev=PE O-36:5;O
740.52172	740.5225	.0008	PS O-35:3	C41H76NO9P	[M+H-H2O]+	/resources/tools/chemdb_ontology?abbrev=PS O-35:3
740.52172	740.5201	.0016	PC 31:1	C39H76NO8PNa	[M+Na]+	/resources/tools/chemdb_ontology?abbrev=PC 31:1
740.52172	740.5201	.0016	PE 34:1	C39H76NO8PNa	[M+Na]+	/resources/tools/chemdb_ontology?abbrev=PE 34:1
740.52172	740.5225	.0008	PA 38:5	C41H71O8P	[M+NH4]+	/resources/tools/chemdb_ontology?abbrev=PA 38:5
740.52172	740.5169	.0049	CL 74:7	C83H148O17P2	[M+2H]2+	/resources/tools/chemdb_ontology?abbrev=CL 74:7
787.52766	787.5248	.0028	PA 41:5	C44H77O8PNa	[M+Na]+	/resources/tools/chemdb_ontology?abbrev=PA 41:5
787.52766	787.5232	.0045	PS 35:4	C41H72NO10P	[M+NH4]+	/resources/tools/chemdb_ontology?abbrev=PS 35:4
787.52766	787.5224	.0052	PA 39:2	C42H79O8PNa2	[M+2Na-H]+	/resources/tools/chemdb_ontology?abbrev=PA 39:2
636.59118	636.5925	.0013	Cer 40:2;O3	C40H77NO4	[M+H]+	/resources/tools/chemdb_ontology?abbrev=Cer 40:2;O3
786.50515	786.5068	.0017	PE 40:9	C45H72NO8P	[M+H]+	/resources/tools/chemdb_ontology?abbrev=PE 40:9
786.50515	786.5044	.0007	PC 35:6	C43H74NO8PNa	[M+Na]+	/resources/tools/chemdb_ontology?abbrev=PC 35:6
786.50515	786.5044	.0007	PE 38:6	C43H74NO8PNa	[M+Na]+	/resources/tools/chemdb_ontology?abbrev=PE 38:6
786.50515	786.5044	.0007	PE O-38:7;O	C43H74NO8PNa	[M+Na]+	/resources/tools/chemdb_ontology?abbrev=PE O-38:7;O
786.50515	786.5068	.0017	PA 42:10	C45H69O8P	[M+NH4]+	/resources/tools/chemdb_ontology?abbrev=PA 42:10
786.50515	786.5127	.0076	PI 29:0	C38H73O13P	[M+NH4]+	/resources/tools/chemdb_ontology?abbrev=PI 29:0
786.50515	786.5151	.0099	MGDG 36:9	C45H68O10	[M+NH4]+	/resources/tools/chemdb_ontology?abbrev=MGDG 36:9
786.50515	786.5020	.0031	PC 33:3	C41H76NO8PNa2	[M+2Na-H]+	/resources/tools/chemdb_ontology?abbrev=PC 33:3
786.50515	786.5020	.0031	PE 36:3	C41H76NO8PNa2	[M+2Na-H]+	/resources/tools/chemdb_ontology?abbrev=PE 36:3
760.48784	760.4912	.0033	PE 38:8	C43H70NO8P	[M+H]+	/resources/tools/chemdb_ontology?abbrev=PE 38:8
760.48784	760.4888	.0009	PC 33:5	C41H72NO8PNa	[M+Na]+	/resources/tools/chemdb_ontology?abbrev=PC 33:5
760.48784	760.4888	.0009	PE 36:5	C41H72NO8PNa	[M+Na]+	/resources/tools/chemdb_ontology?abbrev=PE 36:5
760.48784	760.4912	.0033	PA 40:9	C43H67O8P	[M+NH4]+	/resources/tools/chemdb_ontology?abbrev=PA 40:9
760.48784	760.4832	.0047	CL 74:9	C83H144O17P2Na2	[M+2Na]2+	/resources/tools/chemdb_ontology?abbrev=CL 74:9
760.48784	760.4864	.0015	PC 31:2	C39H74NO8PNa2	[M+2Na-H]+	/resources/tools/chemdb_ontology?abbrev=PC 31:2
760.48784	760.4864	.0015	PE 34:2	C39H74NO8PNa2	[M+2Na-H]+	/resources/tools/chemdb_ontology?abbrev=PE 34:2
734.54296	734.5330	.0099	PS O-33:1	C39H76NO9P	[M+H]+	/resources/tools/chemdb_ontology?abbrev=PS O-33:1
734.54296	734.5483	.0053	PE O-38:5	C43H78NO7P	[M+H-H2O]+	/resources/tools/chemdb_ontology?abbrev=PE O-38:5
734.54296	734.5330	.0099	PG O-33:3	C39H73O9P	[M+NH4]+	/resources/tools/chemdb_ontology?abbrev=PG O-33:3
576.50599	576.4962	.0098	Cer 34:1;O3	C34H67NO4Na	[M+Na]+	/resources/tools/chemdb_ontology?abbrev=Cer 34:1;O3
791.47942	791.4858	.0063	PG 38:8	C44H71O10P	[M+H]+	/resources/tools/chemdb_ontology?abbrev=PG 38:8
791.47942	791.4705	.0089	PI 31:3	C40H71O13P	[M+H]+	/resources/tools/chemdb_ontology?abbrev=PI 31:3
791.47942	791.4834	.0039	PG 36:5	C42H73O10PNa	[M+Na]+	/resources/tools/chemdb_ontology?abbrev=PG 36:5
791.47942	791.4705	.0090	MGDG 36:9	C45H68O10Na	[M+Na]+	/resources/tools/chemdb_ontology?abbrev=MGDG 36:9
791.47942	791.4809	.0015	PG 34:2	C40H75O10PNa2	[M+2Na-H]+	/resources/tools/chemdb_ontology?abbrev=PG 34:2
765.52476	765.5276	.0029	PI O-31:0	C40H79O12P	[M+H-H2O]+	/resources/tools/chemdb_ontology?abbrev=PI O-31:0
765.52476	765.5177	.0070	PE 37:7	C42H70NO8P	[M+NH4]+	/resources/tools/chemdb_ontology?abbrev=PE 37:7
765.52476	765.5247	.0001	CL 78:10	C87H150O17P2	[M+2H]2+	/resources/tools/chemdb_ontology?abbrev=CL 78:10
765.52476	765.5223	.0025	CL 74:4	C83H154O17P2Na2	[M+2Na]2+	/resources/tools/chemdb_ontology?abbrev=CL 74:4
676.48998	676.4912	.0012	PC 28:1	C36H70NO8P	[M+H]+	/resources/tools/chemdb_ontology?abbrev=PC 28:1
676.48998	676.4912	.0012	PE 31:1	C36H70NO8P	[M+H]+	/resources/tools/chemdb_ontology?abbrev=PE 31:1
676.48998	676.4912	.0012	PS O-30:0	C36H72NO9P	[M+H-H2O]+	/resources/tools/chemdb_ontology?abbrev=PS O-30:0
676.48998	676.4912	.0012	PA 33:2	C36H67O8P	[M+NH4]+	/resources/tools/chemdb_ontology?abbrev=PA 33:2
823.57778	823.5695	.0083	PI O-34:1	C43H83O12P	[M+H]+	/resources/tools/chemdb_ontology?abbrev=PI O-34:1
823.57778	823.5847	.0070	PG 41:4	C47H85O10P	[M+H-H2O]+	/resources/tools/chemdb_ontology?abbrev=PG 41:4
823.57778	823.5799	.0022	PG O-37:0	C43H87O9PNa2	[M+2Na-H]+	/resources/tools/chemdb_ontology?abbrev=PG O-37:0
640.58596	640.5874	.0015	DG 36:1	C39H74O5	[M+NH4]+	/resources/tools/chemdb_ontology?abbrev=DG 36:1
787.50779	787.5120	.0042	PI O-33:3	C42H77O12P	[M+H-H2O]+	/resources/tools/chemdb_ontology?abbrev=PI O-33:3
787.50779	787.5066	.0012	CL 78:10	C87H150O17P2Na2	[M+2Na]2+	/resources/tools/chemdb_ontology?abbrev=CL 78:10
767.53043	767.5221	.0083	PG 37:4	C43H77O10P	[M+H-H2O]+	/resources/tools/chemdb_ontology?abbrev=PG 37:4
767.53043	767.5334	.0029	PC 34:6	C42H72NO8P	[M+NH4]+	/resources/tools/chemdb_ontology?abbrev=PC 34:6
767.53043	767.5334	.0029	PE 37:6	C42H72NO8P	[M+NH4]+	/resources/tools/chemdb_ontology?abbrev=PE 37:6
786.52369	786.5280	.0043	PS 36:3	C42H76NO10P	[M+H]+	/resources/tools/chemdb_ontology?abbrev=PS 36:3
786.52369	786.5256	.0019	PS 34:0	C40H78NO10PNa	[M+Na]+	/resources/tools/chemdb_ontology?abbrev=PS 34:0
786.52369	786.5280	.0043	PG 36:5	C42H73O10P	[M+NH4]+	/resources/tools/chemdb_ontology?abbrev=PG 36:5
786.52369	786.5151	.0086	MGDG 36:9	C45H68O10	[M+NH4]+	/resources/tools/chemdb_ontology?abbrev=MGDG 36:9
778.53442	778.5381	.0037	PC 36:6	C44H76NO8P	[M+H]+	/resources/tools/chemdb_ontology?abbrev=PC 36:6
778.53442	778.5381	.0037	PE 39:6	C44H76NO8P	[M+H]+	/resources/tools/chemdb_ontology?abbrev=PE 39:6
778.53442	778.5381	.0037	PS O-38:5	C44H78NO9P	[M+H-H2O]+	/resources/tools/chemdb_ontology?abbrev=PS O-38:5
778.53442	778.5357	.0013	PC 34:3	C42H78NO8PNa	[M+Na]+	/resources/tools/chemdb_ontology?abbrev=PC 34:3
778.53442	778.5357	.0013	PE 37:3	C42H78NO8PNa	[M+Na]+	/resources/tools/chemdb_ontology?abbrev=PE 37:3
778.53442	778.5381	.0037	PA 41:7	C44H73O8P	[M+NH4]+	/resources/tools/chemdb_ontology?abbrev=PA 41:7
778.53442	778.5301	.0043	CL 76:5	C85H156O17P2Na2	[M+2Na]2+	/resources/tools/chemdb_ontology?abbrev=CL 76:5
778.53442	778.5333	.0011	PC 32:0	C40H80NO8PNa2	[M+2Na-H]+	/resources/tools/chemdb_ontology?abbrev=PC 32:0
778.53442	778.5333	.0011	PE 35:0	C40H80NO8PNa2	[M+2Na-H]+	/resources/tools/chemdb_ontology?abbrev=PE 35:0
824.58171	824.5800	.0017	PS O-40:5	C46H82NO9P	[M+H]+	/resources/tools/chemdb_ontology?abbrev=PS O-40:5
824.58171	824.5800	.0017	PS 40:3	C46H84NO10P	[M+H-H2O]+	/resources/tools/chemdb_ontology?abbrev=PS 40:3
824.58171	824.5776	.0041	PS O-38:2	C44H84NO9PNa	[M+Na]+	/resources/tools/chemdb_ontology?abbrev=PS O-38:2
824.58171	824.5800	.0017	PG O-40:7	C46H79O9P	[M+NH4]+	/resources/tools/chemdb_ontology?abbrev=PG O-40:7
665.44297	665.4388	.0042	PG 28:1	C34H65O10P	[M+H]+	/resources/tools/chemdb_ontology?abbrev=PG 28:1
665.44297	665.4517	.0087	PA O-33:3	C36H67O7PNa	[M+Na]+	/resources/tools/chemdb_ontology?abbrev=PA O-33:3
665.44297	665.4493	.0063	PA O-31:0	C34H69O7PNa2	[M+2Na-H]+	/resources/tools/chemdb_ontology?abbrev=PA O-31:0
637.59492	637.5918	.0031	CE 17:1	C44H76O2	[M+H]+	/resources/tools/chemdb_ontology?abbrev=CE 17:1
637.59492	637.5870	.0079	FA 40:0	C40H80O2Na2	[M+2Na-H]+	/resources/tools/chemdb_ontology?abbrev=FA 40:0
637.59492	637.5870	.0079	WE 40:0	C40H80O2Na2	[M+2Na-H]+	/resources/tools/chemdb_ontology?abbrev=WE 40:0
808.48577	808.4888	.0030	PE 40:9	C45H72NO8PNa	[M+Na]+	/resources/tools/chemdb_ontology?abbrev=PE 40:9
808.48577	808.4864	.0006	PC 35:6	C43H74NO8PNa2	[M+2Na-H]+	/resources/tools/chemdb_ontology?abbrev=PC 35:6
808.48577	808.4864	.0006	PE 38:6	C43H74NO8PNa2	[M+2Na-H]+	/resources/tools/chemdb_ontology?abbrev=PE 38:6
808.48577	808.4864	.0006	PE O-38:7;O	C43H74NO8PNa2	[M+2Na-H]+	/resources/tools/chemdb_ontology?abbrev=PE O-38:7;O
814.60539	814.5956	.0097	PS 39:1	C45H86NO10P	[M+H-H2O]+	/resources/tools/chemdb_ontology?abbrev=PS 39:1
814.60539	814.6143	.0089	HexCer 39:1;O2	C45H87NO8Na2	[M+2Na-H]+	/resources/tools/chemdb_ontology?abbrev=HexCer 39:1;O2
605.61593	605.6231	.0072	WE 41:1	C41H80O2	[M+H]+	/resources/tools/chemdb_ontology?abbrev=WE 41:1
766.5289	766.5381	.0092	PC 35:5	C43H76NO8P	[M+H]+	/resources/tools/chemdb_ontology?abbrev=PC 35:5
766.5289	766.5381	.0092	PE 38:5	C43H76NO8P	[M+H]+	/resources/tools/chemdb_ontology?abbrev=PE 38:5
766.5289	766.5381	.0092	PE O-38:6;O	C43H76NO8P	[M+H]+	/resources/tools/chemdb_ontology?abbrev=PE O-38:6;O
766.5289	766.5381	.0092	PE 38:4;O	C43H78NO9P	[M+H-H2O]+	/resources/tools/chemdb_ontology?abbrev=PE 38:4;O
766.5289	766.5357	.0068	PC 33:2	C41H78NO8PNa	[M+Na]+	/resources/tools/chemdb_ontology?abbrev=PC 33:2
766.5289	766.5357	.0068	PE 36:2	C41H78NO8PNa	[M+Na]+	/resources/tools/chemdb_ontology?abbrev=PE 36:2
766.5289	766.5381	.0092	PA 40:6	C43H73O8P	[M+NH4]+	/resources/tools/chemdb_ontology?abbrev=PA 40:6
766.5289	766.5325	.0036	CL 78:9	C87H152O17P2	[M+2H]2+	/resources/tools/chemdb_ontology?abbrev=CL 78:9
766.5289	766.5301	.0012	CL 74:3	C83H156O17P2Na2	[M+2Na]2+	/resources/tools/chemdb_ontology?abbrev=CL 74:3
850.58714	850.5956	.0085	PS O-42:6	C48H84NO9P	[M+H]+	/resources/tools/chemdb_ontology?abbrev=PS O-42:6
850.58714	850.5956	.0085	PS 42:4	C48H86NO10P	[M+H-H2O]+	/resources/tools/chemdb_ontology?abbrev=PS 42:4
850.58714	850.5932	.0061	PS O-40:3	C46H86NO9PNa	[M+Na]+	/resources/tools/chemdb_ontology?abbrev=PS O-40:3
850.58714	850.5804	.0068	PI O-35:3	C44H81O12P	[M+NH4]+	/resources/tools/chemdb_ontology?abbrev=PI O-35:3
850.58714	850.5908	.0037	PS O-38:0	C44H88NO9PNa2	[M+2Na-H]+	/resources/tools/chemdb_ontology?abbrev=PS O-38:0
601.51806	601.5190	.0010	DG 36:3	C39H70O5	[M+H-H2O]+	/resources/tools/chemdb_ontology?abbrev=DG 36:3
825.61516	825.6116	.0035	PC 38:5	C46H82NO8P	[M+NH4]+	/resources/tools/chemdb_ontology?abbrev=PC 38:5
825.61516	825.6116	.0035	PE 41:5	C46H82NO8P	[M+NH4]+	/resources/tools/chemdb_ontology?abbrev=PE 41:5
723.53927	723.5323	.0070	PA 39:3	C42H77O8P	[M+H-H2O]+	/resources/tools/chemdb_ontology?abbrev=PA 39:3
723.53927	723.5411	.0019	CerPE 37:2;O2	C39H77N2O6PNa	[M+Na]+	/resources/tools/chemdb_ontology?abbrev=CerPE 37:2;O2
723.53927	723.5411	.0019	SM 34:2;O2	C39H77N2O6PNa	[M+Na]+	/resources/tools/chemdb_ontology?abbrev=SM 34:2;O2
723.53927	723.5299	.0094	PA O-37:2	C40H77O7PNa	[M+Na]+	/resources/tools/chemdb_ontology?abbrev=PA O-37:2
763.50676	763.5120	.0052	PI O-31:1	C40H77O12P	[M+H-H2O]+	/resources/tools/chemdb_ontology?abbrev=PI O-31:1
763.50676	763.5090	.0023	CL 78:12	C87H146O17P2	[M+2H]2+	/resources/tools/chemdb_ontology?abbrev=CL 78:12
763.50676	763.5066	.0001	CL 74:6	C83H150O17P2Na2	[M+2Na]2+	/resources/tools/chemdb_ontology?abbrev=CL 74:6
831.58391	831.5746	.0093	PI O-36:2	C45H85O12P	[M+H-H2O]+	/resources/tools/chemdb_ontology?abbrev=PI O-36:2
831.58391	831.5874	.0035	PA 44:4	C47H85O8PNa	[M+Na]+	/resources/tools/chemdb_ontology?abbrev=PA 44:4
831.58391	831.5858	.0019	PS 38:3	C44H80NO10P	[M+NH4]+	/resources/tools/chemdb_ontology?abbrev=PS 38:3
831.58391	831.5850	.0011	PA 42:1	C45H87O8PNa2	[M+2Na-H]+	/resources/tools/chemdb_ontology?abbrev=PA 42:1
602.52132	602.5119	.0094	Cer 36:2;O3	C36H69NO4Na	[M+Na]+	/resources/tools/chemdb_ontology?abbrev=Cer 36:2;O3
870.59638	870.5983	.0019	PC 41:6	C49H86NO8PNa	[M+Na]+	/resources/tools/chemdb_ontology?abbrev=PC 41:6
870.59638	870.5983	.0019	PE 44:6	C49H86NO8PNa	[M+Na]+	/resources/tools/chemdb_ontology?abbrev=PE 44:6
870.59638	870.5878	.0085	TG 51:14;O2	C54H76O8	[M+NH4]+	/resources/tools/chemdb_ontology?abbrev=TG 51:14;O2
870.59638	870.5959	.0005	PC 39:3	C47H88NO8PNa2	[M+2Na-H]+	/resources/tools/chemdb_ontology?abbrev=PC 39:3
870.59638	870.5959	.0005	PE 42:3	C47H88NO8PNa2	[M+2Na-H]+	/resources/tools/chemdb_ontology?abbrev=PE 42:3
701.55807	701.5592	.0011	CerPE 37:2;O2	C39H77N2O6P	[M+H]+	/resources/tools/chemdb_ontology?abbrev=CerPE 37:2;O2
701.55807	701.5592	.0011	SM 34:2;O2	C39H77N2O6P	[M+H]+	/resources/tools/chemdb_ontology?abbrev=SM 34:2;O2
701.55807	701.5592	.0011	CerPE 37:1;O3	C39H79N2O7P	[M+H-H2O]+	/resources/tools/chemdb_ontology?abbrev=CerPE 37:1;O3
701.55807	701.5503	.0077	DG 44:9	C47H74O5	[M+H-H2O]+	/resources/tools/chemdb_ontology?abbrev=DG 44:9
701.55807	701.5674	.0094	HexCer 33:2;O2	C39H73NO8	[M+NH4]+	/resources/tools/chemdb_ontology?abbrev=HexCer 33:2;O2
848.61513	848.6164	.0012	PC 41:6	C49H86NO8P	[M+H]+	/resources/tools/chemdb_ontology?abbrev=PC 41:6
848.61513	848.6164	.0012	PE 44:6	C49H86NO8P	[M+H]+	/resources/tools/chemdb_ontology?abbrev=PE 44:6
848.61513	848.6140	.0012	PC 39:3	C47H88NO8PNa	[M+Na]+	/resources/tools/chemdb_ontology?abbrev=PC 39:3
848.61513	848.6140	.0012	PE 42:3	C47H88NO8PNa	[M+Na]+	/resources/tools/chemdb_ontology?abbrev=PE 42:3
848.61513	848.6116	.0036	PC 37:0	C45H90NO8PNa2	[M+2Na-H]+	/resources/tools/chemdb_ontology?abbrev=PC 37:0
848.61513	848.6116	.0036	PE 40:0	C45H90NO8PNa2	[M+2Na-H]+	/resources/tools/chemdb_ontology?abbrev=PE 40:0
848.61513	848.6198	.0047	HexCer 39:0;O4	C45H89NO10Na2	[M+2Na-H]+	/resources/tools/chemdb_ontology?abbrev=HexCer 39:0;O4
827.61031	827.6160	.0057	PG 41:2	C47H89O10P	[M+H-H2O]+	/resources/tools/chemdb_ontology?abbrev=PG 41:2
827.61031	827.6136	.0033	PG O-39:1	C45H89O9PNa	[M+Na]+	/resources/tools/chemdb_ontology?abbrev=PG O-39:1
827.61031	827.6160	.0057	TG 49:8	C52H84O6Na	[M+Na]+	/resources/tools/chemdb_ontology?abbrev=TG 49:8
827.61031	827.6120	.0017	IPC 36:0;O2	C42H84NO11P	[M+NH4]+	/resources/tools/chemdb_ontology?abbrev=IPC 36:0;O2
827.61031	827.6136	.0033	TG 47:5	C50H86O6Na2	[M+2Na-H]+	/resources/tools/chemdb_ontology?abbrev=TG 47:5
827.61031	827.6013	.0090	SM 40:3;O2	C45H87N2O6PNa2	[M+2Na-H]+	/resources/tools/chemdb_ontology?abbrev=SM 40:3;O2
702.56117	702.5544	.0067	CerPE 36:3;O2	C38H73N2O6P	[M+NH4]+	/resources/tools/chemdb_ontology?abbrev=CerPE 36:3;O2
849.61826	849.6215	.0033	PI O-37:0	C46H91O12P	[M+H-H2O]+	/resources/tools/chemdb_ontology?abbrev=PI O-37:0
849.61826	849.6116	.0066	PC 40:7	C48H82NO8P	[M+NH4]+	/resources/tools/chemdb_ontology?abbrev=PC 40:7
849.61826	849.6162	.0021	CL 86:4	C95H178O17P2Na2	[M+2Na]2+	/resources/tools/chemdb_ontology?abbrev=CL 86:4
570.54648	570.5456	.0009	Cer 35:0;O3	C35H71NO4	[M+H]+	/resources/tools/chemdb_ontology?abbrev=Cer 35:0;O3
583.46035	583.4697	.0093	FAHFA 36:3;O	C36H64O4Na	[M+Na]+	/resources/tools/chemdb_ontology?abbrev=FAHFA 36:3;O
583.46035	583.4673	.0069	FAHFA 34:0;O	C34H66O4Na2	[M+2Na-H]+	/resources/tools/chemdb_ontology?abbrev=FAHFA 34:0;O
571.54986	571.5424	.0074	WE 37:1	C37H72O2Na	[M+Na]+	/resources/tools/chemdb_ontology?abbrev=WE 37:1
571.54986	571.5408	.0090	Cer 34:1;O3	C34H67NO4	[M+NH4]+	/resources/tools/chemdb_ontology?abbrev=Cer 34:1;O3
783.49582	783.5018	.0060	PI 30:0	C39H75O13P	[M+H]+	/resources/tools/chemdb_ontology?abbrev=PI 30:0
783.49582	783.4935	.0023	PA 41:7	C44H73O8PNa	[M+Na]+	/resources/tools/chemdb_ontology?abbrev=PA 41:7
783.49582	783.4919	.0039	PS 35:6	C41H68NO10P	[M+NH4]+	/resources/tools/chemdb_ontology?abbrev=PS 35:6
783.49582	783.4911	.0047	PA 39:4	C42H75O8PNa2	[M+2Na-H]+	/resources/tools/chemdb_ontology?abbrev=PA 39:4
794.56768	794.5694	.0017	PC 37:5	C45H80NO8P	[M+H]+	/resources/tools/chemdb_ontology?abbrev=PC 37:5
794.56768	794.5694	.0017	PE 40:5	C45H80NO8P	[M+H]+	/resources/tools/chemdb_ontology?abbrev=PE 40:5
794.56768	794.5670	.0007	PC 35:2	C43H82NO8PNa	[M+Na]+	/resources/tools/chemdb_ontology?abbrev=PC 35:2
794.56768	794.5670	.0007	PE 38:2	C43H82NO8PNa	[M+Na]+	/resources/tools/chemdb_ontology?abbrev=PE 38:2
794.56768	794.5694	.0017	PA 42:6	C45H77O8P	[M+NH4]+	/resources/tools/chemdb_ontology?abbrev=PA 42:6
794.56768	794.5777	.0100	MGDG 36:5	C45H76O10	[M+NH4]+	/resources/tools/chemdb_ontology?abbrev=MGDG 36:5
852.55657	852.5538	.0028	PC 42:11	C50H78NO8P	[M+H]+	/resources/tools/chemdb_ontology?abbrev=PC 42:11
852.55657	852.5514	.0052	PC 40:8	C48H80NO8PNa	[M+Na]+	/resources/tools/chemdb_ontology?abbrev=PC 40:8
852.55657	852.5597	.0031	PI 34:2	C43H79O13P	[M+NH4]+	/resources/tools/chemdb_ontology?abbrev=PI 34:2
852.55657	852.5490	.0076	PC 38:5	C46H82NO8PNa2	[M+2Na-H]+	/resources/tools/chemdb_ontology?abbrev=PC 38:5
852.55657	852.5490	.0076	PE 41:5	C46H82NO8PNa2	[M+2Na-H]+	/resources/tools/chemdb_ontology?abbrev=PE 41:5
888.6282	888.6229	.0053	SHexCer 42:2;O3	C48H91NO12S	[M+H-H2O]+	/resources/tools/chemdb_ontology?abbrev=SHexCer 42:2;O3
888.6282	888.6300	.0018	IPC 40:0;O2	C46H92NO11PNa	[M+Na]+	/resources/tools/chemdb_ontology?abbrev=IPC 40:0;O2
760.50942	760.5123	.0029	PS 34:2	C40H74NO10P	[M+H]+	/resources/tools/chemdb_ontology?abbrev=PS 34:2
760.50942	760.5123	.0029	PG 34:4	C40H71O10P	[M+NH4]+	/resources/tools/chemdb_ontology?abbrev=PG 34:4
736.5319	736.5276	.0043	PC 34:4	C42H76NO8P	[M+H-H2O]+	/resources/tools/chemdb_ontology?abbrev=PC 34:4
736.5319	736.5276	.0043	PE 37:4	C42H76NO8P	[M+H-H2O]+	/resources/tools/chemdb_ontology?abbrev=PE 37:4
736.5319	736.5334	.0015	HexCer 34:2;O3	C40H75NO9Na	[M+Na]+	/resources/tools/chemdb_ontology?abbrev=HexCer 34:2;O3
736.5319	736.5252	.0067	PC O-32:3	C40H76NO7PNa	[M+Na]+	/resources/tools/chemdb_ontology?abbrev=PC O-32:3
736.5319	736.5252	.0067	PE O-35:3	C40H76NO7PNa	[M+Na]+	/resources/tools/chemdb_ontology?abbrev=PE O-35:3
736.5319	736.5228	.0091	PC O-30:0	C38H78NO7PNa2	[M+2Na-H]+	/resources/tools/chemdb_ontology?abbrev=PC O-30:0
736.5319	736.5228	.0091	PE O-33:0	C38H78NO7PNa2	[M+2Na-H]+	/resources/tools/chemdb_ontology?abbrev=PE O-33:0
697.54296	697.5354	.0076	TG 37:0	C40H76O6Na2	[M+2Na-H]+	/resources/tools/chemdb_ontology?abbrev=TG 37:0
810.52634	810.5280	.0016	PC 36:6;O2	C44H76NO10P	[M+H]+	/resources/tools/chemdb_ontology?abbrev=PC 36:6;O2
810.52634	810.5280	.0016	PS 38:5	C44H76NO10P	[M+H]+	/resources/tools/chemdb_ontology?abbrev=PS 38:5
810.52634	810.5280	.0016	PC 36:5;O3	C44H78NO11P	[M+H-H2O]+	/resources/tools/chemdb_ontology?abbrev=PC 36:5;O3
810.52634	810.5256	.0008	PS 36:2	C42H78NO10PNa	[M+Na]+	/resources/tools/chemdb_ontology?abbrev=PS 36:2
810.52634	810.5280	.0016	PG 38:7	C44H73O10P	[M+NH4]+	/resources/tools/chemdb_ontology?abbrev=PG 38:7
803.60925	803.6160	.0068	PG O-39:2	C45H87O9P	[M+H]+	/resources/tools/chemdb_ontology?abbrev=PG O-39:2
803.60925	803.6160	.0068	PG 39:0	C45H89O10P	[M+H-H2O]+	/resources/tools/chemdb_ontology?abbrev=PG 39:0
803.60925	803.6160	.0068	TG 47:6	C50H84O6Na	[M+Na]+	/resources/tools/chemdb_ontology?abbrev=TG 47:6
803.60925	803.6136	.0044	TG 45:3	C48H86O6Na2	[M+2Na-H]+	/resources/tools/chemdb_ontology?abbrev=TG 45:3
803.60925	803.6013	.0079	SM 38:1;O2	C43H87N2O6PNa2	[M+2Na-H]+	/resources/tools/chemdb_ontology?abbrev=SM 38:1;O2
826.60673	826.6143	.0076	HexCer 40:2;O2	C46H87NO8Na2	[M+2Na-H]+	/resources/tools/chemdb_ontology?abbrev=HexCer 40:2;O2
800.58115	800.5800	.0012	PS O-38:3	C44H82NO9P	[M+H]+	/resources/tools/chemdb_ontology?abbrev=PS O-38:3
800.58115	800.5800	.0012	PS 38:1	C44H84NO10P	[M+H-H2O]+	/resources/tools/chemdb_ontology?abbrev=PS 38:1
800.58115	800.5776	.0036	PS O-36:0	C42H84NO9PNa	[M+Na]+	/resources/tools/chemdb_ontology?abbrev=PS O-36:0
800.58115	800.5800	.0012	PG O-38:5	C44H79O9P	[M+NH4]+	/resources/tools/chemdb_ontology?abbrev=PG O-38:5
800.58115	800.5904	.0093	CerP 44:2;O2	C44H86NO6PNa2	[M+2Na-H]+	/resources/tools/chemdb_ontology?abbrev=CerP 44:2;O2
696.53981	696.5409	.0011	HexCer 34:2;O3	C40H75NO9	[M+H-H2O]+	/resources/tools/chemdb_ontology?abbrev=HexCer 34:2;O3
696.53981	696.5326	.0072	PC O-32:3	C40H76NO7P	[M+H-H2O]+	/resources/tools/chemdb_ontology?abbrev=PC O-32:3
696.53981	696.5326	.0072	PE O-35:3	C40H76NO7P	[M+H-H2O]+	/resources/tools/chemdb_ontology?abbrev=PE O-35:3
696.53981	696.5385	.0013	HexCer 32:0;O2	C38H75NO8Na	[M+Na]+	/resources/tools/chemdb_ontology?abbrev=HexCer 32:0;O2
696.53981	696.5302	.0096	CerP 38:1;O2	C38H76NO6PNa	[M+Na]+	/resources/tools/chemdb_ontology?abbrev=CerP 38:1;O2
701.52154	701.5228	.0013	CerPE 36:3;O3	C38H73N2O7P	[M+H]+	/resources/tools/chemdb_ontology?abbrev=CerPE 36:3;O3
701.52154	701.5116	.0100	PA 36:2	C39H73O8P	[M+H]+	/resources/tools/chemdb_ontology?abbrev=PA 36:2
701.52154	701.5116	.0100	PG O-33:2	C39H75O9P	[M+H-H2O]+	/resources/tools/chemdb_ontology?abbrev=PG O-33:2
801.45046	801.4549	.0044	PI 32:5	C41H69O13P	[M+H]+	/resources/tools/chemdb_ontology?abbrev=PI 32:5
801.45046	801.4524	.0020	PI 30:2	C39H71O13PNa	[M+Na]+	/resources/tools/chemdb_ontology?abbrev=PI 30:2
807.57317	807.5746	.0014	PI O-34:0	C43H85O12P	[M+H-H2O]+	/resources/tools/chemdb_ontology?abbrev=PI O-34:0
807.57317	807.5647	.0085	PC 37:7	C45H76NO8P	[M+NH4]+	/resources/tools/chemdb_ontology?abbrev=PC 37:7
807.57317	807.5647	.0085	PE 40:7	C45H76NO8P	[M+NH4]+	/resources/tools/chemdb_ontology?abbrev=PE 40:7
807.57317	807.5692	.0039	CL 80:4	C89H166O17P2Na2	[M+2Na]2+	/resources/tools/chemdb_ontology?abbrev=CL 80:4
811.5296	811.5331	.0035	PI 32:0	C41H79O13P	[M+H]+	/resources/tools/chemdb_ontology?abbrev=PI 32:0
811.5296	811.5232	.0064	PS 37:6	C43H72NO10P	[M+NH4]+	/resources/tools/chemdb_ontology?abbrev=PS 37:6
811.5296	811.5224	.0072	PA 41:4	C44H79O8PNa2	[M+2Na-H]+	/resources/tools/chemdb_ontology?abbrev=PA 41:4
801.58399	801.5752	.0087	PE 38:4;O	C43H78NO9P	[M+NH4]+	/resources/tools/chemdb_ontology?abbrev=PE 38:4;O
801.58399	801.5857	.0017	SM 38:2;O2	C43H85N2O6PNa2	[M+2Na-H]+	/resources/tools/chemdb_ontology?abbrev=SM 38:2;O2
798.62947	798.6371	.0076	PC O-38:3	C46H88NO7P	[M+H]+	/resources/tools/chemdb_ontology?abbrev=PC O-38:3
798.62947	798.6371	.0076	PC 38:1	C46H90NO8P	[M+H-H2O]+	/resources/tools/chemdb_ontology?abbrev=PC 38:1
798.62947	798.6371	.0076	PE 41:1	C46H90NO8P	[M+H-H2O]+	/resources/tools/chemdb_ontology?abbrev=PE 41:1
798.62947	798.6347	.0052	PC O-36:0	C44H90NO7PNa	[M+Na]+	/resources/tools/chemdb_ontology?abbrev=PC O-36:0
798.62947	798.6347	.0052	PE O-39:0	C44H90NO7PNa	[M+Na]+	/resources/tools/chemdb_ontology?abbrev=PE O-39:0
599.50177	599.5034	.0016	DG 36:4	C39H68O5	[M+H-H2O]+	/resources/tools/chemdb_ontology?abbrev=DG 36:4
740.57547	740.5800	.0045	PG O-33:0	C39H79O9P	[M+NH4]+	/resources/tools/chemdb_ontology?abbrev=PG O-33:0
785.48828	785.4910	.0027	CL 78:12	C87H146O17P2Na2	[M+2Na]2+	/resources/tools/chemdb_ontology?abbrev=CL 78:12
700.56955	700.5722	.0026	HexCer 34:1;O2	C40H77NO8	[M+H]+	/resources/tools/chemdb_ontology?abbrev=HexCer 34:1;O2
700.56955	700.5722	.0026	HexCer 34:0;O3	C40H79NO9	[M+H-H2O]+	/resources/tools/chemdb_ontology?abbrev=HexCer 34:0;O3
700.56955	700.5639	.0056	PC O-32:1	C40H80NO7P	[M+H-H2O]+	/resources/tools/chemdb_ontology?abbrev=PC O-32:1
700.56955	700.5639	.0056	PE O-35:1	C40H80NO7P	[M+H-H2O]+	/resources/tools/chemdb_ontology?abbrev=PE O-35:1
745.55584	745.5530	.0028	PA O-42:6	C45H79O7P	[M+H-H2O]+	/resources/tools/chemdb_ontology?abbrev=PA O-42:6
745.55584	745.5490	.0068	PC 32:3	C40H74NO8P	[M+NH4]+	/resources/tools/chemdb_ontology?abbrev=PC 32:3
745.55584	745.5490	.0068	PE 35:3	C40H74NO8P	[M+NH4]+	/resources/tools/chemdb_ontology?abbrev=PE 35:3
745.55584	745.5560	.0001	CL 74:2	C83H158O17P2	[M+2H]2+	/resources/tools/chemdb_ontology?abbrev=CL 74:2
742.52808	742.5357	.0076	PC 31:0	C39H78NO8PNa	[M+Na]+	/resources/tools/chemdb_ontology?abbrev=PC 31:0
742.52808	742.5357	.0076	PE 34:0	C39H78NO8PNa	[M+Na]+	/resources/tools/chemdb_ontology?abbrev=PE 34:0
742.52808	742.5325	.0044	CL 74:5	C83H152O17P2	[M+2H]2+	/resources/tools/chemdb_ontology?abbrev=CL 74:5
742.52808	742.5204	.0077	HexCer 34:2;O2	C40H75NO8Na2	[M+2Na-H]+	/resources/tools/chemdb_ontology?abbrev=HexCer 34:2;O2
563.50228	563.5034	.0011	DG 33:1	C36H68O5	[M+H-H2O]+	/resources/tools/chemdb_ontology?abbrev=DG 33:1
741.52505	741.5177	.0073	PC 32:5	C40H70NO8P	[M+NH4]+	/resources/tools/chemdb_ontology?abbrev=PC 32:5
741.52505	741.5177	.0073	PE 35:5	C40H70NO8P	[M+NH4]+	/resources/tools/chemdb_ontology?abbrev=PE 35:5
741.52505	741.5247	.0004	CL 74:6	C83H150O17P2	[M+2H]2+	/resources/tools/chemdb_ontology?abbrev=CL 74:6
741.52505	741.5223	.0028	CL 70:0	C79H154O17P2Na2	[M+2Na]2+	/resources/tools/chemdb_ontology?abbrev=CL 70:0
575.50262	575.5034	.0008	FAHFA 37:3;O	C37H66O4	[M+H]+	/resources/tools/chemdb_ontology?abbrev=FAHFA 37:3;O
575.50262	575.5034	.0008	DG 34:2	C37H68O5	[M+H-H2O]+	/resources/tools/chemdb_ontology?abbrev=DG 34:2
528.46105	528.4622	.0012	DG 28:1	C31H58O5	[M+NH4]+	/resources/tools/chemdb_ontology?abbrev=DG 28:1
743.53082	743.5374	.0066	PA O-42:7	C45H77O7P	[M+H-H2O]+	/resources/tools/chemdb_ontology?abbrev=PA O-42:7
743.53082	743.5221	.0087	PG 35:2	C41H77O10P	[M+H-H2O]+	/resources/tools/chemdb_ontology?abbrev=PG 35:2
743.53082	743.5334	.0026	PC 32:4	C40H72NO8P	[M+NH4]+	/resources/tools/chemdb_ontology?abbrev=PC 32:4
743.53082	743.5334	.0026	PE 35:4	C40H72NO8P	[M+NH4]+	/resources/tools/chemdb_ontology?abbrev=PE 35:4
799.57798	799.5847	.0068	PG 39:2	C45H85O10P	[M+H-H2O]+	/resources/tools/chemdb_ontology?abbrev=PG 39:2
799.57798	799.5823	.0044	PG O-37:1	C43H85O9PNa	[M+Na]+	/resources/tools/chemdb_ontology?abbrev=PG O-37:1
799.57798	799.5807	.0027	IPC 34:0;O2	C40H80NO11P	[M+NH4]+	/resources/tools/chemdb_ontology?abbrev=IPC 34:0;O2
799.57798	799.5823	.0043	TG 45:5	C48H82O6Na2	[M+2Na-H]+	/resources/tools/chemdb_ontology?abbrev=TG 45:5
799.57798	799.5700	.0079	SM 38:3;O2	C43H83N2O6PNa2	[M+2Na-H]+	/resources/tools/chemdb_ontology?abbrev=SM 38:3;O2
832.58566	832.5851	.0006	PC 40:7	C48H82NO8P	[M+H]+	/resources/tools/chemdb_ontology?abbrev=PC 40:7
832.58566	832.5851	.0006	PS O-42:6	C48H84NO9P	[M+H-H2O]+	/resources/tools/chemdb_ontology?abbrev=PS O-42:6
832.58566	832.5827	.0030	PC 38:4	C46H84NO8PNa	[M+Na]+	/resources/tools/chemdb_ontology?abbrev=PC 38:4
832.58566	832.5827	.0030	PE 41:4	C46H84NO8PNa	[M+Na]+	/resources/tools/chemdb_ontology?abbrev=PE 41:4
832.58566	832.5885	.0028	HexCer 38:1;O4	C44H85NO10Na2	[M+2Na-H]+	/resources/tools/chemdb_ontology?abbrev=HexCer 38:1;O4
832.58566	832.5803	.0054	PC 36:1	C44H86NO8PNa2	[M+2Na-H]+	/resources/tools/chemdb_ontology?abbrev=PC 36:1
832.58566	832.5803	.0054	PE 39:1	C44H86NO8PNa2	[M+2Na-H]+	/resources/tools/chemdb_ontology?abbrev=PE 39:1
799.6336	799.6324	.0012	PC O-37:4	C45H84NO7P	[M+NH4]+	/resources/tools/chemdb_ontology?abbrev=PC O-37:4
799.6336	799.6324	.0012	PE O-40:4	C45H84NO7P	[M+NH4]+	/resources/tools/chemdb_ontology?abbrev=PE O-40:4
714.5612	714.5515	.0097	HexCer 34:2;O3	C40H75NO9	[M+H]+	/resources/tools/chemdb_ontology?abbrev=HexCer 34:2;O3
714.5612	714.5515	.0097	HexCer 34:1;O4	C40H77NO10	[M+H-H2O]+	/resources/tools/chemdb_ontology?abbrev=HexCer 34:1;O4
771.57159	771.5647	.0069	PC 34:4	C42H76NO8P	[M+NH4]+	/resources/tools/chemdb_ontology?abbrev=PC 34:4
771.57159	771.5647	.0069	PE 37:4	C42H76NO8P	[M+NH4]+	/resources/tools/chemdb_ontology?abbrev=PE 37:4
771.57159	771.5716	.0000	CL 78:4	C87H162O17P2	[M+2H]2+	/resources/tools/chemdb_ontology?abbrev=CL 78:4
775.56751	775.5596	.0079	PS O-35:3	C41H76NO9P	[M+NH4]+	/resources/tools/chemdb_ontology?abbrev=PS O-35:3
775.56751	775.5700	.0025	CerPE 39:1;O2	C41H83N2O6PNa2	[M+2Na-H]+	/resources/tools/chemdb_ontology?abbrev=CerPE 39:1;O2
775.56751	775.5700	.0025	SM 36:1;O2	C41H83N2O6PNa2	[M+2Na-H]+	/resources/tools/chemdb_ontology?abbrev=SM 36:1;O2
775.56751	775.5588	.0087	PA O-39:1	C42H83O7PNa2	[M+2Na-H]+	/resources/tools/chemdb_ontology?abbrev=PA O-39:1
757.55592	757.5490	.0069	PC 33:4	C41H74NO8P	[M+NH4]+	/resources/tools/chemdb_ontology?abbrev=PC 33:4
757.55592	757.5490	.0069	PE 36:4	C41H74NO8P	[M+NH4]+	/resources/tools/chemdb_ontology?abbrev=PE 36:4
757.55592	757.5490	.0069	PE O-36:5;O	C41H74NO8P	[M+NH4]+	/resources/tools/chemdb_ontology?abbrev=PE O-36:5;O
757.55592	757.5560	.0001	CL 76:4	C85H158O17P2	[M+2H]2+	/resources/tools/chemdb_ontology?abbrev=CL 76:4
808.57868	808.5851	.0064	PC 38:5	C46H82NO8P	[M+H]+	/resources/tools/chemdb_ontology?abbrev=PC 38:5
808.57868	808.5851	.0064	PE 41:5	C46H82NO8P	[M+H]+	/resources/tools/chemdb_ontology?abbrev=PE 41:5
808.57868	808.5698	.0089	IPC 36:1;O2	C42H82NO11P	[M+H]+	/resources/tools/chemdb_ontology?abbrev=IPC 36:1;O2
808.57868	808.5851	.0064	PC 38:4;O	C46H84NO9P	[M+H-H2O]+	/resources/tools/chemdb_ontology?abbrev=PC 38:4;O
808.57868	808.5851	.0064	PS O-40:4	C46H84NO9P	[M+H-H2O]+	/resources/tools/chemdb_ontology?abbrev=PS O-40:4
808.57868	808.5698	.0089	IPC 36:0;O3	C42H84NO12P	[M+H-H2O]+	/resources/tools/chemdb_ontology?abbrev=IPC 36:0;O3
808.57868	808.5827	.0040	PC 36:2	C44H84NO8PNa	[M+Na]+	/resources/tools/chemdb_ontology?abbrev=PC 36:2
808.57868	808.5827	.0040	PE 39:2	C44H84NO8PNa	[M+Na]+	/resources/tools/chemdb_ontology?abbrev=PE 39:2
808.57868	808.5851	.0064	PA 43:6	C46H79O8P	[M+NH4]+	/resources/tools/chemdb_ontology?abbrev=PA 43:6
716.51221	716.5169	.0047	CL 70:3	C79H148O17P2	[M+2H]2+	/resources/tools/chemdb_ontology?abbrev=CL 70:3
716.51221	716.5048	.0074	HexCer 32:1;O2	C38H73NO8Na2	[M+2Na-H]+	/resources/tools/chemdb_ontology?abbrev=HexCer 32:1;O2
371.35811	371.3520	.0061	FA 23:0;O	C23H46O3	[M+H]+	/resources/tools/chemdb_ontology?abbrev=FA 23:0;O
371.35811	371.3672	.0091	ST 27:1	C27H46	[M+H]+	/resources/tools/chemdb_ontology?abbrev=ST 27:1
371.35811	371.3520	.0061	MG O-20:0;O	C23H48O4	[M+H-H2O]+	/resources/tools/chemdb_ontology?abbrev=MG O-20:0;O
371.35811	371.3672	.0091	ST 27:0;O	C27H48O	[M+H-H2O]+	/resources/tools/chemdb_ontology?abbrev=ST 27:0;O
371.35811	371.3632	.0051	NAE 20:1	C22H43NO2	[M+NH4]+	/resources/tools/chemdb_ontology?abbrev=NAE 20:1
719.56851	719.5698	.0013	CerPE 37:1;O3	C39H79N2O7P	[M+H]+	/resources/tools/chemdb_ontology?abbrev=CerPE 37:1;O3
719.56851	719.5609	.0076	DG 44:9	C47H74O5	[M+H]+	/resources/tools/chemdb_ontology?abbrev=DG 44:9
719.56851	719.5585	.0100	PA 37:0	C40H79O8P	[M+H]+	/resources/tools/chemdb_ontology?abbrev=PA 37:0
719.56851	719.5585	.0100	PG O-34:0	C40H81O9P	[M+H-H2O]+	/resources/tools/chemdb_ontology?abbrev=PG O-34:0
719.56851	719.5737	.0052	CE 22:6	C49H76O2Na	[M+Na]+	/resources/tools/chemdb_ontology?abbrev=CE 22:6
719.56851	719.5698	.0013	PC O-31:2	C39H76NO7P	[M+NH4]+	/resources/tools/chemdb_ontology?abbrev=PC O-31:2
719.56851	719.5698	.0013	PE O-34:2	C39H76NO7P	[M+NH4]+	/resources/tools/chemdb_ontology?abbrev=PE O-34:2
719.56851	719.5713	.0028	CE 20:3	C47H78O2Na2	[M+2Na-H]+	/resources/tools/chemdb_ontology?abbrev=CE 20:3
751.59701	751.6000	.0030	PA O-42:3	C45H85O7P	[M+H-H2O]+	/resources/tools/chemdb_ontology?abbrev=PA O-42:3
751.59701	751.5960	.0010	PC 32:0	C40H80NO8P	[M+NH4]+	/resources/tools/chemdb_ontology?abbrev=PC 32:0
751.59701	751.5960	.0010	PE 35:0	C40H80NO8P	[M+NH4]+	/resources/tools/chemdb_ontology?abbrev=PE 35:0
569.44523	569.4540	.0088	FAHFA 35:3;O	C35H62O4Na	[M+Na]+	/resources/tools/chemdb_ontology?abbrev=FAHFA 35:3;O
756.55291	756.5538	.0009	PC 34:3	C42H78NO8P	[M+H]+	/resources/tools/chemdb_ontology?abbrev=PC 34:3
756.55291	756.5538	.0009	PE 37:3	C42H78NO8P	[M+H]+	/resources/tools/chemdb_ontology?abbrev=PE 37:3
756.55291	756.5538	.0009	PS O-36:2	C42H80NO9P	[M+H-H2O]+	/resources/tools/chemdb_ontology?abbrev=PS O-36:2
756.55291	756.5514	.0015	PC 32:0	C40H80NO8PNa	[M+Na]+	/resources/tools/chemdb_ontology?abbrev=PC 32:0
756.55291	756.5514	.0015	PE 35:0	C40H80NO8PNa	[M+Na]+	/resources/tools/chemdb_ontology?abbrev=PE 35:0
756.55291	756.5538	.0009	PA 39:4	C42H75O8P	[M+NH4]+	/resources/tools/chemdb_ontology?abbrev=PA 39:4
756.55291	756.5482	.0047	CL 76:5	C85H156O17P2	[M+2H]2+	/resources/tools/chemdb_ontology?abbrev=CL 76:5
369.35121	369.3516	.0004	ST 27:1;O	C27H46O	[M+H-H2O]+	/resources/tools/chemdb_ontology?abbrev=ST 27:1;O
369.35121	369.3475	.0037	NAE 20:2	C22H41NO2	[M+NH4]+	/resources/tools/chemdb_ontology?abbrev=NAE 20:2
369.35121	369.3545	.0033	DG 44:0	C47H92O5	[M+2H]2+	/resources/tools/chemdb_ontology?abbrev=DG 44:0
611.49176	611.5010	.0092	FAHFA 38:3;O	C38H68O4Na	[M+Na]+	/resources/tools/chemdb_ontology?abbrev=FAHFA 38:3;O
611.49176	611.4986	.0068	FAHFA 36:0;O	C36H70O4Na2	[M+2Na-H]+	/resources/tools/chemdb_ontology?abbrev=FAHFA 36:0;O
443.30448	443.3003	.0042	WE 24:3;O5	C24H42O7	[M+H]+	/resources/tools/chemdb_ontology?abbrev=WE 24:3;O5
443.30448	443.3132	.0087	MG O-23:5;O	C26H44O4Na	[M+Na]+	/resources/tools/chemdb_ontology?abbrev=MG O-23:5;O
443.30448	443.3132	.0087	ST 26:1;O4	C26H44O4Na	[M+Na]+	/resources/tools/chemdb_ontology?abbrev=ST 26:1;O4
443.30448	443.3014	.0031	PG O-42:4	C48H89O9PNa2	[M+2Na]2+	/resources/tools/chemdb_ontology?abbrev=PG O-42:4
443.30448	443.3108	.0063	FA 24:1;O2	C24H46O4Na2	[M+2Na-H]+	/resources/tools/chemdb_ontology?abbrev=FA 24:1;O2
585.48222	585.4877	.0055	DG 35:4	C38H66O5	[M+H-H2O]+	/resources/tools/chemdb_ontology?abbrev=DG 35:4
715.50928	715.5061	.0032	PA O-40:7	C43H73O7P	[M+H-H2O]+	/resources/tools/chemdb_ontology?abbrev=PA O-40:7
715.50928	715.5021	.0072	PC 30:4	C38H68NO8P	[M+NH4]+	/resources/tools/chemdb_ontology?abbrev=PC 30:4
715.50928	715.5021	.0072	PE 33:4	C38H68NO8P	[M+NH4]+	/resources/tools/chemdb_ontology?abbrev=PE 33:4
715.50928	715.5090	.0002	CL 70:4	C79H146O17P2	[M+2H]2+	/resources/tools/chemdb_ontology?abbrev=CL 70:4
597.47592	597.4725	.0034	FOH 35:4;O6	C35H64O7	[M+H]+	/resources/tools/chemdb_ontology?abbrev=FOH 35:4;O6
597.47592	597.4853	.0094	FAHFA 37:3;O	C37H66O4Na	[M+Na]+	/resources/tools/chemdb_ontology?abbrev=FAHFA 37:3;O
741.58009	741.5793	.0008	PA O-40:3	C43H81O7P	[M+H]+	/resources/tools/chemdb_ontology?abbrev=PA O-40:3
741.58009	741.5793	.0008	PA 40:1	C43H83O8P	[M+H-H2O]+	/resources/tools/chemdb_ontology?abbrev=PA 40:1
741.58009	741.5769	.0032	PA O-38:0	C41H83O7PNa	[M+Na]+	/resources/tools/chemdb_ontology?abbrev=PA O-38:0
741.58009	741.5881	.0080	SM 35:0;O2	C40H83N2O6PNa	[M+Na]+	/resources/tools/chemdb_ontology?abbrev=SM 35:0;O2
794.58484	794.5906	.0057	PG 36:1	C42H81O10P	[M+NH4]+	/resources/tools/chemdb_ontology?abbrev=PG 36:1
794.58484	794.5777	.0072	MGDG 36:5	C45H76O10	[M+NH4]+	/resources/tools/chemdb_ontology?abbrev=MGDG 36:5
774.56504	774.5643	.0007	PS O-36:2	C42H80NO9P	[M+H]+	/resources/tools/chemdb_ontology?abbrev=PS O-36:2
774.56504	774.5643	.0007	PS 36:0	C42H82NO10P	[M+H-H2O]+	/resources/tools/chemdb_ontology?abbrev=PS 36:0
774.56504	774.5643	.0007	PG O-36:4	C42H77O9P	[M+NH4]+	/resources/tools/chemdb_ontology?abbrev=PG O-36:4
774.56504	774.5748	.0097	CerP 42:1;O2	C42H84NO6PNa2	[M+2Na-H]+	/resources/tools/chemdb_ontology?abbrev=CerP 42:1;O2
770.56789	770.5694	.0015	PC 35:3	C43H80NO8P	[M+H]+	/resources/tools/chemdb_ontology?abbrev=PC 35:3
770.56789	770.5694	.0015	PE 38:3	C43H80NO8P	[M+H]+	/resources/tools/chemdb_ontology?abbrev=PE 38:3
770.56789	770.5694	.0015	PS O-37:2	C43H82NO9P	[M+H-H2O]+	/resources/tools/chemdb_ontology?abbrev=PS O-37:2
770.56789	770.5670	.0009	PC 33:0	C41H82NO8PNa	[M+Na]+	/resources/tools/chemdb_ontology?abbrev=PC 33:0
770.56789	770.5670	.0009	PE 36:0	C41H82NO8PNa	[M+Na]+	/resources/tools/chemdb_ontology?abbrev=PE 36:0
770.56789	770.5694	.0015	PA 40:4	C43H77O8P	[M+NH4]+	/resources/tools/chemdb_ontology?abbrev=PA 40:4
770.56789	770.5638	.0041	CL 78:5	C87H160O17P2	[M+2H]2+	/resources/tools/chemdb_ontology?abbrev=CL 78:5
773.56219	773.5691	.0069	PG O-37:3	C43H81O9P	[M+H]+	/resources/tools/chemdb_ontology?abbrev=PG O-37:3
773.56219	773.5691	.0069	PG 37:1	C43H83O10P	[M+H-H2O]+	/resources/tools/chemdb_ontology?abbrev=PG 37:1
773.56219	773.5667	.0045	PG O-35:0	C41H83O9PNa	[M+Na]+	/resources/tools/chemdb_ontology?abbrev=PG O-35:0
773.56219	773.5667	.0045	TG 43:4	C46H80O6Na2	[M+2Na-H]+	/resources/tools/chemdb_ontology?abbrev=TG 43:4
773.56219	773.5544	.0078	CerPE 39:2;O2	C41H81N2O6PNa2	[M+2Na-H]+	/resources/tools/chemdb_ontology?abbrev=CerPE 39:2;O2
773.56219	773.5544	.0078	SM 36:2;O2	C41H81N2O6PNa2	[M+2Na-H]+	/resources/tools/chemdb_ontology?abbrev=SM 36:2;O2
1454.01847	1454.0108	.0077	CL 72:6	C81H146O17P2	[M+H]+	/resources/tools/chemdb_ontology?abbrev=CL 72:6
820.57964	820.5851	.0054	PC 39:6	C47H82NO8P	[M+H]+	/resources/tools/chemdb_ontology?abbrev=PC 39:6
820.57964	820.5851	.0054	PE 42:6	C47H82NO8P	[M+H]+	/resources/tools/chemdb_ontology?abbrev=PE 42:6
820.57964	820.5827	.0030	PC 37:3	C45H84NO8PNa	[M+Na]+	/resources/tools/chemdb_ontology?abbrev=PC 37:3
820.57964	820.5827	.0030	PE 40:3	C45H84NO8PNa	[M+Na]+	/resources/tools/chemdb_ontology?abbrev=PE 40:3
820.57964	820.5851	.0054	PA 44:7	C47H79O8P	[M+NH4]+	/resources/tools/chemdb_ontology?abbrev=PA 44:7
820.57964	820.5803	.0006	PC 35:0	C43H86NO8PNa2	[M+2Na-H]+	/resources/tools/chemdb_ontology?abbrev=PC 35:0
820.57964	820.5803	.0006	PE 38:0	C43H86NO8PNa2	[M+2Na-H]+	/resources/tools/chemdb_ontology?abbrev=PE 38:0
820.57964	820.5885	.0089	HexCer 37:0;O4	C43H85NO10Na2	[M+2Na-H]+	/resources/tools/chemdb_ontology?abbrev=HexCer 37:0;O4
1480.03435	1480.0265	.0079	CL 74:7	C83H148O17P2	[M+H]+	/resources/tools/chemdb_ontology?abbrev=CL 74:7
554.47696	554.4779	.0009	DG 30:2	C33H60O5	[M+NH4]+	/resources/tools/chemdb_ontology?abbrev=DG 30:2
822.6316	822.6371	.0055	PC O-40:5	C48H88NO7P	[M+H]+	/resources/tools/chemdb_ontology?abbrev=PC O-40:5
822.6316	822.6371	.0055	PC 40:3	C48H90NO8P	[M+H-H2O]+	/resources/tools/chemdb_ontology?abbrev=PC 40:3
822.6316	822.6347	.0031	PC O-38:2	C46H90NO7PNa	[M+Na]+	/resources/tools/chemdb_ontology?abbrev=PC O-38:2
822.6316	822.6219	.0097	PG 38:1	C44H85O10P	[M+NH4]+	/resources/tools/chemdb_ontology?abbrev=PG 38:1
764.55856	764.5589	.0003	PC O-36:6	C44H78NO7P	[M+H]+	/resources/tools/chemdb_ontology?abbrev=PC O-36:6
764.55856	764.5589	.0003	PC 36:4	C44H80NO8P	[M+H-H2O]+	/resources/tools/chemdb_ontology?abbrev=PC 36:4
764.55856	764.5589	.0003	PE 39:4	C44H80NO8P	[M+H-H2O]+	/resources/tools/chemdb_ontology?abbrev=PE 39:4
764.55856	764.5565	.0021	PC O-34:3	C42H80NO7PNa	[M+Na]+	/resources/tools/chemdb_ontology?abbrev=PC O-34:3
764.55856	764.5565	.0021	PE O-37:3	C42H80NO7PNa	[M+Na]+	/resources/tools/chemdb_ontology?abbrev=PE O-37:3
764.55856	764.5647	.0061	HexCer 36:2;O3	C42H79NO9Na	[M+Na]+	/resources/tools/chemdb_ontology?abbrev=HexCer 36:2;O3
764.55856	764.5541	.0045	PC O-32:0	C40H82NO7PNa2	[M+2Na-H]+	/resources/tools/chemdb_ontology?abbrev=PC O-32:0
764.55856	764.5541	.0045	PE O-35:0	C40H82NO7PNa2	[M+2Na-H]+	/resources/tools/chemdb_ontology?abbrev=PE O-35:0
806.5707	806.5694	.0013	PC 38:6	C46H80NO8P	[M+H]+	/resources/tools/chemdb_ontology?abbrev=PC 38:6
806.5707	806.5694	.0013	PE 41:6	C46H80NO8P	[M+H]+	/resources/tools/chemdb_ontology?abbrev=PE 41:6
806.5707	806.5624	.0083	Hex2Cer 30:1;O2	C42H79NO13	[M+H]+	/resources/tools/chemdb_ontology?abbrev=Hex2Cer 30:1;O2
806.5707	806.5694	.0013	PS O-40:5	C46H82NO9P	[M+H-H2O]+	/resources/tools/chemdb_ontology?abbrev=PS O-40:5
806.5707	806.5670	.0037	PC 36:3	C44H82NO8PNa	[M+Na]+	/resources/tools/chemdb_ontology?abbrev=PC 36:3
806.5707	806.5670	.0037	PE 39:3	C44H82NO8PNa	[M+Na]+	/resources/tools/chemdb_ontology?abbrev=PE 39:3
806.5707	806.5646	.0061	PC 34:0	C42H84NO8PNa2	[M+2Na-H]+	/resources/tools/chemdb_ontology?abbrev=PC 34:0
806.5707	806.5646	.0061	PE 37:0	C42H84NO8PNa2	[M+2Na-H]+	/resources/tools/chemdb_ontology?abbrev=PE 37:0
737.49108	737.4963	.0052	PI O-29:0	C38H75O12P	[M+H-H2O]+	/resources/tools/chemdb_ontology?abbrev=PI O-29:0
737.49108	737.4934	.0023	CL 74:10	C83H142O17P2	[M+2H]2+	/resources/tools/chemdb_ontology?abbrev=CL 74:10
737.49108	737.4910	.0001	CL 70:4	C79H146O17P2Na2	[M+2Na]2+	/resources/tools/chemdb_ontology?abbrev=CL 70:4
559.43231	559.4357	.0034	DG 32:5	C35H58O5	[M+H]+	/resources/tools/chemdb_ontology?abbrev=DG 32:5
559.43231	559.4333	.0010	DG 30:2	C33H60O5Na	[M+Na]+	/resources/tools/chemdb_ontology?abbrev=DG 30:2
755.55469	755.5585	.0038	PA 40:3	C43H79O8P	[M+H]+	/resources/tools/chemdb_ontology?abbrev=PA 40:3
755.55469	755.5585	.0038	PG O-37:3	C43H81O9P	[M+H-H2O]+	/resources/tools/chemdb_ontology?abbrev=PG O-37:3
755.55469	755.5561	.0014	PA 38:0	C41H81O8PNa	[M+Na]+	/resources/tools/chemdb_ontology?abbrev=PA 38:0
755.55469	755.5561	.0014	DG 43:6	C46H78O5Na2	[M+2Na-H]+	/resources/tools/chemdb_ontology?abbrev=DG 43:6
764.52124	764.5225	.0012	PC 35:6	C43H74NO8P	[M+H]+	/resources/tools/chemdb_ontology?abbrev=PC 35:6
764.52124	764.5225	.0012	PE 38:6	C43H74NO8P	[M+H]+	/resources/tools/chemdb_ontology?abbrev=PE 38:6
764.52124	764.5225	.0012	PE O-38:7;O	C43H74NO8P	[M+H]+	/resources/tools/chemdb_ontology?abbrev=PE O-38:7;O
764.52124	764.5225	.0012	PE 38:5;O	C43H76NO9P	[M+H-H2O]+	/resources/tools/chemdb_ontology?abbrev=PE 38:5;O
764.52124	764.5201	.0012	PC 33:3	C41H76NO8PNa	[M+Na]+	/resources/tools/chemdb_ontology?abbrev=PC 33:3
764.52124	764.5201	.0012	PE 36:3	C41H76NO8PNa	[M+Na]+	/resources/tools/chemdb_ontology?abbrev=PE 36:3
764.52124	764.5225	.0012	PA 40:7	C43H71O8P	[M+NH4]+	/resources/tools/chemdb_ontology?abbrev=PA 40:7
764.52124	764.5307	.0095	MGDG 34:6	C43H70O10	[M+NH4]+	/resources/tools/chemdb_ontology?abbrev=MGDG 34:6
764.52124	764.5177	.0036	PC 31:0	C39H78NO8PNa2	[M+2Na-H]+	/resources/tools/chemdb_ontology?abbrev=PC 31:0
764.52124	764.5177	.0036	PE 34:0	C39H78NO8PNa2	[M+2Na-H]+	/resources/tools/chemdb_ontology?abbrev=PE 34:0
575.40602	575.4071	.0011	PA 28:0	C31H61O8P	[M+H-H2O]+	/resources/tools/chemdb_ontology?abbrev=PA 28:0
846.59475	846.6007	.0060	PC 41:7	C49H84NO8P	[M+H]+	/resources/tools/chemdb_ontology?abbrev=PC 41:7
846.59475	846.6007	.0060	PE 44:7	C49H84NO8P	[M+H]+	/resources/tools/chemdb_ontology?abbrev=PE 44:7
846.59475	846.5983	.0036	PC 39:4	C47H86NO8PNa	[M+Na]+	/resources/tools/chemdb_ontology?abbrev=PC 39:4
846.59475	846.5983	.0036	PE 42:4	C47H86NO8PNa	[M+Na]+	/resources/tools/chemdb_ontology?abbrev=PE 42:4
846.59475	846.5959	.0012	PC 37:1	C45H88NO8PNa2	[M+2Na-H]+	/resources/tools/chemdb_ontology?abbrev=PC 37:1
846.59475	846.5959	.0012	PE 40:1	C45H88NO8PNa2	[M+2Na-H]+	/resources/tools/chemdb_ontology?abbrev=PE 40:1
605.45015	605.4541	.0039	PA O-30:1	C33H65O7P	[M+H]+	/resources/tools/chemdb_ontology?abbrev=PA O-30:1
605.45015	605.4516	.0015	FAHFA 36:3;O	C36H64O4Na2	[M+2Na-H]+	/resources/tools/chemdb_ontology?abbrev=FAHFA 36:3;O
847.59811	847.6059	.0078	PI O-37:1	C46H89O12P	[M+H-H2O]+	/resources/tools/chemdb_ontology?abbrev=PI O-37:1
847.59811	847.5960	.0021	PC 40:8	C48H80NO8P	[M+NH4]+	/resources/tools/chemdb_ontology?abbrev=PC 40:8
681.49277	681.4854	.0074	PA O-36:5	C39H69O7P	[M+H]+	/resources/tools/chemdb_ontology?abbrev=PA O-36:5
681.49277	681.4854	.0074	PA 36:3	C39H71O8P	[M+H-H2O]+	/resources/tools/chemdb_ontology?abbrev=PA 36:3
681.49277	681.4942	.0014	CerPE 34:2;O2	C36H71N2O6PNa	[M+Na]+	/resources/tools/chemdb_ontology?abbrev=CerPE 34:2;O2
681.49277	681.4830	.0098	PA O-34:2	C37H71O7PNa	[M+Na]+	/resources/tools/chemdb_ontology?abbrev=PA O-34:2
718.56701	718.5745	.0075	PC O-32:1	C40H80NO7P	[M+H]+	/resources/tools/chemdb_ontology?abbrev=PC O-32:1
718.56701	718.5745	.0075	PE O-35:1	C40H80NO7P	[M+H]+	/resources/tools/chemdb_ontology?abbrev=PE O-35:1
718.56701	718.5745	.0075	PA O-37:2	C40H77O7P	[M+NH4]+	/resources/tools/chemdb_ontology?abbrev=PA O-37:2
717.5641	717.5541	.0100	CerPE 37:2;O3	C39H77N2O7P	[M+H]+	/resources/tools/chemdb_ontology?abbrev=CerPE 37:2;O3
717.5641	717.5541	.0100	PE O-34:3	C39H74NO7P	[M+NH4]+	/resources/tools/chemdb_ontology?abbrev=PE O-34:3
717.5641	717.5557	.0084	CE 20:4	C47H76O2Na2	[M+2Na-H]+	/resources/tools/chemdb_ontology?abbrev=CE 20:4
801.61611	801.6116	.0045	PC 36:3	C44H82NO8P	[M+NH4]+	/resources/tools/chemdb_ontology?abbrev=PC 36:3
801.61611	801.6116	.0045	PE 39:3	C44H82NO8P	[M+NH4]+	/resources/tools/chemdb_ontology?abbrev=PE 39:3
761.56185	761.5691	.0072	PG O-36:2	C42H81O9P	[M+H]+	/resources/tools/chemdb_ontology?abbrev=PG O-36:2
761.56185	761.5562	.0056	MGDG 36:4	C45H78O10	[M+H-H2O]+	/resources/tools/chemdb_ontology?abbrev=MGDG 36:4
761.56185	761.5691	.0072	PG 36:0	C42H83O10P	[M+H-H2O]+	/resources/tools/chemdb_ontology?abbrev=PG 36:0
761.56185	761.5667	.0048	TG 42:3	C45H80O6Na2	[M+2Na-H]+	/resources/tools/chemdb_ontology?abbrev=TG 42:3
761.56185	761.5544	.0075	CerPE 38:1;O2	C40H81N2O6PNa2	[M+2Na-H]+	/resources/tools/chemdb_ontology?abbrev=CerPE 38:1;O2
761.56185	761.5544	.0075	SM 35:1;O2	C40H81N2O6PNa2	[M+2Na-H]+	/resources/tools/chemdb_ontology?abbrev=SM 35:1;O2
762.50355	762.5068	.0033	PE 38:7	C43H72NO8P	[M+H]+	/resources/tools/chemdb_ontology?abbrev=PE 38:7
762.50355	762.5068	.0033	PE 38:6;O	C43H74NO9P	[M+H-H2O]+	/resources/tools/chemdb_ontology?abbrev=PE 38:6;O
762.50355	762.5044	.0009	PC 33:4	C41H74NO8PNa	[M+Na]+	/resources/tools/chemdb_ontology?abbrev=PC 33:4
762.50355	762.5044	.0009	PE 36:4	C41H74NO8PNa	[M+Na]+	/resources/tools/chemdb_ontology?abbrev=PE 36:4
762.50355	762.5044	.0009	PE O-36:5;O	C41H74NO8PNa	[M+Na]+	/resources/tools/chemdb_ontology?abbrev=PE O-36:5;O
762.50355	762.5068	.0033	PA 40:8	C43H69O8P	[M+NH4]+	/resources/tools/chemdb_ontology?abbrev=PA 40:8
762.50355	762.5012	.0023	CL 78:13	C87H144O17P2	[M+2H]2+	/resources/tools/chemdb_ontology?abbrev=CL 78:13
762.50355	762.4988	.0047	CL 74:7	C83H148O17P2Na2	[M+2Na]2+	/resources/tools/chemdb_ontology?abbrev=CL 74:7
762.50355	762.5020	.0015	PC 31:1	C39H76NO8PNa2	[M+2Na-H]+	/resources/tools/chemdb_ontology?abbrev=PC 31:1
762.50355	762.5020	.0015	PE 34:1	C39H76NO8PNa2	[M+2Na-H]+	/resources/tools/chemdb_ontology?abbrev=PE 34:1
666.60188	666.6031	.0012	DG 38:2	C41H76O5	[M+NH4]+	/resources/tools/chemdb_ontology?abbrev=DG 38:2
760.55878	760.5639	.0052	PE O-40:6	C45H80NO7P	[M+H-H2O]+	/resources/tools/chemdb_ontology?abbrev=PE O-40:6
692.61845	692.6163	.0021	Cer 41:0;O4	C41H83NO5Na	[M+Na]+	/resources/tools/chemdb_ontology?abbrev=Cer 41:0;O4
692.61845	692.6187	.0003	DG 40:3	C43H78O5	[M+NH4]+	/resources/tools/chemdb_ontology?abbrev=DG 40:3
572.55299	572.5503	.0027	FA 74:1;O2	C74H146O4Na2	[M+2Na]2+	/resources/tools/chemdb_ontology?abbrev=FA 74:1;O2
765.54494	765.5429	.0021	PA 41:5	C44H77O8P	[M+H]+	/resources/tools/chemdb_ontology?abbrev=PA 41:5
765.54494	765.5429	.0021	PG O-38:5	C44H79O9P	[M+H-H2O]+	/resources/tools/chemdb_ontology?abbrev=PG O-38:5
765.54494	765.5405	.0045	PA 39:2	C42H79O8PNa	[M+Na]+	/resources/tools/chemdb_ontology?abbrev=PA 39:2
765.54494	765.5389	.0061	PS 33:1	C39H74NO10P	[M+NH4]+	/resources/tools/chemdb_ontology?abbrev=PS 33:1
765.54494	765.5541	.0092	PE O-38:7	C43H74NO7P	[M+NH4]+	/resources/tools/chemdb_ontology?abbrev=PE O-38:7
765.54494	765.5404	.0045	DG 44:8	C47H76O5Na2	[M+2Na-H]+	/resources/tools/chemdb_ontology?abbrev=DG 44:8
800.61261	800.6164	.0038	PC 37:2	C45H86NO8P	[M+H]+	/resources/tools/chemdb_ontology?abbrev=PC 37:2
800.61261	800.6164	.0038	PE 40:2	C45H86NO8P	[M+H]+	/resources/tools/chemdb_ontology?abbrev=PE 40:2
800.61261	800.6164	.0038	PS O-39:1	C45H88NO9P	[M+H-H2O]+	/resources/tools/chemdb_ontology?abbrev=PS O-39:1
800.61261	800.6164	.0038	PA 42:3	C45H83O8P	[M+NH4]+	/resources/tools/chemdb_ontology?abbrev=PA 42:3
571.54995	571.5424	.0075	WE 37:1	C37H72O2Na	[M+Na]+	/resources/tools/chemdb_ontology?abbrev=WE 37:1
571.54995	571.5408	.0091	Cer 34:1;O3	C34H67NO4	[M+NH4]+	/resources/tools/chemdb_ontology?abbrev=Cer 34:1;O3
764.54167	764.5436	.0019	PS 34:0	C40H78NO10P	[M+H]+	/resources/tools/chemdb_ontology?abbrev=PS 34:0
764.54167	764.5436	.0019	IPC 34:0;O2	C40H80NO11P	[M+H-H2O]+	/resources/tools/chemdb_ontology?abbrev=IPC 34:0;O2
764.54167	764.5436	.0019	PG 34:2	C40H75O10P	[M+NH4]+	/resources/tools/chemdb_ontology?abbrev=PG 34:2
786.52374	786.5280	.0042	PS 36:3	C42H76NO10P	[M+H]+	/resources/tools/chemdb_ontology?abbrev=PS 36:3
786.52374	786.5256	.0018	PS 34:0	C40H78NO10PNa	[M+Na]+	/resources/tools/chemdb_ontology?abbrev=PS 34:0
786.52374	786.5280	.0042	PG 36:5	C42H73O10P	[M+NH4]+	/resources/tools/chemdb_ontology?abbrev=PG 36:5
786.52374	786.5151	.0087	MGDG 36:9	C45H68O10	[M+NH4]+	/resources/tools/chemdb_ontology?abbrev=MGDG 36:9
744.55256	744.5538	.0012	PC 33:2	C41H78NO8P	[M+H]+	/resources/tools/chemdb_ontology?abbrev=PC 33:2
744.55256	744.5538	.0012	PE 36:2	C41H78NO8P	[M+H]+	/resources/tools/chemdb_ontology?abbrev=PE 36:2
744.55256	744.5538	.0012	PS O-35:1	C41H80NO9P	[M+H-H2O]+	/resources/tools/chemdb_ontology?abbrev=PS O-35:1
744.55256	744.5538	.0012	PA 38:3	C41H75O8P	[M+NH4]+	/resources/tools/chemdb_ontology?abbrev=PA 38:3
744.55256	744.5482	.0044	CL 74:3	C83H156O17P2	[M+2H]2+	/resources/tools/chemdb_ontology?abbrev=CL 74:3
802.61878	802.6109	.0079	PC O-40:6	C48H86NO7P	[M+H-H2O]+	/resources/tools/chemdb_ontology?abbrev=PC O-40:6
802.61878	802.6143	.0045	HexCer 38:0;O2	C44H87NO8Na2	[M+2Na-H]+	/resources/tools/chemdb_ontology?abbrev=HexCer 38:0;O2
714.50596	714.5068	.0009	PC 31:3	C39H72NO8P	[M+H]+	/resources/tools/chemdb_ontology?abbrev=PC 31:3
714.50596	714.5068	.0009	PE 34:3	C39H72NO8P	[M+H]+	/resources/tools/chemdb_ontology?abbrev=PE 34:3
714.50596	714.5068	.0009	PS O-33:2	C39H74NO9P	[M+H-H2O]+	/resources/tools/chemdb_ontology?abbrev=PS O-33:2
714.50596	714.5044	.0015	PC 29:0	C37H74NO8PNa	[M+Na]+	/resources/tools/chemdb_ontology?abbrev=PC 29:0
714.50596	714.5044	.0015	PE 32:0	C37H74NO8PNa	[M+Na]+	/resources/tools/chemdb_ontology?abbrev=PE 32:0
714.50596	714.5068	.0009	PA 36:4	C39H69O8P	[M+NH4]+	/resources/tools/chemdb_ontology?abbrev=PA 36:4
714.50596	714.5012	.0047	CL 70:5	C79H144O17P2	[M+2H]2+	/resources/tools/chemdb_ontology?abbrev=CL 70:5
772.55908	772.5639	.0049	PC O-38:7	C46H80NO7P	[M+H-H2O]+	/resources/tools/chemdb_ontology?abbrev=PC O-38:7
772.55908	772.5591	.0001	CerP 42:2;O2	C42H82NO6PNa2	[M+2Na-H]+	/resources/tools/chemdb_ontology?abbrev=CerP 42:2;O2
772.55908	772.5674	.0083	DGCC 32:0	C42H81NO8Na2	[M+2Na-H]+	/resources/tools/chemdb_ontology?abbrev=DGCC 32:0
772.55908	772.5674	.0083	HexCer 36:1;O2	C42H81NO8Na2	[M+2Na-H]+	/resources/tools/chemdb_ontology?abbrev=HexCer 36:1;O2
784.48523	784.4912	.0059	PE 40:10	C45H70NO8P	[M+H]+	/resources/tools/chemdb_ontology?abbrev=PE 40:10
784.48523	784.4888	.0035	PE 38:7	C43H72NO8PNa	[M+Na]+	/resources/tools/chemdb_ontology?abbrev=PE 38:7
784.48523	784.4912	.0059	PA 42:11	C45H67O8P	[M+NH4]+	/resources/tools/chemdb_ontology?abbrev=PA 42:11
784.48523	784.4832	.0021	CL 78:13	C87H144O17P2Na2	[M+2Na]2+	/resources/tools/chemdb_ontology?abbrev=CL 78:13
784.48523	784.4864	.0011	PC 33:4	C41H74NO8PNa2	[M+2Na-H]+	/resources/tools/chemdb_ontology?abbrev=PC 33:4
784.48523	784.4864	.0011	PE 36:4	C41H74NO8PNa2	[M+2Na-H]+	/resources/tools/chemdb_ontology?abbrev=PE 36:4
784.48523	784.4864	.0011	PE O-36:5;O	C41H74NO8PNa2	[M+2Na-H]+	/resources/tools/chemdb_ontology?abbrev=PE O-36:5;O
799.60195	799.5960	.0060	PC 36:4	C44H80NO8P	[M+NH4]+	/resources/tools/chemdb_ontology?abbrev=PC 36:4
799.60195	799.5960	.0060	PE 39:4	C44H80NO8P	[M+NH4]+	/resources/tools/chemdb_ontology?abbrev=PE 39:4
787.52683	787.5248	.0020	PA 41:5	C44H77O8PNa	[M+Na]+	/resources/tools/chemdb_ontology?abbrev=PA 41:5
787.52683	787.5232	.0036	PS 35:4	C41H72NO10P	[M+NH4]+	/resources/tools/chemdb_ontology?abbrev=PS 35:4
787.52683	787.5224	.0044	PA 39:2	C42H79O8PNa2	[M+2Na-H]+	/resources/tools/chemdb_ontology?abbrev=PA 39:2
736.48753	736.4912	.0036	PE 36:6	C41H70NO8P	[M+H]+	/resources/tools/chemdb_ontology?abbrev=PE 36:6
736.48753	736.4888	.0012	PC 31:3	C39H72NO8PNa	[M+Na]+	/resources/tools/chemdb_ontology?abbrev=PC 31:3
736.48753	736.4888	.0012	PE 34:3	C39H72NO8PNa	[M+Na]+	/resources/tools/chemdb_ontology?abbrev=PE 34:3
736.48753	736.4912	.0036	PA 38:7	C41H67O8P	[M+NH4]+	/resources/tools/chemdb_ontology?abbrev=PA 38:7
736.48753	736.4832	.0044	CL 70:5	C79H144O17P2Na2	[M+2Na]2+	/resources/tools/chemdb_ontology?abbrev=CL 70:5
736.48753	736.4864	.0012	PC 29:0	C37H74NO8PNa2	[M+2Na-H]+	/resources/tools/chemdb_ontology?abbrev=PC 29:0
736.48753	736.4864	.0012	PE 32:0	C37H74NO8PNa2	[M+2Na-H]+	/resources/tools/chemdb_ontology?abbrev=PE 32:0
703.57382	703.5748	.0010	CerPE 37:1;O2	C39H79N2O6P	[M+H]+	/resources/tools/chemdb_ontology?abbrev=CerPE 37:1;O2
703.57382	703.5748	.0010	SM 34:1;O2	C39H79N2O6P	[M+H]+	/resources/tools/chemdb_ontology?abbrev=SM 34:1;O2
703.57382	703.5660	.0078	DG 44:8	C47H76O5	[M+H-H2O]+	/resources/tools/chemdb_ontology?abbrev=DG 44:8
703.57382	703.5831	.0093	HexCer 33:1;O2	C39H75NO8	[M+NH4]+	/resources/tools/chemdb_ontology?abbrev=HexCer 33:1;O2
704.57734	704.5701	.0072	CerPE 36:2;O2	C38H75N2O6P	[M+NH4]+	/resources/tools/chemdb_ontology?abbrev=CerPE 36:2;O2
704.57734	704.5701	.0072	SM 33:2;O2	C38H75N2O6P	[M+NH4]+	/resources/tools/chemdb_ontology?abbrev=SM 33:2;O2
590.59699	590.5870	.0099	Cer 39:1;O2	C39H77NO3	[M+H-H2O]+	/resources/tools/chemdb_ontology?abbrev=Cer 39:1;O2
685.43556	685.4439	.0083	PG 31:3	C37H67O10P	[M+H-H2O]+	/resources/tools/chemdb_ontology?abbrev=PG 31:3
701.40953	701.4024	.0071	PG 30:4;O2	C36H63O12P	[M+H-H2O]+	/resources/tools/chemdb_ontology?abbrev=PG 30:4;O2
701.40953	701.4153	.0057	PA 35:6	C38H63O8PNa	[M+Na]+	/resources/tools/chemdb_ontology?abbrev=PA 35:6
701.40953	701.4129	.0033	PA 33:3	C36H65O8PNa2	[M+2Na-H]+	/resources/tools/chemdb_ontology?abbrev=PA 33:3
659.51135	659.5122	.0009	CerPE 34:2;O2	C36H71N2O6P	[M+H]+	/resources/tools/chemdb_ontology?abbrev=CerPE 34:2;O2
659.51135	659.5122	.0009	CerPE 34:1;O3	C36H73N2O7P	[M+H-H2O]+	/resources/tools/chemdb_ontology?abbrev=CerPE 34:1;O3
659.51135	659.5205	.0091	HexCer 30:2;O2	C36H67NO8	[M+NH4]+	/resources/tools/chemdb_ontology?abbrev=HexCer 30:2;O2
702.50585	702.5068	.0010	PC 30:2	C38H72NO8P	[M+H]+	/resources/tools/chemdb_ontology?abbrev=PC 30:2
702.50585	702.5068	.0010	PE 33:2	C38H72NO8P	[M+H]+	/resources/tools/chemdb_ontology?abbrev=PE 33:2
702.50585	702.5068	.0010	PS O-32:1	C38H74NO9P	[M+H-H2O]+	/resources/tools/chemdb_ontology?abbrev=PS O-32:1
702.50585	702.5068	.0010	PA 35:3	C38H69O8P	[M+NH4]+	/resources/tools/chemdb_ontology?abbrev=PA 35:3
702.50585	702.5012	.0046	CL 68:3	C77H144O17P2	[M+2H]2+	/resources/tools/chemdb_ontology?abbrev=CL 68:3
646.28853	646.2963	.0078	PS 22:2;O2	C28H50NO12PNa	[M+Na]+	/resources/tools/chemdb_ontology?abbrev=PS 22:2;O2
705.51046	705.5065	.0040	PG O-32:2	C38H73O9P	[M+H]+	/resources/tools/chemdb_ontology?abbrev=PG O-32:2
705.51046	705.5065	.0040	PG 32:0	C38H75O10P	[M+H-H2O]+	/resources/tools/chemdb_ontology?abbrev=PG 32:0
705.51046	705.5177	.0073	PC 29:2	C37H70NO8P	[M+NH4]+	/resources/tools/chemdb_ontology?abbrev=PC 29:2
705.51046	705.5177	.0073	PE 32:2	C37H70NO8P	[M+NH4]+	/resources/tools/chemdb_ontology?abbrev=PE 32:2
431.38596	431.3884	.0024	FA 29:4	C29H50O2	[M+H]+	/resources/tools/chemdb_ontology?abbrev=FA 29:4
431.38596	431.3884	.0024	ST 29:1;O2	C29H50O2	[M+H]+	/resources/tools/chemdb_ontology?abbrev=ST 29:1;O2
431.38596	431.3884	.0024	ST 29:0;O3	C29H52O3	[M+H-H2O]+	/resources/tools/chemdb_ontology?abbrev=ST 29:0;O3
431.38596	431.3859	.0000	FA 27:1	C27H52O2Na	[M+Na]+	/resources/tools/chemdb_ontology?abbrev=FA 27:1
431.38596	431.3859	.0000	WE 27:1	C27H52O2Na	[M+Na]+	/resources/tools/chemdb_ontology?abbrev=WE 27:1
431.38596	431.3843	.0016	CAR 17:0	C24H47NO4	[M+NH4]+	/resources/tools/chemdb_ontology?abbrev=CAR 17:0
489.43607	489.4262	.0099	CAR 20:0;O	C27H53NO5	[M+NH4]+	/resources/tools/chemdb_ontology?abbrev=CAR 20:0;O
686.43833	686.4391	.0008	PC 28:3;O2	C36H66NO10P	[M+H-H2O]+	/resources/tools/chemdb_ontology?abbrev=PC 28:3;O2
686.43833	686.4391	.0008	PS 30:2	C36H66NO10P	[M+H-H2O]+	/resources/tools/chemdb_ontology?abbrev=PS 30:2
686.43833	686.4367	.0016	PS O-28:1	C34H66NO9PNa	[M+Na]+	/resources/tools/chemdb_ontology?abbrev=PS O-28:1
559.43117	559.4357	.0045	DG 32:5	C35H58O5	[M+H]+	/resources/tools/chemdb_ontology?abbrev=DG 32:5
559.43117	559.4333	.0021	DG 30:2	C33H60O5Na	[M+Na]+	/resources/tools/chemdb_ontology?abbrev=DG 30:2
689.52152	689.5228	.0013	CerPE 35:2;O3	C37H73N2O7P	[M+H]+	/resources/tools/chemdb_ontology?abbrev=CerPE 35:2;O3
689.52152	689.5139	.0076	DG 42:10	C45H68O5	[M+H]+	/resources/tools/chemdb_ontology?abbrev=DG 42:10
689.52152	689.5116	.0099	PA 35:1	C38H73O8P	[M+H]+	/resources/tools/chemdb_ontology?abbrev=PA 35:1
689.52152	689.5116	.0099	PG O-32:1	C38H75O9P	[M+H-H2O]+	/resources/tools/chemdb_ontology?abbrev=PG O-32:1
689.52152	689.5115	.0100	DG 40:7	C43H70O5Na	[M+Na]+	/resources/tools/chemdb_ontology?abbrev=DG 40:7
665.43945	665.4388	.0006	PG 28:1	C34H65O10P	[M+H]+	/resources/tools/chemdb_ontology?abbrev=PG 28:1
665.43945	665.4493	.0098	PA O-31:0	C34H69O7PNa2	[M+2Na-H]+	/resources/tools/chemdb_ontology?abbrev=PA O-31:0
764.58919	764.5800	.0092	PS O-35:0	C41H82NO9P	[M+H]+	/resources/tools/chemdb_ontology?abbrev=PS O-35:0
764.58919	764.5952	.0061	PC O-37:4	C45H84NO7P	[M+H-H2O]+	/resources/tools/chemdb_ontology?abbrev=PC O-37:4
764.58919	764.5952	.0061	PE O-40:4	C45H84NO7P	[M+H-H2O]+	/resources/tools/chemdb_ontology?abbrev=PE O-40:4
764.58919	764.5800	.0092	PG O-35:2	C41H79O9P	[M+NH4]+	/resources/tools/chemdb_ontology?abbrev=PG O-35:2
624.59126	624.5925	.0013	Cer 39:0;O4	C39H79NO5	[M+H-H2O]+	/resources/tools/chemdb_ontology?abbrev=Cer 39:0;O4
707.53999	707.5334	.0066	PC 29:1	C37H72NO8P	[M+NH4]+	/resources/tools/chemdb_ontology?abbrev=PC 29:1
707.53999	707.5334	.0066	PE 32:1	C37H72NO8P	[M+NH4]+	/resources/tools/chemdb_ontology?abbrev=PE 32:1
728.52056	728.5225	.0019	PC 32:3	C40H74NO8P	[M+H]+	/resources/tools/chemdb_ontology?abbrev=PC 32:3
728.52056	728.5225	.0019	PE 35:3	C40H74NO8P	[M+H]+	/resources/tools/chemdb_ontology?abbrev=PE 35:3
728.52056	728.5225	.0019	PS O-34:2	C40H76NO9P	[M+H-H2O]+	/resources/tools/chemdb_ontology?abbrev=PS O-34:2
728.52056	728.5201	.0005	PC 30:0	C38H76NO8PNa	[M+Na]+	/resources/tools/chemdb_ontology?abbrev=PC 30:0
728.52056	728.5201	.0005	PE 33:0	C38H76NO8PNa	[M+Na]+	/resources/tools/chemdb_ontology?abbrev=PE 33:0
728.52056	728.5225	.0019	PA 37:4	C40H71O8P	[M+NH4]+	/resources/tools/chemdb_ontology?abbrev=PA 37:4
728.52056	728.5169	.0037	CL 72:5	C81H148O17P2	[M+2H]2+	/resources/tools/chemdb_ontology?abbrev=CL 72:5
804.54983	804.5538	.0039	PC 38:7	C46H78NO8P	[M+H]+	/resources/tools/chemdb_ontology?abbrev=PC 38:7
804.54983	804.5538	.0039	PE 41:7	C46H78NO8P	[M+H]+	/resources/tools/chemdb_ontology?abbrev=PE 41:7
804.54983	804.5538	.0039	PS O-40:6	C46H80NO9P	[M+H-H2O]+	/resources/tools/chemdb_ontology?abbrev=PS O-40:6
804.54983	804.5514	.0015	PC 36:4	C44H80NO8PNa	[M+Na]+	/resources/tools/chemdb_ontology?abbrev=PC 36:4
804.54983	804.5514	.0015	PE 39:4	C44H80NO8PNa	[M+Na]+	/resources/tools/chemdb_ontology?abbrev=PE 39:4
804.54983	804.5490	.0009	PC 34:1	C42H82NO8PNa2	[M+2Na-H]+	/resources/tools/chemdb_ontology?abbrev=PC 34:1
804.54983	804.5490	.0009	PE 37:1	C42H82NO8PNa2	[M+2Na-H]+	/resources/tools/chemdb_ontology?abbrev=PE 37:1
804.54983	804.5572	.0074	HexCer 36:1;O4	C42H81NO10Na2	[M+2Na-H]+	/resources/tools/chemdb_ontology?abbrev=HexCer 36:1;O4
770.56758	770.5694	.0018	PC 35:3	C43H80NO8P	[M+H]+	/resources/tools/chemdb_ontology?abbrev=PC 35:3
770.56758	770.5694	.0018	PE 38:3	C43H80NO8P	[M+H]+	/resources/tools/chemdb_ontology?abbrev=PE 38:3
770.56758	770.5694	.0018	PS O-37:2	C43H82NO9P	[M+H-H2O]+	/resources/tools/chemdb_ontology?abbrev=PS O-37:2
770.56758	770.5670	.0006	PC 33:0	C41H82NO8PNa	[M+Na]+	/resources/tools/chemdb_ontology?abbrev=PC 33:0
770.56758	770.5670	.0006	PE 36:0	C41H82NO8PNa	[M+Na]+	/resources/tools/chemdb_ontology?abbrev=PE 36:0
770.56758	770.5694	.0018	PA 40:4	C43H77O8P	[M+NH4]+	/resources/tools/chemdb_ontology?abbrev=PA 40:4
770.56758	770.5638	.0038	CL 78:5	C87H160O17P2	[M+2H]2+	/resources/tools/chemdb_ontology?abbrev=CL 78:5
786.57438	786.5796	.0052	PE O-42:7	C47H82NO7P	[M+H-H2O]+	/resources/tools/chemdb_ontology?abbrev=PE O-42:7
786.57438	786.5830	.0086	HexCer 37:1;O2	C43H83NO8Na2	[M+2Na-H]+	/resources/tools/chemdb_ontology?abbrev=HexCer 37:1;O2
570.54655	570.5456	.0010	Cer 35:0;O3	C35H71NO4	[M+H]+	/resources/tools/chemdb_ontology?abbrev=Cer 35:0;O3
770.50862	770.5119	.0033	PE 40:8	C45H74NO8P	[M+H-H2O]+	/resources/tools/chemdb_ontology?abbrev=PE 40:8
770.50862	770.5095	.0009	PE O-38:7	C43H74NO7PNa	[M+Na]+	/resources/tools/chemdb_ontology?abbrev=PE O-38:7
770.50862	770.5178	.0092	PI O-29:1	C38H73O12P	[M+NH4]+	/resources/tools/chemdb_ontology?abbrev=PI O-29:1
770.50862	770.5071	.0015	PE O-36:4	C41H76NO7PNa2	[M+2Na-H]+	/resources/tools/chemdb_ontology?abbrev=PE O-36:4
770.50862	770.5153	.0067	HexCer 35:3;O3	C41H75NO9Na2	[M+2Na-H]+	/resources/tools/chemdb_ontology?abbrev=HexCer 35:3;O3
840.62097	840.6113	.0097	PS 41:2	C47H88NO10P	[M+H-H2O]+	/resources/tools/chemdb_ontology?abbrev=PS 41:2
840.62097	840.6300	.0090	HexCer 41:2;O2	C47H89NO8Na2	[M+2Na-H]+	/resources/tools/chemdb_ontology?abbrev=HexCer 41:2;O2
782.56691	782.5694	.0025	PC 36:4	C44H80NO8P	[M+H]+	/resources/tools/chemdb_ontology?abbrev=PC 36:4
782.56691	782.5694	.0025	PE 39:4	C44H80NO8P	[M+H]+	/resources/tools/chemdb_ontology?abbrev=PE 39:4
782.56691	782.5694	.0025	PS O-38:3	C44H82NO9P	[M+H-H2O]+	/resources/tools/chemdb_ontology?abbrev=PS O-38:3
782.56691	782.5670	.0001	PC 34:1	C42H82NO8PNa	[M+Na]+	/resources/tools/chemdb_ontology?abbrev=PC 34:1
782.56691	782.5670	.0001	PE 37:1	C42H82NO8PNa	[M+Na]+	/resources/tools/chemdb_ontology?abbrev=PE 37:1
782.56691	782.5753	.0084	HexCer 36:1;O4	C42H81NO10Na	[M+Na]+	/resources/tools/chemdb_ontology?abbrev=HexCer 36:1;O4
782.56691	782.5694	.0025	PA 41:5	C44H77O8P	[M+NH4]+	/resources/tools/chemdb_ontology?abbrev=PA 41:5
783.57113	783.5647	.0065	PC 35:5	C43H76NO8P	[M+NH4]+	/resources/tools/chemdb_ontology?abbrev=PC 35:5
783.57113	783.5647	.0065	PE 38:5	C43H76NO8P	[M+NH4]+	/resources/tools/chemdb_ontology?abbrev=PE 38:5
783.57113	783.5647	.0065	PE O-38:6;O	C43H76NO8P	[M+NH4]+	/resources/tools/chemdb_ontology?abbrev=PE O-38:6;O
783.57113	783.5692	.0019	CL 76:0	C85H166O17P2Na2	[M+2Na]2+	/resources/tools/chemdb_ontology?abbrev=CL 76:0
822.52204	822.5280	.0059	PS 39:6	C45H76NO10P	[M+H]+	/resources/tools/chemdb_ontology?abbrev=PS 39:6
822.52204	822.5256	.0035	PS 37:3	C43H78NO10PNa	[M+Na]+	/resources/tools/chemdb_ontology?abbrev=PS 37:3
822.52204	822.5280	.0059	PG 39:8	C45H73O10P	[M+NH4]+	/resources/tools/chemdb_ontology?abbrev=PG 39:8
822.52204	822.5127	.0093	PI 32:3	C41H73O13P	[M+NH4]+	/resources/tools/chemdb_ontology?abbrev=PI 32:3
822.52204	822.5231	.0011	PS 35:0	C41H80NO10PNa2	[M+2Na-H]+	/resources/tools/chemdb_ontology?abbrev=PS 35:0
823.52533	823.5331	.0078	PI 33:1	C42H79O13P	[M+H]+	/resources/tools/chemdb_ontology?abbrev=PI 33:1
823.52533	823.5248	.0005	PA 44:8	C47H77O8PNa	[M+Na]+	/resources/tools/chemdb_ontology?abbrev=PA 44:8
823.52533	823.5232	.0021	PS 38:7	C44H72NO10P	[M+NH4]+	/resources/tools/chemdb_ontology?abbrev=PS 38:7
823.52533	823.5224	.0029	PA 42:5	C45H79O8PNa2	[M+2Na-H]+	/resources/tools/chemdb_ontology?abbrev=PA 42:5
823.52533	823.5307	.0053	MGDG 36:4	C45H78O10Na2	[M+2Na-H]+	/resources/tools/chemdb_ontology?abbrev=MGDG 36:4
784.57453	784.5827	.0081	PC 34:0	C42H84NO8PNa	[M+Na]+	/resources/tools/chemdb_ontology?abbrev=PC 34:0
784.57453	784.5827	.0081	PE 37:0	C42H84NO8PNa	[M+Na]+	/resources/tools/chemdb_ontology?abbrev=PE 37:0
784.57453	784.5674	.0072	HexCer 37:2;O2	C43H81NO8Na2	[M+2Na-H]+	/resources/tools/chemdb_ontology?abbrev=HexCer 37:2;O2
1486.07948	1486.0734	.0061	CL 74:4	C83H154O17P2	[M+H]+	/resources/tools/chemdb_ontology?abbrev=CL 74:4
1486.07948	1486.0710	.0085	CL 72:1	C81H156O17P2Na	[M+Na]+	/resources/tools/chemdb_ontology?abbrev=CL 72:1
767.5416	767.5334	.0082	PC 34:6	C42H72NO8P	[M+NH4]+	/resources/tools/chemdb_ontology?abbrev=PC 34:6
767.5416	767.5334	.0082	PE 37:6	C42H72NO8P	[M+NH4]+	/resources/tools/chemdb_ontology?abbrev=PE 37:6
767.5416	767.5403	.0013	CL 78:8	C87H154O17P2	[M+2H]2+	/resources/tools/chemdb_ontology?abbrev=CL 78:8
767.5416	767.5379	.0037	CL 74:2	C83H158O17P2Na2	[M+2Na]2+	/resources/tools/chemdb_ontology?abbrev=CL 74:2
754.5348	754.5381	.0033	PC 34:4	C42H76NO8P	[M+H]+	/resources/tools/chemdb_ontology?abbrev=PC 34:4
754.5348	754.5381	.0033	PE 37:4	C42H76NO8P	[M+H]+	/resources/tools/chemdb_ontology?abbrev=PE 37:4
754.5348	754.5381	.0033	PS O-36:3	C42H78NO9P	[M+H-H2O]+	/resources/tools/chemdb_ontology?abbrev=PS O-36:3
754.5348	754.5357	.0009	PC 32:1	C40H78NO8PNa	[M+Na]+	/resources/tools/chemdb_ontology?abbrev=PC 32:1
754.5348	754.5357	.0009	PE 35:1	C40H78NO8PNa	[M+Na]+	/resources/tools/chemdb_ontology?abbrev=PE 35:1
754.5348	754.5440	.0092	HexCer 34:1;O4	C40H77NO10Na	[M+Na]+	/resources/tools/chemdb_ontology?abbrev=HexCer 34:1;O4
754.5348	754.5381	.0033	PA 39:5	C42H73O8P	[M+NH4]+	/resources/tools/chemdb_ontology?abbrev=PA 39:5
754.5348	754.5325	.0023	CL 76:7	C85H152O17P2	[M+2H]2+	/resources/tools/chemdb_ontology?abbrev=CL 76:7
754.5348	754.5301	.0047	CL 72:1	C81H156O17P2Na2	[M+2Na]2+	/resources/tools/chemdb_ontology?abbrev=CL 72:1
734.61357	734.6058	.0078	PC O-33:0	C41H84NO7P	[M+H]+	/resources/tools/chemdb_ontology?abbrev=PC O-33:0
734.61357	734.6058	.0078	PE O-36:0	C41H84NO7P	[M+H]+	/resources/tools/chemdb_ontology?abbrev=PE O-36:0
734.61357	734.6170	.0035	CerPE 38:1;O2	C40H81N2O6P	[M+NH4]+	/resources/tools/chemdb_ontology?abbrev=CerPE 38:1;O2
734.61357	734.6170	.0035	SM 35:1;O2	C40H81N2O6P	[M+NH4]+	/resources/tools/chemdb_ontology?abbrev=SM 35:1;O2
734.61357	734.6058	.0078	PA O-38:1	C41H81O7P	[M+NH4]+	/resources/tools/chemdb_ontology?abbrev=PA O-38:1
1488.08569	1488.0891	.0034	CL 74:3	C83H156O17P2	[M+H]+	/resources/tools/chemdb_ontology?abbrev=CL 74:3
1488.08569	1488.0866	.0010	CL 72:0	C81H158O17P2Na	[M+Na]+	/resources/tools/chemdb_ontology?abbrev=CL 72:0
755.53822	755.5334	.0048	PC 33:5	C41H72NO8P	[M+NH4]+	/resources/tools/chemdb_ontology?abbrev=PC 33:5
755.53822	755.5334	.0048	PE 36:5	C41H72NO8P	[M+NH4]+	/resources/tools/chemdb_ontology?abbrev=PE 36:5
755.53822	755.5403	.0021	CL 76:6	C85H154O17P2	[M+2H]2+	/resources/tools/chemdb_ontology?abbrev=CL 76:6
755.53822	755.5379	.0003	CL 72:0	C81H158O17P2Na2	[M+2Na]2+	/resources/tools/chemdb_ontology?abbrev=CL 72:0
790.66186	790.6684	.0066	PC O-37:0	C45H92NO7P	[M+H]+	/resources/tools/chemdb_ontology?abbrev=PC O-37:0
790.66186	790.6684	.0066	PE O-40:0	C45H92NO7P	[M+H]+	/resources/tools/chemdb_ontology?abbrev=PE O-40:0
790.66186	790.6684	.0066	PA O-42:1	C45H89O7P	[M+NH4]+	/resources/tools/chemdb_ontology?abbrev=PA O-42:1
771.51175	771.5171	.0053	PG 36:4	C42H75O10P	[M+H]+	/resources/tools/chemdb_ontology?abbrev=PG 36:4
771.51175	771.5042	.0076	MGDG 36:8	C45H70O10	[M+H]+	/resources/tools/chemdb_ontology?abbrev=MGDG 36:8
771.51175	771.5147	.0029	PG 34:1	C40H77O10PNa	[M+Na]+	/resources/tools/chemdb_ontology?abbrev=PG 34:1
809.58716	809.5803	.0068	PC 37:6	C45H78NO8P	[M+NH4]+	/resources/tools/chemdb_ontology?abbrev=PC 37:6
809.58716	809.5803	.0068	PE 40:6	C45H78NO8P	[M+NH4]+	/resources/tools/chemdb_ontology?abbrev=PE 40:6
809.58716	809.5803	.0068	PE O-40:7;O	C45H78NO8P	[M+NH4]+	/resources/tools/chemdb_ontology?abbrev=PE O-40:7;O
563.50324	563.5034	.0001	DG 33:1	C36H68O5	[M+H-H2O]+	/resources/tools/chemdb_ontology?abbrev=DG 33:1
1464.09712	1464.0891	.0081	CL 72:1	C81H156O17P2	[M+H]+	/resources/tools/chemdb_ontology?abbrev=CL 72:1
793.61435	793.6106	.0038	PA 44:3	C47H87O8P	[M+H-H2O]+	/resources/tools/chemdb_ontology?abbrev=PA 44:3
793.61435	793.6194	.0050	SM 39:2;O2	C44H87N2O6PNa	[M+Na]+	/resources/tools/chemdb_ontology?abbrev=SM 39:2;O2
793.61435	793.6082	.0062	PA O-42:2	C45H87O7PNa	[M+Na]+	/resources/tools/chemdb_ontology?abbrev=PA O-42:2
793.61435	793.6065	.0078	PS O-36:1	C42H82NO9P	[M+NH4]+	/resources/tools/chemdb_ontology?abbrev=PS O-36:1
841.624	841.6317	.0077	PG O-42:4	C48H89O9P	[M+H]+	/resources/tools/chemdb_ontology?abbrev=PG O-42:4
841.624	841.6317	.0077	PG 42:2	C48H91O10P	[M+H-H2O]+	/resources/tools/chemdb_ontology?abbrev=PG 42:2
841.624	841.6293	.0053	PG O-40:1	C46H91O9PNa	[M+Na]+	/resources/tools/chemdb_ontology?abbrev=PG O-40:1
841.624	841.6317	.0077	TG 50:8	C53H86O6Na	[M+Na]+	/resources/tools/chemdb_ontology?abbrev=TG 50:8
841.624	841.6293	.0053	TG 48:5	C51H88O6Na2	[M+2Na-H]+	/resources/tools/chemdb_ontology?abbrev=TG 48:5
790.60595	790.6109	.0049	PE O-42:5	C47H86NO7P	[M+H-H2O]+	/resources/tools/chemdb_ontology?abbrev=PE O-42:5
808.58394	808.5851	.0011	PC 38:5	C46H82NO8P	[M+H]+	/resources/tools/chemdb_ontology?abbrev=PC 38:5
808.58394	808.5851	.0011	PE 41:5	C46H82NO8P	[M+H]+	/resources/tools/chemdb_ontology?abbrev=PE 41:5
808.58394	808.5851	.0011	PC 38:4;O	C46H84NO9P	[M+H-H2O]+	/resources/tools/chemdb_ontology?abbrev=PC 38:4;O
808.58394	808.5851	.0011	PS O-40:4	C46H84NO9P	[M+H-H2O]+	/resources/tools/chemdb_ontology?abbrev=PS O-40:4
808.58394	808.5827	.0013	PC 36:2	C44H84NO8PNa	[M+Na]+	/resources/tools/chemdb_ontology?abbrev=PC 36:2
808.58394	808.5827	.0013	PE 39:2	C44H84NO8PNa	[M+Na]+	/resources/tools/chemdb_ontology?abbrev=PE 39:2
808.58394	808.5851	.0011	PA 43:6	C46H79O8P	[M+NH4]+	/resources/tools/chemdb_ontology?abbrev=PA 43:6
792.61198	792.6113	.0007	PS O-37:0	C43H86NO9P	[M+H]+	/resources/tools/chemdb_ontology?abbrev=PS O-37:0
792.61198	792.6113	.0007	PG O-37:2	C43H83O9P	[M+NH4]+	/resources/tools/chemdb_ontology?abbrev=PG O-37:2
732.55329	732.5538	.0005	PC 32:1	C40H78NO8P	[M+H]+	/resources/tools/chemdb_ontology?abbrev=PC 32:1
732.55329	732.5538	.0005	PE 35:1	C40H78NO8P	[M+H]+	/resources/tools/chemdb_ontology?abbrev=PE 35:1
732.55329	732.5620	.0087	HexCer 34:1;O4	C40H77NO10	[M+H]+	/resources/tools/chemdb_ontology?abbrev=HexCer 34:1;O4
732.55329	732.5538	.0005	PS O-34:0	C40H80NO9P	[M+H-H2O]+	/resources/tools/chemdb_ontology?abbrev=PS O-34:0
732.55329	732.5538	.0005	PA 37:2	C40H75O8P	[M+NH4]+	/resources/tools/chemdb_ontology?abbrev=PA 37:2
732.55329	732.5561	.0029	DG 44:11	C47H70O5	[M+NH4]+	/resources/tools/chemdb_ontology?abbrev=DG 44:11
1466.10311	1466.1047	.0016	CL 72:0	C81H158O17P2	[M+H]+	/resources/tools/chemdb_ontology?abbrev=CL 72:0
732.60608	732.6014	.0047	CerPE 38:2;O2	C40H79N2O6P	[M+NH4]+	/resources/tools/chemdb_ontology?abbrev=CerPE 38:2;O2
732.60608	732.6137	.0076	TG 42:4	C45H78O6	[M+NH4]+	/resources/tools/chemdb_ontology?abbrev=TG 42:4
791.60918	791.6160	.0069	PG O-38:1	C44H87O9P	[M+H]+	/resources/tools/chemdb_ontology?abbrev=PG O-38:1
791.60918	791.6184	.0092	TG 48:8	C51H82O6	[M+H]+	/resources/tools/chemdb_ontology?abbrev=TG 48:8
791.60918	791.6160	.0068	TG 46:5	C49H84O6Na	[M+Na]+	/resources/tools/chemdb_ontology?abbrev=TG 46:5
791.60918	791.6144	.0052	DGCC 36:5	C46H79NO8	[M+NH4]+	/resources/tools/chemdb_ontology?abbrev=DGCC 36:5
791.60918	791.6136	.0044	TG 44:2	C47H86O6Na2	[M+2Na-H]+	/resources/tools/chemdb_ontology?abbrev=TG 44:2
735.56208	735.5534	.0086	PG O-34:1	C40H79O9P	[M+H]+	/resources/tools/chemdb_ontology?abbrev=PG O-34:1
735.56208	735.5647	.0026	PC 31:1	C39H76NO8P	[M+NH4]+	/resources/tools/chemdb_ontology?abbrev=PC 31:1
735.56208	735.5647	.0026	PE 34:1	C39H76NO8P	[M+NH4]+	/resources/tools/chemdb_ontology?abbrev=PE 34:1
706.58317	706.5745	.0087	PC O-31:0	C39H80NO7P	[M+H]+	/resources/tools/chemdb_ontology?abbrev=PC O-31:0
706.58317	706.5745	.0087	PE O-34:0	C39H80NO7P	[M+H]+	/resources/tools/chemdb_ontology?abbrev=PE O-34:0
706.58317	706.5857	.0026	CerPE 36:1;O2	C38H77N2O6P	[M+NH4]+	/resources/tools/chemdb_ontology?abbrev=CerPE 36:1;O2
706.58317	706.5857	.0026	SM 33:1;O2	C38H77N2O6P	[M+NH4]+	/resources/tools/chemdb_ontology?abbrev=SM 33:1;O2
706.58317	706.5745	.0087	PA O-36:1	C39H77O7P	[M+NH4]+	/resources/tools/chemdb_ontology?abbrev=PA O-36:1
733.5565	733.5490	.0075	PC 31:2	C39H74NO8P	[M+NH4]+	/resources/tools/chemdb_ontology?abbrev=PC 31:2
733.5565	733.5490	.0075	PE 34:2	C39H74NO8P	[M+NH4]+	/resources/tools/chemdb_ontology?abbrev=PE 34:2
733.5565	733.5560	.0005	CL 72:0	C81H158O17P2	[M+2H]2+	/resources/tools/chemdb_ontology?abbrev=CL 72:0
1512.09528	1512.0891	.0062	CL 76:5	C85H156O17P2	[M+H]+	/resources/tools/chemdb_ontology?abbrev=CL 76:5
1512.09528	1512.0866	.0086	CL 74:2	C83H158O17P2Na	[M+Na]+	/resources/tools/chemdb_ontology?abbrev=CL 74:2
1514.10182	1514.1047	.0029	CL 76:4	C85H158O17P2	[M+H]+	/resources/tools/chemdb_ontology?abbrev=CL 76:4
1514.10182	1514.1023	.0005	CL 74:1	C83H160O17P2Na	[M+Na]+	/resources/tools/chemdb_ontology?abbrev=CL 74:1
756.54122	756.5326	.0086	PE O-40:8	C45H76NO7P	[M+H-H2O]+	/resources/tools/chemdb_ontology?abbrev=PE O-40:8
756.54122	756.5361	.0051	HexCer 35:2;O2	C41H77NO8Na2	[M+2Na-H]+	/resources/tools/chemdb_ontology?abbrev=HexCer 35:2;O2
1492.11949	1492.1204	.0009	CL 74:1	C83H160O17P2	[M+H]+	/resources/tools/chemdb_ontology?abbrev=CL 74:1
704.62829	704.6187	.0095	DG 41:4	C44H78O5	[M+NH4]+	/resources/tools/chemdb_ontology?abbrev=DG 41:4
704.62829	704.6292	.0009	Cer 44:2;O	C44H85NO2Na2	[M+2Na-H]+	/resources/tools/chemdb_ontology?abbrev=Cer 44:2;O
734.55935	734.5541	.0052	HexCer 35:2;O2	C41H77NO8Na	[M+Na]+	/resources/tools/chemdb_ontology?abbrev=HexCer 35:2;O2
705.58005	705.5793	.0008	PA O-37:0	C40H81O7P	[M+H]+	/resources/tools/chemdb_ontology?abbrev=PA O-37:0
705.58005	705.5816	.0016	DG 44:7	C47H78O5	[M+H-H2O]+	/resources/tools/chemdb_ontology?abbrev=DG 44:7
704.57726	704.5701	.0072	CerPE 36:2;O2	C38H75N2O6P	[M+NH4]+	/resources/tools/chemdb_ontology?abbrev=CerPE 36:2;O2
704.57726	704.5701	.0072	SM 33:2;O2	C38H75N2O6P	[M+NH4]+	/resources/tools/chemdb_ontology?abbrev=SM 33:2;O2
703.57397	703.5748	.0009	CerPE 37:1;O2	C39H79N2O6P	[M+H]+	/resources/tools/chemdb_ontology?abbrev=CerPE 37:1;O2
703.57397	703.5748	.0009	SM 34:1;O2	C39H79N2O6P	[M+H]+	/resources/tools/chemdb_ontology?abbrev=SM 34:1;O2
703.57397	703.5660	.0080	DG 44:8	C47H76O5	[M+H-H2O]+	/resources/tools/chemdb_ontology?abbrev=DG 44:8
703.57397	703.5831	.0091	HexCer 33:1;O2	C39H75NO8	[M+NH4]+	/resources/tools/chemdb_ontology?abbrev=HexCer 33:1;O2
703.62641	703.6235	.0029	DG 42:3	C45H82O5	[M+H]+	/resources/tools/chemdb_ontology?abbrev=DG 42:3
703.62641	703.6235	.0029	TG 42:1	C45H84O6	[M+H-H2O]+	/resources/tools/chemdb_ontology?abbrev=TG 42:1
703.62641	703.6211	.0053	DG 40:0	C43H84O5Na	[M+Na]+	/resources/tools/chemdb_ontology?abbrev=DG 40:0
703.62641	703.6363	.0099	CE 20:0	C47H84O2Na	[M+Na]+	/resources/tools/chemdb_ontology?abbrev=CE 20:0
819.63022	819.6222	.0080	PS O-38:2	C44H84NO9P	[M+NH4]+	/resources/tools/chemdb_ontology?abbrev=PS O-38:2
819.63022	819.6214	.0088	PA O-42:0	C45H91O7PNa2	[M+2Na-H]+	/resources/tools/chemdb_ontology?abbrev=PA O-42:0
1516.12825	1516.1204	.0079	CL 76:3	C85H160O17P2	[M+H]+	/resources/tools/chemdb_ontology?abbrev=CL 76:3
762.58007	762.5796	.0005	PE O-40:5	C45H82NO7P	[M+H-H2O]+	/resources/tools/chemdb_ontology?abbrev=PE O-40:5
762.58007	762.5854	.0054	HexCer 37:2;O2	C43H81NO8Na	[M+Na]+	/resources/tools/chemdb_ontology?abbrev=HexCer 37:2;O2
817.6817	817.6793	.0024	PC O-38:2	C46H90NO7P	[M+NH4]+	/resources/tools/chemdb_ontology?abbrev=PC O-38:2
817.6817	817.6876	.0059	HexCer 40:1;O3	C46H89NO9	[M+NH4]+	/resources/tools/chemdb_ontology?abbrev=HexCer 40:1;O3
725.55555	725.5480	.0076	PA 39:2	C42H79O8P	[M+H-H2O]+	/resources/tools/chemdb_ontology?abbrev=PA 39:2
725.55555	725.5568	.0012	CerPE 37:1;O2	C39H79N2O6PNa	[M+Na]+	/resources/tools/chemdb_ontology?abbrev=CerPE 37:1;O2
725.55555	725.5568	.0012	SM 34:1;O2	C39H79N2O6PNa	[M+Na]+	/resources/tools/chemdb_ontology?abbrev=SM 34:1;O2
725.55555	725.5456	.0100	PA O-37:1	C40H79O7PNa	[M+Na]+	/resources/tools/chemdb_ontology?abbrev=PA O-37:1
1518.13567	1518.1360	.0003	CL 76:2	C85H162O17P2	[M+H]+	/resources/tools/chemdb_ontology?abbrev=CL 76:2
655.52402	655.5296	.0056	DG 39:6	C42H70O5	[M+H]+	/resources/tools/chemdb_ontology?abbrev=DG 39:6
655.52402	655.5173	.0067	CerPE 35:2;O2	C37H73N2O6P	[M+H-H2O]+	/resources/tools/chemdb_ontology?abbrev=CerPE 35:2;O2
655.52402	655.5173	.0067	SM 32:2;O2	C37H73N2O6P	[M+H-H2O]+	/resources/tools/chemdb_ontology?abbrev=SM 32:2;O2
655.52402	655.5272	.0032	DG 37:3	C40H72O5Na	[M+Na]+	/resources/tools/chemdb_ontology?abbrev=DG 37:3
655.52402	655.5248	.0008	DG 35:0	C38H74O5Na2	[M+2Na-H]+	/resources/tools/chemdb_ontology?abbrev=DG 35:0
1538.11086	1538.1047	.0062	CL 78:6	C87H158O17P2	[M+H]+	/resources/tools/chemdb_ontology?abbrev=CL 78:6
1538.11086	1538.1023	.0086	CL 76:3	C85H160O17P2Na	[M+Na]+	/resources/tools/chemdb_ontology?abbrev=CL 76:3
726.55901	726.5515	.0076	HexCer 35:3;O3	C41H75NO9	[M+H]+	/resources/tools/chemdb_ontology?abbrev=HexCer 35:3;O3
726.55901	726.5643	.0053	PG O-32:0	C38H77O9P	[M+NH4]+	/resources/tools/chemdb_ontology?abbrev=PG O-32:0
741.52894	741.5247	.0043	CL 74:6	C83H150O17P2	[M+2H]2+	/resources/tools/chemdb_ontology?abbrev=CL 74:6
1540.11732	1540.1204	.0030	CL 78:5	C87H160O17P2	[M+H]+	/resources/tools/chemdb_ontology?abbrev=CL 78:5
1540.11732	1540.1179	.0006	CL 76:2	C85H162O17P2Na	[M+Na]+	/resources/tools/chemdb_ontology?abbrev=CL 76:2
848.53768	848.5436	.0059	PS 41:7	C47H78NO10P	[M+H]+	/resources/tools/chemdb_ontology?abbrev=PS 41:7
848.53768	848.5412	.0035	PS 39:4	C45H80NO10PNa	[M+Na]+	/resources/tools/chemdb_ontology?abbrev=PS 39:4
848.53768	848.5284	.0093	PI 34:4	C43H75O13P	[M+NH4]+	/resources/tools/chemdb_ontology?abbrev=PI 34:4
848.53768	848.5388	.0011	PS 37:1	C43H82NO10PNa2	[M+2Na-H]+	/resources/tools/chemdb_ontology?abbrev=PS 37:1
759.62441	759.6262	.0018	PA O-41:1	C44H87O7P	[M+H]+	/resources/tools/chemdb_ontology?abbrev=PA O-41:1
793.54301	793.5378	.0052	PG 39:5	C45H79O10P	[M+H-H2O]+	/resources/tools/chemdb_ontology?abbrev=PG 39:5
793.54301	793.5490	.0060	PC 36:7	C44H74NO8P	[M+NH4]+	/resources/tools/chemdb_ontology?abbrev=PC 36:7
793.54301	793.5490	.0060	PE 39:7	C44H74NO8P	[M+NH4]+	/resources/tools/chemdb_ontology?abbrev=PE 39:7
829.61774	829.6170	.0008	SM 40:2;O2	C45H89N2O6PNa2	[M+2Na-H]+	/resources/tools/chemdb_ontology?abbrev=SM 40:2;O2
738.69853	738.6970	.0015	DG 43:1	C46H88O5	[M+NH4]+	/resources/tools/chemdb_ontology?abbrev=DG 43:1
740.65245	740.6503	.0021	Cer 44:0;O3	C44H89NO4Na2	[M+2Na-H]+	/resources/tools/chemdb_ontology?abbrev=Cer 44:0;O3
797.52728	797.5327	.0054	PG 38:5	C44H77O10P	[M+H]+	/resources/tools/chemdb_ontology?abbrev=PG 38:5
797.52728	797.5198	.0075	MGDG 38:9	C47H72O10	[M+H]+	/resources/tools/chemdb_ontology?abbrev=MGDG 38:9
797.52728	797.5175	.0098	PI 31:0	C40H77O13P	[M+H]+	/resources/tools/chemdb_ontology?abbrev=PI 31:0
797.52728	797.5303	.0030	PG 36:2	C42H79O10PNa	[M+Na]+	/resources/tools/chemdb_ontology?abbrev=PG 36:2
797.52728	797.5174	.0099	MGDG 36:6	C45H74O10Na	[M+Na]+	/resources/tools/chemdb_ontology?abbrev=MGDG 36:6
760.62732	760.6215	.0059	PC O-35:1	C43H86NO7P	[M+H]+	/resources/tools/chemdb_ontology?abbrev=PC O-35:1
760.62732	760.6215	.0059	PE O-38:1	C43H86NO7P	[M+H]+	/resources/tools/chemdb_ontology?abbrev=PE O-38:1
760.62732	760.6327	.0054	CerPE 40:2;O2	C42H83N2O6P	[M+NH4]+	/resources/tools/chemdb_ontology?abbrev=CerPE 40:2;O2
760.62732	760.6215	.0059	PA O-40:2	C43H83O7P	[M+NH4]+	/resources/tools/chemdb_ontology?abbrev=PA O-40:2
762.63374	762.6371	.0034	PC O-35:0	C43H88NO7P	[M+H]+	/resources/tools/chemdb_ontology?abbrev=PC O-35:0
762.63374	762.6371	.0034	PE O-38:0	C43H88NO7P	[M+H]+	/resources/tools/chemdb_ontology?abbrev=PE O-38:0
762.63374	762.6371	.0034	PA O-40:1	C43H85O7P	[M+NH4]+	/resources/tools/chemdb_ontology?abbrev=PA O-40:1
796.52407	796.5239	.0001	SHexCer 34:1;O3	C40H77NO12S	[M+H]+	/resources/tools/chemdb_ontology?abbrev=SHexCer 34:1;O3
796.52407	796.5276	.0035	PE 42:9	C47H76NO8P	[M+H-H2O]+	/resources/tools/chemdb_ontology?abbrev=PE 42:9
796.52407	796.5334	.0094	IPC 34:0;O4	C40H80NO13P	[M+H-H2O]+	/resources/tools/chemdb_ontology?abbrev=IPC 34:0;O4
796.52407	796.5252	.0011	PE O-40:8	C45H76NO7PNa	[M+Na]+	/resources/tools/chemdb_ontology?abbrev=PE O-40:8
796.52407	796.5334	.0094	PI O-31:2	C40H75O12P	[M+NH4]+	/resources/tools/chemdb_ontology?abbrev=PI O-31:2
796.52407	796.5228	.0013	PE O-38:5	C43H78NO7PNa2	[M+2Na-H]+	/resources/tools/chemdb_ontology?abbrev=PE O-38:5
776.59977	776.5952	.0045	PC O-38:5	C46H84NO7P	[M+H-H2O]+	/resources/tools/chemdb_ontology?abbrev=PC O-38:5
776.59977	776.6011	.0013	HexCer 38:2;O2	C44H83NO8Na	[M+Na]+	/resources/tools/chemdb_ontology?abbrev=HexCer 38:2;O2
816.67723	816.6841	.0068	PC O-39:1	C47H94NO7P	[M+H]+	/resources/tools/chemdb_ontology?abbrev=PC O-39:1
816.67723	816.6841	.0068	PE O-42:1	C47H94NO7P	[M+H]+	/resources/tools/chemdb_ontology?abbrev=PE O-42:1
828.61473	828.6113	.0034	PS O-40:3	C46H86NO9P	[M+H]+	/resources/tools/chemdb_ontology?abbrev=PS O-40:3
828.61473	828.6113	.0034	PS 40:1	C46H88NO10P	[M+H-H2O]+	/resources/tools/chemdb_ontology?abbrev=PS 40:1
828.61473	828.6089	.0058	PS O-38:0	C44H88NO9PNa	[M+Na]+	/resources/tools/chemdb_ontology?abbrev=PS O-38:0
828.61473	828.6113	.0034	PG O-40:5	C46H83O9P	[M+NH4]+	/resources/tools/chemdb_ontology?abbrev=PG O-40:5
761.63079	761.6250	.0058	HexCer 36:1;O3	C42H81NO9	[M+NH4]+	/resources/tools/chemdb_ontology?abbrev=HexCer 36:1;O3
706.53666	706.5381	.0015	PC 30:0	C38H76NO8P	[M+H]+	/resources/tools/chemdb_ontology?abbrev=PC 30:0
706.53666	706.5381	.0015	PE 33:0	C38H76NO8P	[M+H]+	/resources/tools/chemdb_ontology?abbrev=PE 33:0
706.53666	706.5381	.0015	PA 35:1	C38H73O8P	[M+NH4]+	/resources/tools/chemdb_ontology?abbrev=PA 35:1
706.53666	706.5405	.0038	DG 42:10	C45H68O5	[M+NH4]+	/resources/tools/chemdb_ontology?abbrev=DG 42:10
729.58942	729.5905	.0011	CerPE 39:2;O2	C41H81N2O6P	[M+H]+	/resources/tools/chemdb_ontology?abbrev=CerPE 39:2;O2
729.58942	729.5905	.0011	SM 36:2;O2	C41H81N2O6P	[M+H]+	/resources/tools/chemdb_ontology?abbrev=SM 36:2;O2
729.58942	729.5987	.0093	HexCer 35:2;O2	C41H77NO8	[M+NH4]+	/resources/tools/chemdb_ontology?abbrev=HexCer 35:2;O2
818.6277	818.6269	.0008	PS O-39:1	C45H88NO9P	[M+H]+	/resources/tools/chemdb_ontology?abbrev=PS O-39:1
758.53511	758.5330	.0021	PS O-35:3	C41H76NO9P	[M+H]+	/resources/tools/chemdb_ontology?abbrev=PS O-35:3
758.53511	758.5330	.0021	PS 35:1	C41H78NO10P	[M+H-H2O]+	/resources/tools/chemdb_ontology?abbrev=PS 35:1
758.53511	758.5306	.0045	PS O-33:0	C39H78NO9PNa	[M+Na]+	/resources/tools/chemdb_ontology?abbrev=PS O-33:0
685.43508	685.4439	.0088	PG 31:3	C37H67O10P	[M+H-H2O]+	/resources/tools/chemdb_ontology?abbrev=PG 31:3
578.52163	578.5143	.0074	Cer 36:3;O3	C36H67NO4	[M+H]+	/resources/tools/chemdb_ontology?abbrev=Cer 36:3;O3
578.52163	578.5119	.0098	Cer 34:0;O3	C34H69NO4Na	[M+Na]+	/resources/tools/chemdb_ontology?abbrev=Cer 34:0;O3
578.52163	578.5143	.0074	FAHFA 36:3;O	C36H64O4	[M+NH4]+	/resources/tools/chemdb_ontology?abbrev=FAHFA 36:3;O
733.60818	733.6106	.0024	PA O-39:0	C42H85O7P	[M+H]+	/resources/tools/chemdb_ontology?abbrev=PA O-39:0
859.52918	859.5331	.0039	PI 36:4	C45H79O13P	[M+H]+	/resources/tools/chemdb_ontology?abbrev=PI 36:4
859.52918	859.5307	.0015	PI 34:1	C43H81O13PNa	[M+Na]+	/resources/tools/chemdb_ontology?abbrev=PI 34:1
627.53354	627.5347	.0011	DG 38:4	C41H72O5	[M+H-H2O]+	/resources/tools/chemdb_ontology?abbrev=DG 38:4
577.51825	577.5190	.0008	DG 34:1	C37H70O5	[M+H-H2O]+	/resources/tools/chemdb_ontology?abbrev=DG 34:1
896.60294	896.6035	.0005	TG 53:15;O2	C56H78O8	[M+NH4]+	/resources/tools/chemdb_ontology?abbrev=TG 53:15;O2
896.60294	896.6116	.0086	PC 41:4	C49H90NO8PNa2	[M+2Na-H]+	/resources/tools/chemdb_ontology?abbrev=PC 41:4
896.60294	896.6116	.0086	PE 44:4	C49H90NO8PNa2	[M+2Na-H]+	/resources/tools/chemdb_ontology?abbrev=PE 44:4
895.60023	895.5960	.0043	PC 44:12	C52H80NO8P	[M+NH4]+	/resources/tools/chemdb_ontology?abbrev=PC 44:12
782.56195	782.5694	.0075	PC 36:4	C44H80NO8P	[M+H]+	/resources/tools/chemdb_ontology?abbrev=PC 36:4
782.56195	782.5694	.0075	PE 39:4	C44H80NO8P	[M+H]+	/resources/tools/chemdb_ontology?abbrev=PE 39:4
782.56195	782.5542	.0078	IPC 34:0;O2	C40H80NO11P	[M+H]+	/resources/tools/chemdb_ontology?abbrev=IPC 34:0;O2
782.56195	782.5694	.0075	PS O-38:3	C44H82NO9P	[M+H-H2O]+	/resources/tools/chemdb_ontology?abbrev=PS O-38:3
782.56195	782.5670	.0051	PC 34:1	C42H82NO8PNa	[M+Na]+	/resources/tools/chemdb_ontology?abbrev=PC 34:1
782.56195	782.5670	.0051	PE 37:1	C42H82NO8PNa	[M+Na]+	/resources/tools/chemdb_ontology?abbrev=PE 37:1
782.56195	782.5694	.0075	PA 41:5	C44H77O8P	[M+NH4]+	/resources/tools/chemdb_ontology?abbrev=PA 41:5
782.56195	782.5614	.0005	CL 76:1	C85H164O17P2Na2	[M+2Na]2+	/resources/tools/chemdb_ontology?abbrev=CL 76:1
999.87992	999.8739	.0060	TG 64:7	C67H116O6	[M+H-H2O]+	/resources/tools/chemdb_ontology?abbrev=TG 64:7
761.57775	761.5691	.0087	PG O-36:2	C42H81O9P	[M+H]+	/resources/tools/chemdb_ontology?abbrev=PG O-36:2
761.57775	761.5691	.0087	PG 36:0	C42H83O10P	[M+H-H2O]+	/resources/tools/chemdb_ontology?abbrev=PG 36:0
761.57775	761.5803	.0026	PC 33:2	C41H78NO8P	[M+NH4]+	/resources/tools/chemdb_ontology?abbrev=PC 33:2
761.57775	761.5803	.0026	PE 36:2	C41H78NO8P	[M+NH4]+	/resources/tools/chemdb_ontology?abbrev=PE 36:2
1490.11277	1490.1047	.0081	CL 74:2	C83H158O17P2	[M+H]+	/resources/tools/chemdb_ontology?abbrev=CL 74:2
760.57501	760.5795	.0045	CL 76:1	C85H164O17P2	[M+2H]2+	/resources/tools/chemdb_ontology?abbrev=CL 76:1
719.5402	719.5374	.0028	PA O-40:5	C43H77O7P	[M+H-H2O]+	/resources/tools/chemdb_ontology?abbrev=PA O-40:5
719.5402	719.5334	.0068	PC 30:2	C38H72NO8P	[M+NH4]+	/resources/tools/chemdb_ontology?abbrev=PC 30:2
719.5402	719.5334	.0068	PE 33:2	C38H72NO8P	[M+NH4]+	/resources/tools/chemdb_ontology?abbrev=PE 33:2
719.5402	719.5403	.0001	CL 70:0	C79H154O17P2	[M+2H]2+	/resources/tools/chemdb_ontology?abbrev=CL 70:0
780.55045	780.5538	.0033	PC 36:5	C44H78NO8P	[M+H]+	/resources/tools/chemdb_ontology?abbrev=PC 36:5
780.55045	780.5538	.0033	PE 39:5	C44H78NO8P	[M+H]+	/resources/tools/chemdb_ontology?abbrev=PE 39:5
780.55045	780.5538	.0033	PC 36:4;O	C44H80NO9P	[M+H-H2O]+	/resources/tools/chemdb_ontology?abbrev=PC 36:4;O
780.55045	780.5538	.0033	PS O-38:4	C44H80NO9P	[M+H-H2O]+	/resources/tools/chemdb_ontology?abbrev=PS O-38:4
780.55045	780.5514	.0009	PC 34:2	C42H80NO8PNa	[M+Na]+	/resources/tools/chemdb_ontology?abbrev=PC 34:2
780.55045	780.5514	.0009	PE 37:2	C42H80NO8PNa	[M+Na]+	/resources/tools/chemdb_ontology?abbrev=PE 37:2
780.55045	780.5538	.0033	PA 41:6	C44H75O8P	[M+NH4]+	/resources/tools/chemdb_ontology?abbrev=PA 41:6
780.55045	780.5458	.0047	CL 76:3	C85H160O17P2Na2	[M+2Na]2+	/resources/tools/chemdb_ontology?abbrev=CL 76:3
758.62421	758.6293	.0051	TG 44:5	C47H80O6	[M+NH4]+	/resources/tools/chemdb_ontology?abbrev=TG 44:5
758.62421	758.6170	.0072	CerPE 40:3;O2	C42H81N2O6P	[M+NH4]+	/resources/tools/chemdb_ontology?abbrev=CerPE 40:3;O2
759.57224	759.5647	.0076	PC 33:3	C41H76NO8P	[M+NH4]+	/resources/tools/chemdb_ontology?abbrev=PC 33:3
759.57224	759.5647	.0076	PE 36:3	C41H76NO8P	[M+NH4]+	/resources/tools/chemdb_ontology?abbrev=PE 36:3
759.57224	759.5716	.0006	CL 76:2	C85H162O17P2	[M+2H]2+	/resources/tools/chemdb_ontology?abbrev=CL 76:2
781.55377	781.5490	.0047	PC 35:6	C43H74NO8P	[M+NH4]+	/resources/tools/chemdb_ontology?abbrev=PC 35:6
781.55377	781.5490	.0047	PE 38:6	C43H74NO8P	[M+NH4]+	/resources/tools/chemdb_ontology?abbrev=PE 38:6
781.55377	781.5490	.0047	PE O-38:7;O	C43H74NO8P	[M+NH4]+	/resources/tools/chemdb_ontology?abbrev=PE O-38:7;O
781.55377	781.5560	.0022	CL 80:8	C89H158O17P2	[M+2H]2+	/resources/tools/chemdb_ontology?abbrev=CL 80:8
781.55377	781.5536	.0002	CL 76:2	C85H162O17P2Na2	[M+2Na]2+	/resources/tools/chemdb_ontology?abbrev=CL 76:2
885.54417	885.5488	.0046	PI 38:5	C47H81O13P	[M+H]+	/resources/tools/chemdb_ontology?abbrev=PI 38:5
885.54417	885.5463	.0022	PI 36:2	C45H83O13PNa	[M+Na]+	/resources/tools/chemdb_ontology?abbrev=PI 36:2
1564.12522	1564.1179	.0073	CL 78:4	C87H162O17P2Na	[M+Na]+	/resources/tools/chemdb_ontology?abbrev=CL 78:4
1564.12522	1564.1155	.0097	CL 76:1	C85H164O17P2Na2	[M+2Na-H]+	/resources/tools/chemdb_ontology?abbrev=CL 76:1
998.28548	998.2871	.0017	CoA 14:1	C35H60N7O17P3SNa	[M+Na]+	/resources/tools/chemdb_ontology?abbrev=CoA 14:1
534.487	534.4881	.0011	Cer 34:3;O2	C34H63NO3	[M+H]+	/resources/tools/chemdb_ontology?abbrev=Cer 34:3;O2
534.487	534.4881	.0011	Cer 34:2;O3	C34H65NO4	[M+H-H2O]+	/resources/tools/chemdb_ontology?abbrev=Cer 34:2;O3
534.487	534.4857	.0013	Cer 32:0;O2	C32H65NO3Na	[M+Na]+	/resources/tools/chemdb_ontology?abbrev=Cer 32:0;O2
1042.31115	1042.3158	.0046	CoA 18:4;O	C39H62N7O18P3S	[M+H]+	/resources/tools/chemdb_ontology?abbrev=CoA 18:4;O
1042.31115	1042.3134	.0022	CoA 16:1;O	C37H64N7O18P3SNa	[M+Na]+	/resources/tools/chemdb_ontology?abbrev=CoA 16:1;O
1590.1403	1590.1312	.0091	CL 78:2	C87H166O17P2Na2	[M+2Na-H]+	/resources/tools/chemdb_ontology?abbrev=CL 78:2
1542.14223	1542.1360	.0062	CL 78:4	C87H162O17P2	[M+H]+	/resources/tools/chemdb_ontology?abbrev=CL 78:4
1542.14223	1542.1336	.0086	CL 76:1	C85H164O17P2Na	[M+Na]+	/resources/tools/chemdb_ontology?abbrev=CL 76:1
684.51149	684.5174	.0059	PG O-29:0	C35H71O9P	[M+NH4]+	/resources/tools/chemdb_ontology?abbrev=PG O-29:0
875.55626	875.5644	.0081	PI 37:3	C46H83O13P	[M+H]+	/resources/tools/chemdb_ontology?abbrev=PI 37:3
875.55626	875.5620	.0057	PI 35:0	C44H85O13PNa	[M+Na]+	/resources/tools/chemdb_ontology?abbrev=PI 35:0
875.55626	875.5545	.0018	PS 42:9	C48H76NO10P	[M+NH4]+	/resources/tools/chemdb_ontology?abbrev=PS 42:9
723.5461	723.5534	.0073	PG O-33:0	C39H79O9P	[M+H]+	/resources/tools/chemdb_ontology?abbrev=PG O-33:0
723.5461	723.5411	.0050	CerPE 37:2;O2	C39H77N2O6PNa	[M+Na]+	/resources/tools/chemdb_ontology?abbrev=CerPE 37:2;O2
723.5461	723.5411	.0050	SM 34:2;O2	C39H77N2O6PNa	[M+Na]+	/resources/tools/chemdb_ontology?abbrev=SM 34:2;O2
723.5461	723.5510	.0049	TG 39:1	C42H78O6Na2	[M+2Na-H]+	/resources/tools/chemdb_ontology?abbrev=TG 39:1
874.55303	874.5569	.0038	PS 41:5	C47H82NO10PNa	[M+Na]+	/resources/tools/chemdb_ontology?abbrev=PS 41:5
874.55303	874.5440	.0090	PI 36:5	C45H77O13P	[M+NH4]+	/resources/tools/chemdb_ontology?abbrev=PI 36:5
874.55303	874.5544	.0014	PS 39:2	C45H84NO10PNa2	[M+2Na-H]+	/resources/tools/chemdb_ontology?abbrev=PS 39:2
664.48994	664.4912	.0012	PC 27:0	C35H70NO8P	[M+H]+	/resources/tools/chemdb_ontology?abbrev=PC 27:0
664.48994	664.4912	.0012	PE 30:0	C35H70NO8P	[M+H]+	/resources/tools/chemdb_ontology?abbrev=PE 30:0
664.48994	664.4912	.0012	PA 32:1	C35H67O8P	[M+NH4]+	/resources/tools/chemdb_ontology?abbrev=PA 32:1
663.53301	663.5323	.0007	PA O-34:0	C37H75O7P	[M+H]+	/resources/tools/chemdb_ontology?abbrev=PA O-34:0
663.53301	663.5347	.0017	DG 41:7	C44H72O5	[M+H-H2O]+	/resources/tools/chemdb_ontology?abbrev=DG 41:7
722.54257	722.5330	.0095	PS O-32:0	C38H76NO9P	[M+H]+	/resources/tools/chemdb_ontology?abbrev=PS O-32:0
722.54257	722.5483	.0057	PC O-34:4	C42H78NO7P	[M+H-H2O]+	/resources/tools/chemdb_ontology?abbrev=PC O-34:4
722.54257	722.5330	.0095	PG O-32:2	C38H73O9P	[M+NH4]+	/resources/tools/chemdb_ontology?abbrev=PG O-32:2
802.60547	802.5956	.0098	PS O-38:2	C44H84NO9P	[M+H]+	/resources/tools/chemdb_ontology?abbrev=PS O-38:2
802.60547	802.6109	.0054	PC O-40:6	C48H86NO7P	[M+H-H2O]+	/resources/tools/chemdb_ontology?abbrev=PC O-40:6
802.60547	802.5956	.0098	PS 38:0	C44H86NO10P	[M+H-H2O]+	/resources/tools/chemdb_ontology?abbrev=PS 38:0
802.60547	802.5956	.0098	PG O-38:4	C44H81O9P	[M+NH4]+	/resources/tools/chemdb_ontology?abbrev=PG O-38:4
802.60547	802.6061	.0006	CerP 44:1;O2	C44H88NO6PNa2	[M+2Na-H]+	/resources/tools/chemdb_ontology?abbrev=CerP 44:1;O2
802.60547	802.6143	.0089	HexCer 38:0;O2	C44H87NO8Na2	[M+2Na-H]+	/resources/tools/chemdb_ontology?abbrev=HexCer 38:0;O2
787.59309	787.5847	.0083	PG O-38:3	C44H83O9P	[M+H]+	/resources/tools/chemdb_ontology?abbrev=PG O-38:3
787.59309	787.5847	.0083	PG 38:1	C44H85O10P	[M+H-H2O]+	/resources/tools/chemdb_ontology?abbrev=PG 38:1
787.59309	787.5960	.0029	PC 35:3	C43H80NO8P	[M+NH4]+	/resources/tools/chemdb_ontology?abbrev=PC 35:3
787.59309	787.5960	.0029	PE 38:3	C43H80NO8P	[M+NH4]+	/resources/tools/chemdb_ontology?abbrev=PE 38:3
662.53033	662.5231	.0072	CerPE 33:2;O2	C35H69N2O6P	[M+NH4]+	/resources/tools/chemdb_ontology?abbrev=CerPE 33:2;O2
803.6099	803.6160	.0061	PG O-39:2	C45H87O9P	[M+H]+	/resources/tools/chemdb_ontology?abbrev=PG O-39:2
803.6099	803.6160	.0061	PG 39:0	C45H89O10P	[M+H-H2O]+	/resources/tools/chemdb_ontology?abbrev=PG 39:0
803.6099	803.6160	.0061	TG 47:6	C50H84O6Na	[M+Na]+	/resources/tools/chemdb_ontology?abbrev=TG 47:6
803.6099	803.6136	.0037	TG 45:3	C48H86O6Na2	[M+2Na-H]+	/resources/tools/chemdb_ontology?abbrev=TG 45:3
803.6099	803.6013	.0086	SM 38:1;O2	C43H87N2O6PNa2	[M+2Na-H]+	/resources/tools/chemdb_ontology?abbrev=SM 38:1;O2
786.59049	786.5830	.0075	HexCer 37:1;O2	C43H83NO8Na2	[M+2Na-H]+	/resources/tools/chemdb_ontology?abbrev=HexCer 37:1;O2
842.63706	842.6456	.0086	HexCer 41:1;O2	C47H91NO8Na2	[M+2Na-H]+	/resources/tools/chemdb_ontology?abbrev=HexCer 41:1;O2
785.58759	785.5803	.0073	PC 35:4	C43H78NO8P	[M+NH4]+	/resources/tools/chemdb_ontology?abbrev=PC 35:4
785.58759	785.5803	.0073	PE 38:4	C43H78NO8P	[M+NH4]+	/resources/tools/chemdb_ontology?abbrev=PE 38:4
785.58759	785.5803	.0073	PE O-38:5;O	C43H78NO8P	[M+NH4]+	/resources/tools/chemdb_ontology?abbrev=PE O-38:5;O
785.58759	785.5873	.0003	CL 80:4	C89H166O17P2	[M+2H]2+	/resources/tools/chemdb_ontology?abbrev=CL 80:4
720.58265	720.5902	.0075	PC O-32:0	C40H82NO7P	[M+H]+	/resources/tools/chemdb_ontology?abbrev=PC O-32:0
720.58265	720.5902	.0075	PE O-35:0	C40H82NO7P	[M+H]+	/resources/tools/chemdb_ontology?abbrev=PE O-35:0
720.58265	720.5902	.0075	PA O-37:1	C40H79O7P	[M+NH4]+	/resources/tools/chemdb_ontology?abbrev=PA O-37:1
784.58435	784.5851	.0007	PC 36:3	C44H82NO8P	[M+H]+	/resources/tools/chemdb_ontology?abbrev=PC 36:3
784.58435	784.5851	.0007	PE 39:3	C44H82NO8P	[M+H]+	/resources/tools/chemdb_ontology?abbrev=PE 39:3
784.58435	784.5851	.0007	PS O-38:2	C44H84NO9P	[M+H-H2O]+	/resources/tools/chemdb_ontology?abbrev=PS O-38:2
784.58435	784.5827	.0017	PC 34:0	C42H84NO8PNa	[M+Na]+	/resources/tools/chemdb_ontology?abbrev=PC 34:0
784.58435	784.5827	.0017	PE 37:0	C42H84NO8PNa	[M+Na]+	/resources/tools/chemdb_ontology?abbrev=PE 37:0
784.58435	784.5851	.0007	PA 41:4	C44H79O8P	[M+NH4]+	/resources/tools/chemdb_ontology?abbrev=PA 41:4
806.56596	806.5624	.0035	Hex2Cer 30:1;O2	C42H79NO13	[M+H]+	/resources/tools/chemdb_ontology?abbrev=Hex2Cer 30:1;O2
806.56596	806.5694	.0035	PC 38:6	C46H80NO8P	[M+H]+	/resources/tools/chemdb_ontology?abbrev=PC 38:6
806.56596	806.5694	.0035	PE 41:6	C46H80NO8P	[M+H]+	/resources/tools/chemdb_ontology?abbrev=PE 41:6
806.56596	806.5694	.0035	PS O-40:5	C46H82NO9P	[M+H-H2O]+	/resources/tools/chemdb_ontology?abbrev=PS O-40:5
806.56596	806.5670	.0011	PC 36:3	C44H82NO8PNa	[M+Na]+	/resources/tools/chemdb_ontology?abbrev=PC 36:3
806.56596	806.5670	.0011	PE 39:3	C44H82NO8PNa	[M+Na]+	/resources/tools/chemdb_ontology?abbrev=PE 39:3
806.56596	806.5646	.0013	PC 34:0	C42H84NO8PNa2	[M+2Na-H]+	/resources/tools/chemdb_ontology?abbrev=PC 34:0
806.56596	806.5646	.0013	PE 37:0	C42H84NO8PNa2	[M+2Na-H]+	/resources/tools/chemdb_ontology?abbrev=PE 37:0
807.56938	807.5746	.0052	PI O-34:0	C43H85O12P	[M+H-H2O]+	/resources/tools/chemdb_ontology?abbrev=PI O-34:0
807.56938	807.5647	.0047	PC 37:7	C45H76NO8P	[M+NH4]+	/resources/tools/chemdb_ontology?abbrev=PC 37:7
807.56938	807.5647	.0047	PE 40:7	C45H76NO8P	[M+NH4]+	/resources/tools/chemdb_ontology?abbrev=PE 40:7
807.56938	807.5692	.0001	CL 80:4	C89H166O17P2Na2	[M+2Na]2+	/resources/tools/chemdb_ontology?abbrev=CL 80:4
661.52704	661.5279	.0009	CerPE 34:1;O2	C36H73N2O6P	[M+H]+	/resources/tools/chemdb_ontology?abbrev=CerPE 34:1;O2
661.52704	661.5361	.0091	HexCer 30:1;O2	C36H69NO8	[M+NH4]+	/resources/tools/chemdb_ontology?abbrev=HexCer 30:1;O2
843.6403	843.6473	.0070	PG O-42:3	C48H91O9P	[M+H]+	/resources/tools/chemdb_ontology?abbrev=PG O-42:3
843.6403	843.6497	.0094	TG 52:10	C55H86O6	[M+H]+	/resources/tools/chemdb_ontology?abbrev=TG 52:10
843.6403	843.6473	.0070	PG 42:1	C48H93O10P	[M+H-H2O]+	/resources/tools/chemdb_ontology?abbrev=PG 42:1
843.6403	843.6449	.0046	PG O-40:0	C46H93O9PNa	[M+Na]+	/resources/tools/chemdb_ontology?abbrev=PG O-40:0
843.6403	843.6473	.0070	TG 50:7	C53H88O6Na	[M+Na]+	/resources/tools/chemdb_ontology?abbrev=TG 50:7
843.6403	843.6449	.0046	TG 48:4	C51H90O6Na2	[M+2Na-H]+	/resources/tools/chemdb_ontology?abbrev=TG 48:4
843.6403	843.6326	.0077	SM 41:2;O2	C46H91N2O6PNa2	[M+2Na-H]+	/resources/tools/chemdb_ontology?abbrev=SM 41:2;O2
822.53944	822.5432	.0038	PE 44:10	C49H78NO8P	[M+H-H2O]+	/resources/tools/chemdb_ontology?abbrev=PE 44:10
822.53944	822.5491	.0096	PI O-33:3	C42H77O12P	[M+NH4]+	/resources/tools/chemdb_ontology?abbrev=PI O-33:3
822.53944	822.5384	.0010	PE O-40:6	C45H80NO7PNa2	[M+2Na-H]+	/resources/tools/chemdb_ontology?abbrev=PE O-40:6
823.54275	823.5484	.0056	PG 40:6	C46H79O10P	[M+H]+	/resources/tools/chemdb_ontology?abbrev=PG 40:6
823.54275	823.5331	.0096	PI 33:1	C42H79O13P	[M+H]+	/resources/tools/chemdb_ontology?abbrev=PI 33:1
823.54275	823.5460	.0032	PG 38:3	C44H81O10PNa	[M+Na]+	/resources/tools/chemdb_ontology?abbrev=PG 38:3
823.54275	823.5435	.0008	PG 36:0	C42H83O10PNa2	[M+2Na-H]+	/resources/tools/chemdb_ontology?abbrev=PG 36:0
844.64306	844.6426	.0005	PS 41:0	C47H92NO10P	[M+H-H2O]+	/resources/tools/chemdb_ontology?abbrev=PS 41:0
889.72098	889.7280	.0070	TG 55:8	C58H96O6	[M+H]+	/resources/tools/chemdb_ontology?abbrev=TG 55:8
889.72098	889.7256	.0046	TG 53:5	C56H98O6Na	[M+Na]+	/resources/tools/chemdb_ontology?abbrev=TG 53:5
889.72098	889.7232	.0022	TG 51:2	C54H100O6Na2	[M+2Na-H]+	/resources/tools/chemdb_ontology?abbrev=TG 51:2
785.64193	785.6419	.0001	PA 43:0	C46H91O8P	[M+H-H2O]+	/resources/tools/chemdb_ontology?abbrev=PA 43:0
741.52361	741.5177	.0059	PC 32:5	C40H70NO8P	[M+NH4]+	/resources/tools/chemdb_ontology?abbrev=PC 32:5
741.52361	741.5177	.0059	PE 35:5	C40H70NO8P	[M+NH4]+	/resources/tools/chemdb_ontology?abbrev=PE 35:5
741.52361	741.5247	.0011	CL 74:6	C83H150O17P2	[M+2H]2+	/resources/tools/chemdb_ontology?abbrev=CL 74:6
741.52361	741.5223	.0013	CL 70:0	C79H154O17P2Na2	[M+2Na]2+	/resources/tools/chemdb_ontology?abbrev=CL 70:0
798.57428	798.5643	.0099	PC 36:4;O	C44H80NO9P	[M+H]+	/resources/tools/chemdb_ontology?abbrev=PC 36:4;O
798.57428	798.5643	.0099	PS O-38:4	C44H80NO9P	[M+H]+	/resources/tools/chemdb_ontology?abbrev=PS O-38:4
798.57428	798.5643	.0099	PS 38:2	C44H82NO10P	[M+H-H2O]+	/resources/tools/chemdb_ontology?abbrev=PS 38:2
798.57428	798.5643	.0099	PG O-38:6	C44H77O9P	[M+NH4]+	/resources/tools/chemdb_ontology?abbrev=PG O-38:6
798.57428	798.5830	.0087	HexCer 38:2;O2	C44H83NO8Na2	[M+2Na-H]+	/resources/tools/chemdb_ontology?abbrev=HexCer 38:2;O2
740.51918	740.5225	.0033	PC 33:4	C41H74NO8P	[M+H]+	/resources/tools/chemdb_ontology?abbrev=PC 33:4
740.51918	740.5225	.0033	PE 36:4	C41H74NO8P	[M+H]+	/resources/tools/chemdb_ontology?abbrev=PE 36:4
740.51918	740.5225	.0033	PE O-36:5;O	C41H74NO8P	[M+H]+	/resources/tools/chemdb_ontology?abbrev=PE O-36:5;O
740.51918	740.5225	.0033	PS O-35:3	C41H76NO9P	[M+H-H2O]+	/resources/tools/chemdb_ontology?abbrev=PS O-35:3
740.51918	740.5201	.0009	PC 31:1	C39H76NO8PNa	[M+Na]+	/resources/tools/chemdb_ontology?abbrev=PC 31:1
740.51918	740.5201	.0009	PE 34:1	C39H76NO8PNa	[M+Na]+	/resources/tools/chemdb_ontology?abbrev=PE 34:1
740.51918	740.5225	.0033	PA 38:5	C41H71O8P	[M+NH4]+	/resources/tools/chemdb_ontology?abbrev=PA 38:5
740.51918	740.5169	.0023	CL 74:7	C83H148O17P2	[M+2H]2+	/resources/tools/chemdb_ontology?abbrev=CL 74:7
740.51918	740.5145	.0047	CL 70:1	C79H152O17P2Na2	[M+2Na]2+	/resources/tools/chemdb_ontology?abbrev=CL 70:1
799.57737	799.5847	.0074	PG 39:2	C45H85O10P	[M+H-H2O]+	/resources/tools/chemdb_ontology?abbrev=PG 39:2
799.57737	799.5823	.0050	PG O-37:1	C43H85O9PNa	[M+Na]+	/resources/tools/chemdb_ontology?abbrev=PG O-37:1
799.57737	799.5807	.0034	IPC 34:0;O2	C40H80NO11P	[M+NH4]+	/resources/tools/chemdb_ontology?abbrev=IPC 34:0;O2
799.57737	799.5823	.0049	TG 45:5	C48H82O6Na2	[M+2Na-H]+	/resources/tools/chemdb_ontology?abbrev=TG 45:5
799.57737	799.5700	.0073	SM 38:3;O2	C43H83N2O6PNa2	[M+2Na-H]+	/resources/tools/chemdb_ontology?abbrev=SM 38:3;O2
734.46954	734.4755	.0060	PE 36:7	C41H68NO8P	[M+H]+	/resources/tools/chemdb_ontology?abbrev=PE 36:7
734.46954	734.4731	.0036	PC 31:4	C39H70NO8PNa	[M+Na]+	/resources/tools/chemdb_ontology?abbrev=PC 31:4
734.46954	734.4731	.0036	PE 34:4	C39H70NO8PNa	[M+Na]+	/resources/tools/chemdb_ontology?abbrev=PE 34:4
734.46954	734.4755	.0060	PA 38:8	C41H65O8P	[M+NH4]+	/resources/tools/chemdb_ontology?abbrev=PA 38:8
734.46954	734.4707	.0012	PC 29:1	C37H72NO8PNa2	[M+2Na-H]+	/resources/tools/chemdb_ontology?abbrev=PC 29:1
734.46954	734.4707	.0012	PE 32:1	C37H72NO8PNa2	[M+2Na-H]+	/resources/tools/chemdb_ontology?abbrev=PE 32:1
714.49395	714.4891	.0048	HexCer 32:2;O2	C38H71NO8Na2	[M+2Na-H]+	/resources/tools/chemdb_ontology?abbrev=HexCer 32:2;O2
567.55611	567.5499	.0062	WE 40:4	C40H72O2	[M+H-H2O]+	/resources/tools/chemdb_ontology?abbrev=WE 40:4
636.56671	636.5714	.0047	CE 16:3	C43H70O2	[M+NH4]+	/resources/tools/chemdb_ontology?abbrev=CE 16:3
824.58993	824.5800	.0099	PS O-40:5	C46H82NO9P	[M+H]+	/resources/tools/chemdb_ontology?abbrev=PS O-40:5
824.58993	824.5800	.0099	PS 40:3	C46H84NO10P	[M+H-H2O]+	/resources/tools/chemdb_ontology?abbrev=PS 40:3
824.58993	824.5800	.0099	PG O-40:7	C46H79O9P	[M+NH4]+	/resources/tools/chemdb_ontology?abbrev=PG O-40:7
550.49018	550.4830	.0072	Cer 34:3;O3	C34H63NO4	[M+H]+	/resources/tools/chemdb_ontology?abbrev=Cer 34:3;O3
550.49018	550.4830	.0072	FAHFA 34:3;O	C34H60O4	[M+NH4]+	/resources/tools/chemdb_ontology?abbrev=FAHFA 34:3;O
1382.01036	1382.0108	.0004	CL 66:0	C75H146O17P2	[M+H]+	/resources/tools/chemdb_ontology?abbrev=CL 66:0
825.59311	825.5851	.0080	PI O-34:0	C43H85O12P	[M+H]+	/resources/tools/chemdb_ontology?abbrev=PI O-34:0
825.59311	825.6004	.0073	PG 41:3	C47H87O10P	[M+H-H2O]+	/resources/tools/chemdb_ontology?abbrev=PG 41:3
825.59311	825.5980	.0049	PG O-39:2	C45H87O9PNa	[M+Na]+	/resources/tools/chemdb_ontology?abbrev=PG O-39:2
825.59311	825.5964	.0033	IPC 36:1;O2	C42H82NO11P	[M+NH4]+	/resources/tools/chemdb_ontology?abbrev=IPC 36:1;O2
825.59311	825.5869	.0063	SHexCer 36:1;O2	C42H81NO11S	[M+NH4]+	/resources/tools/chemdb_ontology?abbrev=SHexCer 36:1;O2
825.59311	825.5980	.0048	TG 47:6	C50H84O6Na2	[M+2Na-H]+	/resources/tools/chemdb_ontology?abbrev=TG 47:6
767.54043	767.5334	.0071	PC 34:6	C42H72NO8P	[M+NH4]+	/resources/tools/chemdb_ontology?abbrev=PC 34:6
767.54043	767.5334	.0071	PE 37:6	C42H72NO8P	[M+NH4]+	/resources/tools/chemdb_ontology?abbrev=PE 37:6
767.54043	767.5403	.0001	CL 78:8	C87H154O17P2	[M+2H]2+	/resources/tools/chemdb_ontology?abbrev=CL 78:8
767.54043	767.5379	.0025	CL 74:2	C83H158O17P2Na2	[M+2Na]2+	/resources/tools/chemdb_ontology?abbrev=CL 74:2
1423.96695	1423.9614	.0055	CL 68:4	C77H142O17P2Na	[M+Na]+	/resources/tools/chemdb_ontology?abbrev=CL 68:4
1423.96695	1423.9590	.0079	CL 66:1	C75H144O17P2Na2	[M+2Na-H]+	/resources/tools/chemdb_ontology?abbrev=CL 66:1
713.49118	713.4864	.0048	PE 33:5	C38H66NO8P	[M+NH4]+	/resources/tools/chemdb_ontology?abbrev=PE 33:5
713.49118	713.4934	.0022	CL 70:6	C79H142O17P2	[M+2H]2+	/resources/tools/chemdb_ontology?abbrev=CL 70:6
713.49118	713.4910	.0002	CL 66:0	C75H146O17P2Na2	[M+2Na]2+	/resources/tools/chemdb_ontology?abbrev=CL 66:0
712.48786	712.4912	.0033	PC 31:4	C39H70NO8P	[M+H]+	/resources/tools/chemdb_ontology?abbrev=PC 31:4
712.48786	712.4912	.0033	PE 34:4	C39H70NO8P	[M+H]+	/resources/tools/chemdb_ontology?abbrev=PE 34:4
712.48786	712.4912	.0033	PS O-33:3	C39H72NO9P	[M+H-H2O]+	/resources/tools/chemdb_ontology?abbrev=PS O-33:3
712.48786	712.4888	.0009	PC 29:1	C37H72NO8PNa	[M+Na]+	/resources/tools/chemdb_ontology?abbrev=PC 29:1
712.48786	712.4888	.0009	PE 32:1	C37H72NO8PNa	[M+Na]+	/resources/tools/chemdb_ontology?abbrev=PE 32:1
712.48786	712.4912	.0033	PA 36:5	C39H67O8P	[M+NH4]+	/resources/tools/chemdb_ontology?abbrev=PA 36:5
712.48786	712.4832	.0047	CL 66:1	C75H144O17P2Na2	[M+2Na]2+	/resources/tools/chemdb_ontology?abbrev=CL 66:1
766.53685	766.5381	.0013	PC 35:5	C43H76NO8P	[M+H]+	/resources/tools/chemdb_ontology?abbrev=PC 35:5
766.53685	766.5381	.0013	PE 38:5	C43H76NO8P	[M+H]+	/resources/tools/chemdb_ontology?abbrev=PE 38:5
766.53685	766.5381	.0013	PE O-38:6;O	C43H76NO8P	[M+H]+	/resources/tools/chemdb_ontology?abbrev=PE O-38:6;O
766.53685	766.5381	.0013	PE 38:4;O	C43H78NO9P	[M+H-H2O]+	/resources/tools/chemdb_ontology?abbrev=PE 38:4;O
766.53685	766.5357	.0011	PC 33:2	C41H78NO8PNa	[M+Na]+	/resources/tools/chemdb_ontology?abbrev=PC 33:2
766.53685	766.5357	.0011	PE 36:2	C41H78NO8PNa	[M+Na]+	/resources/tools/chemdb_ontology?abbrev=PE 36:2
766.53685	766.5381	.0013	PA 40:6	C43H73O8P	[M+NH4]+	/resources/tools/chemdb_ontology?abbrev=PA 40:6
766.53685	766.5325	.0043	CL 78:9	C87H152O17P2	[M+2H]2+	/resources/tools/chemdb_ontology?abbrev=CL 78:9
1401.98557	1401.9795	.0061	CL 68:4	C77H142O17P2	[M+H]+	/resources/tools/chemdb_ontology?abbrev=CL 68:4
1401.98557	1401.9771	.0085	CL 66:1	C75H144O17P2Na	[M+Na]+	/resources/tools/chemdb_ontology?abbrev=CL 66:1
1380.00424	1379.9952	.0091	CL 66:1	C75H144O17P2	[M+H]+	/resources/tools/chemdb_ontology?abbrev=CL 66:1
748.55939	748.5639	.0046	PC O-36:5	C44H80NO7P	[M+H-H2O]+	/resources/tools/chemdb_ontology?abbrev=PC O-36:5
748.61206	748.6215	.0094	PC O-34:0	C42H86NO7P	[M+H]+	/resources/tools/chemdb_ontology?abbrev=PC O-34:0
748.61206	748.6215	.0094	PE O-37:0	C42H86NO7P	[M+H]+	/resources/tools/chemdb_ontology?abbrev=PE O-37:0
748.61206	748.6215	.0094	PA O-39:1	C42H83O7P	[M+NH4]+	/resources/tools/chemdb_ontology?abbrev=PA O-39:1
749.61495	749.6078	.0071	TG 46:6	C49H82O6	[M+H-H2O]+	/resources/tools/chemdb_ontology?abbrev=TG 46:6
749.61495	749.6054	.0095	DG 44:5	C47H82O5Na	[M+Na]+	/resources/tools/chemdb_ontology?abbrev=DG 44:5
749.61495	749.6167	.0018	PC O-33:1	C41H82NO7P	[M+NH4]+	/resources/tools/chemdb_ontology?abbrev=PC O-33:1
749.61495	749.6167	.0018	PE O-36:1	C41H82NO7P	[M+NH4]+	/resources/tools/chemdb_ontology?abbrev=PE O-36:1
749.61495	749.6183	.0033	CE 22:2	C49H84O2Na2	[M+2Na-H]+	/resources/tools/chemdb_ontology?abbrev=CE 22:2
749.56247	749.5691	.0066	PG O-35:1	C41H81O9P	[M+H]+	/resources/tools/chemdb_ontology?abbrev=PG O-35:1
749.56247	749.5568	.0057	SM 36:3;O2	C41H79N2O6PNa	[M+Na]+	/resources/tools/chemdb_ontology?abbrev=SM 36:3;O2
749.56247	749.5667	.0042	TG 41:2	C44H80O6Na2	[M+2Na-H]+	/resources/tools/chemdb_ontology?abbrev=TG 41:2
749.56247	749.5544	.0081	SM 34:0;O2	C39H81N2O6PNa2	[M+2Na-H]+	/resources/tools/chemdb_ontology?abbrev=SM 34:0;O2
549.48687	549.4877	.0009	DG 32:1	C35H66O5	[M+H-H2O]+	/resources/tools/chemdb_ontology?abbrev=DG 32:1
751.56755	751.5636	.0039	PA 41:3	C44H81O8P	[M+H-H2O]+	/resources/tools/chemdb_ontology?abbrev=PA 41:3
751.56755	751.5724	.0049	CerPE 39:2;O2	C41H81N2O6PNa	[M+Na]+	/resources/tools/chemdb_ontology?abbrev=CerPE 39:2;O2
751.56755	751.5724	.0049	SM 36:2;O2	C41H81N2O6PNa	[M+Na]+	/resources/tools/chemdb_ontology?abbrev=SM 36:2;O2
751.56755	751.5612	.0063	PA O-39:2	C42H81O7PNa	[M+Na]+	/resources/tools/chemdb_ontology?abbrev=PA O-39:2
751.56755	751.5596	.0080	PS O-33:1	C39H76NO9P	[M+NH4]+	/resources/tools/chemdb_ontology?abbrev=PS O-33:1
1430.00791	1430.0108	.0029	CL 70:4	C79H146O17P2	[M+H]+	/resources/tools/chemdb_ontology?abbrev=CL 70:4
1430.00791	1430.0084	.0005	CL 68:1	C77H148O17P2Na	[M+Na]+	/resources/tools/chemdb_ontology?abbrev=CL 68:1
691.56145	691.5636	.0022	PA O-36:0	C39H79O7P	[M+H]+	/resources/tools/chemdb_ontology?abbrev=PA O-36:0
1449.98258	1449.9795	.0031	CL 72:8	C81H142O17P2	[M+H]+	/resources/tools/chemdb_ontology?abbrev=CL 72:8
1449.98258	1449.9771	.0055	CL 70:5	C79H144O17P2Na	[M+Na]+	/resources/tools/chemdb_ontology?abbrev=CL 70:5
1449.98258	1449.9747	.0079	CL 68:2	C77H146O17P2Na2	[M+2Na-H]+	/resources/tools/chemdb_ontology?abbrev=CL 68:2
691.50944	691.5061	.0033	PA O-38:5	C41H73O7P	[M+H-H2O]+	/resources/tools/chemdb_ontology?abbrev=PA O-38:5
691.50944	691.5021	.0074	PC 28:2	C36H68NO8P	[M+NH4]+	/resources/tools/chemdb_ontology?abbrev=PC 28:2
691.50944	691.5021	.0074	PE 31:2	C36H68NO8P	[M+NH4]+	/resources/tools/chemdb_ontology?abbrev=PE 31:2
691.50944	691.5090	.0004	CL 66:0	C75H146O17P2	[M+2H]2+	/resources/tools/chemdb_ontology?abbrev=CL 66:0
733.55576	733.5490	.0067	PC 31:2	C39H74NO8P	[M+NH4]+	/resources/tools/chemdb_ontology?abbrev=PC 31:2
733.55576	733.5490	.0067	PE 34:2	C39H74NO8P	[M+NH4]+	/resources/tools/chemdb_ontology?abbrev=PE 34:2
733.55576	733.5560	.0002	CL 72:0	C81H158O17P2	[M+2H]2+	/resources/tools/chemdb_ontology?abbrev=CL 72:0
1428.00139	1427.9952	.0062	CL 70:5	C79H144O17P2	[M+H]+	/resources/tools/chemdb_ontology?abbrev=CL 70:5
1428.00139	1427.9927	.0086	CL 68:2	C77H146O17P2Na	[M+Na]+	/resources/tools/chemdb_ontology?abbrev=CL 68:2
758.56904	758.5694	.0004	PC 34:2	C42H80NO8P	[M+H]+	/resources/tools/chemdb_ontology?abbrev=PC 34:2
758.56904	758.5694	.0004	PE 37:2	C42H80NO8P	[M+H]+	/resources/tools/chemdb_ontology?abbrev=PE 37:2
758.56904	758.5694	.0004	PS O-36:1	C42H82NO9P	[M+H-H2O]+	/resources/tools/chemdb_ontology?abbrev=PS O-36:1
758.56904	758.5694	.0004	PA 39:3	C42H77O8P	[M+NH4]+	/resources/tools/chemdb_ontology?abbrev=PA 39:3
1406.01998	1406.0108	.0092	CL 68:2	C77H146O17P2	[M+H]+	/resources/tools/chemdb_ontology?abbrev=CL 68:2
692.51234	692.5072	.0052	HexCer 32:2;O2	C38H71NO8Na	[M+Na]+	/resources/tools/chemdb_ontology?abbrev=HexCer 32:2;O2
867.63966	867.6321	.0076	PI O-37:0	C46H91O12P	[M+H]+	/resources/tools/chemdb_ontology?abbrev=PI O-37:0
867.63966	867.6473	.0077	PG 44:3	C50H93O10P	[M+H-H2O]+	/resources/tools/chemdb_ontology?abbrev=PG 44:3
867.63966	867.6449	.0053	PG O-42:2	C48H93O9PNa	[M+Na]+	/resources/tools/chemdb_ontology?abbrev=PG O-42:2
867.63966	867.6473	.0076	TG 52:9	C55H88O6Na	[M+Na]+	/resources/tools/chemdb_ontology?abbrev=TG 52:9
867.63966	867.6449	.0052	TG 50:6	C53H90O6Na2	[M+2Na-H]+	/resources/tools/chemdb_ontology?abbrev=TG 50:6
809.58806	809.5803	.0077	PC 37:6	C45H78NO8P	[M+NH4]+	/resources/tools/chemdb_ontology?abbrev=PC 37:6
809.58806	809.5803	.0077	PE 40:6	C45H78NO8P	[M+NH4]+	/resources/tools/chemdb_ontology?abbrev=PE 40:6
809.58806	809.5803	.0077	PE O-40:7;O	C45H78NO8P	[M+NH4]+	/resources/tools/chemdb_ontology?abbrev=PE O-40:7;O
817.63888	817.6341	.0048	TG 50:9	C53H84O6	[M+H]+	/resources/tools/chemdb_ontology?abbrev=TG 50:9
817.63888	817.6317	.0072	PG O-40:2	C46H89O9P	[M+H]+	/resources/tools/chemdb_ontology?abbrev=PG O-40:2
817.63888	817.6317	.0072	PG 40:0	C46H91O10P	[M+H-H2O]+	/resources/tools/chemdb_ontology?abbrev=PG 40:0
817.63888	817.6317	.0072	TG 48:6	C51H86O6Na	[M+Na]+	/resources/tools/chemdb_ontology?abbrev=TG 48:6
817.63888	817.6429	.0040	PC 37:2	C45H86NO8P	[M+NH4]+	/resources/tools/chemdb_ontology?abbrev=PC 37:2
817.63888	817.6429	.0040	PE 40:2	C45H86NO8P	[M+NH4]+	/resources/tools/chemdb_ontology?abbrev=PE 40:2
817.63888	817.6293	.0096	TG 46:3	C49H88O6Na2	[M+2Na-H]+	/resources/tools/chemdb_ontology?abbrev=TG 46:3
776.63595	776.6276	.0083	CerPE 40:2;O3	C42H83N2O7P	[M+NH4]+	/resources/tools/chemdb_ontology?abbrev=CerPE 40:2;O3
781.56789	781.5742	.0063	PA 42:4	C45H81O8P	[M+H]+	/resources/tools/chemdb_ontology?abbrev=PA 42:4
781.56789	781.5718	.0039	PA 40:1	C43H83O8PNa	[M+Na]+	/resources/tools/chemdb_ontology?abbrev=PA 40:1
781.56789	781.5702	.0023	PS 34:0	C40H78NO10P	[M+NH4]+	/resources/tools/chemdb_ontology?abbrev=PS 34:0
551.50189	551.5034	.0015	DG O-32:2	C35H66O4	[M+H]+	/resources/tools/chemdb_ontology?abbrev=DG O-32:2
551.50189	551.5034	.0015	DG 32:0	C35H68O5	[M+H-H2O]+	/resources/tools/chemdb_ontology?abbrev=DG 32:0
570.54693	570.5456	.0014	Cer 35:0;O3	C35H71NO4	[M+H]+	/resources/tools/chemdb_ontology?abbrev=Cer 35:0;O3
786.52411	786.5280	.0038	PS 36:3	C42H76NO10P	[M+H]+	/resources/tools/chemdb_ontology?abbrev=PS 36:3
786.52411	786.5256	.0014	PS 34:0	C40H78NO10PNa	[M+Na]+	/resources/tools/chemdb_ontology?abbrev=PS 34:0
786.52411	786.5280	.0038	PG 36:5	C42H73O10P	[M+NH4]+	/resources/tools/chemdb_ontology?abbrev=PG 36:5
786.52411	786.5151	.0090	MGDG 36:9	C45H68O10	[M+NH4]+	/resources/tools/chemdb_ontology?abbrev=MGDG 36:9
808.58524	808.5851	.0002	PC 38:5	C46H82NO8P	[M+H]+	/resources/tools/chemdb_ontology?abbrev=PC 38:5
808.58524	808.5851	.0002	PE 41:5	C46H82NO8P	[M+H]+	/resources/tools/chemdb_ontology?abbrev=PE 41:5
808.58524	808.5851	.0002	PC 38:4;O	C46H84NO9P	[M+H-H2O]+	/resources/tools/chemdb_ontology?abbrev=PC 38:4;O
808.58524	808.5851	.0002	PS O-40:4	C46H84NO9P	[M+H-H2O]+	/resources/tools/chemdb_ontology?abbrev=PS O-40:4
808.58524	808.5827	.0026	PC 36:2	C44H84NO8PNa	[M+Na]+	/resources/tools/chemdb_ontology?abbrev=PC 36:2
808.58524	808.5827	.0026	PE 39:2	C44H84NO8PNa	[M+Na]+	/resources/tools/chemdb_ontology?abbrev=PE 39:2
808.58524	808.5851	.0002	PA 43:6	C46H79O8P	[M+NH4]+	/resources/tools/chemdb_ontology?abbrev=PA 43:6
778.58659	778.5956	.0091	PS O-36:0	C42H84NO9P	[M+H]+	/resources/tools/chemdb_ontology?abbrev=PS O-36:0
778.58659	778.5803	.0062	HexCer 37:2;O3	C43H81NO9Na	[M+Na]+	/resources/tools/chemdb_ontology?abbrev=HexCer 37:2;O3
778.58659	778.5956	.0091	PG O-36:2	C42H81O9P	[M+NH4]+	/resources/tools/chemdb_ontology?abbrev=PG O-36:2
810.5907	810.5855	.0052	IPC 36:0;O2	C42H84NO11P	[M+H]+	/resources/tools/chemdb_ontology?abbrev=IPC 36:0;O2
810.5907	810.5983	.0076	PC 36:1	C44H86NO8PNa	[M+Na]+	/resources/tools/chemdb_ontology?abbrev=PC 36:1
810.5907	810.5983	.0076	PE 39:1	C44H86NO8PNa	[M+Na]+	/resources/tools/chemdb_ontology?abbrev=PE 39:1
745.5836	745.5854	.0018	CerPE 39:2;O3	C41H81N2O7P	[M+H]+	/resources/tools/chemdb_ontology?abbrev=CerPE 39:2;O3
745.5836	745.5742	.0094	PA 39:1	C42H81O8P	[M+H]+	/resources/tools/chemdb_ontology?abbrev=PA 39:1
745.5836	745.5742	.0094	PG O-36:1	C42H83O9P	[M+H-H2O]+	/resources/tools/chemdb_ontology?abbrev=PG O-36:1
745.5836	745.5741	.0095	DG 44:7	C47H78O5Na	[M+Na]+	/resources/tools/chemdb_ontology?abbrev=DG 44:7
745.5836	745.5854	.0018	PC O-33:3	C41H78NO7P	[M+NH4]+	/resources/tools/chemdb_ontology?abbrev=PC O-33:3
745.5836	745.5854	.0018	PE O-36:3	C41H78NO7P	[M+NH4]+	/resources/tools/chemdb_ontology?abbrev=PE O-36:3
745.5836	745.5870	.0034	CE 22:4	C49H80O2Na2	[M+2Na-H]+	/resources/tools/chemdb_ontology?abbrev=CE 22:4
1456.02417	1456.0265	.0023	CL 72:5	C81H148O17P2	[M+H]+	/resources/tools/chemdb_ontology?abbrev=CL 72:5
1456.02417	1456.0240	.0001	CL 70:2	C79H150O17P2Na	[M+Na]+	/resources/tools/chemdb_ontology?abbrev=CL 70:2
718.58406	718.5828	.0013	HexCer 34:0;O3	C40H79NO9	[M+H]+	/resources/tools/chemdb_ontology?abbrev=HexCer 34:0;O3
718.58406	718.5745	.0095	PC O-32:1	C40H80NO7P	[M+H]+	/resources/tools/chemdb_ontology?abbrev=PC O-32:1
718.58406	718.5745	.0095	PE O-35:1	C40H80NO7P	[M+H]+	/resources/tools/chemdb_ontology?abbrev=PE O-35:1
718.58406	718.5857	.0017	CerPE 37:2;O2	C39H77N2O6P	[M+NH4]+	/resources/tools/chemdb_ontology?abbrev=CerPE 37:2;O2
718.58406	718.5857	.0017	SM 34:2;O2	C39H77N2O6P	[M+NH4]+	/resources/tools/chemdb_ontology?abbrev=SM 34:2;O2
718.58406	718.5745	.0095	PA O-37:2	C40H77O7P	[M+NH4]+	/resources/tools/chemdb_ontology?abbrev=PA O-37:2
716.57471	716.5671	.0076	HexCer 34:1;O3	C40H77NO9	[M+H]+	/resources/tools/chemdb_ontology?abbrev=HexCer 34:1;O3
776.58149	776.5800	.0015	PS O-36:1	C42H82NO9P	[M+H]+	/resources/tools/chemdb_ontology?abbrev=PS O-36:1
776.58149	776.5800	.0015	PG O-36:3	C42H79O9P	[M+NH4]+	/resources/tools/chemdb_ontology?abbrev=PG O-36:3
777.58471	777.5793	.0054	PA 43:4	C46H83O8P	[M+H-H2O]+	/resources/tools/chemdb_ontology?abbrev=PA 43:4
777.58471	777.5881	.0034	SM 38:3;O2	C43H83N2O6PNa	[M+Na]+	/resources/tools/chemdb_ontology?abbrev=SM 38:3;O2
777.58471	777.5752	.0095	PS O-35:2	C41H78NO9P	[M+NH4]+	/resources/tools/chemdb_ontology?abbrev=PS O-35:2
777.58471	777.5857	.0010	SM 36:0;O2	C41H85N2O6PNa2	[M+2Na-H]+	/resources/tools/chemdb_ontology?abbrev=SM 36:0;O2
764.53996	764.5436	.0036	PS 34:0	C40H78NO10P	[M+H]+	/resources/tools/chemdb_ontology?abbrev=PS 34:0
764.53996	764.5436	.0036	IPC 34:0;O2	C40H80NO11P	[M+H-H2O]+	/resources/tools/chemdb_ontology?abbrev=IPC 34:0;O2
764.53996	764.5436	.0036	PG 34:2	C40H75O10P	[M+NH4]+	/resources/tools/chemdb_ontology?abbrev=PG 34:2
764.53996	764.5307	.0092	MGDG 34:6	C43H70O10	[M+NH4]+	/resources/tools/chemdb_ontology?abbrev=MGDG 34:6
800.61139	800.6164	.0050	PC 37:2	C45H86NO8P	[M+H]+	/resources/tools/chemdb_ontology?abbrev=PC 37:2
800.61139	800.6164	.0050	PE 40:2	C45H86NO8P	[M+H]+	/resources/tools/chemdb_ontology?abbrev=PE 40:2
800.61139	800.6164	.0050	PS O-39:1	C45H88NO9P	[M+H-H2O]+	/resources/tools/chemdb_ontology?abbrev=PS O-39:1
800.61139	800.6164	.0050	PA 42:3	C45H83O8P	[M+NH4]+	/resources/tools/chemdb_ontology?abbrev=PA 42:3
717.57676	717.5793	.0025	PA O-38:1	C41H81O7P	[M+H]+	/resources/tools/chemdb_ontology?abbrev=PA O-38:1
763.52969	763.5272	.0025	PA 41:6	C44H75O8P	[M+H]+	/resources/tools/chemdb_ontology?abbrev=PA 41:6
763.52969	763.5272	.0025	PG O-38:6	C44H77O9P	[M+H-H2O]+	/resources/tools/chemdb_ontology?abbrev=PG O-38:6
763.52969	763.5248	.0049	PA 39:3	C42H77O8PNa	[M+Na]+	/resources/tools/chemdb_ontology?abbrev=PA 39:3
763.52969	763.5232	.0065	PS 33:2	C39H72NO10P	[M+NH4]+	/resources/tools/chemdb_ontology?abbrev=PS 33:2
763.52969	763.5337	.0040	CerPE 37:1;O3	C39H79N2O7PNa2	[M+2Na-H]+	/resources/tools/chemdb_ontology?abbrev=CerPE 37:1;O3
763.52969	763.5248	.0049	DG 44:9	C47H74O5Na2	[M+2Na-H]+	/resources/tools/chemdb_ontology?abbrev=DG 44:9
763.52969	763.5224	.0073	PA 37:0	C40H79O8PNa2	[M+2Na-H]+	/resources/tools/chemdb_ontology?abbrev=PA 37:0
775.57831	775.5847	.0064	PG O-37:2	C43H83O9P	[M+H]+	/resources/tools/chemdb_ontology?abbrev=PG O-37:2
775.57831	775.5847	.0064	PG 37:0	C43H85O10P	[M+H-H2O]+	/resources/tools/chemdb_ontology?abbrev=PG 37:0
775.57831	775.5823	.0040	TG 43:3	C46H82O6Na2	[M+2Na-H]+	/resources/tools/chemdb_ontology?abbrev=TG 43:3
775.57831	775.5700	.0083	CerPE 39:1;O2	C41H83N2O6PNa2	[M+2Na-H]+	/resources/tools/chemdb_ontology?abbrev=CerPE 39:1;O2
775.57831	775.5700	.0083	SM 36:1;O2	C41H83N2O6PNa2	[M+2Na-H]+	/resources/tools/chemdb_ontology?abbrev=SM 36:1;O2
1432.03561	1432.0265	.0092	CL 70:3	C79H148O17P2	[M+H]+	/resources/tools/chemdb_ontology?abbrev=CL 70:3
762.52635	762.5280	.0016	PS 34:1	C40H76NO10P	[M+H]+	/resources/tools/chemdb_ontology?abbrev=PS 34:1
762.52635	762.5280	.0016	IPC 34:1;O2	C40H78NO11P	[M+H-H2O]+	/resources/tools/chemdb_ontology?abbrev=IPC 34:1;O2
762.52635	762.5184	.0079	SHexCer 34:1;O2	C40H77NO11S	[M+H-H2O]+	/resources/tools/chemdb_ontology?abbrev=SHexCer 34:1;O2
762.52635	762.5280	.0016	PG 34:3	C40H73O10P	[M+NH4]+	/resources/tools/chemdb_ontology?abbrev=PG 34:3
803.6233	803.6160	.0073	PG O-39:2	C45H87O9P	[M+H]+	/resources/tools/chemdb_ontology?abbrev=PG O-39:2
803.6233	803.6160	.0073	PG 39:0	C45H89O10P	[M+H-H2O]+	/resources/tools/chemdb_ontology?abbrev=PG 39:0
803.6233	803.6160	.0073	TG 47:6	C50H84O6Na	[M+Na]+	/resources/tools/chemdb_ontology?abbrev=TG 47:6
803.6233	803.6273	.0040	PC 36:2	C44H84NO8P	[M+NH4]+	/resources/tools/chemdb_ontology?abbrev=PC 36:2
803.6233	803.6273	.0040	PE 39:2	C44H84NO8P	[M+NH4]+	/resources/tools/chemdb_ontology?abbrev=PE 39:2
803.6233	803.6136	.0097	TG 45:3	C48H86O6Na2	[M+2Na-H]+	/resources/tools/chemdb_ontology?abbrev=TG 45:3
637.63309	637.6242	.0089	Cer 40:2;O2	C40H77NO3	[M+NH4]+	/resources/tools/chemdb_ontology?abbrev=Cer 40:2;O2
1434.04203	1434.0421	.0001	CL 70:2	C79H150O17P2	[M+H]+	/resources/tools/chemdb_ontology?abbrev=CL 70:2
578.52163	578.5143	.0074	Cer 36:3;O3	C36H67NO4	[M+H]+	/resources/tools/chemdb_ontology?abbrev=Cer 36:3;O3
578.52163	578.5119	.0098	Cer 34:0;O3	C34H69NO4Na	[M+Na]+	/resources/tools/chemdb_ontology?abbrev=Cer 34:0;O3
578.52163	578.5143	.0074	FAHFA 36:3;O	C36H64O4	[M+NH4]+	/resources/tools/chemdb_ontology?abbrev=FAHFA 36:3;O
820.57915	820.5851	.0059	PC 39:6	C47H82NO8P	[M+H]+	/resources/tools/chemdb_ontology?abbrev=PC 39:6
820.57915	820.5851	.0059	PE 42:6	C47H82NO8P	[M+H]+	/resources/tools/chemdb_ontology?abbrev=PE 42:6
820.57915	820.5827	.0035	PC 37:3	C45H84NO8PNa	[M+Na]+	/resources/tools/chemdb_ontology?abbrev=PC 37:3
820.57915	820.5827	.0035	PE 40:3	C45H84NO8PNa	[M+Na]+	/resources/tools/chemdb_ontology?abbrev=PE 40:3
820.57915	820.5851	.0059	PA 44:7	C47H79O8P	[M+NH4]+	/resources/tools/chemdb_ontology?abbrev=PA 44:7
820.57915	820.5803	.0011	PC 35:0	C43H86NO8PNa2	[M+2Na-H]+	/resources/tools/chemdb_ontology?abbrev=PC 35:0
820.57915	820.5803	.0011	PE 38:0	C43H86NO8PNa2	[M+2Na-H]+	/resources/tools/chemdb_ontology?abbrev=PE 38:0
820.57915	820.5885	.0094	HexCer 37:0;O4	C43H85NO10Na2	[M+2Na-H]+	/resources/tools/chemdb_ontology?abbrev=HexCer 37:0;O4
774.5751	774.5796	.0045	PC O-38:6	C46H82NO7P	[M+H-H2O]+	/resources/tools/chemdb_ontology?abbrev=PC O-38:6
774.5751	774.5748	.0003	CerP 42:1;O2	C42H84NO6PNa2	[M+2Na-H]+	/resources/tools/chemdb_ontology?abbrev=CerP 42:1;O2
774.5751	774.5830	.0079	HexCer 36:0;O2	C42H83NO8Na2	[M+2Na-H]+	/resources/tools/chemdb_ontology?abbrev=HexCer 36:0;O2
804.6234	804.6265	.0031	PC O-40:5	C48H88NO7P	[M+H-H2O]+	/resources/tools/chemdb_ontology?abbrev=PC O-40:5
804.6234	804.6324	.0090	HexCer 40:2;O2	C46H87NO8Na	[M+Na]+	/resources/tools/chemdb_ontology?abbrev=HexCer 40:2;O2
1408.02634	1408.0265	.0001	CL 68:1	C77H148O17P2	[M+H]+	/resources/tools/chemdb_ontology?abbrev=CL 68:1
775.63091	775.6211	.0098	PA 41:0	C44H87O8P	[M+H]+	/resources/tools/chemdb_ontology?abbrev=PA 41:0
775.63091	775.6235	.0074	TG 48:7	C51H84O6	[M+H-H2O]+	/resources/tools/chemdb_ontology?abbrev=TG 48:7
775.63091	775.6211	.0098	PG O-38:0	C44H89O9P	[M+H-H2O]+	/resources/tools/chemdb_ontology?abbrev=PG O-38:0
775.63091	775.6324	.0015	PC O-35:2	C43H84NO7P	[M+NH4]+	/resources/tools/chemdb_ontology?abbrev=PC O-35:2
775.63091	775.6324	.0015	PE O-38:2	C43H84NO7P	[M+NH4]+	/resources/tools/chemdb_ontology?abbrev=PE O-38:2
775.63091	775.6406	.0097	HexCer 37:1;O3	C43H83NO9	[M+NH4]+	/resources/tools/chemdb_ontology?abbrev=HexCer 37:1;O3
746.56862	746.5694	.0008	PC 33:1	C41H80NO8P	[M+H]+	/resources/tools/chemdb_ontology?abbrev=PC 33:1
746.56862	746.5694	.0008	PE 36:1	C41H80NO8P	[M+H]+	/resources/tools/chemdb_ontology?abbrev=PE 36:1
746.56862	746.5694	.0008	PS O-35:0	C41H82NO9P	[M+H-H2O]+	/resources/tools/chemdb_ontology?abbrev=PS O-35:0
746.56862	746.5694	.0008	PA 38:2	C41H77O8P	[M+NH4]+	/resources/tools/chemdb_ontology?abbrev=PA 38:2
746.56862	746.5638	.0048	CL 74:1	C83H160O17P2	[M+2H]2+	/resources/tools/chemdb_ontology?abbrev=CL 74:1
1466.04679	1466.0472	.0004	CL 74:5	C83H152O17P2	[M+H-H2O]+	/resources/tools/chemdb_ontology?abbrev=CL 74:5
739.50684	739.5021	.0048	PE 35:6	C40H68NO8P	[M+NH4]+	/resources/tools/chemdb_ontology?abbrev=PE 35:6
739.50684	739.5090	.0022	CL 74:8	C83H146O17P2	[M+2H]2+	/resources/tools/chemdb_ontology?abbrev=CL 74:8
739.50684	739.5066	.0002	CL 70:2	C79H150O17P2Na2	[M+2Na]2+	/resources/tools/chemdb_ontology?abbrev=CL 70:2
1403.99138	1403.9952	.0038	CL 68:3	C77H144O17P2	[M+H]+	/resources/tools/chemdb_ontology?abbrev=CL 68:3
1403.99138	1403.9927	.0014	CL 66:0	C75H146O17P2Na	[M+Na]+	/resources/tools/chemdb_ontology?abbrev=CL 66:0
576.50573	576.4962	.0095	Cer 34:1;O3	C34H67NO4Na	[M+Na]+	/resources/tools/chemdb_ontology?abbrev=Cer 34:1;O3
817.62485	817.6317	.0068	PG O-40:2	C46H89O9P	[M+H]+	/resources/tools/chemdb_ontology?abbrev=PG O-40:2
817.62485	817.6341	.0092	TG 50:9	C53H84O6	[M+H]+	/resources/tools/chemdb_ontology?abbrev=TG 50:9
817.62485	817.6317	.0068	PG 40:0	C46H91O10P	[M+H-H2O]+	/resources/tools/chemdb_ontology?abbrev=PG 40:0
817.62485	817.6317	.0068	TG 48:6	C51H86O6Na	[M+Na]+	/resources/tools/chemdb_ontology?abbrev=TG 48:6
817.62485	817.6293	.0044	TG 46:3	C49H88O6Na2	[M+2Na-H]+	/resources/tools/chemdb_ontology?abbrev=TG 46:3
817.62485	817.6170	.0079	SM 39:1;O2	C44H89N2O6PNa2	[M+2Na-H]+	/resources/tools/chemdb_ontology?abbrev=SM 39:1;O2
1475.99819	1475.9952	.0030	CL 74:9	C83H144O17P2	[M+H]+	/resources/tools/chemdb_ontology?abbrev=CL 74:9
1475.99819	1475.9927	.0054	CL 72:6	C81H146O17P2Na	[M+Na]+	/resources/tools/chemdb_ontology?abbrev=CL 72:6
1475.99819	1475.9903	.0078	CL 70:3	C79H148O17P2Na2	[M+2Na-H]+	/resources/tools/chemdb_ontology?abbrev=CL 70:3
826.59568	826.5956	.0000	PC 38:4;O	C46H84NO9P	[M+H]+	/resources/tools/chemdb_ontology?abbrev=PC 38:4;O
826.59568	826.5956	.0000	PS O-40:4	C46H84NO9P	[M+H]+	/resources/tools/chemdb_ontology?abbrev=PS O-40:4
826.59568	826.5956	.0000	PS 40:2	C46H86NO10P	[M+H-H2O]+	/resources/tools/chemdb_ontology?abbrev=PS 40:2
826.59568	826.5932	.0024	PS O-38:1	C44H86NO9PNa	[M+Na]+	/resources/tools/chemdb_ontology?abbrev=PS O-38:1
826.59568	826.5956	.0000	PG O-40:6	C46H81O9P	[M+NH4]+	/resources/tools/chemdb_ontology?abbrev=PG O-40:6
849.54098	849.5488	.0078	PI 35:2	C44H81O13P	[M+H]+	/resources/tools/chemdb_ontology?abbrev=PI 35:2
849.54098	849.5389	.0021	PS 40:8	C46H74NO10P	[M+NH4]+	/resources/tools/chemdb_ontology?abbrev=PS 40:8
849.54098	849.5381	.0029	PA 44:6	C47H81O8PNa2	[M+2Na-H]+	/resources/tools/chemdb_ontology?abbrev=PA 44:6
761.48828	761.4963	.0080	PI O-31:2	C40H75O12P	[M+H-H2O]+	/resources/tools/chemdb_ontology?abbrev=PI O-31:2
761.48828	761.4910	.0027	CL 74:8	C83H146O17P2Na2	[M+2Na]2+	/resources/tools/chemdb_ontology?abbrev=CL 74:8
805.62622	805.6317	.0055	PG O-39:1	C45H89O9P	[M+H]+	/resources/tools/chemdb_ontology?abbrev=PG O-39:1
805.62622	805.6341	.0078	TG 49:8	C52H84O6	[M+H]+	/resources/tools/chemdb_ontology?abbrev=TG 49:8
805.62622	805.6317	.0054	TG 47:5	C50H86O6Na	[M+Na]+	/resources/tools/chemdb_ontology?abbrev=TG 47:5
805.62622	805.6194	.0068	SM 40:3;O2	C45H87N2O6PNa	[M+Na]+	/resources/tools/chemdb_ontology?abbrev=SM 40:3;O2
805.62622	805.6293	.0030	TG 45:2	C48H88O6Na2	[M+2Na-H]+	/resources/tools/chemdb_ontology?abbrev=TG 45:2
805.62622	805.6170	.0092	SM 38:0;O2	C43H89N2O6PNa2	[M+2Na-H]+	/resources/tools/chemdb_ontology?abbrev=SM 38:0;O2
719.53078	719.5221	.0086	PG O-33:2	C39H75O9P	[M+H]+	/resources/tools/chemdb_ontology?abbrev=PG O-33:2
719.53078	719.5374	.0066	PA O-40:5	C43H77O7P	[M+H-H2O]+	/resources/tools/chemdb_ontology?abbrev=PA O-40:5
719.53078	719.5221	.0086	PG 33:0	C39H77O10P	[M+H-H2O]+	/resources/tools/chemdb_ontology?abbrev=PG 33:0
719.53078	719.5334	.0026	PC 30:2	C38H72NO8P	[M+NH4]+	/resources/tools/chemdb_ontology?abbrev=PC 30:2
719.53078	719.5334	.0026	PE 33:2	C38H72NO8P	[M+NH4]+	/resources/tools/chemdb_ontology?abbrev=PE 33:2
828.47233	828.4810	.0087	PS 40:10	C46H70NO10P	[M+H]+	/resources/tools/chemdb_ontology?abbrev=PS 40:10
828.47233	828.4786	.0063	PS 38:7	C44H72NO10PNa	[M+Na]+	/resources/tools/chemdb_ontology?abbrev=PS 38:7
828.47233	828.4762	.0039	PS 36:4	C42H74NO10PNa2	[M+2Na-H]+	/resources/tools/chemdb_ontology?abbrev=PS 36:4
807.58457	807.5898	.0053	PA 44:5	C47H83O8P	[M+H]+	/resources/tools/chemdb_ontology?abbrev=PA 44:5
807.58457	807.5746	.0100	PI O-34:0	C43H85O12P	[M+H-H2O]+	/resources/tools/chemdb_ontology?abbrev=PI O-34:0
807.58457	807.5874	.0029	PA 42:2	C45H85O8PNa	[M+Na]+	/resources/tools/chemdb_ontology?abbrev=PA 42:2
807.58457	807.5858	.0012	PS 36:1	C42H80NO10P	[M+NH4]+	/resources/tools/chemdb_ontology?abbrev=PS 36:1
846.59527	846.6007	.0055	PC 41:7	C49H84NO8P	[M+H]+	/resources/tools/chemdb_ontology?abbrev=PC 41:7
846.59527	846.6007	.0055	PE 44:7	C49H84NO8P	[M+H]+	/resources/tools/chemdb_ontology?abbrev=PE 44:7
846.59527	846.5983	.0031	PC 39:4	C47H86NO8PNa	[M+Na]+	/resources/tools/chemdb_ontology?abbrev=PC 39:4
846.59527	846.5983	.0031	PE 42:4	C47H86NO8PNa	[M+Na]+	/resources/tools/chemdb_ontology?abbrev=PE 42:4
846.59527	846.5959	.0006	PC 37:1	C45H88NO8PNa2	[M+2Na-H]+	/resources/tools/chemdb_ontology?abbrev=PC 37:1
846.59527	846.5959	.0006	PE 40:1	C45H88NO8PNa2	[M+2Na-H]+	/resources/tools/chemdb_ontology?abbrev=PE 40:1
1497.98016	1497.9795	.0007	CL 76:12	C85H142O17P2	[M+H]+	/resources/tools/chemdb_ontology?abbrev=CL 76:12
1497.98016	1497.9771	.0031	CL 74:9	C83H144O17P2Na	[M+Na]+	/resources/tools/chemdb_ontology?abbrev=CL 74:9
1497.98016	1497.9747	.0055	CL 72:6	C81H146O17P2Na2	[M+2Na-H]+	/resources/tools/chemdb_ontology?abbrev=CL 72:6
847.59834	847.6059	.0075	PI O-37:1	C46H89O12P	[M+H-H2O]+	/resources/tools/chemdb_ontology?abbrev=PI O-37:1
847.59834	847.5960	.0024	PC 40:8	C48H80NO8P	[M+NH4]+	/resources/tools/chemdb_ontology?abbrev=PC 40:8
833.59965	833.5902	.0094	PI O-36:1	C45H87O12P	[M+H-H2O]+	/resources/tools/chemdb_ontology?abbrev=PI O-36:1
833.59965	833.6031	.0034	PA 44:3	C47H87O8PNa	[M+Na]+	/resources/tools/chemdb_ontology?abbrev=PA 44:3
833.59965	833.6015	.0018	PS 38:2	C44H82NO10P	[M+NH4]+	/resources/tools/chemdb_ontology?abbrev=PS 38:2
833.59965	833.6007	.0010	PA 42:0	C45H89O8PNa2	[M+2Na-H]+	/resources/tools/chemdb_ontology?abbrev=PA 42:0
829.62408	829.6317	.0076	PG 41:1	C47H91O10P	[M+H-H2O]+	/resources/tools/chemdb_ontology?abbrev=PG 41:1
829.62408	829.6293	.0052	PG O-39:0	C45H91O9PNa	[M+Na]+	/resources/tools/chemdb_ontology?abbrev=PG O-39:0
829.62408	829.6317	.0076	TG 49:7	C52H86O6Na	[M+Na]+	/resources/tools/chemdb_ontology?abbrev=TG 49:7
829.62408	829.6293	.0052	TG 47:4	C50H88O6Na2	[M+2Na-H]+	/resources/tools/chemdb_ontology?abbrev=TG 47:4
829.62408	829.6170	.0071	SM 40:2;O2	C45H89N2O6PNa2	[M+2Na-H]+	/resources/tools/chemdb_ontology?abbrev=SM 40:2;O2
771.51335	771.5171	.0037	PG 36:4	C42H75O10P	[M+H]+	/resources/tools/chemdb_ontology?abbrev=PG 36:4
771.51335	771.5042	.0092	MGDG 36:8	C45H70O10	[M+H]+	/resources/tools/chemdb_ontology?abbrev=MGDG 36:8
771.51335	771.5147	.0013	PG 34:1	C40H77O10PNa	[M+Na]+	/resources/tools/chemdb_ontology?abbrev=PG 34:1
655.6438	655.6347	.0091	Cer 40:1;O3	C40H79NO4	[M+NH4]+	/resources/tools/chemdb_ontology?abbrev=Cer 40:1;O3
683.50872	683.5010	.0077	PA O-36:4	C39H71O7P	[M+H]+	/resources/tools/chemdb_ontology?abbrev=PA O-36:4
683.50872	683.5122	.0035	CerPE 36:3;O3	C38H73N2O7P	[M+H-H2O]+	/resources/tools/chemdb_ontology?abbrev=CerPE 36:3;O3
683.50872	683.5010	.0077	PA 36:2	C39H73O8P	[M+H-H2O]+	/resources/tools/chemdb_ontology?abbrev=PA 36:2
683.50872	683.5098	.0011	CerPE 34:1;O2	C36H73N2O6PNa	[M+Na]+	/resources/tools/chemdb_ontology?abbrev=CerPE 34:1;O2
719.57995	719.5737	.0062	CE 22:6	C49H76O2Na	[M+Na]+	/resources/tools/chemdb_ontology?abbrev=CE 22:6
719.57995	719.5713	.0086	CE 20:3	C47H78O2Na2	[M+2Na-H]+	/resources/tools/chemdb_ontology?abbrev=CE 20:3
784.63813	784.6297	.0084	HexCer 39:2;O3	C45H85NO9	[M+H]+	/resources/tools/chemdb_ontology?abbrev=HexCer 39:2;O3
784.63813	784.6450	.0068	TG 46:6	C49H82O6	[M+NH4]+	/resources/tools/chemdb_ontology?abbrev=TG 46:6
750.56484	750.5643	.0005	PS O-34:0	C40H80NO9P	[M+H]+	/resources/tools/chemdb_ontology?abbrev=PS O-34:0
750.56484	750.5643	.0005	PG O-34:2	C40H77O9P	[M+NH4]+	/resources/tools/chemdb_ontology?abbrev=PG O-34:2
828.62152	828.6265	.0050	PC O-42:7	C50H88NO7P	[M+H-H2O]+	/resources/tools/chemdb_ontology?abbrev=PC O-42:7
828.62152	828.6300	.0085	HexCer 40:1;O2	C46H89NO8Na2	[M+2Na-H]+	/resources/tools/chemdb_ontology?abbrev=HexCer 40:1;O2
604.53705	604.5275	.0095	Cer 36:1;O3	C36H71NO4Na	[M+Na]+	/resources/tools/chemdb_ontology?abbrev=Cer 36:1;O3
853.64692	853.6429	.0040	PC 40:5	C48H86NO8P	[M+NH4]+	/resources/tools/chemdb_ontology?abbrev=PC 40:5
810.52388	810.5280	.0041	PC 36:6;O2	C44H76NO10P	[M+H]+	/resources/tools/chemdb_ontology?abbrev=PC 36:6;O2
810.52388	810.5280	.0041	PS 38:5	C44H76NO10P	[M+H]+	/resources/tools/chemdb_ontology?abbrev=PS 38:5
810.52388	810.5280	.0041	PC 36:5;O3	C44H78NO11P	[M+H-H2O]+	/resources/tools/chemdb_ontology?abbrev=PC 36:5;O3
810.52388	810.5256	.0017	PS 36:2	C42H78NO10PNa	[M+Na]+	/resources/tools/chemdb_ontology?abbrev=PS 36:2
810.52388	810.5280	.0041	PG 38:7	C44H73O10P	[M+NH4]+	/resources/tools/chemdb_ontology?abbrev=PG 38:7
739.56776	739.5636	.0041	PA O-40:4	C43H79O7P	[M+H]+	/resources/tools/chemdb_ontology?abbrev=PA O-40:4
739.56776	739.5636	.0041	PA 40:2	C43H81O8P	[M+H-H2O]+	/resources/tools/chemdb_ontology?abbrev=PA 40:2
739.56776	739.5719	.0041	MGDG 34:1	C43H80O10	[M+H-H2O]+	/resources/tools/chemdb_ontology?abbrev=MGDG 34:1
739.56776	739.5748	.0071	CerPE 40:3;O3	C42H81N2O7P	[M+H-H2O]+	/resources/tools/chemdb_ontology?abbrev=CerPE 40:3;O3
739.56776	739.5724	.0047	CerPE 38:1;O2	C40H81N2O6PNa	[M+Na]+	/resources/tools/chemdb_ontology?abbrev=CerPE 38:1;O2
739.56776	739.5724	.0047	SM 35:1;O2	C40H81N2O6PNa	[M+Na]+	/resources/tools/chemdb_ontology?abbrev=SM 35:1;O2
739.56776	739.5612	.0066	PA O-38:1	C41H81O7PNa	[M+Na]+	/resources/tools/chemdb_ontology?abbrev=PA O-38:1
739.56776	739.5596	.0082	PS O-32:0	C38H76NO9P	[M+NH4]+	/resources/tools/chemdb_ontology?abbrev=PS O-32:0
827.63205	827.6273	.0048	PC 38:4	C46H84NO8P	[M+NH4]+	/resources/tools/chemdb_ontology?abbrev=PC 38:4
827.63205	827.6273	.0048	PE 41:4	C46H84NO8P	[M+NH4]+	/resources/tools/chemdb_ontology?abbrev=PE 41:4
827.63205	827.6342	.0022	CL 86:4	C95H178O17P2	[M+2H]2+	/resources/tools/chemdb_ontology?abbrev=CL 86:4
724.51577	724.5252	.0094	PC O-31:2	C39H76NO7PNa	[M+Na]+	/resources/tools/chemdb_ontology?abbrev=PC O-31:2
724.51577	724.5252	.0094	PE O-34:2	C39H76NO7PNa	[M+Na]+	/resources/tools/chemdb_ontology?abbrev=PE O-34:2
724.51577	724.5123	.0035	PG 31:1	C37H71O10P	[M+NH4]+	/resources/tools/chemdb_ontology?abbrev=PG 31:1
752.56876	752.5589	.0099	PE O-38:5	C43H78NO7P	[M+H]+	/resources/tools/chemdb_ontology?abbrev=PE O-38:5
752.56876	752.5589	.0099	PC 35:3	C43H80NO8P	[M+H-H2O]+	/resources/tools/chemdb_ontology?abbrev=PC 35:3
752.56876	752.5589	.0099	PE 38:3	C43H80NO8P	[M+H-H2O]+	/resources/tools/chemdb_ontology?abbrev=PE 38:3
752.56876	752.5589	.0099	PA O-40:6	C43H75O7P	[M+NH4]+	/resources/tools/chemdb_ontology?abbrev=PA O-40:6
834.60309	834.6007	.0024	PC 40:6	C48H84NO8P	[M+H]+	/resources/tools/chemdb_ontology?abbrev=PC 40:6
834.60309	834.6007	.0024	PE 43:6	C48H84NO8P	[M+H]+	/resources/tools/chemdb_ontology?abbrev=PE 43:6
834.60309	834.5937	.0094	Hex2Cer 32:1;O2	C44H83NO13	[M+H]+	/resources/tools/chemdb_ontology?abbrev=Hex2Cer 32:1;O2
834.60309	834.6007	.0024	PS O-42:5	C48H86NO9P	[M+H-H2O]+	/resources/tools/chemdb_ontology?abbrev=PS O-42:5
834.60309	834.5983	.0048	PC 38:3	C46H86NO8PNa	[M+Na]+	/resources/tools/chemdb_ontology?abbrev=PC 38:3
834.60309	834.5983	.0048	PE 41:3	C46H86NO8PNa	[M+Na]+	/resources/tools/chemdb_ontology?abbrev=PE 41:3
834.60309	834.6042	.0011	HexCer 38:0;O4	C44H87NO10Na2	[M+2Na-H]+	/resources/tools/chemdb_ontology?abbrev=HexCer 38:0;O4
834.60309	834.5959	.0072	PC 36:0	C44H88NO8PNa2	[M+2Na-H]+	/resources/tools/chemdb_ontology?abbrev=PC 36:0
834.60309	834.5959	.0072	PE 39:0	C44H88NO8PNa2	[M+2Na-H]+	/resources/tools/chemdb_ontology?abbrev=PE 39:0
685.43458	685.4439	.0093	PG 31:3	C37H67O10P	[M+H-H2O]+	/resources/tools/chemdb_ontology?abbrev=PG 31:3
764.57289	764.5800	.0071	PS O-35:0	C41H82NO9P	[M+H]+	/resources/tools/chemdb_ontology?abbrev=PS O-35:0
764.57289	764.5647	.0082	HexCer 36:2;O3	C42H79NO9Na	[M+Na]+	/resources/tools/chemdb_ontology?abbrev=HexCer 36:2;O3
764.57289	764.5800	.0071	PG O-35:2	C41H79O9P	[M+NH4]+	/resources/tools/chemdb_ontology?abbrev=PG O-35:2
687.53439	687.5323	.0021	PA O-36:2	C39H75O7P	[M+H]+	/resources/tools/chemdb_ontology?abbrev=PA O-36:2
687.53439	687.5435	.0092	CerPE 36:2;O2	C38H75N2O6P	[M+H]+	/resources/tools/chemdb_ontology?abbrev=CerPE 36:2;O2
687.53439	687.5435	.0092	SM 33:2;O2	C38H75N2O6P	[M+H]+	/resources/tools/chemdb_ontology?abbrev=SM 33:2;O2
687.53439	687.5323	.0021	PA 36:0	C39H77O8P	[M+H-H2O]+	/resources/tools/chemdb_ontology?abbrev=PA 36:0
687.53439	687.5435	.0092	CerPE 36:1;O3	C38H77N2O7P	[M+H-H2O]+	/resources/tools/chemdb_ontology?abbrev=CerPE 36:1;O3
772.51659	772.5123	.0043	PS 35:3	C41H74NO10P	[M+H]+	/resources/tools/chemdb_ontology?abbrev=PS 35:3
772.51659	772.5099	.0067	PS 33:0	C39H76NO10PNa	[M+Na]+	/resources/tools/chemdb_ontology?abbrev=PS 33:0
772.51659	772.5252	.0086	PE O-38:6	C43H76NO7PNa	[M+Na]+	/resources/tools/chemdb_ontology?abbrev=PE O-38:6
772.51659	772.5123	.0043	PG 35:5	C41H71O10P	[M+NH4]+	/resources/tools/chemdb_ontology?abbrev=PG 35:5
772.51659	772.5228	.0062	PC O-33:3	C41H78NO7PNa2	[M+2Na-H]+	/resources/tools/chemdb_ontology?abbrev=PC O-33:3
772.51659	772.5228	.0062	PE O-36:3	C41H78NO7PNa2	[M+2Na-H]+	/resources/tools/chemdb_ontology?abbrev=PE O-36:3
766.57754	766.5745	.0030	PC O-36:5	C44H80NO7P	[M+H]+	/resources/tools/chemdb_ontology?abbrev=PC O-36:5
766.57754	766.5745	.0030	PC 36:3	C44H82NO8P	[M+H-H2O]+	/resources/tools/chemdb_ontology?abbrev=PC 36:3
766.57754	766.5745	.0030	PE 39:3	C44H82NO8P	[M+H-H2O]+	/resources/tools/chemdb_ontology?abbrev=PE 39:3
766.57754	766.5803	.0028	HexCer 36:1;O3	C42H81NO9Na	[M+Na]+	/resources/tools/chemdb_ontology?abbrev=HexCer 36:1;O3
766.57754	766.5721	.0054	PC O-34:2	C42H82NO7PNa	[M+Na]+	/resources/tools/chemdb_ontology?abbrev=PC O-34:2
766.57754	766.5721	.0054	PE O-37:2	C42H82NO7PNa	[M+Na]+	/resources/tools/chemdb_ontology?abbrev=PE O-37:2
894.18326	894.1906	.0073	CoA 7:1;O	C28H46N7O18P3S	[M+H]+	/resources/tools/chemdb_ontology?abbrev=CoA 7:1;O
736.5416	736.5487	.0071	PS O-33:0	C39H78NO9P	[M+H]+	/resources/tools/chemdb_ontology?abbrev=PS O-33:0
736.5416	736.5334	.0082	HexCer 34:2;O3	C40H75NO9Na	[M+Na]+	/resources/tools/chemdb_ontology?abbrev=HexCer 34:2;O3
736.5416	736.5487	.0071	PG O-33:2	C39H75O9P	[M+NH4]+	/resources/tools/chemdb_ontology?abbrev=PG O-33:2
693.51492	693.5065	.0084	PG O-31:1	C37H73O9P	[M+H]+	/resources/tools/chemdb_ontology?abbrev=PG O-31:1
693.51492	693.5217	.0068	PA O-38:4	C41H75O7P	[M+H-H2O]+	/resources/tools/chemdb_ontology?abbrev=PA O-38:4
693.51492	693.5177	.0028	PC 28:1	C36H70NO8P	[M+NH4]+	/resources/tools/chemdb_ontology?abbrev=PC 28:1
693.51492	693.5177	.0028	PE 31:1	C36H70NO8P	[M+NH4]+	/resources/tools/chemdb_ontology?abbrev=PE 31:1
750.61188	750.6120	.0001	CerPE 38:1;O3	C40H81N2O7P	[M+NH4]+	/resources/tools/chemdb_ontology?abbrev=CerPE 38:1;O3
663.50387	663.4983	.0056	DG 40:9	C43H66O5	[M+H]+	/resources/tools/chemdb_ontology?abbrev=DG 40:9
663.50387	663.4959	.0079	PA 33:0	C36H71O8P	[M+H]+	/resources/tools/chemdb_ontology?abbrev=PA 33:0
663.50387	663.4959	.0079	PG O-30:0	C36H73O9P	[M+H-H2O]+	/resources/tools/chemdb_ontology?abbrev=PG O-30:0
663.50387	663.4959	.0080	DG 38:6	C41H68O5Na	[M+Na]+	/resources/tools/chemdb_ontology?abbrev=DG 38:6
663.50387	663.5072	.0033	PE O-30:2	C35H68NO7P	[M+NH4]+	/resources/tools/chemdb_ontology?abbrev=PE O-30:2
663.50387	663.5087	.0049	CE 16:3	C43H70O2Na2	[M+2Na-H]+	/resources/tools/chemdb_ontology?abbrev=CE 16:3
597.59042	597.5929	.0024	Cer 37:1;O2	C37H73NO3	[M+NH4]+	/resources/tools/chemdb_ontology?abbrev=Cer 37:1;O2
666.46213	666.4704	.0083	LPS O-28:1;O	C34H68NO9P	[M+H]+	/resources/tools/chemdb_ontology?abbrev=LPS O-28:1;O
666.46213	666.4704	.0083	PS O-28:0	C34H68NO9P	[M+H]+	/resources/tools/chemdb_ontology?abbrev=PS O-28:0
664.50784	664.5024	.0054	CerPE 32:2;O3	C34H67N2O7P	[M+NH4]+	/resources/tools/chemdb_ontology?abbrev=CerPE 32:2;O3
662.31282	662.3040	.0088	PE 25:4;O2	C30H52NO10PNa2	[M+2Na-H]+	/resources/tools/chemdb_ontology?abbrev=PE 25:4;O2
663.45209	663.4595	.0075	PG 29:0	C35H69O10P	[M+H-H2O]+	/resources/tools/chemdb_ontology?abbrev=PG 29:0
660.30696	660.3143	.0074	PS 25:4;O3	C31H52NO13P	[M+H-H2O]+	/resources/tools/chemdb_ontology?abbrev=PS 25:4;O3
660.30696	660.3119	.0050	PS 23:2;O2	C29H52NO12PNa	[M+Na]+	/resources/tools/chemdb_ontology?abbrev=PS 23:2;O2
690.50622	690.5068	.0006	PC 29:1	C37H72NO8P	[M+H]+	/resources/tools/chemdb_ontology?abbrev=PC 29:1
690.50622	690.5068	.0006	PE 32:1	C37H72NO8P	[M+H]+	/resources/tools/chemdb_ontology?abbrev=PE 32:1
690.50622	690.5068	.0006	PS O-31:0	C37H74NO9P	[M+H-H2O]+	/resources/tools/chemdb_ontology?abbrev=PS O-31:0
690.50622	690.5068	.0006	PA 34:2	C37H69O8P	[M+NH4]+	/resources/tools/chemdb_ontology?abbrev=PA 34:2
690.55679	690.5544	.0023	CerPE 35:2;O2	C37H73N2O6P	[M+NH4]+	/resources/tools/chemdb_ontology?abbrev=CerPE 35:2;O2
690.55679	690.5544	.0023	SM 32:2;O2	C37H73N2O6P	[M+NH4]+	/resources/tools/chemdb_ontology?abbrev=SM 32:2;O2
638.60683	638.6082	.0013	Cer 40:1;O3	C40H79NO4	[M+H]+	/resources/tools/chemdb_ontology?abbrev=Cer 40:1;O3
638.60683	638.6082	.0013	Cer 40:0;O4	C40H81NO5	[M+H-H2O]+	/resources/tools/chemdb_ontology?abbrev=Cer 40:0;O4
677.3329	677.3272	.0057	PG 24:2;O3	C30H55O13PNa	[M+Na]+	/resources/tools/chemdb_ontology?abbrev=PG 24:2;O3
767.58102	767.5909	.0099	PS O-34:0	C40H80NO9P	[M+NH4]+	/resources/tools/chemdb_ontology?abbrev=PS O-34:0
660.35764	660.3507	.0069	PS 26:3;O2	C32H56NO12P	[M+H-H2O]+	/resources/tools/chemdb_ontology?abbrev=PS 26:3;O2
747.5716	747.5687	.0029	PA O-42:5	C45H81O7P	[M+H-H2O]+	/resources/tools/chemdb_ontology?abbrev=PA O-42:5
747.5716	747.5647	.0069	PC 32:2	C40H76NO8P	[M+NH4]+	/resources/tools/chemdb_ontology?abbrev=PC 32:2
747.5716	747.5647	.0069	PE 35:2	C40H76NO8P	[M+NH4]+	/resources/tools/chemdb_ontology?abbrev=PE 35:2
747.5716	747.5716	.0000	CL 74:0	C83H162O17P2	[M+2H]2+	/resources/tools/chemdb_ontology?abbrev=CL 74:0
678.33611	678.3353	.0008	PC 23:3;O2	C31H56NO10PNa2	[M+2Na-H]+	/resources/tools/chemdb_ontology?abbrev=PC 23:3;O2
678.33611	678.3353	.0008	PE 26:3;O2	C31H56NO10PNa2	[M+2Na-H]+	/resources/tools/chemdb_ontology?abbrev=PE 26:3;O2
661.36035	661.3687	.0084	PG 25:1;O	C31H59O11PNa	[M+Na]+	/resources/tools/chemdb_ontology?abbrev=PG 25:1;O
717.52522	717.5217	.0035	PA O-40:6	C43H75O7P	[M+H-H2O]+	/resources/tools/chemdb_ontology?abbrev=PA O-40:6
717.52522	717.5177	.0075	PC 30:3	C38H70NO8P	[M+NH4]+	/resources/tools/chemdb_ontology?abbrev=PC 30:3
717.52522	717.5177	.0075	PE 33:3	C38H70NO8P	[M+NH4]+	/resources/tools/chemdb_ontology?abbrev=PE 33:3
717.52522	717.5247	.0005	CL 70:2	C79H150O17P2	[M+2H]2+	/resources/tools/chemdb_ontology?abbrev=CL 70:2
706.59267	706.5857	.0069	CerPE 36:1;O2	C38H77N2O6P	[M+NH4]+	/resources/tools/chemdb_ontology?abbrev=CerPE 36:1;O2
706.59267	706.5857	.0069	SM 33:1;O2	C38H77N2O6P	[M+NH4]+	/resources/tools/chemdb_ontology?abbrev=SM 33:1;O2
639.61046	639.6075	.0030	CE 17:0	C44H78O2	[M+H]+	/resources/tools/chemdb_ontology?abbrev=CE 17:0
718.52805	718.5325	.0045	CL 70:1	C79H152O17P2	[M+2H]2+	/resources/tools/chemdb_ontology?abbrev=CL 70:1
718.52805	718.5204	.0076	HexCer 32:0;O2	C38H75NO8Na2	[M+2Na-H]+	/resources/tools/chemdb_ontology?abbrev=HexCer 32:0;O2
716.52199	716.5225	.0005	PC 31:2	C39H74NO8P	[M+H]+	/resources/tools/chemdb_ontology?abbrev=PC 31:2
716.52199	716.5225	.0005	PE 34:2	C39H74NO8P	[M+H]+	/resources/tools/chemdb_ontology?abbrev=PE 34:2
716.52199	716.5225	.0005	PS O-33:1	C39H76NO9P	[M+H-H2O]+	/resources/tools/chemdb_ontology?abbrev=PS O-33:1
716.52199	716.5225	.0005	PA 36:3	C39H71O8P	[M+NH4]+	/resources/tools/chemdb_ontology?abbrev=PA 36:3
738.50353	738.5068	.0033	PC 33:5	C41H72NO8P	[M+H]+	/resources/tools/chemdb_ontology?abbrev=PC 33:5
738.50353	738.5068	.0033	PE 36:5	C41H72NO8P	[M+H]+	/resources/tools/chemdb_ontology?abbrev=PE 36:5
738.50353	738.5044	.0009	PC 31:2	C39H74NO8PNa	[M+Na]+	/resources/tools/chemdb_ontology?abbrev=PC 31:2
738.50353	738.5044	.0009	PE 34:2	C39H74NO8PNa	[M+Na]+	/resources/tools/chemdb_ontology?abbrev=PE 34:2
738.50353	738.5068	.0033	PA 38:6	C41H69O8P	[M+NH4]+	/resources/tools/chemdb_ontology?abbrev=PA 38:6
738.50353	738.5012	.0023	CL 74:9	C83H144O17P2	[M+2H]2+	/resources/tools/chemdb_ontology?abbrev=CL 74:9
738.50353	738.4988	.0047	CL 70:3	C79H148O17P2Na2	[M+2Na]2+	/resources/tools/chemdb_ontology?abbrev=CL 70:3
1480.03196	1480.0265	.0055	CL 74:7	C83H148O17P2	[M+H]+	/resources/tools/chemdb_ontology?abbrev=CL 74:7
1480.03196	1480.0240	.0079	CL 72:4	C81H150O17P2Na	[M+Na]+	/resources/tools/chemdb_ontology?abbrev=CL 72:4
774.6308	774.6371	.0063	PC O-36:1	C44H88NO7P	[M+H]+	/resources/tools/chemdb_ontology?abbrev=PC O-36:1
774.6308	774.6371	.0063	PE O-39:1	C44H88NO7P	[M+H]+	/resources/tools/chemdb_ontology?abbrev=PE O-39:1
1460.05683	1460.0578	.0009	CL 72:3	C81H152O17P2	[M+H]+	/resources/tools/chemdb_ontology?abbrev=CL 72:3
1460.05683	1460.0553	.0015	CL 70:0	C79H154O17P2Na	[M+Na]+	/resources/tools/chemdb_ontology?abbrev=CL 70:0
842.63656	842.6269	.0096	PS 41:1	C47H90NO10P	[M+H-H2O]+	/resources/tools/chemdb_ontology?abbrev=PS 41:1
842.63656	842.6456	.0091	HexCer 41:1;O2	C47H91NO8Na2	[M+2Na-H]+	/resources/tools/chemdb_ontology?abbrev=HexCer 41:1;O2
705.58952	705.5905	.0010	SM 34:0;O2	C39H81N2O6P	[M+H]+	/resources/tools/chemdb_ontology?abbrev=SM 34:0;O2
705.58952	705.5816	.0079	DG 44:7	C47H78O5	[M+H-H2O]+	/resources/tools/chemdb_ontology?abbrev=DG 44:7
1458.05048	1458.0421	.0084	CL 72:4	C81H150O17P2	[M+H]+	/resources/tools/chemdb_ontology?abbrev=CL 72:4
829.64096	829.6317	.0093	PG 41:1	C47H91O10P	[M+H-H2O]+	/resources/tools/chemdb_ontology?abbrev=PG 41:1
829.64096	829.6317	.0093	TG 49:7	C52H86O6Na	[M+Na]+	/resources/tools/chemdb_ontology?abbrev=TG 49:7
829.64096	829.6429	.0020	PC 38:3	C46H86NO8P	[M+NH4]+	/resources/tools/chemdb_ontology?abbrev=PC 38:3
829.64096	829.6429	.0020	PE 41:3	C46H86NO8P	[M+NH4]+	/resources/tools/chemdb_ontology?abbrev=PE 41:3
756.62178	756.6265	.0048	CerP 44:2;O2	C44H86NO6P	[M+H]+	/resources/tools/chemdb_ontology?abbrev=CerP 44:2;O2
756.62178	756.6265	.0048	PC O-36:1	C44H88NO7P	[M+H-H2O]+	/resources/tools/chemdb_ontology?abbrev=PC O-36:1
756.62178	756.6265	.0048	PE O-39:1	C44H88NO7P	[M+H-H2O]+	/resources/tools/chemdb_ontology?abbrev=PE O-39:1
575.50249	575.5034	.0009	FAHFA 37:3;O	C37H66O4	[M+H]+	/resources/tools/chemdb_ontology?abbrev=FAHFA 37:3;O
575.50249	575.5034	.0009	DG 34:2	C37H68O5	[M+H-H2O]+	/resources/tools/chemdb_ontology?abbrev=DG 34:2
577.51821	577.5190	.0008	DG 34:1	C37H70O5	[M+H-H2O]+	/resources/tools/chemdb_ontology?abbrev=DG 34:1
1454.01707	1454.0108	.0063	CL 72:6	C81H146O17P2	[M+H]+	/resources/tools/chemdb_ontology?abbrev=CL 72:6
1454.01707	1454.0084	.0087	CL 70:3	C79H148O17P2Na	[M+Na]+	/resources/tools/chemdb_ontology?abbrev=CL 70:3
751.56462	751.5636	.0010	PA 41:3	C44H81O8P	[M+H-H2O]+	/resources/tools/chemdb_ontology?abbrev=PA 41:3
751.56462	751.5612	.0034	PA O-39:2	C42H81O7PNa	[M+Na]+	/resources/tools/chemdb_ontology?abbrev=PA O-39:2
751.56462	751.5724	.0078	CerPE 39:2;O2	C41H81N2O6PNa	[M+Na]+	/resources/tools/chemdb_ontology?abbrev=CerPE 39:2;O2
751.56462	751.5724	.0078	SM 36:2;O2	C41H81N2O6PNa	[M+Na]+	/resources/tools/chemdb_ontology?abbrev=SM 36:2;O2
751.56462	751.5596	.0050	PS O-33:1	C39H76NO9P	[M+NH4]+	/resources/tools/chemdb_ontology?abbrev=PS O-33:1
785.58716	785.5803	.0068	PC 35:4	C43H78NO8P	[M+NH4]+	/resources/tools/chemdb_ontology?abbrev=PC 35:4
785.58716	785.5803	.0068	PE 38:4	C43H78NO8P	[M+NH4]+	/resources/tools/chemdb_ontology?abbrev=PE 38:4
785.58716	785.5803	.0068	PE O-38:5;O	C43H78NO8P	[M+NH4]+	/resources/tools/chemdb_ontology?abbrev=PE O-38:5;O
785.58716	785.5873	.0001	CL 80:4	C89H166O17P2	[M+2H]2+	/resources/tools/chemdb_ontology?abbrev=CL 80:4
776.59509	776.5952	.0002	PC O-38:5	C46H84NO7P	[M+H-H2O]+	/resources/tools/chemdb_ontology?abbrev=PC O-38:5
776.59509	776.6011	.0060	HexCer 38:2;O2	C44H83NO8Na	[M+Na]+	/resources/tools/chemdb_ontology?abbrev=HexCer 38:2;O2
745.54644	745.5378	.0086	PG O-35:3	C41H77O9P	[M+H]+	/resources/tools/chemdb_ontology?abbrev=PG O-35:3
745.54644	745.5530	.0066	PA O-42:6	C45H79O7P	[M+H-H2O]+	/resources/tools/chemdb_ontology?abbrev=PA O-42:6
745.54644	745.5378	.0086	PG 35:1	C41H79O10P	[M+H-H2O]+	/resources/tools/chemdb_ontology?abbrev=PG 35:1
745.54644	745.5490	.0026	PC 32:3	C40H74NO8P	[M+NH4]+	/resources/tools/chemdb_ontology?abbrev=PC 32:3
745.54644	745.5490	.0026	PE 35:3	C40H74NO8P	[M+NH4]+	/resources/tools/chemdb_ontology?abbrev=PE 35:3
761.58965	761.5803	.0093	PC 33:2	C41H78NO8P	[M+NH4]+	/resources/tools/chemdb_ontology?abbrev=PC 33:2
761.58965	761.5803	.0093	PE 36:2	C41H78NO8P	[M+NH4]+	/resources/tools/chemdb_ontology?abbrev=PE 36:2
761.58965	761.5873	.0024	CL 76:0	C85H166O17P2	[M+2H]2+	/resources/tools/chemdb_ontology?abbrev=CL 76:0
811.72067	811.7174	.0033	TG 50:3	C53H96O6	[M+H-H2O]+	/resources/tools/chemdb_ontology?abbrev=TG 50:3
757.62431	757.6218	.0025	SM 38:2;O2	C43H85N2O6P	[M+H]+	/resources/tools/chemdb_ontology?abbrev=SM 38:2;O2
757.62431	757.6341	.0098	TG 45:4	C48H84O6	[M+H]+	/resources/tools/chemdb_ontology?abbrev=TG 45:4
757.62431	757.6317	.0073	TG 43:1	C46H86O6Na	[M+Na]+	/resources/tools/chemdb_ontology?abbrev=TG 43:1
757.62431	757.6300	.0057	HexCer 37:2;O2	C43H81NO8	[M+NH4]+	/resources/tools/chemdb_ontology?abbrev=HexCer 37:2;O2
775.59067	775.5847	.0059	PG O-37:2	C43H83O9P	[M+H]+	/resources/tools/chemdb_ontology?abbrev=PG O-37:2
775.59067	775.5847	.0059	PG 37:0	C43H85O10P	[M+H-H2O]+	/resources/tools/chemdb_ontology?abbrev=PG 37:0
775.59067	775.5960	.0053	PC 34:2	C42H80NO8P	[M+NH4]+	/resources/tools/chemdb_ontology?abbrev=PC 34:2
775.59067	775.5960	.0053	PE 37:2	C42H80NO8P	[M+NH4]+	/resources/tools/chemdb_ontology?abbrev=PE 37:2
775.59067	775.5823	.0084	TG 43:3	C46H82O6Na2	[M+2Na-H]+	/resources/tools/chemdb_ontology?abbrev=TG 43:3
777.59859	777.6004	.0018	PG O-37:1	C43H85O9P	[M+H]+	/resources/tools/chemdb_ontology?abbrev=PG O-37:1
777.59859	777.6004	.0018	TG 45:5	C48H82O6Na	[M+Na]+	/resources/tools/chemdb_ontology?abbrev=TG 45:5
777.59859	777.5980	.0006	TG 43:2	C46H84O6Na2	[M+2Na-H]+	/resources/tools/chemdb_ontology?abbrev=TG 43:2
814.67417	814.6684	.0058	PC O-39:2	C47H92NO7P	[M+H]+	/resources/tools/chemdb_ontology?abbrev=PC O-39:2
814.67417	814.6684	.0058	PE O-42:2	C47H92NO7P	[M+H]+	/resources/tools/chemdb_ontology?abbrev=PE O-42:2
814.67417	814.6767	.0025	HexCer 41:0;O4	C47H93NO10	[M+H-H2O]+	/resources/tools/chemdb_ontology?abbrev=HexCer 41:0;O4
814.67417	814.6684	.0058	PC 39:0	C47H94NO8P	[M+H-H2O]+	/resources/tools/chemdb_ontology?abbrev=PC 39:0
814.67417	814.6684	.0058	PE 42:0	C47H94NO8P	[M+H-H2O]+	/resources/tools/chemdb_ontology?abbrev=PE 42:0
601.51804	601.5190	.0010	DG 36:3	C39H70O5	[M+H-H2O]+	/resources/tools/chemdb_ontology?abbrev=DG 36:3
753.57928	753.5793	.0000	PA 41:2	C44H83O8P	[M+H-H2O]+	/resources/tools/chemdb_ontology?abbrev=PA 41:2
753.57928	753.5769	.0024	PA O-39:1	C42H83O7PNa	[M+Na]+	/resources/tools/chemdb_ontology?abbrev=PA O-39:1
753.57928	753.5881	.0088	CerPE 39:1;O2	C41H83N2O6PNa	[M+Na]+	/resources/tools/chemdb_ontology?abbrev=CerPE 39:1;O2
753.57928	753.5881	.0088	SM 36:1;O2	C41H83N2O6PNa	[M+Na]+	/resources/tools/chemdb_ontology?abbrev=SM 36:1;O2
753.57928	753.5752	.0040	PS O-33:0	C39H78NO9P	[M+NH4]+	/resources/tools/chemdb_ontology?abbrev=PS O-33:0
812.66873	812.6763	.0075	TG 48:6	C51H86O6	[M+NH4]+	/resources/tools/chemdb_ontology?abbrev=TG 48:6
843.65418	843.6497	.0045	TG 52:10	C55H86O6	[M+H]+	/resources/tools/chemdb_ontology?abbrev=TG 52:10
843.65418	843.6473	.0068	PG O-42:3	C48H91O9P	[M+H]+	/resources/tools/chemdb_ontology?abbrev=PG O-42:3
843.65418	843.6473	.0068	PG 42:1	C48H93O10P	[M+H-H2O]+	/resources/tools/chemdb_ontology?abbrev=PG 42:1
843.65418	843.6473	.0069	TG 50:7	C53H88O6Na	[M+Na]+	/resources/tools/chemdb_ontology?abbrev=TG 50:7
843.65418	843.6449	.0092	PG O-40:0	C46H93O9PNa	[M+Na]+	/resources/tools/chemdb_ontology?abbrev=PG O-40:0
843.65418	843.6586	.0044	PC 39:3	C47H88NO8P	[M+NH4]+	/resources/tools/chemdb_ontology?abbrev=PC 39:3
843.65418	843.6586	.0044	PE 42:3	C47H88NO8P	[M+NH4]+	/resources/tools/chemdb_ontology?abbrev=PE 42:3
843.65418	843.6449	.0093	TG 48:4	C51H90O6Na2	[M+2Na-H]+	/resources/tools/chemdb_ontology?abbrev=TG 48:4
755.61897	755.6184	.0006	TG 45:5	C48H82O6	[M+H]+	/resources/tools/chemdb_ontology?abbrev=TG 45:5
755.61897	755.6160	.0030	TG 43:2	C46H84O6Na	[M+Na]+	/resources/tools/chemdb_ontology?abbrev=TG 43:2
802.59678	802.5956	.0011	PS O-38:2	C44H84NO9P	[M+H]+	/resources/tools/chemdb_ontology?abbrev=PS O-38:2
802.59678	802.5956	.0011	PS 38:0	C44H86NO10P	[M+H-H2O]+	/resources/tools/chemdb_ontology?abbrev=PS 38:0
802.59678	802.5956	.0011	PG O-38:4	C44H81O9P	[M+NH4]+	/resources/tools/chemdb_ontology?abbrev=PG O-38:4
802.59678	802.6061	.0093	CerP 44:1;O2	C44H88NO6PNa2	[M+2Na-H]+	/resources/tools/chemdb_ontology?abbrev=CerP 44:1;O2
753.61294	753.6156	.0027	PA O-42:2	C45H87O7P	[M+H-H2O]+	/resources/tools/chemdb_ontology?abbrev=PA O-42:2
1486.07287	1486.0734	.0005	CL 74:4	C83H154O17P2	[M+H]+	/resources/tools/chemdb_ontology?abbrev=CL 74:4
1486.07287	1486.0710	.0019	CL 72:1	C81H156O17P2Na	[M+Na]+	/resources/tools/chemdb_ontology?abbrev=CL 72:1
786.59027	786.5830	.0072	HexCer 37:1;O2	C43H83NO8Na2	[M+2Na-H]+	/resources/tools/chemdb_ontology?abbrev=HexCer 37:1;O2
753.66883	753.6731	.0043	FAHFA 48:2;O	C48H90O4Na	[M+Na]+	/resources/tools/chemdb_ontology?abbrev=FAHFA 48:2;O
811.66546	811.6687	.0033	SM 42:3;O2	C47H91N2O6P	[M+H]+	/resources/tools/chemdb_ontology?abbrev=SM 42:3;O2
811.66546	811.6663	.0009	SM 40:0;O2	C45H93N2O6PNa	[M+Na]+	/resources/tools/chemdb_ontology?abbrev=SM 40:0;O2
796.58348	796.5851	.0016	PC 37:4	C45H82NO8P	[M+H]+	/resources/tools/chemdb_ontology?abbrev=PC 37:4
796.58348	796.5851	.0016	PE 40:4	C45H82NO8P	[M+H]+	/resources/tools/chemdb_ontology?abbrev=PE 40:4
796.58348	796.5827	.0008	PC 35:1	C43H84NO8PNa	[M+Na]+	/resources/tools/chemdb_ontology?abbrev=PC 35:1
796.58348	796.5827	.0008	PE 38:1	C43H84NO8PNa	[M+Na]+	/resources/tools/chemdb_ontology?abbrev=PE 38:1
796.58348	796.5851	.0016	PA 42:5	C45H79O8P	[M+NH4]+	/resources/tools/chemdb_ontology?abbrev=PA 42:5
796.58348	796.5933	.0098	MGDG 36:4	C45H78O10	[M+NH4]+	/resources/tools/chemdb_ontology?abbrev=MGDG 36:4
743.54078	743.5374	.0034	PA O-42:7	C45H77O7P	[M+H-H2O]+	/resources/tools/chemdb_ontology?abbrev=PA O-42:7
743.54078	743.5334	.0074	PC 32:4	C40H72NO8P	[M+NH4]+	/resources/tools/chemdb_ontology?abbrev=PC 32:4
743.54078	743.5334	.0074	PE 35:4	C40H72NO8P	[M+NH4]+	/resources/tools/chemdb_ontology?abbrev=PE 35:4
743.54078	743.5403	.0004	CL 74:4	C83H154O17P2	[M+2H]2+	/resources/tools/chemdb_ontology?abbrev=CL 74:4
1518.12653	1518.1360	.0095	CL 76:2	C85H162O17P2	[M+H]+	/resources/tools/chemdb_ontology?abbrev=CL 76:2
803.59943	803.5909	.0085	PS O-37:3	C43H80NO9P	[M+NH4]+	/resources/tools/chemdb_ontology?abbrev=PS O-37:3
803.59943	803.6013	.0019	SM 38:1;O2	C43H87N2O6PNa2	[M+2Na-H]+	/resources/tools/chemdb_ontology?abbrev=SM 38:1;O2
803.59943	803.5901	.0093	PA O-41:1	C44H87O7PNa2	[M+2Na-H]+	/resources/tools/chemdb_ontology?abbrev=PA O-41:1
801.59365	801.6004	.0067	PG 39:1	C45H87O10P	[M+H-H2O]+	/resources/tools/chemdb_ontology?abbrev=PG 39:1
801.59365	801.5980	.0043	PG O-37:0	C43H87O9PNa	[M+Na]+	/resources/tools/chemdb_ontology?abbrev=PG O-37:0
801.59365	801.5980	.0043	TG 45:4	C48H84O6Na2	[M+2Na-H]+	/resources/tools/chemdb_ontology?abbrev=TG 45:4
801.59365	801.5857	.0080	SM 38:2;O2	C43H85N2O6PNa2	[M+2Na-H]+	/resources/tools/chemdb_ontology?abbrev=SM 38:2;O2
743.59284	743.5949	.0021	PA O-40:2	C43H83O7P	[M+H]+	/resources/tools/chemdb_ontology?abbrev=PA O-40:2
743.59284	743.5949	.0021	PA 40:0	C43H85O8P	[M+H-H2O]+	/resources/tools/chemdb_ontology?abbrev=PA 40:0
752.60612	752.6035	.0026	HexCer 38:3;O2	C44H81NO8	[M+H]+	/resources/tools/chemdb_ontology?abbrev=HexCer 38:3;O2
752.60612	752.6035	.0026	HexCer 38:2;O3	C44H83NO9	[M+H-H2O]+	/resources/tools/chemdb_ontology?abbrev=HexCer 38:2;O3
752.60612	752.6011	.0050	HexCer 36:0;O2	C42H83NO8Na	[M+Na]+	/resources/tools/chemdb_ontology?abbrev=HexCer 36:0;O2
801.64826	801.6391	.0091	TG 50:8	C53H86O6	[M+H-H2O]+	/resources/tools/chemdb_ontology?abbrev=TG 50:8
801.64826	801.6480	.0002	PC O-37:3	C45H86NO7P	[M+NH4]+	/resources/tools/chemdb_ontology?abbrev=PC O-37:3
801.64826	801.6480	.0002	PE O-40:3	C45H86NO7P	[M+NH4]+	/resources/tools/chemdb_ontology?abbrev=PE O-40:3
801.64826	801.6563	.0080	HexCer 39:2;O3	C45H85NO9	[M+NH4]+	/resources/tools/chemdb_ontology?abbrev=HexCer 39:2;O3
1484.06653	1484.0578	.0088	CL 74:5	C83H152O17P2	[M+H]+	/resources/tools/chemdb_ontology?abbrev=CL 74:5
1508.05456	1508.0578	.0032	CL 76:7	C85H152O17P2	[M+H]+	/resources/tools/chemdb_ontology?abbrev=CL 76:7
1508.05456	1508.0553	.0008	CL 74:4	C83H154O17P2Na	[M+Na]+	/resources/tools/chemdb_ontology?abbrev=CL 74:4
1508.05456	1508.0529	.0016	CL 72:1	C81H156O17P2Na2	[M+2Na-H]+	/resources/tools/chemdb_ontology?abbrev=CL 72:1
603.53375	603.5347	.0009	DG 36:2	C39H72O5	[M+H-H2O]+	/resources/tools/chemdb_ontology?abbrev=DG 36:2
603.53375	603.5323	.0015	DG O-34:1	C37H72O4Na	[M+Na]+	/resources/tools/chemdb_ontology?abbrev=DG O-34:1
742.59001	742.5828	.0073	HexCer 36:2;O3	C42H79NO9	[M+H]+	/resources/tools/chemdb_ontology?abbrev=HexCer 36:2;O3
742.59001	742.5828	.0073	HexCer 36:1;O4	C42H81NO10	[M+H-H2O]+	/resources/tools/chemdb_ontology?abbrev=HexCer 36:1;O4
1506.0479	1506.0421	.0058	CL 76:8	C85H150O17P2	[M+H]+	/resources/tools/chemdb_ontology?abbrev=CL 76:8
1506.0479	1506.0397	.0082	CL 74:5	C83H152O17P2Na	[M+Na]+	/resources/tools/chemdb_ontology?abbrev=CL 74:5
810.65891	810.6582	.0007	PG O-38:0	C44H89O9P	[M+NH4]+	/resources/tools/chemdb_ontology?abbrev=PG O-38:0
810.65891	810.6606	.0017	TG 48:7	C51H84O6	[M+NH4]+	/resources/tools/chemdb_ontology?abbrev=TG 48:7
765.52243	765.5276	.0052	PI O-31:0	C40H79O12P	[M+H-H2O]+	/resources/tools/chemdb_ontology?abbrev=PI O-31:0
765.52243	765.5177	.0047	PE 37:7	C42H70NO8P	[M+NH4]+	/resources/tools/chemdb_ontology?abbrev=PE 37:7
765.52243	765.5247	.0023	CL 78:10	C87H150O17P2	[M+2H]2+	/resources/tools/chemdb_ontology?abbrev=CL 78:10
765.52243	765.5223	.0001	CL 74:4	C83H154O17P2Na2	[M+2Na]2+	/resources/tools/chemdb_ontology?abbrev=CL 74:4
800.64447	800.6528	.0083	PC O-38:2	C46H90NO7P	[M+H]+	/resources/tools/chemdb_ontology?abbrev=PC O-38:2
800.64447	800.6528	.0083	PC 38:0	C46H92NO8P	[M+H-H2O]+	/resources/tools/chemdb_ontology?abbrev=PC 38:0
800.64447	800.6528	.0083	PE 41:0	C46H92NO8P	[M+H-H2O]+	/resources/tools/chemdb_ontology?abbrev=PE 41:0
751.59928	751.6000	.0007	PA O-42:3	C45H85O7P	[M+H-H2O]+	/resources/tools/chemdb_ontology?abbrev=PA O-42:3
751.59928	751.5960	.0033	PC 32:0	C40H80NO8P	[M+NH4]+	/resources/tools/chemdb_ontology?abbrev=PC 32:0
751.59928	751.5960	.0033	PE 35:0	C40H80NO8P	[M+NH4]+	/resources/tools/chemdb_ontology?abbrev=PE 35:0
800.59052	800.5952	.0047	PC O-40:7	C48H84NO7P	[M+H-H2O]+	/resources/tools/chemdb_ontology?abbrev=PC O-40:7
800.59052	800.5904	.0001	CerP 44:2;O2	C44H86NO6PNa2	[M+2Na-H]+	/resources/tools/chemdb_ontology?abbrev=CerP 44:2;O2
800.59052	800.5987	.0082	HexCer 38:1;O2	C44H85NO8Na2	[M+2Na-H]+	/resources/tools/chemdb_ontology?abbrev=HexCer 38:1;O2
774.58371	774.5878	.0041	DGCC 36:5	C46H79NO8	[M+H]+	/resources/tools/chemdb_ontology?abbrev=DGCC 36:5
774.58371	774.5796	.0041	PC O-38:6	C46H82NO7P	[M+H-H2O]+	/resources/tools/chemdb_ontology?abbrev=PC O-38:6
774.58371	774.5854	.0017	HexCer 38:3;O2	C44H81NO8Na	[M+Na]+	/resources/tools/chemdb_ontology?abbrev=HexCer 38:3;O2
774.58371	774.5830	.0007	HexCer 36:0;O2	C42H83NO8Na2	[M+2Na-H]+	/resources/tools/chemdb_ontology?abbrev=HexCer 36:0;O2
774.58371	774.5748	.0089	CerP 42:1;O2	C42H84NO6PNa2	[M+2Na-H]+	/resources/tools/chemdb_ontology?abbrev=CerP 42:1;O2
639.64821	639.6398	.0084	Cer 40:1;O2	C40H79NO3	[M+NH4]+	/resources/tools/chemdb_ontology?abbrev=Cer 40:1;O2
844.58459	844.5851	.0005	PE 44:8	C49H82NO8P	[M+H]+	/resources/tools/chemdb_ontology?abbrev=PE 44:8
844.58459	844.5827	.0019	PC 39:5	C47H84NO8PNa	[M+Na]+	/resources/tools/chemdb_ontology?abbrev=PC 39:5
844.58459	844.5827	.0019	PE 42:5	C47H84NO8PNa	[M+Na]+	/resources/tools/chemdb_ontology?abbrev=PE 42:5
844.58459	844.5803	.0043	PC 37:2	C45H86NO8PNa2	[M+2Na-H]+	/resources/tools/chemdb_ontology?abbrev=PC 37:2
844.58459	844.5803	.0043	PE 40:2	C45H86NO8PNa2	[M+2Na-H]+	/resources/tools/chemdb_ontology?abbrev=PE 40:2
754.61618	754.6191	.0030	HexCer 38:2;O2	C44H83NO8	[M+H]+	/resources/tools/chemdb_ontology?abbrev=HexCer 38:2;O2
754.61618	754.6191	.0030	HexCer 38:1;O3	C44H85NO9	[M+H-H2O]+	/resources/tools/chemdb_ontology?abbrev=HexCer 38:1;O3
754.61618	754.6109	.0053	PC O-36:2	C44H86NO7P	[M+H-H2O]+	/resources/tools/chemdb_ontology?abbrev=PC O-36:2
754.61618	754.6109	.0053	PE O-39:2	C44H86NO7P	[M+H-H2O]+	/resources/tools/chemdb_ontology?abbrev=PE O-39:2
760.48516	760.4912	.0060	PE 38:8	C43H70NO8P	[M+H]+	/resources/tools/chemdb_ontology?abbrev=PE 38:8
760.48516	760.4888	.0036	PC 33:5	C41H72NO8PNa	[M+Na]+	/resources/tools/chemdb_ontology?abbrev=PC 33:5
760.48516	760.4888	.0036	PE 36:5	C41H72NO8PNa	[M+Na]+	/resources/tools/chemdb_ontology?abbrev=PE 36:5
760.48516	760.4912	.0060	PA 40:9	C43H67O8P	[M+NH4]+	/resources/tools/chemdb_ontology?abbrev=PA 40:9
760.48516	760.4832	.0020	CL 74:9	C83H144O17P2Na2	[M+2Na]2+	/resources/tools/chemdb_ontology?abbrev=CL 74:9
760.48516	760.4864	.0012	PC 31:2	C39H74NO8PNa2	[M+2Na-H]+	/resources/tools/chemdb_ontology?abbrev=PC 31:2
760.48516	760.4864	.0012	PE 34:2	C39H74NO8PNa2	[M+2Na-H]+	/resources/tools/chemdb_ontology?abbrev=PE 34:2
792.57051	792.5749	.0044	PS 36:0	C42H82NO10P	[M+H]+	/resources/tools/chemdb_ontology?abbrev=PS 36:0
792.57051	792.5749	.0044	IPC 36:0;O2	C42H84NO11P	[M+H-H2O]+	/resources/tools/chemdb_ontology?abbrev=IPC 36:0;O2
792.57051	792.5749	.0044	PG 36:2	C42H79O10P	[M+NH4]+	/resources/tools/chemdb_ontology?abbrev=PG 36:2
792.57051	792.5620	.0085	MGDG 36:6	C45H74O10	[M+NH4]+	/resources/tools/chemdb_ontology?abbrev=MGDG 36:6
744.54371	744.5482	.0045	CL 74:3	C83H156O17P2	[M+2H]2+	/resources/tools/chemdb_ontology?abbrev=CL 74:3
744.54371	744.5361	.0076	HexCer 34:1;O2	C40H77NO8Na2	[M+2Na-H]+	/resources/tools/chemdb_ontology?abbrev=HexCer 34:1;O2
789.54566	789.5429	.0028	PG O-40:7	C46H79O9P	[M+H-H2O]+	/resources/tools/chemdb_ontology?abbrev=PG O-40:7
789.54566	789.5405	.0052	PA 41:4	C44H79O8PNa	[M+Na]+	/resources/tools/chemdb_ontology?abbrev=PA 41:4
789.54566	789.5389	.0068	PS 35:3	C41H74NO10P	[M+NH4]+	/resources/tools/chemdb_ontology?abbrev=PS 35:3
789.54566	789.5493	.0036	CerPE 39:2;O3	C41H81N2O7PNa2	[M+2Na-H]+	/resources/tools/chemdb_ontology?abbrev=CerPE 39:2;O3
789.54566	789.5381	.0076	PA 39:1	C42H81O8PNa2	[M+2Na-H]+	/resources/tools/chemdb_ontology?abbrev=PA 39:1
788.54228	788.5436	.0013	PS 36:2	C42H78NO10P	[M+H]+	/resources/tools/chemdb_ontology?abbrev=PS 36:2
788.54228	788.5518	.0096	Hex2Cer 30:1;O2	C42H79NO13	[M+H-H2O]+	/resources/tools/chemdb_ontology?abbrev=Hex2Cer 30:1;O2
788.54228	788.5436	.0013	PG 36:4	C42H75O10P	[M+NH4]+	/resources/tools/chemdb_ontology?abbrev=PG 36:4
1540.10827	1540.1179	.0097	CL 76:2	C85H162O17P2Na	[M+Na]+	/resources/tools/chemdb_ontology?abbrev=CL 76:2
746.56727	746.5694	.0022	PC 33:1	C41H80NO8P	[M+H]+	/resources/tools/chemdb_ontology?abbrev=PC 33:1
746.56727	746.5694	.0022	PE 36:1	C41H80NO8P	[M+H]+	/resources/tools/chemdb_ontology?abbrev=PE 36:1
746.56727	746.5694	.0022	PS O-35:0	C41H82NO9P	[M+H-H2O]+	/resources/tools/chemdb_ontology?abbrev=PS O-35:0
746.56727	746.5694	.0022	PA 38:2	C41H77O8P	[M+NH4]+	/resources/tools/chemdb_ontology?abbrev=PA 38:2
746.56727	746.5638	.0035	CL 74:1	C83H160O17P2	[M+2H]2+	/resources/tools/chemdb_ontology?abbrev=CL 74:1
911.56803	911.5644	.0036	PI 40:6	C49H83O13P	[M+H]+	/resources/tools/chemdb_ontology?abbrev=PI 40:6
911.56803	911.5620	.0060	PI 38:3	C47H85O13PNa	[M+Na]+	/resources/tools/chemdb_ontology?abbrev=PI 38:3
911.56803	911.5596	.0084	PI 36:0	C45H87O13PNa2	[M+2Na-H]+	/resources/tools/chemdb_ontology?abbrev=PI 36:0
804.61849	804.6113	.0072	PS O-38:1	C44H86NO9P	[M+H]+	/resources/tools/chemdb_ontology?abbrev=PS O-38:1
804.61849	804.6265	.0081	PC O-40:5	C48H88NO7P	[M+H-H2O]+	/resources/tools/chemdb_ontology?abbrev=PC O-40:5
804.61849	804.6113	.0072	PG O-38:3	C44H83O9P	[M+NH4]+	/resources/tools/chemdb_ontology?abbrev=PG O-38:3
786.50076	786.5068	.0061	PE 40:9	C45H72NO8P	[M+H]+	/resources/tools/chemdb_ontology?abbrev=PE 40:9
786.50076	786.5044	.0037	PC 35:6	C43H74NO8PNa	[M+Na]+	/resources/tools/chemdb_ontology?abbrev=PC 35:6
786.50076	786.5044	.0037	PE 38:6	C43H74NO8PNa	[M+Na]+	/resources/tools/chemdb_ontology?abbrev=PE 38:6
786.50076	786.5044	.0037	PE O-38:7;O	C43H74NO8PNa	[M+Na]+	/resources/tools/chemdb_ontology?abbrev=PE O-38:7;O
786.50076	786.5068	.0061	PA 42:10	C45H69O8P	[M+NH4]+	/resources/tools/chemdb_ontology?abbrev=PA 42:10
786.50076	786.5020	.0013	PC 33:3	C41H76NO8PNa2	[M+2Na-H]+	/resources/tools/chemdb_ontology?abbrev=PC 33:3
786.50076	786.5020	.0013	PE 36:3	C41H76NO8PNa2	[M+2Na-H]+	/resources/tools/chemdb_ontology?abbrev=PE 36:3
773.58682	773.5803	.0065	PC 34:3	C42H78NO8P	[M+NH4]+	/resources/tools/chemdb_ontology?abbrev=PC 34:3
773.58682	773.5803	.0065	PE 37:3	C42H78NO8P	[M+NH4]+	/resources/tools/chemdb_ontology?abbrev=PE 37:3
773.58682	773.5873	.0005	CL 78:2	C87H166O17P2	[M+2H]2+	/resources/tools/chemdb_ontology?abbrev=CL 78:2
768.54576	768.5538	.0080	PC 35:4	C43H78NO8P	[M+H]+	/resources/tools/chemdb_ontology?abbrev=PC 35:4
768.54576	768.5538	.0080	PE 38:4	C43H78NO8P	[M+H]+	/resources/tools/chemdb_ontology?abbrev=PE 38:4
768.54576	768.5538	.0080	PE O-38:5;O	C43H78NO8P	[M+H]+	/resources/tools/chemdb_ontology?abbrev=PE O-38:5;O
768.54576	768.5538	.0080	PS O-37:3	C43H80NO9P	[M+H-H2O]+	/resources/tools/chemdb_ontology?abbrev=PS O-37:3
768.54576	768.5514	.0056	PC 33:1	C41H80NO8PNa	[M+Na]+	/resources/tools/chemdb_ontology?abbrev=PC 33:1
768.54576	768.5514	.0056	PE 36:1	C41H80NO8PNa	[M+Na]+	/resources/tools/chemdb_ontology?abbrev=PE 36:1
768.54576	768.5538	.0080	PA 40:5	C43H75O8P	[M+NH4]+	/resources/tools/chemdb_ontology?abbrev=PA 40:5
768.54576	768.5458	.0000	CL 74:1	C83H160O17P2Na2	[M+2Na]2+	/resources/tools/chemdb_ontology?abbrev=CL 74:1
637.63353	637.6242	.0094	Cer 40:2;O2	C40H77NO3	[M+NH4]+	/resources/tools/chemdb_ontology?abbrev=Cer 40:2;O2
748.57123	748.5639	.0073	PC O-36:5	C44H80NO7P	[M+H-H2O]+	/resources/tools/chemdb_ontology?abbrev=PC O-36:5
748.57123	748.5698	.0014	HexCer 36:2;O2	C42H79NO8Na	[M+Na]+	/resources/tools/chemdb_ontology?abbrev=HexCer 36:2;O2
843.58127	843.5746	.0067	PI O-37:3	C46H85O12P	[M+H-H2O]+	/resources/tools/chemdb_ontology?abbrev=PI O-37:3
843.58127	843.5858	.0045	PS 39:4	C45H80NO10P	[M+NH4]+	/resources/tools/chemdb_ontology?abbrev=PS 39:4
843.58127	843.5850	.0037	PA 43:2	C46H87O8PNa2	[M+2Na-H]+	/resources/tools/chemdb_ontology?abbrev=PA 43:2
791.56769	791.5585	.0092	PA 43:6	C46H79O8P	[M+H]+	/resources/tools/chemdb_ontology?abbrev=PA 43:6
791.56769	791.5585	.0092	PG O-40:6	C46H81O9P	[M+H-H2O]+	/resources/tools/chemdb_ontology?abbrev=PG O-40:6
791.56769	791.5698	.0021	PE O-40:8	C45H76NO7P	[M+NH4]+	/resources/tools/chemdb_ontology?abbrev=PE O-40:8
677.4886	677.4864	.0022	PE 30:2	C35H66NO8P	[M+NH4]+	/resources/tools/chemdb_ontology?abbrev=PE 30:2
677.4886	677.4934	.0048	CL 64:0	C73H142O17P2	[M+2H]2+	/resources/tools/chemdb_ontology?abbrev=CL 64:0
705.51442	705.5065	.0079	PG O-32:2	C38H73O9P	[M+H]+	/resources/tools/chemdb_ontology?abbrev=PG O-32:2
705.51442	705.5065	.0079	PG 32:0	C38H75O10P	[M+H-H2O]+	/resources/tools/chemdb_ontology?abbrev=PG 32:0
705.51442	705.5177	.0033	PC 29:2	C37H70NO8P	[M+NH4]+	/resources/tools/chemdb_ontology?abbrev=PC 29:2
705.51442	705.5177	.0033	PE 32:2	C37H70NO8P	[M+NH4]+	/resources/tools/chemdb_ontology?abbrev=PE 32:2
830.64049	830.6422	.0017	PC O-42:6	C50H90NO7P	[M+H-H2O]+	/resources/tools/chemdb_ontology?abbrev=PC O-42:6
830.64049	830.6456	.0051	HexCer 40:0;O2	C46H91NO8Na2	[M+2Na-H]+	/resources/tools/chemdb_ontology?abbrev=HexCer 40:0;O2
825.59304	825.5851	.0079	PI O-34:0	C43H85O12P	[M+H]+	/resources/tools/chemdb_ontology?abbrev=PI O-34:0
825.59304	825.6004	.0074	PG 41:3	C47H87O10P	[M+H-H2O]+	/resources/tools/chemdb_ontology?abbrev=PG 41:3
825.59304	825.5980	.0049	PG O-39:2	C45H87O9PNa	[M+Na]+	/resources/tools/chemdb_ontology?abbrev=PG O-39:2
825.59304	825.5964	.0033	IPC 36:1;O2	C42H82NO11P	[M+NH4]+	/resources/tools/chemdb_ontology?abbrev=IPC 36:1;O2
825.59304	825.5869	.0062	SHexCer 36:1;O2	C42H81NO11S	[M+NH4]+	/resources/tools/chemdb_ontology?abbrev=SHexCer 36:1;O2
825.59304	825.5980	.0049	TG 47:6	C50H84O6Na2	[M+2Na-H]+	/resources/tools/chemdb_ontology?abbrev=TG 47:6
767.53949	767.5334	.0061	PC 34:6	C42H72NO8P	[M+NH4]+	/resources/tools/chemdb_ontology?abbrev=PC 34:6
767.53949	767.5334	.0061	PE 37:6	C42H72NO8P	[M+NH4]+	/resources/tools/chemdb_ontology?abbrev=PE 37:6
767.53949	767.5403	.0008	CL 78:8	C87H154O17P2	[M+2H]2+	/resources/tools/chemdb_ontology?abbrev=CL 78:8
767.53949	767.5379	.0016	CL 74:2	C83H158O17P2Na2	[M+2Na]2+	/resources/tools/chemdb_ontology?abbrev=CL 74:2
766.53492	766.5381	.0032	PC 35:5	C43H76NO8P	[M+H]+	/resources/tools/chemdb_ontology?abbrev=PC 35:5
766.53492	766.5381	.0032	PE 38:5	C43H76NO8P	[M+H]+	/resources/tools/chemdb_ontology?abbrev=PE 38:5
766.53492	766.5381	.0032	PE O-38:6;O	C43H76NO8P	[M+H]+	/resources/tools/chemdb_ontology?abbrev=PE O-38:6;O
766.53492	766.5381	.0032	PE 38:4;O	C43H78NO9P	[M+H-H2O]+	/resources/tools/chemdb_ontology?abbrev=PE 38:4;O
766.53492	766.5357	.0008	PC 33:2	C41H78NO8PNa	[M+Na]+	/resources/tools/chemdb_ontology?abbrev=PC 33:2
766.53492	766.5357	.0008	PE 36:2	C41H78NO8PNa	[M+Na]+	/resources/tools/chemdb_ontology?abbrev=PE 36:2
766.53492	766.5381	.0032	PA 40:6	C43H73O8P	[M+NH4]+	/resources/tools/chemdb_ontology?abbrev=PA 40:6
766.53492	766.5325	.0024	CL 78:9	C87H152O17P2	[M+2H]2+	/resources/tools/chemdb_ontology?abbrev=CL 78:9
766.53492	766.5301	.0048	CL 74:3	C83H156O17P2Na2	[M+2Na]2+	/resources/tools/chemdb_ontology?abbrev=CL 74:3
694.63325	694.6344	.0011	DG 40:2	C43H80O5	[M+NH4]+	/resources/tools/chemdb_ontology?abbrev=DG 40:2
736.55885	736.5639	.0051	PC O-35:4	C43H80NO7P	[M+H-H2O]+	/resources/tools/chemdb_ontology?abbrev=PC O-35:4
736.55885	736.5639	.0051	PE O-38:4	C43H80NO7P	[M+H-H2O]+	/resources/tools/chemdb_ontology?abbrev=PE O-38:4
768.58846	768.5902	.0017	PC O-36:4	C44H82NO7P	[M+H]+	/resources/tools/chemdb_ontology?abbrev=PC O-36:4
768.58846	768.5902	.0017	PC 36:2	C44H84NO8P	[M+H-H2O]+	/resources/tools/chemdb_ontology?abbrev=PC 36:2
768.58846	768.5902	.0017	PE 39:2	C44H84NO8P	[M+H-H2O]+	/resources/tools/chemdb_ontology?abbrev=PE 39:2
768.58846	768.5878	.0007	PC O-34:1	C42H84NO7PNa	[M+Na]+	/resources/tools/chemdb_ontology?abbrev=PC O-34:1
768.58846	768.5878	.0007	PE O-37:1	C42H84NO7PNa	[M+Na]+	/resources/tools/chemdb_ontology?abbrev=PE O-37:1
763.57753	763.5847	.0072	PG O-36:1	C42H83O9P	[M+H]+	/resources/tools/chemdb_ontology?abbrev=PG O-36:1
763.57753	763.5724	.0051	CerPE 40:3;O2	C42H81N2O6PNa	[M+Na]+	/resources/tools/chemdb_ontology?abbrev=CerPE 40:3;O2
763.57753	763.5847	.0072	TG 44:5	C47H80O6Na	[M+Na]+	/resources/tools/chemdb_ontology?abbrev=TG 44:5
763.57753	763.5823	.0048	TG 42:2	C45H82O6Na2	[M+2Na-H]+	/resources/tools/chemdb_ontology?abbrev=TG 42:2
763.57753	763.5700	.0075	SM 35:0;O2	C40H83N2O6PNa2	[M+2Na-H]+	/resources/tools/chemdb_ontology?abbrev=SM 35:0;O2
853.64731	853.6429	.0044	PC 40:5	C48H86NO8P	[M+NH4]+	/resources/tools/chemdb_ontology?abbrev=PC 40:5
861.69138	861.6967	.0053	TG 53:8	C56H92O6	[M+H]+	/resources/tools/chemdb_ontology?abbrev=TG 53:8
861.69138	861.6943	.0029	TG 51:5	C54H94O6Na	[M+Na]+	/resources/tools/chemdb_ontology?abbrev=TG 51:5
861.69138	861.6919	.0005	TG 49:2	C52H96O6Na2	[M+2Na-H]+	/resources/tools/chemdb_ontology?abbrev=TG 49:2
762.5747	762.5796	.0049	PE O-40:5	C45H82NO7P	[M+H-H2O]+	/resources/tools/chemdb_ontology?abbrev=PE O-40:5
827.63217	827.6273	.0049	PC 38:4	C46H84NO8P	[M+NH4]+	/resources/tools/chemdb_ontology?abbrev=PC 38:4
827.63217	827.6273	.0049	PE 41:4	C46H84NO8P	[M+NH4]+	/resources/tools/chemdb_ontology?abbrev=PE 41:4
827.63217	827.6342	.0021	CL 86:4	C95H178O17P2	[M+2H]2+	/resources/tools/chemdb_ontology?abbrev=CL 86:4
766.58044	766.5745	.0059	PC O-36:5	C44H80NO7P	[M+H]+	/resources/tools/chemdb_ontology?abbrev=PC O-36:5
766.58044	766.5745	.0059	PC 36:3	C44H82NO8P	[M+H-H2O]+	/resources/tools/chemdb_ontology?abbrev=PC 36:3
766.58044	766.5745	.0059	PE 39:3	C44H82NO8P	[M+H-H2O]+	/resources/tools/chemdb_ontology?abbrev=PE 39:3
766.58044	766.5803	.0001	HexCer 36:1;O3	C42H81NO9Na	[M+Na]+	/resources/tools/chemdb_ontology?abbrev=HexCer 36:1;O3
766.58044	766.5721	.0083	PC O-34:2	C42H82NO7PNa	[M+Na]+	/resources/tools/chemdb_ontology?abbrev=PC O-34:2
766.58044	766.5721	.0083	PE O-37:2	C42H82NO7PNa	[M+Na]+	/resources/tools/chemdb_ontology?abbrev=PE O-37:2
636.56648	636.5714	.0049	CE 16:3	C43H70O2	[M+NH4]+	/resources/tools/chemdb_ontology?abbrev=CE 16:3
705.52308	705.5177	.0054	PC 29:2	C37H70NO8P	[M+NH4]+	/resources/tools/chemdb_ontology?abbrev=PC 29:2
705.52308	705.5177	.0054	PE 32:2	C37H70NO8P	[M+NH4]+	/resources/tools/chemdb_ontology?abbrev=PE 32:2
705.52308	705.5247	.0016	CL 68:0	C77H150O17P2	[M+2H]2+	/resources/tools/chemdb_ontology?abbrev=CL 68:0
704.52155	704.5225	.0009	PC 30:1	C38H74NO8P	[M+H]+	/resources/tools/chemdb_ontology?abbrev=PC 30:1
704.52155	704.5225	.0009	PE 33:1	C38H74NO8P	[M+H]+	/resources/tools/chemdb_ontology?abbrev=PE 33:1
704.52155	704.5225	.0009	PS O-32:0	C38H76NO9P	[M+H-H2O]+	/resources/tools/chemdb_ontology?abbrev=PS O-32:0
704.52155	704.5225	.0009	PA 35:2	C38H71O8P	[M+NH4]+	/resources/tools/chemdb_ontology?abbrev=PA 35:2
704.52155	704.5248	.0033	DG 42:11	C45H66O5	[M+NH4]+	/resources/tools/chemdb_ontology?abbrev=DG 42:11
704.52155	704.5169	.0047	CL 68:1	C77H148O17P2	[M+2H]2+	/resources/tools/chemdb_ontology?abbrev=CL 68:1
717.58904	717.5905	.0015	CerPE 38:1;O2	C40H81N2O6P	[M+H]+	/resources/tools/chemdb_ontology?abbrev=CerPE 38:1;O2
717.58904	717.5905	.0015	SM 35:1;O2	C40H81N2O6P	[M+H]+	/resources/tools/chemdb_ontology?abbrev=SM 35:1;O2
717.58904	717.5793	.0098	PA O-38:1	C41H81O7P	[M+H]+	/resources/tools/chemdb_ontology?abbrev=PA O-38:1
717.58904	717.5987	.0097	HexCer 34:1;O2	C40H77NO8	[M+NH4]+	/resources/tools/chemdb_ontology?abbrev=HexCer 34:1;O2
739.57133	739.5636	.0077	PA O-40:4	C43H79O7P	[M+H]+	/resources/tools/chemdb_ontology?abbrev=PA O-40:4
739.57133	739.5719	.0005	MGDG 34:1	C43H80O10	[M+H-H2O]+	/resources/tools/chemdb_ontology?abbrev=MGDG 34:1
739.57133	739.5748	.0035	CerPE 40:3;O3	C42H81N2O7P	[M+H-H2O]+	/resources/tools/chemdb_ontology?abbrev=CerPE 40:3;O3
739.57133	739.5636	.0077	PA 40:2	C43H81O8P	[M+H-H2O]+	/resources/tools/chemdb_ontology?abbrev=PA 40:2
739.57133	739.5724	.0011	CerPE 38:1;O2	C40H81N2O6PNa	[M+Na]+	/resources/tools/chemdb_ontology?abbrev=CerPE 38:1;O2
739.57133	739.5724	.0011	SM 35:1;O2	C40H81N2O6PNa	[M+Na]+	/resources/tools/chemdb_ontology?abbrev=SM 35:1;O2
807.53571	807.5382	.0025	PI O-33:2	C42H79O12P	[M+H]+	/resources/tools/chemdb_ontology?abbrev=PI O-33:2
807.53571	807.5382	.0025	PI 33:0	C42H81O13P	[M+H-H2O]+	/resources/tools/chemdb_ontology?abbrev=PI 33:0
807.53571	807.5275	.0082	PA O-42:6	C45H79O7PNa2	[M+2Na-H]+	/resources/tools/chemdb_ontology?abbrev=PA O-42:6
718.59239	718.5828	.0096	HexCer 34:0;O3	C40H79NO9	[M+H]+	/resources/tools/chemdb_ontology?abbrev=HexCer 34:0;O3
718.59239	718.5980	.0056	DGTS 34:2	C44H81NO7	[M+H-H2O]+	/resources/tools/chemdb_ontology?abbrev=DGTS 34:2
718.59239	718.5857	.0066	CerPE 37:2;O2	C39H77N2O6P	[M+NH4]+	/resources/tools/chemdb_ontology?abbrev=CerPE 37:2;O2
718.59239	718.5857	.0066	SM 34:2;O2	C39H77N2O6P	[M+NH4]+	/resources/tools/chemdb_ontology?abbrev=SM 34:2;O2
760.62863	760.6215	.0072	PC O-35:1	C43H86NO7P	[M+H]+	/resources/tools/chemdb_ontology?abbrev=PC O-35:1
760.62863	760.6215	.0072	PE O-38:1	C43H86NO7P	[M+H]+	/resources/tools/chemdb_ontology?abbrev=PE O-38:1
760.62863	760.6327	.0041	CerPE 40:2;O2	C42H83N2O6P	[M+NH4]+	/resources/tools/chemdb_ontology?abbrev=CerPE 40:2;O2
760.62863	760.6215	.0072	PA O-40:2	C43H83O7P	[M+NH4]+	/resources/tools/chemdb_ontology?abbrev=PA O-40:2
665.62596	665.6183	.0077	FA 42:0	C42H84O2Na2	[M+2Na-H]+	/resources/tools/chemdb_ontology?abbrev=FA 42:0
665.62596	665.6183	.0077	WE 42:0	C42H84O2Na2	[M+2Na-H]+	/resources/tools/chemdb_ontology?abbrev=WE 42:0
531.45115	531.4560	.0049	WE 38:8	C38H60O2	[M+H-H2O]+	/resources/tools/chemdb_ontology?abbrev=WE 38:8
703.53746	703.5385	.0010	CerPE 36:2;O3	C38H75N2O7P	[M+H]+	/resources/tools/chemdb_ontology?abbrev=CerPE 36:2;O3
703.53746	703.5385	.0010	PE O-33:3	C38H72NO7P	[M+NH4]+	/resources/tools/chemdb_ontology?abbrev=PE O-33:3
703.53746	703.5467	.0092	HexCer 32:2;O3	C38H71NO9	[M+NH4]+	/resources/tools/chemdb_ontology?abbrev=HexCer 32:2;O3
558.48456	558.4857	.0011	Cer 34:2;O2	C34H65NO3Na	[M+Na]+	/resources/tools/chemdb_ontology?abbrev=Cer 34:2;O2
558.48456	558.4877	.0031	CE 46:3;O2	C73H130O4Na2	[M+2Na]2+	/resources/tools/chemdb_ontology?abbrev=CE 46:3;O2
738.70237	738.6970	.0054	DG 43:1	C46H88O5	[M+NH4]+	/resources/tools/chemdb_ontology?abbrev=DG 43:1
518.49209	518.4931	.0011	Cer 34:2;O2	C34H65NO3	[M+H-H2O]+	/resources/tools/chemdb_ontology?abbrev=Cer 34:2;O2
518.49209	518.4931	.0011	FA 34:4	C34H60O2	[M+NH4]+	/resources/tools/chemdb_ontology?abbrev=FA 34:4
518.49209	518.4931	.0011	WE 34:4	C34H60O2	[M+NH4]+	/resources/tools/chemdb_ontology?abbrev=WE 34:4
744.58884	744.5902	.0013	PC O-34:2	C42H82NO7P	[M+H]+	/resources/tools/chemdb_ontology?abbrev=PC O-34:2
744.58884	744.5902	.0013	PE O-37:2	C42H82NO7P	[M+H]+	/resources/tools/chemdb_ontology?abbrev=PE O-37:2
744.58884	744.5984	.0096	HexCer 36:1;O3	C42H81NO9	[M+H]+	/resources/tools/chemdb_ontology?abbrev=HexCer 36:1;O3
744.58884	744.5902	.0013	PC 34:0	C42H84NO8P	[M+H-H2O]+	/resources/tools/chemdb_ontology?abbrev=PC 34:0
744.58884	744.5902	.0013	PE 37:0	C42H84NO8P	[M+H-H2O]+	/resources/tools/chemdb_ontology?abbrev=PE 37:0
784.58379	784.5851	.0013	PC 36:3	C44H82NO8P	[M+H]+	/resources/tools/chemdb_ontology?abbrev=PC 36:3
784.58379	784.5851	.0013	PE 39:3	C44H82NO8P	[M+H]+	/resources/tools/chemdb_ontology?abbrev=PE 39:3
784.58379	784.5851	.0013	PS O-38:2	C44H84NO9P	[M+H-H2O]+	/resources/tools/chemdb_ontology?abbrev=PS O-38:2
784.58379	784.5827	.0011	PC 34:0	C42H84NO8PNa	[M+Na]+	/resources/tools/chemdb_ontology?abbrev=PC 34:0
784.58379	784.5827	.0011	PE 37:0	C42H84NO8PNa	[M+Na]+	/resources/tools/chemdb_ontology?abbrev=PE 37:0
784.58379	784.5851	.0013	PA 41:4	C44H79O8P	[M+NH4]+	/resources/tools/chemdb_ontology?abbrev=PA 41:4
828.61833	828.6113	.0070	PS O-40:3	C46H86NO9P	[M+H]+	/resources/tools/chemdb_ontology?abbrev=PS O-40:3
828.61833	828.6113	.0070	PS 40:1	C46H88NO10P	[M+H-H2O]+	/resources/tools/chemdb_ontology?abbrev=PS 40:1
828.61833	828.6265	.0082	PC O-42:7	C50H88NO7P	[M+H-H2O]+	/resources/tools/chemdb_ontology?abbrev=PC O-42:7
828.61833	828.6089	.0094	PS O-38:0	C44H88NO9PNa	[M+Na]+	/resources/tools/chemdb_ontology?abbrev=PS O-38:0
828.61833	828.6113	.0070	PG O-40:5	C46H83O9P	[M+NH4]+	/resources/tools/chemdb_ontology?abbrev=PG O-40:5
664.62275	664.6238	.0011	Cer 42:1;O4	C42H83NO5	[M+H-H2O]+	/resources/tools/chemdb_ontology?abbrev=Cer 42:1;O4
742.53757	742.5381	.0006	PC 33:3	C41H76NO8P	[M+H]+	/resources/tools/chemdb_ontology?abbrev=PC 33:3
742.53757	742.5381	.0006	PE 36:3	C41H76NO8P	[M+H]+	/resources/tools/chemdb_ontology?abbrev=PE 36:3
742.53757	742.5381	.0006	PS O-35:2	C41H78NO9P	[M+H-H2O]+	/resources/tools/chemdb_ontology?abbrev=PS O-35:2
742.53757	742.5357	.0018	PC 31:0	C39H78NO8PNa	[M+Na]+	/resources/tools/chemdb_ontology?abbrev=PC 31:0
742.53757	742.5357	.0018	PE 34:0	C39H78NO8PNa	[M+Na]+	/resources/tools/chemdb_ontology?abbrev=PE 34:0
742.53757	742.5381	.0006	PA 38:4	C41H73O8P	[M+NH4]+	/resources/tools/chemdb_ontology?abbrev=PA 38:4
731.59545	731.5949	.0005	PA O-39:1	C42H83O7P	[M+H]+	/resources/tools/chemdb_ontology?abbrev=PA O-39:1
764.51913	764.5225	.0033	PC 35:6	C43H74NO8P	[M+H]+	/resources/tools/chemdb_ontology?abbrev=PC 35:6
764.51913	764.5225	.0033	PE 38:6	C43H74NO8P	[M+H]+	/resources/tools/chemdb_ontology?abbrev=PE 38:6
764.51913	764.5225	.0033	PE O-38:7;O	C43H74NO8P	[M+H]+	/resources/tools/chemdb_ontology?abbrev=PE O-38:7;O
764.51913	764.5225	.0033	PE 38:5;O	C43H76NO9P	[M+H-H2O]+	/resources/tools/chemdb_ontology?abbrev=PE 38:5;O
764.51913	764.5201	.0009	PC 33:3	C41H76NO8PNa	[M+Na]+	/resources/tools/chemdb_ontology?abbrev=PC 33:3
764.51913	764.5201	.0009	PE 36:3	C41H76NO8PNa	[M+Na]+	/resources/tools/chemdb_ontology?abbrev=PE 36:3
764.51913	764.5225	.0033	PA 40:7	C43H71O8P	[M+NH4]+	/resources/tools/chemdb_ontology?abbrev=PA 40:7
764.51913	764.5145	.0047	CL 74:5	C83H152O17P2Na2	[M+2Na]2+	/resources/tools/chemdb_ontology?abbrev=CL 74:5
764.51913	764.5177	.0015	PC 31:0	C39H78NO8PNa2	[M+2Na-H]+	/resources/tools/chemdb_ontology?abbrev=PC 31:0
764.51913	764.5177	.0015	PE 34:0	C39H78NO8PNa2	[M+2Na-H]+	/resources/tools/chemdb_ontology?abbrev=PE 34:0
834.5993	834.6007	.0014	PC 40:6	C48H84NO8P	[M+H]+	/resources/tools/chemdb_ontology?abbrev=PC 40:6
834.5993	834.6007	.0014	PE 43:6	C48H84NO8P	[M+H]+	/resources/tools/chemdb_ontology?abbrev=PE 43:6
834.5993	834.5937	.0056	Hex2Cer 32:1;O2	C44H83NO13	[M+H]+	/resources/tools/chemdb_ontology?abbrev=Hex2Cer 32:1;O2
834.5993	834.6007	.0014	PS O-42:5	C48H86NO9P	[M+H-H2O]+	/resources/tools/chemdb_ontology?abbrev=PS O-42:5
834.5993	834.5983	.0010	PC 38:3	C46H86NO8PNa	[M+Na]+	/resources/tools/chemdb_ontology?abbrev=PC 38:3
834.5993	834.5983	.0010	PE 41:3	C46H86NO8PNa	[M+Na]+	/resources/tools/chemdb_ontology?abbrev=PE 41:3
834.5993	834.5959	.0034	PC 36:0	C44H88NO8PNa2	[M+2Na-H]+	/resources/tools/chemdb_ontology?abbrev=PC 36:0
834.5993	834.5959	.0034	PE 39:0	C44H88NO8PNa2	[M+2Na-H]+	/resources/tools/chemdb_ontology?abbrev=PE 39:0
834.5993	834.6042	.0049	HexCer 38:0;O4	C44H87NO10Na2	[M+2Na-H]+	/resources/tools/chemdb_ontology?abbrev=HexCer 38:0;O4
772.58377	772.5851	.0013	PC 35:2	C43H82NO8P	[M+H]+	/resources/tools/chemdb_ontology?abbrev=PC 35:2
772.58377	772.5851	.0013	PE 38:2	C43H82NO8P	[M+H]+	/resources/tools/chemdb_ontology?abbrev=PE 38:2
772.58377	772.5851	.0013	PS O-37:1	C43H84NO9P	[M+H-H2O]+	/resources/tools/chemdb_ontology?abbrev=PS O-37:1
772.58377	772.5851	.0013	PA 40:3	C43H79O8P	[M+NH4]+	/resources/tools/chemdb_ontology?abbrev=PA 40:3
772.58377	772.5933	.0095	MGDG 34:2	C43H78O10	[M+NH4]+	/resources/tools/chemdb_ontology?abbrev=MGDG 34:2
577.42172	577.4228	.0010	PA O-28:1	C31H61O7P	[M+H]+	/resources/tools/chemdb_ontology?abbrev=PA O-28:1
577.42172	577.4203	.0014	FAHFA 34:3;O	C34H60O4Na2	[M+2Na-H]+	/resources/tools/chemdb_ontology?abbrev=FAHFA 34:3;O
547.47087	547.4721	.0012	FAHFA 35:3;O	C35H62O4	[M+H]+	/resources/tools/chemdb_ontology?abbrev=FAHFA 35:3;O
547.47087	547.4721	.0012	DG 32:2	C35H64O5	[M+H-H2O]+	/resources/tools/chemdb_ontology?abbrev=DG 32:2
824.58998	824.5800	.0100	PS O-40:5	C46H82NO9P	[M+H]+	/resources/tools/chemdb_ontology?abbrev=PS O-40:5
824.58998	824.5800	.0100	PS 40:3	C46H84NO10P	[M+H-H2O]+	/resources/tools/chemdb_ontology?abbrev=PS 40:3
824.58998	824.5800	.0100	PG O-40:7	C46H79O9P	[M+NH4]+	/resources/tools/chemdb_ontology?abbrev=PG O-40:7
556.4926	556.4935	.0009	DG 30:1	C33H62O5	[M+NH4]+	/resources/tools/chemdb_ontology?abbrev=DG 30:1
561.4481	561.4513	.0032	DG 32:4	C35H60O5	[M+H]+	/resources/tools/chemdb_ontology?abbrev=DG 32:4
561.4481	561.4489	.0008	DG 30:1	C33H62O5Na	[M+Na]+	/resources/tools/chemdb_ontology?abbrev=DG 30:1
652.6226	652.6238	.0012	Cer 41:0;O4	C41H83NO5	[M+H-H2O]+	/resources/tools/chemdb_ontology?abbrev=Cer 41:0;O4
668.61741	668.6187	.0013	DG 38:1	C41H78O5	[M+NH4]+	/resources/tools/chemdb_ontology?abbrev=DG 38:1
695.63644	695.6289	.0076	FA 43:0;O	C43H86O3Na2	[M+2Na-H]+	/resources/tools/chemdb_ontology?abbrev=FA 43:0;O
800.58963	800.5800	.0096	PS O-38:3	C44H82NO9P	[M+H]+	/resources/tools/chemdb_ontology?abbrev=PS O-38:3
800.58963	800.5952	.0056	PC O-40:7	C48H84NO7P	[M+H-H2O]+	/resources/tools/chemdb_ontology?abbrev=PC O-40:7
800.58963	800.5800	.0096	PS 38:1	C44H84NO10P	[M+H-H2O]+	/resources/tools/chemdb_ontology?abbrev=PS 38:1
800.58963	800.5800	.0096	PG O-38:5	C44H79O9P	[M+NH4]+	/resources/tools/chemdb_ontology?abbrev=PG O-38:5
800.58963	800.5904	.0008	CerP 44:2;O2	C44H86NO6PNa2	[M+2Na-H]+	/resources/tools/chemdb_ontology?abbrev=CerP 44:2;O2
800.58963	800.5987	.0090	HexCer 38:1;O2	C44H85NO8Na2	[M+2Na-H]+	/resources/tools/chemdb_ontology?abbrev=HexCer 38:1;O2
770.62088	770.6141	.0068	HexCer 38:2;O3	C44H83NO9	[M+H]+	/resources/tools/chemdb_ontology?abbrev=HexCer 38:2;O3
770.62088	770.6141	.0068	HexCer 38:1;O4	C44H85NO10	[M+H-H2O]+	/resources/tools/chemdb_ontology?abbrev=HexCer 38:1;O4
770.62088	770.6245	.0036	Cer 44:1;O5	C44H87NO6Na2	[M+2Na-H]+	/resources/tools/chemdb_ontology?abbrev=Cer 44:1;O5
311.25764	311.2581	.0004	FA 19:2;O	C19H34O3	[M+H]+	/resources/tools/chemdb_ontology?abbrev=FA 19:2;O
311.25764	311.2581	.0004	FA 19:1;O2	C19H36O4	[M+H-H2O]+	/resources/tools/chemdb_ontology?abbrev=FA 19:1;O2
311.25764	311.2581	.0004	FOH 19:2;O3	C19H36O4	[M+H-H2O]+	/resources/tools/chemdb_ontology?abbrev=FOH 19:2;O3
733.54692	733.5378	.0091	PG O-34:2	C40H77O9P	[M+H]+	/resources/tools/chemdb_ontology?abbrev=PG O-34:2
733.54692	733.5378	.0091	PG 34:0	C40H79O10P	[M+H-H2O]+	/resources/tools/chemdb_ontology?abbrev=PG 34:0
733.54692	733.5490	.0021	PC 31:2	C39H74NO8P	[M+NH4]+	/resources/tools/chemdb_ontology?abbrev=PC 31:2
733.54692	733.5490	.0021	PE 34:2	C39H74NO8P	[M+NH4]+	/resources/tools/chemdb_ontology?abbrev=PE 34:2
563.53814	563.5398	.0016	DG O-34:1	C37H72O4	[M+H-H2O]+	/resources/tools/chemdb_ontology?abbrev=DG O-34:1
613.5144	613.5190	.0046	DG 37:4	C40H70O5	[M+H-H2O]+	/resources/tools/chemdb_ontology?abbrev=DG 37:4
604.44086	604.4337	.0072	PC 24:0	C32H64NO8P	[M+H-H2O]+	/resources/tools/chemdb_ontology?abbrev=PC 24:0
604.44086	604.4337	.0072	PE 27:0	C32H64NO8P	[M+H-H2O]+	/resources/tools/chemdb_ontology?abbrev=PE 27:0
604.44086	604.4313	.0096	LPE O-25:0;O	C30H64NO7PNa	[M+Na]+	/resources/tools/chemdb_ontology?abbrev=LPE O-25:0;O
669.33364	669.3246	.0091	PI 22:1;O	C30H55O15P	[M+H-H2O]+	/resources/tools/chemdb_ontology?abbrev=PI 22:1;O
669.33364	669.3358	.0022	PS 23:3;O3	C29H50NO13P	[M+NH4]+	/resources/tools/chemdb_ontology?abbrev=PS 23:3;O3
660.30617	660.3143	.0082	PS 25:4;O3	C31H52NO13P	[M+H-H2O]+	/resources/tools/chemdb_ontology?abbrev=PS 25:4;O3
660.30617	660.3119	.0058	PS 23:2;O2	C29H52NO12PNa	[M+Na]+	/resources/tools/chemdb_ontology?abbrev=PS 23:2;O2
908.23521	908.2426	.0074	CoA 9:0	C30H52N7O17P3S	[M+H]+	/resources/tools/chemdb_ontology?abbrev=CoA 9:0
762.57418	762.5643	.0098	PS O-35:1	C41H80NO9P	[M+H]+	/resources/tools/chemdb_ontology?abbrev=PS O-35:1
762.57418	762.5796	.0054	PE O-40:5	C45H82NO7P	[M+H-H2O]+	/resources/tools/chemdb_ontology?abbrev=PE O-40:5
762.57418	762.5643	.0098	PG O-35:3	C41H77O9P	[M+NH4]+	/resources/tools/chemdb_ontology?abbrev=PG O-35:3
724.56945	724.5722	.0027	HexCer 36:2;O3	C42H79NO9	[M+H-H2O]+	/resources/tools/chemdb_ontology?abbrev=HexCer 36:2;O3
724.56945	724.5639	.0055	PC O-34:3	C42H80NO7P	[M+H-H2O]+	/resources/tools/chemdb_ontology?abbrev=PC O-34:3
724.56945	724.5639	.0055	PE O-37:3	C42H80NO7P	[M+H-H2O]+	/resources/tools/chemdb_ontology?abbrev=PE O-37:3
724.56945	724.5698	.0003	HexCer 34:0;O2	C40H79NO8Na	[M+Na]+	/resources/tools/chemdb_ontology?abbrev=HexCer 34:0;O2
724.56945	724.5615	.0079	CerP 40:1;O2	C40H80NO6PNa	[M+Na]+	/resources/tools/chemdb_ontology?abbrev=CerP 40:1;O2
723.51342	723.5171	.0036	PG 32:0	C38H75O10P	[M+H]+	/resources/tools/chemdb_ontology?abbrev=PG 32:0
723.51342	723.5048	.0087	CerPE 36:3;O3	C38H73N2O7PNa	[M+Na]+	/resources/tools/chemdb_ontology?abbrev=CerPE 36:3;O3
778.58906	778.5956	.0066	PS O-36:0	C42H84NO9P	[M+H]+	/resources/tools/chemdb_ontology?abbrev=PS O-36:0
778.58906	778.5803	.0087	HexCer 37:2;O3	C43H81NO9Na	[M+Na]+	/resources/tools/chemdb_ontology?abbrev=HexCer 37:2;O3
778.58906	778.5956	.0066	PG O-36:2	C42H81O9P	[M+NH4]+	/resources/tools/chemdb_ontology?abbrev=PG O-36:2
789.59278	789.6004	.0076	PG O-38:2	C44H85O9P	[M+H]+	/resources/tools/chemdb_ontology?abbrev=PG O-38:2
789.59278	789.6004	.0076	PG 38:0	C44H87O10P	[M+H-H2O]+	/resources/tools/chemdb_ontology?abbrev=PG 38:0
789.59278	789.6004	.0076	TG 46:6	C49H82O6Na	[M+Na]+	/resources/tools/chemdb_ontology?abbrev=TG 46:6
789.59278	789.5980	.0052	TG 44:3	C47H84O6Na2	[M+2Na-H]+	/resources/tools/chemdb_ontology?abbrev=TG 44:3
789.59278	789.5857	.0071	CerPE 40:1;O2	C42H85N2O6PNa2	[M+2Na-H]+	/resources/tools/chemdb_ontology?abbrev=CerPE 40:1;O2
789.59278	789.5857	.0071	SM 37:1;O2	C42H85N2O6PNa2	[M+2Na-H]+	/resources/tools/chemdb_ontology?abbrev=SM 37:1;O2
665.46007	665.4541	.0060	PA 35:4	C38H67O8P	[M+H-H2O]+	/resources/tools/chemdb_ontology?abbrev=PA 35:4
665.46007	665.4517	.0084	PA O-33:3	C36H67O7PNa	[M+Na]+	/resources/tools/chemdb_ontology?abbrev=PA O-33:3
724.51636	724.5252	.0088	PC O-31:2	C39H76NO7PNa	[M+Na]+	/resources/tools/chemdb_ontology?abbrev=PC O-31:2
724.51636	724.5252	.0088	PE O-34:2	C39H76NO7PNa	[M+Na]+	/resources/tools/chemdb_ontology?abbrev=PE O-34:2
724.51636	724.5123	.0041	PG 31:1	C37H71O10P	[M+NH4]+	/resources/tools/chemdb_ontology?abbrev=PG 31:1
765.57737	765.5793	.0019	PA O-42:5	C45H81O7P	[M+H]+	/resources/tools/chemdb_ontology?abbrev=PA O-42:5
765.57737	765.5793	.0019	PA 42:3	C45H83O8P	[M+H-H2O]+	/resources/tools/chemdb_ontology?abbrev=PA 42:3
765.57737	765.5769	.0005	PA O-40:2	C43H83O7PNa	[M+Na]+	/resources/tools/chemdb_ontology?abbrev=PA O-40:2
765.57737	765.5752	.0021	PS O-34:1	C40H78NO9P	[M+NH4]+	/resources/tools/chemdb_ontology?abbrev=PS O-34:1
751.56186	751.5636	.0018	PA 41:3	C44H81O8P	[M+H-H2O]+	/resources/tools/chemdb_ontology?abbrev=PA 41:3
751.56186	751.5612	.0007	PA O-39:2	C42H81O7PNa	[M+Na]+	/resources/tools/chemdb_ontology?abbrev=PA O-39:2
751.56186	751.5596	.0023	PS O-33:1	C39H76NO9P	[M+NH4]+	/resources/tools/chemdb_ontology?abbrev=PS O-33:1
705.5245	705.5177	.0068	PC 29:2	C37H70NO8P	[M+NH4]+	/resources/tools/chemdb_ontology?abbrev=PC 29:2
705.5245	705.5177	.0068	PE 32:2	C37H70NO8P	[M+NH4]+	/resources/tools/chemdb_ontology?abbrev=PE 32:2
705.5245	705.5247	.0002	CL 68:0	C77H150O17P2	[M+2H]2+	/resources/tools/chemdb_ontology?abbrev=CL 68:0
752.56502	752.5589	.0062	PE O-38:5	C43H78NO7P	[M+H]+	/resources/tools/chemdb_ontology?abbrev=PE O-38:5
752.56502	752.5589	.0062	PC 35:3	C43H80NO8P	[M+H-H2O]+	/resources/tools/chemdb_ontology?abbrev=PC 35:3
752.56502	752.5589	.0062	PE 38:3	C43H80NO8P	[M+H-H2O]+	/resources/tools/chemdb_ontology?abbrev=PE 38:3
752.56502	752.5565	.0086	PC O-33:2	C41H80NO7PNa	[M+Na]+	/resources/tools/chemdb_ontology?abbrev=PC O-33:2
752.56502	752.5565	.0086	PE O-36:2	C41H80NO7PNa	[M+Na]+	/resources/tools/chemdb_ontology?abbrev=PE O-36:2
752.56502	752.5589	.0062	PA O-40:6	C43H75O7P	[M+NH4]+	/resources/tools/chemdb_ontology?abbrev=PA O-40:6
767.58282	767.5925	.0097	PA O-40:1	C43H85O7PNa	[M+Na]+	/resources/tools/chemdb_ontology?abbrev=PA O-40:1
767.58282	767.5909	.0081	PS O-34:0	C40H80NO9P	[M+NH4]+	/resources/tools/chemdb_ontology?abbrev=PS O-34:0
788.58981	788.5800	.0098	PS O-37:2	C43H82NO9P	[M+H]+	/resources/tools/chemdb_ontology?abbrev=PS O-37:2
788.58981	788.5952	.0054	PE O-42:6	C47H84NO7P	[M+H-H2O]+	/resources/tools/chemdb_ontology?abbrev=PE O-42:6
788.58981	788.5800	.0098	PS 37:0	C43H84NO10P	[M+H-H2O]+	/resources/tools/chemdb_ontology?abbrev=PS 37:0
779.59203	779.5909	.0011	PS O-35:1	C41H80NO9P	[M+NH4]+	/resources/tools/chemdb_ontology?abbrev=PS O-35:1
730.53699	730.5381	.0011	PC 32:2	C40H76NO8P	[M+H]+	/resources/tools/chemdb_ontology?abbrev=PC 32:2
730.53699	730.5381	.0011	PE 35:2	C40H76NO8P	[M+H]+	/resources/tools/chemdb_ontology?abbrev=PE 35:2
730.53699	730.5381	.0011	PS O-34:1	C40H78NO9P	[M+H-H2O]+	/resources/tools/chemdb_ontology?abbrev=PS O-34:1
730.53699	730.5381	.0011	PA 37:3	C40H73O8P	[M+NH4]+	/resources/tools/chemdb_ontology?abbrev=PA 37:3
730.53699	730.5405	.0035	DG 44:12	C47H68O5	[M+NH4]+	/resources/tools/chemdb_ontology?abbrev=DG 44:12
730.53699	730.5325	.0045	CL 72:3	C81H152O17P2	[M+2H]2+	/resources/tools/chemdb_ontology?abbrev=CL 72:3
729.58947	729.5905	.0010	CerPE 39:2;O2	C41H81N2O6P	[M+H]+	/resources/tools/chemdb_ontology?abbrev=CerPE 39:2;O2
729.58947	729.5905	.0010	SM 36:2;O2	C41H81N2O6P	[M+H]+	/resources/tools/chemdb_ontology?abbrev=SM 36:2;O2
729.58947	729.5987	.0093	HexCer 35:2;O2	C41H77NO8	[M+NH4]+	/resources/tools/chemdb_ontology?abbrev=HexCer 35:2;O2
663.50552	663.4983	.0072	DG 40:9	C43H66O5	[M+H]+	/resources/tools/chemdb_ontology?abbrev=DG 40:9
663.50552	663.4959	.0096	PA 33:0	C36H71O8P	[M+H]+	/resources/tools/chemdb_ontology?abbrev=PA 33:0
663.50552	663.4959	.0096	PG O-30:0	C36H73O9P	[M+H-H2O]+	/resources/tools/chemdb_ontology?abbrev=PG O-30:0
663.50552	663.4959	.0096	DG 38:6	C41H68O5Na	[M+Na]+	/resources/tools/chemdb_ontology?abbrev=DG 38:6
663.50552	663.5072	.0016	PE O-30:2	C35H68NO7P	[M+NH4]+	/resources/tools/chemdb_ontology?abbrev=PE O-30:2
663.50552	663.5087	.0032	CE 16:3	C43H70O2Na2	[M+2Na-H]+	/resources/tools/chemdb_ontology?abbrev=CE 16:3
764.5741	764.5800	.0059	PS O-35:0	C41H82NO9P	[M+H]+	/resources/tools/chemdb_ontology?abbrev=PS O-35:0
764.5741	764.5647	.0094	HexCer 36:2;O3	C42H79NO9Na	[M+Na]+	/resources/tools/chemdb_ontology?abbrev=HexCer 36:2;O3
764.5741	764.5800	.0059	PG O-35:2	C41H79O9P	[M+NH4]+	/resources/tools/chemdb_ontology?abbrev=PG O-35:2
750.61238	750.6120	.0004	CerPE 38:1;O3	C40H81N2O7P	[M+NH4]+	/resources/tools/chemdb_ontology?abbrev=CerPE 38:1;O3
721.56078	721.5530	.0077	PA O-40:4	C43H79O7P	[M+H-H2O]+	/resources/tools/chemdb_ontology?abbrev=PA O-40:4
753.56689	753.5769	.0100	PA O-39:1	C42H83O7PNa	[M+Na]+	/resources/tools/chemdb_ontology?abbrev=PA O-39:1
753.56689	753.5752	.0084	PS O-33:0	C39H78NO9P	[M+NH4]+	/resources/tools/chemdb_ontology?abbrev=PS O-33:0
637.63045	637.6242	.0063	Cer 40:2;O2	C40H77NO3	[M+NH4]+	/resources/tools/chemdb_ontology?abbrev=Cer 40:2;O2
723.56374	723.5687	.0050	PA O-40:3	C43H81O7P	[M+H-H2O]+	/resources/tools/chemdb_ontology?abbrev=PA O-40:3
723.56374	723.5647	.0009	PC 30:0	C38H76NO8P	[M+NH4]+	/resources/tools/chemdb_ontology?abbrev=PC 30:0
723.56374	723.5647	.0009	PE 33:0	C38H76NO8P	[M+NH4]+	/resources/tools/chemdb_ontology?abbrev=PE 33:0
744.58796	744.5902	.0022	PC O-34:2	C42H82NO7P	[M+H]+	/resources/tools/chemdb_ontology?abbrev=PC O-34:2
744.58796	744.5902	.0022	PE O-37:2	C42H82NO7P	[M+H]+	/resources/tools/chemdb_ontology?abbrev=PE O-37:2
744.58796	744.5902	.0022	PC 34:0	C42H84NO8P	[M+H-H2O]+	/resources/tools/chemdb_ontology?abbrev=PC 34:0
744.58796	744.5902	.0022	PE 37:0	C42H84NO8P	[M+H-H2O]+	/resources/tools/chemdb_ontology?abbrev=PE 37:0
730.59265	730.5857	.0069	CerPE 38:3;O2	C40H77N2O6P	[M+NH4]+	/resources/tools/chemdb_ontology?abbrev=CerPE 38:3;O2
669.53151	669.5330	.0015	CerPE 36:2;O2	C38H75N2O6P	[M+H-H2O]+	/resources/tools/chemdb_ontology?abbrev=CerPE 36:2;O2
669.53151	669.5330	.0015	SM 33:2;O2	C38H75N2O6P	[M+H-H2O]+	/resources/tools/chemdb_ontology?abbrev=SM 33:2;O2
669.53151	669.5217	.0098	PA O-36:2	C39H75O7P	[M+H-H2O]+	/resources/tools/chemdb_ontology?abbrev=PA O-36:2
669.53151	669.5404	.0089	DG 36:0	C39H76O5Na2	[M+2Na-H]+	/resources/tools/chemdb_ontology?abbrev=DG 36:0
731.50596	731.5010	.0049	PA 40:6	C43H73O8P	[M+H-H2O]+	/resources/tools/chemdb_ontology?abbrev=PA 40:6
731.50596	731.4986	.0074	PA O-38:5	C41H73O7PNa	[M+Na]+	/resources/tools/chemdb_ontology?abbrev=PA O-38:5
731.50596	731.5074	.0015	CerPE 36:2;O2	C38H75N2O6PNa2	[M+2Na-H]+	/resources/tools/chemdb_ontology?abbrev=CerPE 36:2;O2
731.50596	731.5074	.0015	SM 33:2;O2	C38H75N2O6PNa2	[M+2Na-H]+	/resources/tools/chemdb_ontology?abbrev=SM 33:2;O2
731.50596	731.4962	.0098	PA O-36:2	C39H75O7PNa2	[M+2Na-H]+	/resources/tools/chemdb_ontology?abbrev=PA O-36:2
687.54257	687.5435	.0010	CerPE 36:2;O2	C38H75N2O6P	[M+H]+	/resources/tools/chemdb_ontology?abbrev=CerPE 36:2;O2
687.54257	687.5435	.0010	SM 33:2;O2	C38H75N2O6P	[M+H]+	/resources/tools/chemdb_ontology?abbrev=SM 33:2;O2
687.54257	687.5435	.0010	CerPE 36:1;O3	C38H77N2O7P	[M+H-H2O]+	/resources/tools/chemdb_ontology?abbrev=CerPE 36:1;O3
687.54257	687.5518	.0092	HexCer 32:2;O2	C38H71NO8	[M+NH4]+	/resources/tools/chemdb_ontology?abbrev=HexCer 32:2;O2
709.52427	709.5167	.0076	PA O-38:5	C41H73O7P	[M+H]+	/resources/tools/chemdb_ontology?abbrev=PA O-38:5
709.52427	709.5167	.0076	PA 38:3	C41H75O8P	[M+H-H2O]+	/resources/tools/chemdb_ontology?abbrev=PA 38:3
709.52427	709.5255	.0012	CerPE 36:2;O2	C38H75N2O6PNa	[M+Na]+	/resources/tools/chemdb_ontology?abbrev=CerPE 36:2;O2
709.52427	709.5255	.0012	SM 33:2;O2	C38H75N2O6PNa	[M+Na]+	/resources/tools/chemdb_ontology?abbrev=SM 33:2;O2
751.61559	751.6235	.0079	TG 46:5	C49H84O6	[M+H-H2O]+	/resources/tools/chemdb_ontology?abbrev=TG 46:5
751.61559	751.6211	.0055	DG 44:4	C47H84O5Na	[M+Na]+	/resources/tools/chemdb_ontology?abbrev=DG 44:4
751.61559	751.6187	.0031	DG 42:1	C45H86O5Na2	[M+2Na-H]+	/resources/tools/chemdb_ontology?abbrev=DG 42:1
746.59815	746.6058	.0077	PC O-34:1	C42H84NO7P	[M+H]+	/resources/tools/chemdb_ontology?abbrev=PC O-34:1
746.59815	746.6058	.0077	PE O-37:1	C42H84NO7P	[M+H]+	/resources/tools/chemdb_ontology?abbrev=PE O-37:1
746.59815	746.6058	.0077	PA O-39:2	C42H81O7P	[M+NH4]+	/resources/tools/chemdb_ontology?abbrev=PA O-39:2
721.47415	721.4803	.0061	PA 38:6	C41H69O8P	[M+H]+	/resources/tools/chemdb_ontology?abbrev=PA 38:6
721.47415	721.4650	.0091	PI O-28:1	C37H71O12P	[M+H-H2O]+	/resources/tools/chemdb_ontology?abbrev=PI O-28:1
721.47415	721.4779	.0037	PA 36:3	C39H71O8PNa	[M+Na]+	/resources/tools/chemdb_ontology?abbrev=PA 36:3
721.47415	721.4763	.0021	PC 28:3;O2	C36H66NO10P	[M+NH4]+	/resources/tools/chemdb_ontology?abbrev=PC 28:3;O2
721.47415	721.4763	.0021	PS 30:2	C36H66NO10P	[M+NH4]+	/resources/tools/chemdb_ontology?abbrev=PS 30:2
721.47415	721.4755	.0013	PA 34:0	C37H73O8PNa2	[M+2Na-H]+	/resources/tools/chemdb_ontology?abbrev=PA 34:0
772.58421	772.5851	.0009	PC 35:2	C43H82NO8P	[M+H]+	/resources/tools/chemdb_ontology?abbrev=PC 35:2
772.58421	772.5851	.0009	PE 38:2	C43H82NO8P	[M+H]+	/resources/tools/chemdb_ontology?abbrev=PE 38:2
772.58421	772.5851	.0009	PS O-37:1	C43H84NO9P	[M+H-H2O]+	/resources/tools/chemdb_ontology?abbrev=PS O-37:1
772.58421	772.5851	.0009	PA 40:3	C43H79O8P	[M+NH4]+	/resources/tools/chemdb_ontology?abbrev=PA 40:3
772.58421	772.5933	.0091	MGDG 34:2	C43H78O10	[M+NH4]+	/resources/tools/chemdb_ontology?abbrev=MGDG 34:2
712.56858	712.5722	.0036	HexCer 35:2;O2	C41H77NO8	[M+H]+	/resources/tools/chemdb_ontology?abbrev=HexCer 35:2;O2
712.56858	712.5639	.0046	PC O-33:2	C41H80NO7P	[M+H-H2O]+	/resources/tools/chemdb_ontology?abbrev=PC O-33:2
712.56858	712.5639	.0046	PE O-36:2	C41H80NO7P	[M+H-H2O]+	/resources/tools/chemdb_ontology?abbrev=PE O-36:2
652.62292	652.6238	.0009	Cer 41:0;O4	C41H83NO5	[M+H-H2O]+	/resources/tools/chemdb_ontology?abbrev=Cer 41:0;O4
711.56533	711.5687	.0034	PA O-39:2	C42H81O7P	[M+H-H2O]+	/resources/tools/chemdb_ontology?abbrev=PA O-39:2
769.61821	769.6106	.0076	PA O-42:3	C45H85O7P	[M+H]+	/resources/tools/chemdb_ontology?abbrev=PA O-42:3
769.61821	769.6106	.0076	PA 42:1	C45H87O8P	[M+H-H2O]+	/resources/tools/chemdb_ontology?abbrev=PA 42:1
613.47887	613.4826	.0038	DG 36:6	C39H64O5	[M+H]+	/resources/tools/chemdb_ontology?abbrev=DG 36:6
613.47887	613.4704	.0085	CerPE 32:2;O2	C34H67N2O6P	[M+H-H2O]+	/resources/tools/chemdb_ontology?abbrev=CerPE 32:2;O2
613.47887	613.4802	.0014	DG 34:3	C37H66O5Na	[M+Na]+	/resources/tools/chemdb_ontology?abbrev=DG 34:3
613.47887	613.4778	.0010	DG 32:0	C35H68O5Na2	[M+2Na-H]+	/resources/tools/chemdb_ontology?abbrev=DG 32:0
939.28283	939.2848	.0020	CoA 10:0	C31H54N7O17P3S	[M+NH4]+	/resources/tools/chemdb_ontology?abbrev=CoA 10:0
582.50834	582.5092	.0009	DG 32:2	C35H64O5	[M+NH4]+	/resources/tools/chemdb_ontology?abbrev=DG 32:2
587.46373	587.4670	.0033	DG 34:5	C37H62O5	[M+H]+	/resources/tools/chemdb_ontology?abbrev=DG 34:5
587.46373	587.4547	.0090	CerPE 30:1;O2	C32H65N2O6P	[M+H-H2O]+	/resources/tools/chemdb_ontology?abbrev=CerPE 30:1;O2
587.46373	587.4646	.0009	DG 32:2	C35H64O5Na	[M+Na]+	/resources/tools/chemdb_ontology?abbrev=DG 32:2
603.43756	603.4384	.0009	PA O-30:2	C33H63O7P	[M+H]+	/resources/tools/chemdb_ontology?abbrev=PA O-30:2
603.43756	603.4384	.0009	PA 30:0	C33H65O8P	[M+H-H2O]+	/resources/tools/chemdb_ontology?abbrev=PA 30:0
608.52362	608.5248	.0012	DG 34:3	C37H66O5	[M+NH4]+	/resources/tools/chemdb_ontology?abbrev=DG 34:3
794.60462	794.6058	.0012	PC O-38:5	C46H84NO7P	[M+H]+	/resources/tools/chemdb_ontology?abbrev=PC O-38:5
794.60462	794.6058	.0012	PC 38:3	C46H86NO8P	[M+H-H2O]+	/resources/tools/chemdb_ontology?abbrev=PC 38:3
794.60462	794.6058	.0012	PE 41:3	C46H86NO8P	[M+H-H2O]+	/resources/tools/chemdb_ontology?abbrev=PE 41:3
794.60462	794.6034	.0012	PC O-36:2	C44H86NO7PNa	[M+Na]+	/resources/tools/chemdb_ontology?abbrev=PC O-36:2
794.60462	794.6034	.0012	PE O-39:2	C44H86NO7PNa	[M+Na]+	/resources/tools/chemdb_ontology?abbrev=PE O-39:2
794.60462	794.6116	.0070	HexCer 38:1;O3	C44H85NO9Na	[M+Na]+	/resources/tools/chemdb_ontology?abbrev=HexCer 38:1;O3
795.60772	795.6011	.0067	PE O-40:6	C45H80NO7P	[M+NH4]+	/resources/tools/chemdb_ontology?abbrev=PE O-40:6
1116.32981	1116.3290	.0008	CoA 22:6;O	C43H66N7O18P3SNa	[M+Na]+	/resources/tools/chemdb_ontology?abbrev=CoA 22:6;O
1116.32981	1116.3266	.0032	CoA 20:3;O	C41H68N7O18P3SNa2	[M+2Na-H]+	/resources/tools/chemdb_ontology?abbrev=CoA 20:3;O
1074.30308	1074.3032	.0001	CoA 16:1;O3	C37H64N7O20P3SNa	[M+Na]+	/resources/tools/chemdb_ontology?abbrev=CoA 16:1;O3
1072.30359	1072.3004	.0032	CoA 18:3	C39H64N7O17P3SNa2	[M+2Na-H]+	/resources/tools/chemdb_ontology?abbrev=CoA 18:3
748.56833	748.5639	.0044	PC O-36:5	C44H80NO7P	[M+H-H2O]+	/resources/tools/chemdb_ontology?abbrev=PC O-36:5
748.56833	748.5698	.0015	HexCer 36:2;O2	C42H79NO8Na	[M+Na]+	/resources/tools/chemdb_ontology?abbrev=HexCer 36:2;O2
706.52863	706.5381	.0095	PC 30:0	C38H76NO8P	[M+H]+	/resources/tools/chemdb_ontology?abbrev=PC 30:0
706.52863	706.5381	.0095	PE 33:0	C38H76NO8P	[M+H]+	/resources/tools/chemdb_ontology?abbrev=PE 33:0
706.52863	706.5228	.0058	HexCer 33:2;O2	C39H73NO8Na	[M+Na]+	/resources/tools/chemdb_ontology?abbrev=HexCer 33:2;O2
706.52863	706.5381	.0095	PA 35:1	C38H73O8P	[M+NH4]+	/resources/tools/chemdb_ontology?abbrev=PA 35:1
731.53948	731.5334	.0061	PC 31:3	C39H72NO8P	[M+NH4]+	/resources/tools/chemdb_ontology?abbrev=PC 31:3
731.53948	731.5334	.0061	PE 34:3	C39H72NO8P	[M+NH4]+	/resources/tools/chemdb_ontology?abbrev=PE 34:3
731.53948	731.5403	.0009	CL 72:2	C81H154O17P2	[M+2H]2+	/resources/tools/chemdb_ontology?abbrev=CL 72:2
708.5757	708.5773	.0016	HexCer 36:2;O2	C42H79NO8	[M+H-H2O]+	/resources/tools/chemdb_ontology?abbrev=HexCer 36:2;O2
726.50488	726.5068	.0019	PC 32:4	C40H72NO8P	[M+H]+	/resources/tools/chemdb_ontology?abbrev=PC 32:4
726.50488	726.5068	.0019	PE 35:4	C40H72NO8P	[M+H]+	/resources/tools/chemdb_ontology?abbrev=PE 35:4
726.50488	726.5068	.0019	PS O-34:3	C40H74NO9P	[M+H-H2O]+	/resources/tools/chemdb_ontology?abbrev=PS O-34:3
726.50488	726.5044	.0005	PC 30:1	C38H74NO8PNa	[M+Na]+	/resources/tools/chemdb_ontology?abbrev=PC 30:1
726.50488	726.5044	.0005	PE 33:1	C38H74NO8PNa	[M+Na]+	/resources/tools/chemdb_ontology?abbrev=PE 33:1
726.50488	726.5068	.0019	PA 37:5	C40H69O8P	[M+NH4]+	/resources/tools/chemdb_ontology?abbrev=PA 37:5
726.50488	726.5012	.0037	CL 72:7	C81H144O17P2	[M+2H]2+	/resources/tools/chemdb_ontology?abbrev=CL 72:7
748.48683	748.4912	.0043	PE 37:7	C42H70NO8P	[M+H]+	/resources/tools/chemdb_ontology?abbrev=PE 37:7
748.48683	748.4912	.0043	PS O-36:6	C42H72NO9P	[M+H-H2O]+	/resources/tools/chemdb_ontology?abbrev=PS O-36:6
748.48683	748.4888	.0019	PC 32:4	C40H72NO8PNa	[M+Na]+	/resources/tools/chemdb_ontology?abbrev=PC 32:4
748.48683	748.4888	.0019	PE 35:4	C40H72NO8PNa	[M+Na]+	/resources/tools/chemdb_ontology?abbrev=PE 35:4
748.48683	748.4912	.0043	PA 39:8	C42H67O8P	[M+NH4]+	/resources/tools/chemdb_ontology?abbrev=PA 39:8
748.48683	748.4832	.0037	CL 72:7	C81H144O17P2Na2	[M+2Na]2+	/resources/tools/chemdb_ontology?abbrev=CL 72:7
748.48683	748.4864	.0005	PC 30:1	C38H74NO8PNa2	[M+2Na-H]+	/resources/tools/chemdb_ontology?abbrev=PC 30:1
748.48683	748.4864	.0005	PE 33:1	C38H74NO8PNa2	[M+2Na-H]+	/resources/tools/chemdb_ontology?abbrev=PE 33:1
816.58616	816.5831	.0030	Hex2Cer 32:1;O2	C44H83NO13	[M+H-H2O]+	/resources/tools/chemdb_ontology?abbrev=Hex2Cer 32:1;O2
816.58616	816.5902	.0040	PC 40:6	C48H84NO8P	[M+H-H2O]+	/resources/tools/chemdb_ontology?abbrev=PC 40:6
816.58616	816.5902	.0040	PE 43:6	C48H84NO8P	[M+H-H2O]+	/resources/tools/chemdb_ontology?abbrev=PE 43:6
816.58616	816.5878	.0016	PC O-38:5	C46H84NO7PNa	[M+Na]+	/resources/tools/chemdb_ontology?abbrev=PC O-38:5
816.58616	816.5854	.0008	PC O-36:2	C44H86NO7PNa2	[M+2Na-H]+	/resources/tools/chemdb_ontology?abbrev=PC O-36:2
816.58616	816.5854	.0008	PE O-39:2	C44H86NO7PNa2	[M+2Na-H]+	/resources/tools/chemdb_ontology?abbrev=PE O-39:2
816.58616	816.5936	.0074	HexCer 38:1;O3	C44H85NO9Na2	[M+2Na-H]+	/resources/tools/chemdb_ontology?abbrev=HexCer 38:1;O3
537.44175	537.4513	.0096	DG 30:2	C33H60O5	[M+H]+	/resources/tools/chemdb_ontology?abbrev=DG 30:2
555.3682	555.3656	.0026	LPG 21:0	C27H55O9P	[M+H]+	/resources/tools/chemdb_ontology?abbrev=LPG 21:0
555.3682	555.3769	.0087	LPS O-20:1	C26H52NO8P	[M+NH4]+	/resources/tools/chemdb_ontology?abbrev=LPS O-20:1
555.3682	555.3769	.0087	PC 18:0	C26H52NO8P	[M+NH4]+	/resources/tools/chemdb_ontology?abbrev=PC 18:0
704.52122	704.5225	.0013	PC 30:1	C38H74NO8P	[M+H]+	/resources/tools/chemdb_ontology?abbrev=PC 30:1
704.52122	704.5225	.0013	PE 33:1	C38H74NO8P	[M+H]+	/resources/tools/chemdb_ontology?abbrev=PE 33:1
704.52122	704.5225	.0013	PS O-32:0	C38H76NO9P	[M+H-H2O]+	/resources/tools/chemdb_ontology?abbrev=PS O-32:0
704.52122	704.5225	.0013	PA 35:2	C38H71O8P	[M+NH4]+	/resources/tools/chemdb_ontology?abbrev=PA 35:2
704.52122	704.5248	.0036	DG 42:11	C45H66O5	[M+NH4]+	/resources/tools/chemdb_ontology?abbrev=DG 42:11
704.52122	704.5169	.0044	CL 68:1	C77H148O17P2	[M+2H]2+	/resources/tools/chemdb_ontology?abbrev=CL 68:1
518.41417	518.4204	.0062	FA 32:6;O2	C32H52O4	[M+NH4]+	/resources/tools/chemdb_ontology?abbrev=FA 32:6;O2
533.44206	533.4435	.0014	TG 64:5	C67H120O6Na2	[M+2Na]2+	/resources/tools/chemdb_ontology?abbrev=TG 64:5
574.51743	574.5170	.0005	Cer 35:1;O2	C35H69NO3Na	[M+Na]+	/resources/tools/chemdb_ontology?abbrev=Cer 35:1;O2
576.46801	576.4622	.0058	DG 32:5	C35H58O5	[M+NH4]+	/resources/tools/chemdb_ontology?abbrev=DG 32:5
573.46536	573.4642	.0012	WE 38:7	C38H62O2Na	[M+Na]+	/resources/tools/chemdb_ontology?abbrev=WE 38:7
573.46536	573.4618	.0036	FA 36:4	C36H64O2Na2	[M+2Na-H]+	/resources/tools/chemdb_ontology?abbrev=FA 36:4
573.46536	573.4618	.0036	WE 36:4	C36H64O2Na2	[M+2Na-H]+	/resources/tools/chemdb_ontology?abbrev=WE 36:4
532.43878	532.4356	.0031	TG 64:6	C67H118O6Na2	[M+2Na]2+	/resources/tools/chemdb_ontology?abbrev=TG 64:6
725.51818	725.5116	.0066	PA 38:4	C41H73O8P	[M+H]+	/resources/tools/chemdb_ontology?abbrev=PA 38:4
725.51818	725.5204	.0022	CerPE 36:2;O3	C38H75N2O7PNa	[M+Na]+	/resources/tools/chemdb_ontology?abbrev=CerPE 36:2;O3
725.51818	725.5092	.0090	PA 36:1	C39H75O8PNa	[M+Na]+	/resources/tools/chemdb_ontology?abbrev=PA 36:1
725.51818	725.5091	.0090	DG 41:7	C44H72O5Na2	[M+2Na-H]+	/resources/tools/chemdb_ontology?abbrev=DG 41:7
776.61322	776.6164	.0032	PC 35:0	C43H86NO8P	[M+H]+	/resources/tools/chemdb_ontology?abbrev=PC 35:0
776.61322	776.6164	.0032	PE 38:0	C43H86NO8P	[M+H]+	/resources/tools/chemdb_ontology?abbrev=PE 38:0
776.61322	776.6164	.0032	PA 40:1	C43H83O8P	[M+NH4]+	/resources/tools/chemdb_ontology?abbrev=PA 40:1
718.55549	718.5494	.0061	CerPE 36:3;O3	C38H73N2O7P	[M+NH4]+	/resources/tools/chemdb_ontology?abbrev=CerPE 36:3;O3
775.60483	775.5960	.0089	PC 34:2	C42H80NO8P	[M+NH4]+	/resources/tools/chemdb_ontology?abbrev=PC 34:2
775.60483	775.5960	.0089	PE 37:2	C42H80NO8P	[M+NH4]+	/resources/tools/chemdb_ontology?abbrev=PE 37:2
775.60483	775.6029	.0019	CL 78:0	C87H170O17P2	[M+2H]2+	/resources/tools/chemdb_ontology?abbrev=CL 78:0
721.50659	721.5014	.0052	PG 32:1	C38H73O10P	[M+H]+	/resources/tools/chemdb_ontology?abbrev=PG 32:1
721.50659	721.5143	.0077	PA O-37:3	C40H75O7PNa	[M+Na]+	/resources/tools/chemdb_ontology?abbrev=PA O-37:3
721.50659	721.5126	.0061	PS O-31:2	C37H70NO9P	[M+NH4]+	/resources/tools/chemdb_ontology?abbrev=PS O-31:2
721.50659	721.5119	.0053	PA O-35:0	C38H77O7PNa2	[M+2Na-H]+	/resources/tools/chemdb_ontology?abbrev=PA O-35:0
750.55848	750.5643	.0059	PS O-34:0	C40H80NO9P	[M+H]+	/resources/tools/chemdb_ontology?abbrev=PS O-34:0
750.55848	750.5490	.0094	HexCer 35:2;O3	C41H77NO9Na	[M+Na]+	/resources/tools/chemdb_ontology?abbrev=HexCer 35:2;O3
750.55848	750.5643	.0059	PG O-34:2	C40H77O9P	[M+NH4]+	/resources/tools/chemdb_ontology?abbrev=PG O-34:2
757.55346	757.5490	.0044	PC 33:4	C41H74NO8P	[M+NH4]+	/resources/tools/chemdb_ontology?abbrev=PC 33:4
757.55346	757.5490	.0044	PE 36:4	C41H74NO8P	[M+NH4]+	/resources/tools/chemdb_ontology?abbrev=PE 36:4
757.55346	757.5490	.0044	PE O-36:5;O	C41H74NO8P	[M+NH4]+	/resources/tools/chemdb_ontology?abbrev=PE O-36:5;O
757.55346	757.5560	.0025	CL 76:4	C85H158O17P2	[M+2H]2+	/resources/tools/chemdb_ontology?abbrev=CL 76:4
867.54138	867.5382	.0032	PI O-38:7	C47H79O12P	[M+H]+	/resources/tools/chemdb_ontology?abbrev=PI O-38:7
867.54138	867.5382	.0032	PI 38:5	C47H81O13P	[M+H-H2O]+	/resources/tools/chemdb_ontology?abbrev=PI 38:5
867.54138	867.5358	.0056	PI O-36:4	C45H81O12PNa	[M+Na]+	/resources/tools/chemdb_ontology?abbrev=PI O-36:4
867.54138	867.5334	.0080	PI O-34:1	C43H83O12PNa2	[M+2Na-H]+	/resources/tools/chemdb_ontology?abbrev=PI O-34:1
832.5812	832.5851	.0039	PC 40:7	C48H82NO8P	[M+H]+	/resources/tools/chemdb_ontology?abbrev=PC 40:7
832.5812	832.5851	.0039	PS O-42:6	C48H84NO9P	[M+H-H2O]+	/resources/tools/chemdb_ontology?abbrev=PS O-42:6
832.5812	832.5827	.0015	PC 38:4	C46H84NO8PNa	[M+Na]+	/resources/tools/chemdb_ontology?abbrev=PC 38:4
832.5812	832.5827	.0015	PE 41:4	C46H84NO8PNa	[M+Na]+	/resources/tools/chemdb_ontology?abbrev=PE 41:4
832.5812	832.5803	.0009	PC 36:1	C44H86NO8PNa2	[M+2Na-H]+	/resources/tools/chemdb_ontology?abbrev=PC 36:1
832.5812	832.5803	.0009	PE 39:1	C44H86NO8PNa2	[M+2Na-H]+	/resources/tools/chemdb_ontology?abbrev=PE 39:1
832.5812	832.5885	.0073	HexCer 38:1;O4	C44H85NO10Na2	[M+2Na-H]+	/resources/tools/chemdb_ontology?abbrev=HexCer 38:1;O4
812.60578	812.6140	.0082	PC 36:0	C44H88NO8PNa	[M+Na]+	/resources/tools/chemdb_ontology?abbrev=PC 36:0
812.60578	812.6140	.0082	PE 39:0	C44H88NO8PNa	[M+Na]+	/resources/tools/chemdb_ontology?abbrev=PE 39:0
812.60578	812.5987	.0071	HexCer 39:2;O2	C45H85NO8Na2	[M+2Na-H]+	/resources/tools/chemdb_ontology?abbrev=HexCer 39:2;O2
837.6189	837.6116	.0073	PC 39:6	C47H82NO8P	[M+NH4]+	/resources/tools/chemdb_ontology?abbrev=PC 39:6
837.6189	837.6116	.0073	PE 42:6	C47H82NO8P	[M+NH4]+	/resources/tools/chemdb_ontology?abbrev=PE 42:6
836.61515	836.6164	.0012	PC 40:5	C48H86NO8P	[M+H]+	/resources/tools/chemdb_ontology?abbrev=PC 40:5
836.61515	836.6094	.0058	Hex2Cer 32:0;O2	C44H85NO13	[M+H]+	/resources/tools/chemdb_ontology?abbrev=Hex2Cer 32:0;O2
836.61515	836.6164	.0012	PS O-42:4	C48H88NO9P	[M+H-H2O]+	/resources/tools/chemdb_ontology?abbrev=PS O-42:4
836.61515	836.6140	.0012	PC 38:2	C46H88NO8PNa	[M+Na]+	/resources/tools/chemdb_ontology?abbrev=PC 38:2
836.61515	836.6140	.0012	PE 41:2	C46H88NO8PNa	[M+Na]+	/resources/tools/chemdb_ontology?abbrev=PE 41:2
836.61515	836.6094	.0058	FA 44:3;O11	C44H82O13	[M+NH4]+	/resources/tools/chemdb_ontology?abbrev=FA 44:3;O11
736.54174	736.5487	.0070	PS O-33:0	C39H78NO9P	[M+H]+	/resources/tools/chemdb_ontology?abbrev=PS O-33:0
736.54174	736.5334	.0083	HexCer 34:2;O3	C40H75NO9Na	[M+Na]+	/resources/tools/chemdb_ontology?abbrev=HexCer 34:2;O3
736.54174	736.5487	.0070	PG O-33:2	C39H75O9P	[M+NH4]+	/resources/tools/chemdb_ontology?abbrev=PG O-33:2
745.5951	745.5854	.0097	CerPE 39:2;O3	C41H81N2O7P	[M+H]+	/resources/tools/chemdb_ontology?abbrev=CerPE 39:2;O3
745.5951	745.5937	.0014	HexCer 35:2;O3	C41H77NO9	[M+NH4]+	/resources/tools/chemdb_ontology?abbrev=HexCer 35:2;O3
745.5951	745.5854	.0097	PC O-33:3	C41H78NO7P	[M+NH4]+	/resources/tools/chemdb_ontology?abbrev=PC O-33:3
745.5951	745.5854	.0097	PE O-36:3	C41H78NO7P	[M+NH4]+	/resources/tools/chemdb_ontology?abbrev=PE O-36:3
745.5951	745.5870	.0081	CE 22:4	C49H80O2Na2	[M+2Na-H]+	/resources/tools/chemdb_ontology?abbrev=CE 22:4
811.6021	811.5960	.0061	PC 37:5	C45H80NO8P	[M+NH4]+	/resources/tools/chemdb_ontology?abbrev=PC 37:5
811.6021	811.5960	.0061	PE 40:5	C45H80NO8P	[M+NH4]+	/resources/tools/chemdb_ontology?abbrev=PE 40:5
811.6021	811.6005	.0016	CL 80:0	C89H174O17P2Na2	[M+2Na]2+	/resources/tools/chemdb_ontology?abbrev=CL 80:0
602.51661	602.5119	.0047	Cer 36:2;O3	C36H69NO4Na	[M+Na]+	/resources/tools/chemdb_ontology?abbrev=Cer 36:2;O3
717.55275	717.5541	.0014	CerPE 37:2;O3	C39H77N2O7P	[M+H]+	/resources/tools/chemdb_ontology?abbrev=CerPE 37:2;O3
717.55275	717.5452	.0075	DG 44:10	C47H72O5	[M+H]+	/resources/tools/chemdb_ontology?abbrev=DG 44:10
717.55275	717.5429	.0099	PA 37:1	C40H77O8P	[M+H]+	/resources/tools/chemdb_ontology?abbrev=PA 37:1
717.55275	717.5429	.0099	PG O-34:1	C40H79O9P	[M+H-H2O]+	/resources/tools/chemdb_ontology?abbrev=PG O-34:1
717.55275	717.5428	.0099	DG 42:7	C45H74O5Na	[M+Na]+	/resources/tools/chemdb_ontology?abbrev=DG 42:7
717.55275	717.5541	.0014	PE O-34:3	C39H74NO7P	[M+NH4]+	/resources/tools/chemdb_ontology?abbrev=PE O-34:3
717.55275	717.5557	.0029	CE 20:4	C47H76O2Na2	[M+2Na-H]+	/resources/tools/chemdb_ontology?abbrev=CE 20:4
736.57459	736.5722	.0024	HexCer 37:3;O3	C43H79NO9	[M+H-H2O]+	/resources/tools/chemdb_ontology?abbrev=HexCer 37:3;O3
736.57459	736.5698	.0048	HexCer 35:1;O2	C41H79NO8Na	[M+Na]+	/resources/tools/chemdb_ontology?abbrev=HexCer 35:1;O2
868.6523	868.6426	.0097	PS 43:2	C49H92NO10P	[M+H-H2O]+	/resources/tools/chemdb_ontology?abbrev=PS 43:2
792.6212	792.6113	.0099	PS O-37:0	C43H86NO9P	[M+H]+	/resources/tools/chemdb_ontology?abbrev=PS O-37:0
792.6212	792.6265	.0053	PE O-42:4	C47H88NO7P	[M+H-H2O]+	/resources/tools/chemdb_ontology?abbrev=PE O-42:4
792.6212	792.6113	.0099	PG O-37:2	C43H83O9P	[M+NH4]+	/resources/tools/chemdb_ontology?abbrev=PG O-37:2
909.2365	909.2379	.0014	CoA 8:1	C29H48N7O17P3S	[M+NH4]+	/resources/tools/chemdb_ontology?abbrev=CoA 8:1
735.57196	735.5647	.0073	PC 31:1	C39H76NO8P	[M+NH4]+	/resources/tools/chemdb_ontology?abbrev=PC 31:1
735.57196	735.5647	.0073	PE 34:1	C39H76NO8P	[M+NH4]+	/resources/tools/chemdb_ontology?abbrev=PE 34:1
818.69346	818.6997	.0063	PC O-39:0	C47H96NO7P	[M+H]+	/resources/tools/chemdb_ontology?abbrev=PC O-39:0
818.69346	818.6997	.0063	PE O-42:0	C47H96NO7P	[M+H]+	/resources/tools/chemdb_ontology?abbrev=PE O-42:0
908.23583	908.2426	.0068	CoA 9:0	C30H52N7O17P3S	[M+H]+	/resources/tools/chemdb_ontology?abbrev=CoA 9:0
852.55936	852.5538	.0056	PC 42:11	C50H78NO8P	[M+H]+	/resources/tools/chemdb_ontology?abbrev=PC 42:11
852.55936	852.5514	.0080	PC 40:8	C48H80NO8PNa	[M+Na]+	/resources/tools/chemdb_ontology?abbrev=PC 40:8
852.55936	852.5597	.0003	PI 34:2	C43H79O13P	[M+NH4]+	/resources/tools/chemdb_ontology?abbrev=PI 34:2
810.59767	810.6007	.0031	PC 38:4	C46H84NO8P	[M+H]+	/resources/tools/chemdb_ontology?abbrev=PC 38:4
810.59767	810.6007	.0031	PE 41:4	C46H84NO8P	[M+H]+	/resources/tools/chemdb_ontology?abbrev=PE 41:4
810.59767	810.6007	.0031	PS O-40:3	C46H86NO9P	[M+H-H2O]+	/resources/tools/chemdb_ontology?abbrev=PS O-40:3
810.59767	810.5983	.0007	PC 36:1	C44H86NO8PNa	[M+Na]+	/resources/tools/chemdb_ontology?abbrev=PC 36:1
810.59767	810.5983	.0007	PE 39:1	C44H86NO8PNa	[M+Na]+	/resources/tools/chemdb_ontology?abbrev=PE 39:1
810.59767	810.6066	.0089	HexCer 38:1;O4	C44H85NO10Na	[M+Na]+	/resources/tools/chemdb_ontology?abbrev=HexCer 38:1;O4
1544.14794	1544.1492	.0013	CL 76:0	C85H166O17P2Na	[M+Na]+	/resources/tools/chemdb_ontology?abbrev=CL 76:0
386.14624	386.1506	.0044	PI 23:3;O3	C32H55O16PNa2	[M+2Na]2+	/resources/tools/chemdb_ontology?abbrev=PI 23:3;O3
204.14029	204.1432	.0029	ST 24:2;O5	C24H38O5	[M+2H]2+	/resources/tools/chemdb_ontology?abbrev=ST 24:2;O5
162.14064	162.1488	.0082	FA 8:0	C8H16O2	[M+NH4]+	/resources/tools/chemdb_ontology?abbrev=FA 8:0
162.14064	162.1488	.0082	SFE 8:0	C8H16O2	[M+NH4]+	/resources/tools/chemdb_ontology?abbrev=SFE 8:0
162.14064	162.1488	.0082	WE 8:0	C8H16O2	[M+NH4]+	/resources/tools/chemdb_ontology?abbrev=WE 8:0
159.02758	159.0288	.0012	FA 6:3;O3	C6H6O5	[M+H]+	/resources/tools/chemdb_ontology?abbrev=FA 6:3;O3
159.02758	159.0288	.0012	FA 6:2;O4	C6H8O6	[M+H-H2O]+	/resources/tools/chemdb_ontology?abbrev=FA 6:2;O4
203.15007	203.1430	.0070	FA 14:4	C14H20O2	[M+H-H2O]+	/resources/tools/chemdb_ontology?abbrev=FA 14:4
203.15007	203.1536	.0035	ST 25:2;O4	C25H40O4	[M+2H]2+	/resources/tools/chemdb_ontology?abbrev=ST 25:2;O4
203.15007	203.1512	.0011	MG O-18:0;O	C21H44O4Na2	[M+2Na]2+	/resources/tools/chemdb_ontology?abbrev=MG O-18:0;O
242.0998	242.1023	.0025	CAR 4:2;O2	C11H17NO6	[M+H-H2O]+	/resources/tools/chemdb_ontology?abbrev=CAR 4:2;O2
242.0998	242.1023	.0025	FA 11:5;O3	C11H12O5	[M+NH4]+	/resources/tools/chemdb_ontology?abbrev=FA 11:5;O3
263.09549	263.0890	.0065	FA 12:4;O3	C12H16O5Na	[M+Na]+	/resources/tools/chemdb_ontology?abbrev=FA 12:4;O3
263.09549	263.1018	.0064	FA 14:5	C14H18O2Na2	[M+2Na-H]+	/resources/tools/chemdb_ontology?abbrev=FA 14:5
263.09549	263.0866	.0089	FA 10:1;O3	C10H18O5Na2	[M+2Na-H]+	/resources/tools/chemdb_ontology?abbrev=FA 10:1;O3
132.1018	132.1019	.0001	FA 6:1	C6H10O2	[M+NH4]+	/resources/tools/chemdb_ontology?abbrev=FA 6:1
132.1018	132.1019	.0001	SFE 6:1	C6H10O2	[M+NH4]+	/resources/tools/chemdb_ontology?abbrev=SFE 6:1
132.1018	132.1039	.0021	FA 17:4	C17H26O2	[M+2H]2+	/resources/tools/chemdb_ontology?abbrev=FA 17:4
283.17476	283.1693	.0055	FA 19:7;O	C19H24O3	[M+H-H2O]+	/resources/tools/chemdb_ontology?abbrev=FA 19:7;O
283.17476	283.1693	.0055	ST 19:4;O3	C19H24O3	[M+H-H2O]+	/resources/tools/chemdb_ontology?abbrev=ST 19:4;O3
283.17476	283.1668	.0079	FA 17:5	C17H24O2Na	[M+Na]+	/resources/tools/chemdb_ontology?abbrev=FA 17:5
283.17476	283.1786	.0039	LPG 22:2	C28H53O9P	[M+2H]2+	/resources/tools/chemdb_ontology?abbrev=LPG 22:2
283.17476	283.1786	.0039	PA 25:1;O	C28H53O9P	[M+2H]2+	/resources/tools/chemdb_ontology?abbrev=PA 25:1;O
385.25375	385.2543	.0006	PG 36:5	C42H73O10P	[M+2H]2+	/resources/tools/chemdb_ontology?abbrev=PG 36:5
297.16547	297.1696	.0042	FA 16:4;O3	C16H24O5	[M+H]+	/resources/tools/chemdb_ontology?abbrev=FA 16:4;O3
297.16547	297.1672	.0018	FA 14:1;O3	C14H26O5Na	[M+Na]+	/resources/tools/chemdb_ontology?abbrev=FA 14:1;O3
215.06959	215.0695	.0000	ST 19:2;O3;S	C19H28O6SNa2	[M+2Na]2+	/resources/tools/chemdb_ontology?abbrev=ST 19:2;O3;S
215.06959	215.0655	.0041	FA 9:2;O	C9H14O3Na2	[M+2Na-H]+	/resources/tools/chemdb_ontology?abbrev=FA 9:2;O
473.306	473.3026	.0034	LPA 22:2	C25H47O7P	[M+H-H2O]+	/resources/tools/chemdb_ontology?abbrev=LPA 22:2
473.306	473.3002	.0058	LPA O-20:1	C23H47O6PNa	[M+Na]+	/resources/tools/chemdb_ontology?abbrev=LPA O-20:1
473.306	473.3002	.0058	ST 28:3;O3	C28H44O3Na2	[M+2Na-H]+	/resources/tools/chemdb_ontology?abbrev=ST 28:3;O3
175.00148	174.9978	.0037	FA 5:2;O2	C5H6O4Na2	[M+2Na-H]+	/resources/tools/chemdb_ontology?abbrev=FA 5:2;O2
175.00148	174.9978	.0037	SFE 5:2;O2	C5H6O4Na2	[M+2Na-H]+	/resources/tools/chemdb_ontology?abbrev=SFE 5:2;O2
258.18099	258.1852	.0042	FA 17:7;O	C17H20O	[M+NH4]+	/resources/tools/chemdb_ontology?abbrev=FA 17:7;O
352.21197	352.2094	.0025	CAR 10:1;O	C17H31NO5Na	[M+Na]+	/resources/tools/chemdb_ontology?abbrev=CAR 10:1;O
566.42716	566.4180	.0091	LPC 21:0	C29H60NO7P	[M+H]+	/resources/tools/chemdb_ontology?abbrev=LPC 21:0
566.42716	566.4180	.0091	LPE 24:0	C29H60NO7P	[M+H]+	/resources/tools/chemdb_ontology?abbrev=LPE 24:0
566.42716	566.4180	.0091	LPE O-24:1;O	C29H60NO7P	[M+H]+	/resources/tools/chemdb_ontology?abbrev=LPE O-24:1;O
566.42716	566.4180	.0091	PC O-21:0	C29H60NO7P	[M+H]+	/resources/tools/chemdb_ontology?abbrev=PC O-21:0
737.56276	737.5691	.0063	PG O-34:0	C40H81O9P	[M+H]+	/resources/tools/chemdb_ontology?abbrev=PG O-34:0
737.56276	737.5562	.0066	MGDG 34:2	C43H78O10	[M+H-H2O]+	/resources/tools/chemdb_ontology?abbrev=MGDG 34:2
737.56276	737.5568	.0060	CerPE 38:2;O2	C40H79N2O6PNa	[M+Na]+	/resources/tools/chemdb_ontology?abbrev=CerPE 38:2;O2
737.56276	737.5691	.0063	TG 42:4	C45H78O6Na	[M+Na]+	/resources/tools/chemdb_ontology?abbrev=TG 42:4
737.56276	737.5667	.0039	TG 40:1	C43H80O6Na2	[M+2Na-H]+	/resources/tools/chemdb_ontology?abbrev=TG 40:1
850.64818	850.6532	.0050	PG 40:1	C46H89O10P	[M+NH4]+	/resources/tools/chemdb_ontology?abbrev=PG 40:1
341.22737	341.2281	.0008	PA 35:5	C38H65O8P	[M+2H]2+	/resources/tools/chemdb_ontology?abbrev=PA 35:5
341.22737	341.2269	.0005	DG 38:8	C41H64O5Na2	[M+2Na]2+	/resources/tools/chemdb_ontology?abbrev=DG 38:8
344.24106	344.2431	.0021	FA 18:3;O3	C18H30O5	[M+NH4]+	/resources/tools/chemdb_ontology?abbrev=FA 18:3;O3
441.22407	441.2224	.0017	FA 22:4;O4	C22H36O6Na2	[M+2Na-H]+	/resources/tools/chemdb_ontology?abbrev=FA 22:4;O4
239.14838	239.1512	.0028	ST 27:2;O4	C27H44O4Na2	[M+2Na]2+	/resources/tools/chemdb_ontology?abbrev=ST 27:2;O4
239.14838	239.1512	.0028	ST 28:1;O4	C27H44O4Na2	[M+2Na]2+	/resources/tools/chemdb_ontology?abbrev=ST 28:1;O4
256.17473	256.1721	.0026	ST 28:0;O5	C28H50O5Na2	[M+2Na]2+	/resources/tools/chemdb_ontology?abbrev=ST 28:0;O5
239.15839	239.1642	.0058	FA 14:3;O	C14H22O3	[M+H]+	/resources/tools/chemdb_ontology?abbrev=FA 14:3;O
239.15839	239.1642	.0058	SFE 14:3;O	C14H22O3	[M+H]+	/resources/tools/chemdb_ontology?abbrev=SFE 14:3;O
239.15839	239.1618	.0034	FA 12:0;O	C12H24O3Na	[M+Na]+	/resources/tools/chemdb_ontology?abbrev=FA 12:0;O
210.11071	210.1121	.0014	ST 23:3;O4	C23H34O4Na2	[M+2Na]2+	/resources/tools/chemdb_ontology?abbrev=ST 23:3;O4
166.08574	166.0859	.0001	FA 19:6	C19H26O2Na2	[M+2Na]2+	/resources/tools/chemdb_ontology?abbrev=FA 19:6
166.08574	166.0859	.0001	ST 19:3;O2	C19H26O2Na2	[M+2Na]2+	/resources/tools/chemdb_ontology?abbrev=ST 19:3;O2
166.08574	166.0859	.0001	WE 19:6	C19H26O2Na2	[M+2Na]2+	/resources/tools/chemdb_ontology?abbrev=WE 19:6
361.16361	361.1622	.0015	FA 18:5;O4	C18H26O6Na	[M+Na]+	/resources/tools/chemdb_ontology?abbrev=FA 18:5;O4
361.16361	361.1598	.0039	FOH 16:3;O5	C16H28O6Na2	[M+2Na-H]+	/resources/tools/chemdb_ontology?abbrev=FOH 16:3;O5
397.21021	397.2043	.0059	ST 21:2;O2;S	C21H32O5S	[M+H]+	/resources/tools/chemdb_ontology?abbrev=ST 21:2;O2;S
195.13107	195.1380	.0069	FA 12:3	C12H18O2	[M+H]+	/resources/tools/chemdb_ontology?abbrev=FA 12:3
195.13107	195.1380	.0069	FA 12:2;O	C12H20O3	[M+H-H2O]+	/resources/tools/chemdb_ontology?abbrev=FA 12:2;O
195.13107	195.1380	.0069	SFE 12:2;O	C12H20O3	[M+H-H2O]+	/resources/tools/chemdb_ontology?abbrev=SFE 12:2;O
195.13107	195.1355	.0045	FA 10:0	C10H20O2Na	[M+Na]+	/resources/tools/chemdb_ontology?abbrev=FA 10:0
195.13107	195.1355	.0045	SFE 10:0	C10H20O2Na	[M+Na]+	/resources/tools/chemdb_ontology?abbrev=SFE 10:0
195.13107	195.1355	.0045	WE 10:0	C10H20O2Na	[M+Na]+	/resources/tools/chemdb_ontology?abbrev=WE 10:0
195.13107	195.1355	.0045	FA 20:0;O2	C20H40O4Na2	[M+2Na]2+	/resources/tools/chemdb_ontology?abbrev=FA 20:0;O2
195.13107	195.1355	.0045	MG 17:0	C20H40O4Na2	[M+2Na]2+	/resources/tools/chemdb_ontology?abbrev=MG 17:0
195.13107	195.1355	.0045	MG O-17:1;O	C20H40O4Na2	[M+2Na]2+	/resources/tools/chemdb_ontology?abbrev=MG O-17:1;O
201.13443	201.1274	.0070	FA 14:5	C14H18O2	[M+H-H2O]+	/resources/tools/chemdb_ontology?abbrev=FA 14:5
201.13443	201.1380	.0035	ST 26:4;O3	C25H36O4	[M+2H]2+	/resources/tools/chemdb_ontology?abbrev=ST 26:4;O3
201.13443	201.1355	.0011	FA 21:1;O2	C21H40O4Na2	[M+2Na]2+	/resources/tools/chemdb_ontology?abbrev=FA 21:1;O2
201.13443	201.1355	.0011	MG 18:1	C21H40O4Na2	[M+2Na]2+	/resources/tools/chemdb_ontology?abbrev=MG 18:1
201.13443	201.1355	.0011	WE 21:1;O2	C21H40O4Na2	[M+2Na]2+	/resources/tools/chemdb_ontology?abbrev=WE 21:1;O2
276.18008	276.1805	.0005	CAR 6:0;O	C13H25NO5	[M+H]+	/resources/tools/chemdb_ontology?abbrev=CAR 6:0;O
297.20118	297.2060	.0049	FAHFA 17:2;O2	C17H30O5	[M+H-H2O]+	/resources/tools/chemdb_ontology?abbrev=FAHFA 17:2;O2
297.20118	297.2036	.0024	FA 15:0;O2	C15H30O4Na	[M+Na]+	/resources/tools/chemdb_ontology?abbrev=FA 15:0;O2
298.13021	298.1261	.0041	CAR 5:1;O2	C12H21NO6Na	[M+Na]+	/resources/tools/chemdb_ontology?abbrev=CAR 5:1;O2
298.13021	298.1346	.0043	PA 23:2;O2	C26H47O10PNa2	[M+2Na]2+	/resources/tools/chemdb_ontology?abbrev=PA 23:2;O2
220.11776	220.1134	.0043	LPA O-16:1	C19H39O6PNa2	[M+2Na]2+	/resources/tools/chemdb_ontology?abbrev=LPA O-16:1
317.13742	317.1472	.0098	LPC 2:0	C10H22NO7P	[M+NH4]+	/resources/tools/chemdb_ontology?abbrev=LPC 2:0
317.13742	317.1424	.0050	PA 26:4;O2	C29H49O10PNa2	[M+2Na]2+	/resources/tools/chemdb_ontology?abbrev=PA 26:4;O2
193.08768	193.0835	.0042	FA 9:2;O	C9H14O3Na	[M+Na]+	/resources/tools/chemdb_ontology?abbrev=FA 9:2;O
193.08768	193.0876	.0001	ST 19:2;O3;S	C19H28O6S	[M+2H]2+	/resources/tools/chemdb_ontology?abbrev=ST 19:2;O3;S
193.08768	193.0835	.0042	FA 18:4;O4	C18H28O6Na2	[M+2Na]2+	/resources/tools/chemdb_ontology?abbrev=FA 18:4;O4
195.12229	195.1198	.0025	FA 23:7;O3	C23H32O5	[M+2H]2+	/resources/tools/chemdb_ontology?abbrev=FA 23:7;O3
195.12229	195.1198	.0025	ST 23:4;O5	C23H32O5	[M+2H]2+	/resources/tools/chemdb_ontology?abbrev=ST 23:4;O5
195.12229	195.1250	.0027	FA 23:5	C23H36O2Na2	[M+2Na]2+	/resources/tools/chemdb_ontology?abbrev=FA 23:5
195.12229	195.1250	.0027	ST 23:2;O2	C23H36O2Na2	[M+2Na]2+	/resources/tools/chemdb_ontology?abbrev=ST 23:2;O2
195.12229	195.1174	.0049	FA 19:1;O3	C19H36O5Na2	[M+2Na]2+	/resources/tools/chemdb_ontology?abbrev=FA 19:1;O3
195.12229	195.1174	.0049	FOH 19:2;O4	C19H36O5Na2	[M+2Na]2+	/resources/tools/chemdb_ontology?abbrev=FOH 19:2;O4
511.39602	511.3870	.0090	LPC O-17:1	C25H52NO6P	[M+NH4]+	/resources/tools/chemdb_ontology?abbrev=LPC O-17:1
511.39602	511.3870	.0090	LPE O-20:1	C25H52NO6P	[M+NH4]+	/resources/tools/chemdb_ontology?abbrev=LPE O-20:1
151.09628	151.0935	.0027	FA 19:7;O	C19H24O3	[M+2H]2+	/resources/tools/chemdb_ontology?abbrev=FA 19:7;O
151.09628	151.0935	.0027	ST 19:4;O3	C19H24O3	[M+2H]2+	/resources/tools/chemdb_ontology?abbrev=ST 19:4;O3
89.05936	89.0597	.0003	FA 4:0	C4H8O2	[M+H]+	/resources/tools/chemdb_ontology?abbrev=FA 4:0
89.05936	89.0597	.0003	SFE 4:0	C4H8O2	[M+H]+	/resources/tools/chemdb_ontology?abbrev=SFE 4:0
89.05936	89.0597	.0003	FA 8:0;O2	C8H16O4	[M+2H]2+	/resources/tools/chemdb_ontology?abbrev=FA 8:0;O2
175.11879	175.1117	.0071	FA 12:4	C12H16O2	[M+H-H2O]+	/resources/tools/chemdb_ontology?abbrev=FA 12:4
175.11879	175.1117	.0071	SFE 12:4	C12H16O2	[M+H-H2O]+	/resources/tools/chemdb_ontology?abbrev=SFE 12:4
175.11879	175.1223	.0035	FA 21:5;O2	C21H32O4	[M+2H]2+	/resources/tools/chemdb_ontology?abbrev=FA 21:5;O2
175.11879	175.1223	.0035	ST 21:2;O4	C21H32O4	[M+2H]2+	/resources/tools/chemdb_ontology?abbrev=ST 21:2;O4
175.11879	175.1199	.0011	MG O-14:0;O	C17H36O4Na2	[M+2Na]2+	/resources/tools/chemdb_ontology?abbrev=MG O-14:0;O
121.03947	121.0442	.0047	FA 11:3;O	C11H16O3Na2	[M+2Na]2+	/resources/tools/chemdb_ontology?abbrev=FA 11:3;O
121.03947	121.0442	.0047	WE 11:3;O	C11H16O3Na2	[M+2Na]2+	/resources/tools/chemdb_ontology?abbrev=WE 11:3;O
341.24183	341.2451	.0033	FA 21:4	C21H34O2Na	[M+Na]+	/resources/tools/chemdb_ontology?abbrev=FA 21:4
341.24183	341.2451	.0033	ST 21:1;O2	C21H34O2Na	[M+Na]+	/resources/tools/chemdb_ontology?abbrev=ST 21:1;O2
341.24183	341.2387	.0031	PG 29:0	C35H69O10P	[M+2H]2+	/resources/tools/chemdb_ontology?abbrev=PG 29:0
341.24183	341.2463	.0045	PA O-36:5	C39H69O7P	[M+2H]2+	/resources/tools/chemdb_ontology?abbrev=PA O-36:5
341.24183	341.2427	.0009	FA 19:1	C19H36O2Na2	[M+2Na-H]+	/resources/tools/chemdb_ontology?abbrev=FA 19:1
341.24183	341.2427	.0009	SFE 19:1	C19H36O2Na2	[M+2Na-H]+	/resources/tools/chemdb_ontology?abbrev=SFE 19:1
341.24183	341.2427	.0009	WE 19:1	C19H36O2Na2	[M+2Na-H]+	/resources/tools/chemdb_ontology?abbrev=WE 19:1
257.19679	257.1900	.0068	FA 18:5	C18H26O2	[M+H-H2O]+	/resources/tools/chemdb_ontology?abbrev=FA 18:5
257.19679	257.1900	.0068	SFE 18:5	C18H26O2	[M+H-H2O]+	/resources/tools/chemdb_ontology?abbrev=SFE 18:5
257.19679	257.1900	.0068	ST 18:2;O2	C18H26O2	[M+H-H2O]+	/resources/tools/chemdb_ontology?abbrev=ST 18:2;O2
257.19679	257.1900	.0068	WE 18:5	C18H26O2	[M+H-H2O]+	/resources/tools/chemdb_ontology?abbrev=WE 18:5
257.19679	257.1981	.0014	FA 29:1;O2	C29H56O4Na2	[M+2Na]2+	/resources/tools/chemdb_ontology?abbrev=FA 29:1;O2
314.18013	314.1788	.0013	LPI 20:1	C29H55O12P	[M+2H]2+	/resources/tools/chemdb_ontology?abbrev=LPI 20:1
355.20774	355.2115	.0038	FA 19:4;O4	C19H30O6	[M+H]+	/resources/tools/chemdb_ontology?abbrev=FA 19:4;O4
355.20774	355.2050	.0028	PG 28:1	C34H65O10PNa2	[M+2Na]2+	/resources/tools/chemdb_ontology?abbrev=PG 28:1
355.20774	355.2008	.0069	ST 22:4;O	C22H30ONa2	[M+2Na-H]+	/resources/tools/chemdb_ontology?abbrev=ST 22:4;O
253.1752	253.1798	.0046	FA 15:3;O	C15H24O3	[M+H]+	/resources/tools/chemdb_ontology?abbrev=FA 15:3;O
253.1752	253.1774	.0022	FA 13:0;O	C13H26O3Na	[M+Na]+	/resources/tools/chemdb_ontology?abbrev=FA 13:0;O
210.11384	210.1121	.0018	ST 23:3;O4	C23H34O4Na2	[M+2Na]2+	/resources/tools/chemdb_ontology?abbrev=ST 23:3;O4
438.19335	438.1887	.0046	PS 12:0	C18H34NO10P	[M+H-H2O]+	/resources/tools/chemdb_ontology?abbrev=PS 12:0
275.14578	275.1448	.0010	PA 23:3;O2	C26H45O10P	[M+2H]2+	/resources/tools/chemdb_ontology?abbrev=PA 23:3;O2
302.20656	302.2046	.0019	PA 29:2	C32H59O8P	[M+2H]2+	/resources/tools/chemdb_ontology?abbrev=PA 29:2
302.20656	302.2034	.0031	DG 32:5	C35H58O5Na2	[M+2Na]2+	/resources/tools/chemdb_ontology?abbrev=DG 32:5
586.41668	586.4078	.0088	LPG 22:0	C28H57O9P	[M+NH4]+	/resources/tools/chemdb_ontology?abbrev=LPG 22:0
350.17759	350.1703	.0073	LPC O-5:0	C13H30NO6PNa	[M+Na]+	/resources/tools/chemdb_ontology?abbrev=LPC O-5:0
350.17759	350.1764	.0012	LPI 22:1	C31H59O12PNa2	[M+2Na]2+	/resources/tools/chemdb_ontology?abbrev=LPI 22:1
350.17759	350.1764	.0012	PG 25:1;O2	C31H59O12PNa2	[M+2Na]2+	/resources/tools/chemdb_ontology?abbrev=PG 25:1;O2
433.33788	433.3312	.0067	ST 27:2;O4	C27H44O4	[M+H]+	/resources/tools/chemdb_ontology?abbrev=ST 27:2;O4
433.33788	433.3312	.0067	ST 28:1;O4	C27H44O4	[M+H]+	/resources/tools/chemdb_ontology?abbrev=ST 28:1;O4
433.33788	433.3312	.0066	ST 27:1;O5	C27H46O5	[M+H-H2O]+	/resources/tools/chemdb_ontology?abbrev=ST 27:1;O5
433.33788	433.3312	.0067	ST 27:1;O5	C27H46O5	[M+H-H2O]+	/resources/tools/chemdb_ontology?abbrev=ST 27:1;O5
433.33788	433.3441	.0062	ST 29:3;O	C29H46ONa	[M+Na]+	/resources/tools/chemdb_ontology?abbrev=ST 29:3;O
433.33788	433.3417	.0038	ST 27:0;O	C27H48ONa2	[M+2Na-H]+	/resources/tools/chemdb_ontology?abbrev=ST 27:0;O
397.23432	397.2350	.0006	LPA 15:0	C18H37O7P	[M+H]+	/resources/tools/chemdb_ontology?abbrev=LPA 15:0
397.23432	397.2349	.0006	ST 23:3;O4	C23H34O4Na	[M+Na]+	/resources/tools/chemdb_ontology?abbrev=ST 23:3;O4
397.23432	397.2325	.0018	FA 21:3;O2	C21H36O4Na2	[M+2Na-H]+	/resources/tools/chemdb_ontology?abbrev=FA 21:3;O2
453.34314	453.3339	.0092	LPA O-20:0	C23H49O6P	[M+H]+	/resources/tools/chemdb_ontology?abbrev=LPA O-20:0
453.34314	453.3363	.0068	ST 30:4;O4	C30H46O4	[M+H-H2O]+	/resources/tools/chemdb_ontology?abbrev=ST 30:4;O4
453.34314	453.3339	.0092	ST 28:2;O3	C28H46O3Na	[M+Na]+	/resources/tools/chemdb_ontology?abbrev=ST 28:2;O3
309.18248	309.1825	.0000	FA 19:6	C19H26O2Na	[M+Na]+	/resources/tools/chemdb_ontology?abbrev=FA 19:6
309.18248	309.1825	.0000	ST 19:3;O2	C19H26O2Na	[M+Na]+	/resources/tools/chemdb_ontology?abbrev=ST 19:3;O2
309.18248	309.1825	.0000	WE 19:6	C19H26O2Na	[M+Na]+	/resources/tools/chemdb_ontology?abbrev=WE 19:6
309.18248	309.1801	.0024	FA 17:3	C17H28O2Na2	[M+2Na-H]+	/resources/tools/chemdb_ontology?abbrev=FA 17:3
309.18248	309.1801	.0024	SFE 17:3	C17H28O2Na2	[M+2Na-H]+	/resources/tools/chemdb_ontology?abbrev=SFE 17:3
369.22265	369.2272	.0045	FA 20:4;O4	C20H32O6	[M+H]+	/resources/tools/chemdb_ontology?abbrev=FA 20:4;O4
369.22265	369.2272	.0045	FA 20:3;O5	C20H34O7	[M+H-H2O]+	/resources/tools/chemdb_ontology?abbrev=FA 20:3;O5
369.22265	369.2248	.0021	FA 18:1;O4	C18H34O6Na	[M+Na]+	/resources/tools/chemdb_ontology?abbrev=FA 18:1;O4
369.22265	369.2248	.0021	WE 18:1;O4	C18H34O6Na	[M+Na]+	/resources/tools/chemdb_ontology?abbrev=WE 18:1;O4
369.22265	369.2206	.0020	PG 30:1	C36H69O10PNa2	[M+2Na]2+	/resources/tools/chemdb_ontology?abbrev=PG 30:1
351.17399	351.1802	.0062	ST 19:3;O6	C19H26O6	[M+H]+	/resources/tools/chemdb_ontology?abbrev=ST 19:3;O6
353.20866	353.2087	.0001	ST 21:3;O3	C21H30O3Na	[M+Na]+	/resources/tools/chemdb_ontology?abbrev=ST 21:3;O3
353.20866	353.2063	.0024	FA 19:3;O	C19H32O3Na2	[M+2Na-H]+	/resources/tools/chemdb_ontology?abbrev=FA 19:3;O
417.30665	417.2999	.0067	ST 26:2;O5	C26H42O5	[M+H-H2O]+	/resources/tools/chemdb_ontology?abbrev=ST 26:2;O5
417.30665	417.3128	.0061	ST 28:4;O	C28H42ONa	[M+Na]+	/resources/tools/chemdb_ontology?abbrev=ST 28:4;O
417.30665	417.2975	.0091	ST 24:0;O4	C24H42O4Na	[M+Na]+	/resources/tools/chemdb_ontology?abbrev=ST 24:0;O4
417.30665	417.3040	.0027	PA 42:0	C45H89O8PNa2	[M+2Na]2+	/resources/tools/chemdb_ontology?abbrev=PA 42:0
417.30665	417.3104	.0037	ST 26:1;O	C26H44ONa2	[M+2Na-H]+	/resources/tools/chemdb_ontology?abbrev=ST 26:1;O
453.20862	453.2013	.0074	LPA 18:4	C21H35O7PNa	[M+Na]+	/resources/tools/chemdb_ontology?abbrev=LPA 18:4
453.20862	453.1989	.0098	LPA 16:1	C19H37O7PNa2	[M+2Na-H]+	/resources/tools/chemdb_ontology?abbrev=LPA 16:1
148.06033	148.0604	.0001	FA 5:2;O2	C5H6O4	[M+NH4]+	/resources/tools/chemdb_ontology?abbrev=FA 5:2;O2
148.06033	148.0604	.0001	SFE 5:2;O2	C5H6O4	[M+NH4]+	/resources/tools/chemdb_ontology?abbrev=SFE 5:2;O2
799.5429	799.5484	.0055	PG 38:4	C44H79O10P	[M+H]+	/resources/tools/chemdb_ontology?abbrev=PG 38:4
799.5429	799.5355	.0074	MGDG 38:8	C47H74O10	[M+H]+	/resources/tools/chemdb_ontology?abbrev=MGDG 38:8
799.5429	799.5460	.0031	PG 36:1	C42H81O10PNa	[M+Na]+	/resources/tools/chemdb_ontology?abbrev=PG 36:1
799.5429	799.5331	.0098	MGDG 36:5	C45H76O10Na	[M+Na]+	/resources/tools/chemdb_ontology?abbrev=MGDG 36:5
762.59061	762.5854	.0052	HexCer 37:2;O2	C43H81NO8Na	[M+Na]+	/resources/tools/chemdb_ontology?abbrev=HexCer 37:2;O2
820.64333	820.6426	.0007	PS O-39:0	C45H90NO9P	[M+H]+	/resources/tools/chemdb_ontology?abbrev=PS O-39:0
820.64333	820.6426	.0007	PG O-39:2	C45H87O9P	[M+NH4]+	/resources/tools/chemdb_ontology?abbrev=PG O-39:2
798.53968	798.5491	.0094	IPC 34:0;O3	C40H80NO12P	[M+H]+	/resources/tools/chemdb_ontology?abbrev=IPC 34:0;O3
798.53968	798.5432	.0035	PC 39:8	C47H78NO8P	[M+H-H2O]+	/resources/tools/chemdb_ontology?abbrev=PC 39:8
798.53968	798.5432	.0035	PE 42:8	C47H78NO8P	[M+H-H2O]+	/resources/tools/chemdb_ontology?abbrev=PE 42:8
798.53968	798.5408	.0011	PE O-40:7	C45H78NO7PNa	[M+Na]+	/resources/tools/chemdb_ontology?abbrev=PE O-40:7
798.53968	798.5491	.0094	PI O-31:1	C40H77O12P	[M+NH4]+	/resources/tools/chemdb_ontology?abbrev=PI O-31:1
798.53968	798.5384	.0013	PC O-35:4	C43H80NO7PNa2	[M+2Na-H]+	/resources/tools/chemdb_ontology?abbrev=PC O-35:4
798.53968	798.5384	.0013	PE O-38:4	C43H80NO7PNa2	[M+2Na-H]+	/resources/tools/chemdb_ontology?abbrev=PE O-38:4
798.53968	798.5466	.0070	HexCer 37:3;O3	C43H79NO9Na2	[M+2Na-H]+	/resources/tools/chemdb_ontology?abbrev=HexCer 37:3;O3
819.64042	819.6473	.0069	PG O-40:1	C46H91O9P	[M+H]+	/resources/tools/chemdb_ontology?abbrev=PG O-40:1
819.64042	819.6497	.0093	TG 50:8	C53H86O6	[M+H]+	/resources/tools/chemdb_ontology?abbrev=TG 50:8
819.64042	819.6473	.0069	TG 48:5	C51H88O6Na	[M+Na]+	/resources/tools/chemdb_ontology?abbrev=TG 48:5
819.64042	819.6449	.0045	TG 46:2	C49H90O6Na2	[M+2Na-H]+	/resources/tools/chemdb_ontology?abbrev=TG 46:2
763.59339	763.5847	.0086	PG O-36:1	C42H83O9P	[M+H]+	/resources/tools/chemdb_ontology?abbrev=PG O-36:1
763.59339	763.5847	.0087	TG 44:5	C47H80O6Na	[M+Na]+	/resources/tools/chemdb_ontology?abbrev=TG 44:5
763.59339	763.5960	.0026	PC 33:1	C41H80NO8P	[M+NH4]+	/resources/tools/chemdb_ontology?abbrev=PC 33:1
763.59339	763.5960	.0026	PE 36:1	C41H80NO8P	[M+NH4]+	/resources/tools/chemdb_ontology?abbrev=PE 36:1
761.58777	761.5803	.0074	PC 33:2	C41H78NO8P	[M+NH4]+	/resources/tools/chemdb_ontology?abbrev=PC 33:2
761.58777	761.5803	.0074	PE 36:2	C41H78NO8P	[M+NH4]+	/resources/tools/chemdb_ontology?abbrev=PE 36:2
761.58777	761.5873	.0005	CL 76:0	C85H166O17P2	[M+2H]2+	/resources/tools/chemdb_ontology?abbrev=CL 76:0
793.62434	793.6317	.0074	PG O-38:0	C44H89O9P	[M+H]+	/resources/tools/chemdb_ontology?abbrev=PG O-38:0
793.62434	793.6341	.0097	TG 48:7	C51H84O6	[M+H]+	/resources/tools/chemdb_ontology?abbrev=TG 48:7
793.62434	793.6194	.0049	SM 39:2;O2	C44H87N2O6PNa	[M+Na]+	/resources/tools/chemdb_ontology?abbrev=SM 39:2;O2
793.62434	793.6317	.0073	TG 46:4	C49H86O6Na	[M+Na]+	/resources/tools/chemdb_ontology?abbrev=TG 46:4
793.62434	793.6293	.0049	TG 44:1	C47H88O6Na2	[M+2Na-H]+	/resources/tools/chemdb_ontology?abbrev=TG 44:1
784.57236	784.5674	.0050	HexCer 37:2;O2	C43H81NO8Na2	[M+2Na-H]+	/resources/tools/chemdb_ontology?abbrev=HexCer 37:2;O2
821.64566	821.6507	.0050	SM 41:2;O2	C46H91N2O6PNa	[M+Na]+	/resources/tools/chemdb_ontology?abbrev=SM 41:2;O2
821.64566	821.6378	.0078	PS O-38:1	C44H86NO9P	[M+NH4]+	/resources/tools/chemdb_ontology?abbrev=PS O-38:1
819.69744	819.6950	.0025	PC O-38:1	C46H92NO7P	[M+NH4]+	/resources/tools/chemdb_ontology?abbrev=PC O-38:1
819.69744	819.6950	.0025	PE O-41:1	C46H92NO7P	[M+NH4]+	/resources/tools/chemdb_ontology?abbrev=PE O-41:1
761.63997	761.6419	.0019	PA O-41:0	C44H89O7P	[M+H]+	/resources/tools/chemdb_ontology?abbrev=PA O-41:0
760.63821	760.6327	.0055	CerPE 40:2;O2	C42H83N2O6P	[M+NH4]+	/resources/tools/chemdb_ontology?abbrev=CerPE 40:2;O2
760.63821	760.6450	.0067	TG 44:4	C47H82O6	[M+NH4]+	/resources/tools/chemdb_ontology?abbrev=TG 44:4
1546.17198	1546.1673	.0047	CL 78:2	C87H166O17P2	[M+H]+	/resources/tools/chemdb_ontology?abbrev=CL 78:2
846.6587	846.6582	.0005	PS O-41:1	C47H92NO9P	[M+H]+	/resources/tools/chemdb_ontology?abbrev=PS O-41:1
1568.1569	1568.1492	.0077	CL 78:2	C87H166O17P2Na	[M+Na]+	/resources/tools/chemdb_ontology?abbrev=CL 78:2
893.74727	893.7569	.0096	TG 53:3	C56H102O6Na	[M+Na]+	/resources/tools/chemdb_ontology?abbrev=TG 53:3
893.74727	893.7545	.0072	TG 51:0	C54H104O6Na2	[M+2Na-H]+	/resources/tools/chemdb_ontology?abbrev=TG 51:0
786.59993	786.6007	.0008	PC 36:2	C44H84NO8P	[M+H]+	/resources/tools/chemdb_ontology?abbrev=PC 36:2
786.59993	786.6007	.0008	PE 39:2	C44H84NO8P	[M+H]+	/resources/tools/chemdb_ontology?abbrev=PE 39:2
786.59993	786.6007	.0008	PS O-38:1	C44H86NO9P	[M+H-H2O]+	/resources/tools/chemdb_ontology?abbrev=PS O-38:1
786.59993	786.6007	.0008	PA 41:3	C44H81O8P	[M+NH4]+	/resources/tools/chemdb_ontology?abbrev=PA 41:3
877.57183	877.5801	.0082	PI 37:2	C46H85O13P	[M+H]+	/resources/tools/chemdb_ontology?abbrev=PI 37:2
877.57183	877.5702	.0017	PS 42:8	C48H78NO10P	[M+NH4]+	/resources/tools/chemdb_ontology?abbrev=PS 42:8
824.55428	824.5552	.0009	SHexCer 36:1;O3	C42H81NO12S	[M+H]+	/resources/tools/chemdb_ontology?abbrev=SHexCer 36:1;O3
824.55428	824.5541	.0002	PE O-40:5	C45H82NO7PNa2	[M+2Na-H]+	/resources/tools/chemdb_ontology?abbrev=PE O-40:5
786.65408	786.6454	.0087	HexCer 39:1;O3	C45H87NO9	[M+H]+	/resources/tools/chemdb_ontology?abbrev=HexCer 39:1;O3
786.65408	786.6454	.0087	HexCer 39:0;O4	C45H89NO10	[M+H-H2O]+	/resources/tools/chemdb_ontology?abbrev=HexCer 39:0;O4
786.65408	786.6606	.0065	TG 46:5	C49H84O6	[M+NH4]+	/resources/tools/chemdb_ontology?abbrev=TG 46:5
953.25994	953.2641	.0041	CoA 10:1;O	C31H52N7O18P3S	[M+NH4]+	/resources/tools/chemdb_ontology?abbrev=CoA 10:1;O
598.57775	598.5769	.0009	DG O-34:1	C37H72O4	[M+NH4]+	/resources/tools/chemdb_ontology?abbrev=DG O-34:1
538.51841	538.5194	.0010	Cer 34:1;O2	C34H67NO3	[M+H]+	/resources/tools/chemdb_ontology?abbrev=Cer 34:1;O2
538.51841	538.5194	.0010	Cer 34:0;O3	C34H69NO4	[M+H-H2O]+	/resources/tools/chemdb_ontology?abbrev=Cer 34:0;O3
762.64589	762.6371	.0088	PC O-35:0	C43H88NO7P	[M+H]+	/resources/tools/chemdb_ontology?abbrev=PC O-35:0
762.64589	762.6371	.0088	PE O-38:0	C43H88NO7P	[M+H]+	/resources/tools/chemdb_ontology?abbrev=PE O-38:0
762.64589	762.6483	.0025	CerPE 40:1;O2	C42H85N2O6P	[M+NH4]+	/resources/tools/chemdb_ontology?abbrev=CerPE 40:1;O2
762.64589	762.6483	.0025	SM 37:1;O2	C42H85N2O6P	[M+NH4]+	/resources/tools/chemdb_ontology?abbrev=SM 37:1;O2
762.64589	762.6371	.0088	PA O-40:1	C43H85O7P	[M+NH4]+	/resources/tools/chemdb_ontology?abbrev=PA O-40:1
838.63059	838.6320	.0014	PC 40:4	C48H88NO8P	[M+H]+	/resources/tools/chemdb_ontology?abbrev=PC 40:4
838.63059	838.6320	.0014	PE 43:4	C48H88NO8P	[M+H]+	/resources/tools/chemdb_ontology?abbrev=PE 43:4
838.63059	838.6320	.0014	PS O-42:3	C48H90NO9P	[M+H-H2O]+	/resources/tools/chemdb_ontology?abbrev=PS O-42:3
838.63059	838.6296	.0010	PC 38:1	C46H90NO8PNa	[M+Na]+	/resources/tools/chemdb_ontology?abbrev=PC 38:1
838.63059	838.6296	.0010	PE 41:1	C46H90NO8PNa	[M+Na]+	/resources/tools/chemdb_ontology?abbrev=PE 41:1
838.63059	838.6379	.0073	HexCer 40:1;O4	C46H89NO10Na	[M+Na]+	/resources/tools/chemdb_ontology?abbrev=HexCer 40:1;O4
553.36802	553.3612	.0068	PC 18:1	C26H50NO8P	[M+NH4]+	/resources/tools/chemdb_ontology?abbrev=PC 18:1
733.61118	733.6106	.0006	PA O-39:0	C42H85O7P	[M+H]+	/resources/tools/chemdb_ontology?abbrev=PA O-39:0
891.73663	891.7436	.0070	TG 55:7	C58H98O6	[M+H]+	/resources/tools/chemdb_ontology?abbrev=TG 55:7
891.73663	891.7412	.0046	TG 53:4	C56H100O6Na	[M+Na]+	/resources/tools/chemdb_ontology?abbrev=TG 53:4
891.73663	891.7388	.0022	TG 51:1	C54H102O6Na2	[M+2Na-H]+	/resources/tools/chemdb_ontology?abbrev=TG 51:1
770.60424	770.6058	.0016	PC O-36:3	C44H84NO7P	[M+H]+	/resources/tools/chemdb_ontology?abbrev=PC O-36:3
770.60424	770.6141	.0098	HexCer 38:2;O3	C44H83NO9	[M+H]+	/resources/tools/chemdb_ontology?abbrev=HexCer 38:2;O3
770.60424	770.6058	.0016	PC 36:1	C44H86NO8P	[M+H-H2O]+	/resources/tools/chemdb_ontology?abbrev=PC 36:1
770.60424	770.6058	.0016	PE 39:1	C44H86NO8P	[M+H-H2O]+	/resources/tools/chemdb_ontology?abbrev=PE 39:1
770.60424	770.6141	.0098	HexCer 38:1;O4	C44H85NO10	[M+H-H2O]+	/resources/tools/chemdb_ontology?abbrev=HexCer 38:1;O4
770.60424	770.6034	.0008	PC O-34:0	C42H86NO7PNa	[M+Na]+	/resources/tools/chemdb_ontology?abbrev=PC O-34:0
770.60424	770.6034	.0008	PE O-37:0	C42H86NO7PNa	[M+Na]+	/resources/tools/chemdb_ontology?abbrev=PE O-37:0
560.50034	560.5037	.0034	Cer 36:3;O3	C36H67NO4	[M+H-H2O]+	/resources/tools/chemdb_ontology?abbrev=Cer 36:3;O3
560.50034	560.5013	.0010	Cer 34:1;O2	C34H67NO3Na	[M+Na]+	/resources/tools/chemdb_ontology?abbrev=Cer 34:1;O2
892.74052	892.7389	.0017	TG 54:8	C57H94O6	[M+NH4]+	/resources/tools/chemdb_ontology?abbrev=TG 54:8
753.58656	753.5793	.0073	PA 41:2	C44H83O8P	[M+H-H2O]+	/resources/tools/chemdb_ontology?abbrev=PA 41:2
753.58656	753.5881	.0015	CerPE 39:1;O2	C41H83N2O6PNa	[M+Na]+	/resources/tools/chemdb_ontology?abbrev=CerPE 39:1;O2
753.58656	753.5881	.0015	SM 36:1;O2	C41H83N2O6PNa	[M+Na]+	/resources/tools/chemdb_ontology?abbrev=SM 36:1;O2
753.58656	753.5769	.0097	PA O-39:1	C42H83O7PNa	[M+Na]+	/resources/tools/chemdb_ontology?abbrev=PA O-39:1
537.39419	537.4027	.0085	LPC O-19:2	C27H54NO6P	[M+NH4]+	/resources/tools/chemdb_ontology?abbrev=LPC O-19:2
539.39723	539.3965	.0007	TG 66:13	C69H108O6Na2	[M+2Na]2+	/resources/tools/chemdb_ontology?abbrev=TG 66:13
732.60835	732.6137	.0053	TG 42:4	C45H78O6	[M+NH4]+	/resources/tools/chemdb_ontology?abbrev=TG 42:4
732.60835	732.6014	.0070	CerPE 38:2;O2	C40H79N2O6P	[M+NH4]+	/resources/tools/chemdb_ontology?abbrev=CerPE 38:2;O2
728.55768	728.5589	.0012	PC O-33:3	C41H78NO7P	[M+H]+	/resources/tools/chemdb_ontology?abbrev=PC O-33:3
728.55768	728.5589	.0012	PE O-36:3	C41H78NO7P	[M+H]+	/resources/tools/chemdb_ontology?abbrev=PE O-36:3
728.55768	728.5671	.0094	HexCer 35:2;O3	C41H77NO9	[M+H]+	/resources/tools/chemdb_ontology?abbrev=HexCer 35:2;O3
728.55768	728.5589	.0012	PC 33:1	C41H80NO8P	[M+H-H2O]+	/resources/tools/chemdb_ontology?abbrev=PC 33:1
728.55768	728.5589	.0012	PE 36:1	C41H80NO8P	[M+H-H2O]+	/resources/tools/chemdb_ontology?abbrev=PE 36:1
728.55768	728.5565	.0012	PC O-31:0	C39H80NO7PNa	[M+Na]+	/resources/tools/chemdb_ontology?abbrev=PC O-31:0
728.55768	728.5565	.0012	PE O-34:0	C39H80NO7PNa	[M+Na]+	/resources/tools/chemdb_ontology?abbrev=PE O-34:0
728.55768	728.5589	.0012	PA O-38:4	C41H75O7P	[M+NH4]+	/resources/tools/chemdb_ontology?abbrev=PA O-38:4
917.75236	917.7593	.0069	TG 57:8	C60H100O6	[M+H]+	/resources/tools/chemdb_ontology?abbrev=TG 57:8
917.75236	917.7569	.0045	TG 55:5	C58H102O6Na	[M+Na]+	/resources/tools/chemdb_ontology?abbrev=TG 55:5
917.75236	917.7545	.0021	TG 53:2	C56H104O6Na2	[M+2Na-H]+	/resources/tools/chemdb_ontology?abbrev=TG 53:2
833.65969	833.6630	.0033	PG O-41:1	C47H93O9P	[M+H]+	/resources/tools/chemdb_ontology?abbrev=PG O-41:1
833.65969	833.6654	.0057	TG 51:8	C54H88O6	[M+H]+	/resources/tools/chemdb_ontology?abbrev=TG 51:8
833.65969	833.6630	.0033	TG 49:5	C52H90O6Na	[M+Na]+	/resources/tools/chemdb_ontology?abbrev=TG 49:5
833.65969	833.6507	.0090	SM 42:3;O2	C47H91N2O6PNa	[M+Na]+	/resources/tools/chemdb_ontology?abbrev=SM 42:3;O2
833.65969	833.6606	.0009	TG 47:2	C50H92O6Na2	[M+2Na-H]+	/resources/tools/chemdb_ontology?abbrev=TG 47:2
517.41536	517.4251	.0098	DG 30:3	C33H58O5	[M+H-H2O]+	/resources/tools/chemdb_ontology?abbrev=DG 30:3
517.41536	517.4146	.0008	TG 66:13	C69H108O6	[M+2H]2+	/resources/tools/chemdb_ontology?abbrev=TG 66:13
517.41536	517.4122	.0032	TG 62:7	C65H112O6Na2	[M+2Na]2+	/resources/tools/chemdb_ontology?abbrev=TG 62:7
575.46858	575.4670	.0016	DG 33:4	C36H62O5	[M+H]+	/resources/tools/chemdb_ontology?abbrev=DG 33:4
575.46858	575.4646	.0040	DG 31:1	C34H64O5Na	[M+Na]+	/resources/tools/chemdb_ontology?abbrev=DG 31:1
575.46858	575.4774	.0089	WE 36:3	C36H66O2Na2	[M+2Na-H]+	/resources/tools/chemdb_ontology?abbrev=WE 36:3
887.70596	887.7123	.0064	TG 55:9	C58H94O6	[M+H]+	/resources/tools/chemdb_ontology?abbrev=TG 55:9
887.70596	887.7099	.0039	TG 53:6	C56H96O6Na	[M+Na]+	/resources/tools/chemdb_ontology?abbrev=TG 53:6
887.70596	887.7075	.0015	TG 51:3	C54H98O6Na2	[M+2Na-H]+	/resources/tools/chemdb_ontology?abbrev=TG 51:3
890.72582	890.7232	.0026	TG 54:9	C57H92O6	[M+NH4]+	/resources/tools/chemdb_ontology?abbrev=TG 54:9
771.60786	771.6093	.0014	HexCer 37:3;O3	C43H79NO9	[M+NH4]+	/resources/tools/chemdb_ontology?abbrev=HexCer 37:3;O3
771.60786	771.6011	.0068	PC O-35:4	C43H80NO7P	[M+NH4]+	/resources/tools/chemdb_ontology?abbrev=PC O-35:4
771.60786	771.6011	.0068	PE O-38:4	C43H80NO7P	[M+NH4]+	/resources/tools/chemdb_ontology?abbrev=PE O-38:4
915.73727	915.7436	.0063	TG 57:9	C60H98O6	[M+H]+	/resources/tools/chemdb_ontology?abbrev=TG 57:9
915.73727	915.7412	.0039	TG 55:6	C58H100O6Na	[M+Na]+	/resources/tools/chemdb_ontology?abbrev=TG 55:6
915.73727	915.7388	.0015	TG 53:3	C56H102O6Na2	[M+2Na-H]+	/resources/tools/chemdb_ontology?abbrev=TG 53:3
605.54933	605.5503	.0010	DG 36:1	C39H74O5	[M+H-H2O]+	/resources/tools/chemdb_ontology?abbrev=DG 36:1
887.55978	887.5644	.0046	PI 38:4	C47H83O13P	[M+H]+	/resources/tools/chemdb_ontology?abbrev=PI 38:4
887.55978	887.5620	.0022	PI 36:1	C45H85O13PNa	[M+Na]+	/resources/tools/chemdb_ontology?abbrev=PI 36:1
702.54205	702.5432	.0012	PC O-31:2	C39H76NO7P	[M+H]+	/resources/tools/chemdb_ontology?abbrev=PC O-31:2
702.54205	702.5432	.0012	PE O-34:2	C39H76NO7P	[M+H]+	/resources/tools/chemdb_ontology?abbrev=PE O-34:2
702.54205	702.5432	.0012	PC 31:0	C39H78NO8P	[M+H-H2O]+	/resources/tools/chemdb_ontology?abbrev=PC 31:0
702.54205	702.5432	.0012	PE 34:0	C39H78NO8P	[M+H-H2O]+	/resources/tools/chemdb_ontology?abbrev=PE 34:0
702.54205	702.5432	.0012	PA O-36:3	C39H73O7P	[M+NH4]+	/resources/tools/chemdb_ontology?abbrev=PA O-36:3
606.55267	606.5456	.0071	Cer 38:3;O3	C38H71NO4	[M+H]+	/resources/tools/chemdb_ontology?abbrev=Cer 38:3;O3
606.55267	606.5432	.0095	Cer 36:0;O3	C36H73NO4Na	[M+Na]+	/resources/tools/chemdb_ontology?abbrev=Cer 36:0;O3
606.55267	606.5456	.0071	FAHFA 38:3;O	C38H68O4	[M+NH4]+	/resources/tools/chemdb_ontology?abbrev=FAHFA 38:3;O
836.61526	836.6164	.0011	PC 40:5	C48H86NO8P	[M+H]+	/resources/tools/chemdb_ontology?abbrev=PC 40:5
836.61526	836.6094	.0059	Hex2Cer 32:0;O2	C44H85NO13	[M+H]+	/resources/tools/chemdb_ontology?abbrev=Hex2Cer 32:0;O2
836.61526	836.6164	.0011	PS O-42:4	C48H88NO9P	[M+H-H2O]+	/resources/tools/chemdb_ontology?abbrev=PS O-42:4
836.61526	836.6140	.0013	PC 38:2	C46H88NO8PNa	[M+Na]+	/resources/tools/chemdb_ontology?abbrev=PC 38:2
836.61526	836.6140	.0013	PE 41:2	C46H88NO8PNa	[M+Na]+	/resources/tools/chemdb_ontology?abbrev=PE 41:2
836.61526	836.6094	.0059	FA 44:3;O11	C44H82O13	[M+NH4]+	/resources/tools/chemdb_ontology?abbrev=FA 44:3;O11
923.63081	923.6371	.0063	TG 54:11;O2	C57H88O8Na	[M+Na]+	/resources/tools/chemdb_ontology?abbrev=TG 54:11;O2
889.72192	889.7280	.0060	TG 55:8	C58H96O6	[M+H]+	/resources/tools/chemdb_ontology?abbrev=TG 55:8
889.72192	889.7256	.0036	TG 53:5	C56H98O6Na	[M+Na]+	/resources/tools/chemdb_ontology?abbrev=TG 53:5
889.72192	889.7232	.0012	TG 51:2	C54H100O6Na2	[M+2Na-H]+	/resources/tools/chemdb_ontology?abbrev=TG 51:2
753.66979	753.6731	.0033	FAHFA 48:2;O	C48H90O4Na	[M+Na]+	/resources/tools/chemdb_ontology?abbrev=FAHFA 48:2;O
774.59971	774.6007	.0010	PC 35:1	C43H84NO8P	[M+H]+	/resources/tools/chemdb_ontology?abbrev=PC 35:1
774.59971	774.6007	.0010	PE 38:1	C43H84NO8P	[M+H]+	/resources/tools/chemdb_ontology?abbrev=PE 38:1
774.59971	774.6007	.0010	PS O-37:0	C43H86NO9P	[M+H-H2O]+	/resources/tools/chemdb_ontology?abbrev=PS O-37:0
774.59971	774.6007	.0010	PA 40:2	C43H81O8P	[M+NH4]+	/resources/tools/chemdb_ontology?abbrev=PA 40:2
774.59971	774.6090	.0093	MGDG 34:1	C43H80O10	[M+NH4]+	/resources/tools/chemdb_ontology?abbrev=MGDG 34:1
774.59971	774.5951	.0046	CL 78:1	C87H168O17P2	[M+2H]2+	/resources/tools/chemdb_ontology?abbrev=CL 78:1
885.69182	885.6967	.0048	TG 55:10	C58H92O6	[M+H]+	/resources/tools/chemdb_ontology?abbrev=TG 55:10
885.69182	885.6943	.0024	TG 53:7	C56H94O6Na	[M+Na]+	/resources/tools/chemdb_ontology?abbrev=TG 53:7
885.69182	885.6919	.0000	TG 51:4	C54H96O6Na2	[M+2Na-H]+	/resources/tools/chemdb_ontology?abbrev=TG 51:4
734.56864	734.5694	.0008	PC 32:0	C40H80NO8P	[M+H]+	/resources/tools/chemdb_ontology?abbrev=PC 32:0
734.56864	734.5694	.0008	PE 35:0	C40H80NO8P	[M+H]+	/resources/tools/chemdb_ontology?abbrev=PE 35:0
734.56864	734.5694	.0008	PA 37:1	C40H77O8P	[M+NH4]+	/resources/tools/chemdb_ontology?abbrev=PA 37:1
734.56864	734.5718	.0032	DG 44:10	C47H72O5	[M+NH4]+	/resources/tools/chemdb_ontology?abbrev=DG 44:10
756.55023	756.5538	.0035	PC 34:3	C42H78NO8P	[M+H]+	/resources/tools/chemdb_ontology?abbrev=PC 34:3
756.55023	756.5538	.0035	PE 37:3	C42H78NO8P	[M+H]+	/resources/tools/chemdb_ontology?abbrev=PE 37:3
756.55023	756.5538	.0035	PS O-36:2	C42H80NO9P	[M+H-H2O]+	/resources/tools/chemdb_ontology?abbrev=PS O-36:2
756.55023	756.5514	.0011	PC 32:0	C40H80NO8PNa	[M+Na]+	/resources/tools/chemdb_ontology?abbrev=PC 32:0
756.55023	756.5514	.0011	PE 35:0	C40H80NO8PNa	[M+Na]+	/resources/tools/chemdb_ontology?abbrev=PE 35:0
756.55023	756.5538	.0035	PA 39:4	C42H75O8P	[M+NH4]+	/resources/tools/chemdb_ontology?abbrev=PA 39:4
756.55023	756.5482	.0021	CL 76:5	C85H156O17P2	[M+2H]2+	/resources/tools/chemdb_ontology?abbrev=CL 76:5
753.61337	753.6156	.0023	PA O-42:2	C45H87O7P	[M+H-H2O]+	/resources/tools/chemdb_ontology?abbrev=PA O-42:2
775.60287	775.5960	.0069	PC 34:2	C42H80NO8P	[M+NH4]+	/resources/tools/chemdb_ontology?abbrev=PC 34:2
775.60287	775.5960	.0069	PE 37:2	C42H80NO8P	[M+NH4]+	/resources/tools/chemdb_ontology?abbrev=PE 37:2
775.60287	775.6029	.0001	CL 78:0	C87H170O17P2	[M+2H]2+	/resources/tools/chemdb_ontology?abbrev=CL 78:0
810.66721	810.6735	.0063	PC O-40:2	C48H94NO7P	[M+H-H2O]+	/resources/tools/chemdb_ontology?abbrev=PC O-40:2
810.66721	810.6606	.0066	TG 48:7	C51H84O6	[M+NH4]+	/resources/tools/chemdb_ontology?abbrev=TG 48:7
810.66721	810.6582	.0090	PG O-38:0	C44H89O9P	[M+NH4]+	/resources/tools/chemdb_ontology?abbrev=PG O-38:0
811.66862	811.6687	.0001	SM 42:3;O2	C47H91N2O6P	[M+H]+	/resources/tools/chemdb_ontology?abbrev=SM 42:3;O2
811.66862	811.6663	.0023	SM 40:0;O2	C45H93N2O6PNa	[M+Na]+	/resources/tools/chemdb_ontology?abbrev=SM 40:0;O2
811.66862	811.6786	.0100	TG 47:2	C50H92O6Na	[M+Na]+	/resources/tools/chemdb_ontology?abbrev=TG 47:2
843.58225	843.5746	.0077	PI O-37:3	C46H85O12P	[M+H-H2O]+	/resources/tools/chemdb_ontology?abbrev=PI O-37:3
843.58225	843.5858	.0036	PS 39:4	C45H80NO10P	[M+NH4]+	/resources/tools/chemdb_ontology?abbrev=PS 39:4
843.58225	843.5850	.0028	PA 43:2	C46H87O8PNa2	[M+2Na-H]+	/resources/tools/chemdb_ontology?abbrev=PA 43:2
814.67554	814.6684	.0071	PC O-39:2	C47H92NO7P	[M+H]+	/resources/tools/chemdb_ontology?abbrev=PC O-39:2
814.67554	814.6684	.0071	PE O-42:2	C47H92NO7P	[M+H]+	/resources/tools/chemdb_ontology?abbrev=PE O-42:2
814.67554	814.6767	.0011	HexCer 41:0;O4	C47H93NO10	[M+H-H2O]+	/resources/tools/chemdb_ontology?abbrev=HexCer 41:0;O4
814.67554	814.6684	.0071	PC 39:0	C47H94NO8P	[M+H-H2O]+	/resources/tools/chemdb_ontology?abbrev=PC 39:0
814.67554	814.6684	.0071	PE 42:0	C47H94NO8P	[M+H-H2O]+	/resources/tools/chemdb_ontology?abbrev=PE 42:0
819.59266	819.5828	.0098	FA 44:3;O11	C44H82O13	[M+H]+	/resources/tools/chemdb_ontology?abbrev=FA 44:3;O11
819.59266	819.5898	.0028	PG O-42:6	C48H85O9P	[M+H-H2O]+	/resources/tools/chemdb_ontology?abbrev=PG O-42:6
819.59266	819.5858	.0069	PS 37:2	C43H80NO10P	[M+NH4]+	/resources/tools/chemdb_ontology?abbrev=PS 37:2
819.59266	819.5850	.0076	PA 41:0	C44H87O8PNa2	[M+2Na-H]+	/resources/tools/chemdb_ontology?abbrev=PA 41:0
760.58455	760.5851	.0005	PC 34:1	C42H82NO8P	[M+H]+	/resources/tools/chemdb_ontology?abbrev=PC 34:1
760.58455	760.5851	.0005	PE 37:1	C42H82NO8P	[M+H]+	/resources/tools/chemdb_ontology?abbrev=PE 37:1
760.58455	760.5933	.0088	HexCer 36:1;O4	C42H81NO10	[M+H]+	/resources/tools/chemdb_ontology?abbrev=HexCer 36:1;O4
760.58455	760.5851	.0005	PS O-36:0	C42H84NO9P	[M+H-H2O]+	/resources/tools/chemdb_ontology?abbrev=PS O-36:0
760.58455	760.5851	.0005	PA 39:2	C42H79O8P	[M+NH4]+	/resources/tools/chemdb_ontology?abbrev=PA 39:2
782.56602	782.5694	.0034	PC 36:4	C44H80NO8P	[M+H]+	/resources/tools/chemdb_ontology?abbrev=PC 36:4
782.56602	782.5694	.0034	PE 39:4	C44H80NO8P	[M+H]+	/resources/tools/chemdb_ontology?abbrev=PE 39:4
782.56602	782.5694	.0034	PS O-38:3	C44H82NO9P	[M+H-H2O]+	/resources/tools/chemdb_ontology?abbrev=PS O-38:3
782.56602	782.5670	.0010	PC 34:1	C42H82NO8PNa	[M+Na]+	/resources/tools/chemdb_ontology?abbrev=PC 34:1
782.56602	782.5670	.0010	PE 37:1	C42H82NO8PNa	[M+Na]+	/resources/tools/chemdb_ontology?abbrev=PE 37:1
782.56602	782.5753	.0092	HexCer 36:1;O4	C42H81NO10Na	[M+Na]+	/resources/tools/chemdb_ontology?abbrev=HexCer 36:1;O4
782.56602	782.5694	.0034	PA 41:5	C44H77O8P	[M+NH4]+	/resources/tools/chemdb_ontology?abbrev=PA 41:5
782.56602	782.5614	.0046	CL 76:1	C85H164O17P2Na2	[M+2Na]2+	/resources/tools/chemdb_ontology?abbrev=CL 76:1
850.55329	850.5593	.0060	PS 41:6	C47H80NO10P	[M+H]+	/resources/tools/chemdb_ontology?abbrev=PS 41:6
850.55329	850.5569	.0036	PS 39:3	C45H82NO10PNa	[M+Na]+	/resources/tools/chemdb_ontology?abbrev=PS 39:3
850.55329	850.5440	.0093	PI 34:3	C43H77O13P	[M+NH4]+	/resources/tools/chemdb_ontology?abbrev=PI 34:3
850.55329	850.5544	.0012	PS 37:0	C43H84NO10PNa2	[M+2Na-H]+	/resources/tools/chemdb_ontology?abbrev=PS 37:0
1520.15939	1520.1517	.0077	CL 76:1	C85H164O17P2	[M+H]+	/resources/tools/chemdb_ontology?abbrev=CL 76:1
911.57008	911.5644	.0057	PI 40:6	C49H83O13P	[M+H]+	/resources/tools/chemdb_ontology?abbrev=PI 40:6
911.57008	911.5620	.0081	PI 38:3	C47H85O13PNa	[M+Na]+	/resources/tools/chemdb_ontology?abbrev=PI 38:3
701.40698	701.4024	.0046	PG 30:4;O2	C36H63O12P	[M+H-H2O]+	/resources/tools/chemdb_ontology?abbrev=PG 30:4;O2
701.40698	701.4153	.0083	PA 35:6	C38H63O8PNa	[M+Na]+	/resources/tools/chemdb_ontology?abbrev=PA 35:6
701.40698	701.4129	.0059	PA 33:3	C36H65O8PNa2	[M+2Na-H]+	/resources/tools/chemdb_ontology?abbrev=PA 33:3
747.57062	747.5687	.0019	PA O-42:5	C45H81O7P	[M+H-H2O]+	/resources/tools/chemdb_ontology?abbrev=PA O-42:5
747.57062	747.5647	.0059	PC 32:2	C40H76NO8P	[M+NH4]+	/resources/tools/chemdb_ontology?abbrev=PC 32:2
747.57062	747.5647	.0059	PE 35:2	C40H76NO8P	[M+NH4]+	/resources/tools/chemdb_ontology?abbrev=PE 35:2
747.57062	747.5716	.0010	CL 74:0	C83H162O17P2	[M+2H]2+	/resources/tools/chemdb_ontology?abbrev=CL 74:0
856.66657	856.6613	.0053	HexCer 42:1;O2	C48H93NO8Na2	[M+2Na-H]+	/resources/tools/chemdb_ontology?abbrev=HexCer 42:1;O2
783.56935	783.5647	.0047	PC 35:5	C43H76NO8P	[M+NH4]+	/resources/tools/chemdb_ontology?abbrev=PC 35:5
783.56935	783.5647	.0047	PE 38:5	C43H76NO8P	[M+NH4]+	/resources/tools/chemdb_ontology?abbrev=PE 38:5
783.56935	783.5647	.0047	PE O-38:6;O	C43H76NO8P	[M+NH4]+	/resources/tools/chemdb_ontology?abbrev=PE O-38:6;O
783.56935	783.5692	.0001	CL 76:0	C85H166O17P2Na2	[M+2Na]2+	/resources/tools/chemdb_ontology?abbrev=CL 76:0
1542.1419	1542.1360	.0059	CL 78:4	C87H162O17P2	[M+H]+	/resources/tools/chemdb_ontology?abbrev=CL 78:4
1542.1419	1542.1336	.0083	CL 76:1	C85H164O17P2Na	[M+Na]+	/resources/tools/chemdb_ontology?abbrev=CL 76:1
876.56863	876.5725	.0039	PS 41:4	C47H84NO10PNa	[M+Na]+	/resources/tools/chemdb_ontology?abbrev=PS 41:4
876.56863	876.5597	.0090	PI 36:4	C45H79O13P	[M+NH4]+	/resources/tools/chemdb_ontology?abbrev=PI 36:4
876.56863	876.5701	.0015	PS 39:1	C45H86NO10PNa2	[M+2Na-H]+	/resources/tools/chemdb_ontology?abbrev=PS 39:1
789.60839	789.6004	.0080	PG O-38:2	C44H85O9P	[M+H]+	/resources/tools/chemdb_ontology?abbrev=PG O-38:2
789.60839	789.6004	.0080	PG 38:0	C44H87O10P	[M+H-H2O]+	/resources/tools/chemdb_ontology?abbrev=PG 38:0
789.60839	789.6004	.0080	TG 46:6	C49H82O6Na	[M+Na]+	/resources/tools/chemdb_ontology?abbrev=TG 46:6
789.60839	789.6116	.0032	PC 35:2	C43H82NO8P	[M+NH4]+	/resources/tools/chemdb_ontology?abbrev=PC 35:2
789.60839	789.6116	.0032	PE 38:2	C43H82NO8P	[M+NH4]+	/resources/tools/chemdb_ontology?abbrev=PE 38:2
806.62915	806.6269	.0022	PS O-38:0	C44H88NO9P	[M+H]+	/resources/tools/chemdb_ontology?abbrev=PS O-38:0
806.62915	806.6269	.0022	PG O-38:2	C44H85O9P	[M+NH4]+	/resources/tools/chemdb_ontology?abbrev=PG O-38:2
851.5566	851.5644	.0078	PI 35:1	C44H83O13P	[M+H]+	/resources/tools/chemdb_ontology?abbrev=PI 35:1
851.5566	851.5545	.0021	PS 40:7	C46H76NO10P	[M+NH4]+	/resources/tools/chemdb_ontology?abbrev=PS 40:7
851.5566	851.5537	.0029	PA 44:5	C47H83O8PNa2	[M+2Na-H]+	/resources/tools/chemdb_ontology?abbrev=PA 44:5
830.63612	830.6269	.0092	PS O-40:2	C46H88NO9P	[M+H]+	/resources/tools/chemdb_ontology?abbrev=PS O-40:2
830.63612	830.6422	.0061	PC O-42:6	C50H90NO7P	[M+H-H2O]+	/resources/tools/chemdb_ontology?abbrev=PC O-42:6
830.63612	830.6269	.0092	PS 40:0	C46H90NO10P	[M+H-H2O]+	/resources/tools/chemdb_ontology?abbrev=PS 40:0
830.63612	830.6269	.0092	PG O-40:4	C46H85O9P	[M+NH4]+	/resources/tools/chemdb_ontology?abbrev=PG O-40:4
830.63612	830.6456	.0095	HexCer 40:0;O2	C46H91NO8Na2	[M+2Na-H]+	/resources/tools/chemdb_ontology?abbrev=HexCer 40:0;O2
809.58625	809.5803	.0059	PC 37:6	C45H78NO8P	[M+NH4]+	/resources/tools/chemdb_ontology?abbrev=PC 37:6
809.58625	809.5803	.0059	PE 40:6	C45H78NO8P	[M+NH4]+	/resources/tools/chemdb_ontology?abbrev=PE 40:6
809.58625	809.5803	.0059	PE O-40:7;O	C45H78NO8P	[M+NH4]+	/resources/tools/chemdb_ontology?abbrev=PE O-40:7;O
775.54293	775.5484	.0054	PG 36:2	C42H79O10P	[M+H]+	/resources/tools/chemdb_ontology?abbrev=PG 36:2
775.54293	775.5355	.0075	MGDG 36:6	C45H74O10	[M+H]+	/resources/tools/chemdb_ontology?abbrev=MGDG 36:6
775.54293	775.5337	.0093	CerPE 38:2;O3	C40H79N2O7PNa2	[M+2Na-H]+	/resources/tools/chemdb_ontology?abbrev=CerPE 38:2;O3
754.56449	754.5721	.0076	PC O-33:1	C41H82NO7PNa	[M+Na]+	/resources/tools/chemdb_ontology?abbrev=PC O-33:1
754.56449	754.5721	.0076	PE O-36:1	C41H82NO7PNa	[M+Na]+	/resources/tools/chemdb_ontology?abbrev=PE O-36:1
754.56449	754.5593	.0052	PG 33:0	C39H77O10P	[M+NH4]+	/resources/tools/chemdb_ontology?abbrev=PG 33:0
786.59992	786.6007	.0008	PC 36:2	C44H84NO8P	[M+H]+	/resources/tools/chemdb_ontology?abbrev=PC 36:2
786.59992	786.6007	.0008	PE 39:2	C44H84NO8P	[M+H]+	/resources/tools/chemdb_ontology?abbrev=PE 39:2
786.59992	786.6007	.0008	PS O-38:1	C44H86NO9P	[M+H-H2O]+	/resources/tools/chemdb_ontology?abbrev=PS O-38:1
786.59992	786.6007	.0008	PA 41:3	C44H81O8P	[M+NH4]+	/resources/tools/chemdb_ontology?abbrev=PA 41:3
752.55833	752.5589	.0005	PE O-38:5	C43H78NO7P	[M+H]+	/resources/tools/chemdb_ontology?abbrev=PE O-38:5
752.55833	752.5589	.0005	PC 35:3	C43H80NO8P	[M+H-H2O]+	/resources/tools/chemdb_ontology?abbrev=PC 35:3
752.55833	752.5589	.0005	PE 38:3	C43H80NO8P	[M+H-H2O]+	/resources/tools/chemdb_ontology?abbrev=PE 38:3
752.55833	752.5565	.0019	PC O-33:2	C41H80NO7PNa	[M+Na]+	/resources/tools/chemdb_ontology?abbrev=PC O-33:2
752.55833	752.5565	.0019	PE O-36:2	C41H80NO7PNa	[M+Na]+	/resources/tools/chemdb_ontology?abbrev=PE O-36:2
752.55833	752.5589	.0005	PA O-40:6	C43H75O7P	[M+NH4]+	/resources/tools/chemdb_ontology?abbrev=PA O-40:6
813.61965	813.6116	.0080	PC 37:4	C45H82NO8P	[M+NH4]+	/resources/tools/chemdb_ontology?abbrev=PC 37:4
813.61965	813.6116	.0080	PE 40:4	C45H82NO8P	[M+NH4]+	/resources/tools/chemdb_ontology?abbrev=PE 40:4
787.60321	787.5960	.0072	PC 35:3	C43H80NO8P	[M+NH4]+	/resources/tools/chemdb_ontology?abbrev=PC 35:3
787.60321	787.5960	.0072	PE 38:3	C43H80NO8P	[M+NH4]+	/resources/tools/chemdb_ontology?abbrev=PE 38:3
753.56149	753.5517	.0098	CerPE 38:2;O3	C40H79N2O7PNa	[M+Na]+	/resources/tools/chemdb_ontology?abbrev=CerPE 38:2;O3
845.65592	845.6630	.0071	PG O-42:2	C48H93O9P	[M+H]+	/resources/tools/chemdb_ontology?abbrev=PG O-42:2
845.65592	845.6654	.0094	TG 52:9	C55H88O6	[M+H]+	/resources/tools/chemdb_ontology?abbrev=TG 52:9
845.65592	845.6630	.0071	PG 42:0	C48H95O10P	[M+H-H2O]+	/resources/tools/chemdb_ontology?abbrev=PG 42:0
845.65592	845.6630	.0070	TG 50:6	C53H90O6Na	[M+Na]+	/resources/tools/chemdb_ontology?abbrev=TG 50:6
845.65592	845.6606	.0046	TG 48:3	C51H92O6Na2	[M+2Na-H]+	/resources/tools/chemdb_ontology?abbrev=TG 48:3
845.65592	845.6483	.0076	SM 41:1;O2	C46H93N2O6PNa2	[M+2Na-H]+	/resources/tools/chemdb_ontology?abbrev=SM 41:1;O2
638.5816	638.5870	.0054	CE 16:2	C43H72O2	[M+NH4]+	/resources/tools/chemdb_ontology?abbrev=CE 16:2
638.5816	638.5718	.0098	DG 36:2	C39H72O5	[M+NH4]+	/resources/tools/chemdb_ontology?abbrev=DG 36:2
860.6789	860.6739	.0050	PS O-42:1	C48H94NO9P	[M+H]+	/resources/tools/chemdb_ontology?abbrev=PS O-42:1
860.6789	860.6763	.0026	TG 52:10	C55H86O6	[M+NH4]+	/resources/tools/chemdb_ontology?abbrev=TG 52:10
860.6789	860.6739	.0050	PG O-42:3	C48H91O9P	[M+NH4]+	/resources/tools/chemdb_ontology?abbrev=PG O-42:3
811.61415	811.6211	.0070	PA 44:3	C47H87O8P	[M+H]+	/resources/tools/chemdb_ontology?abbrev=PA 44:3
811.61415	811.6187	.0046	PA 42:0	C45H89O8PNa	[M+Na]+	/resources/tools/chemdb_ontology?abbrev=PA 42:0
520.50796	520.5088	.0008	Cer 34:1;O2	C34H67NO3	[M+H-H2O]+	/resources/tools/chemdb_ontology?abbrev=Cer 34:1;O2
520.50796	520.5088	.0008	WE 34:3	C34H62O2	[M+NH4]+	/resources/tools/chemdb_ontology?abbrev=WE 34:3
953.25985	953.2641	.0042	CoA 10:1;O	C31H52N7O18P3S	[M+NH4]+	/resources/tools/chemdb_ontology?abbrev=CoA 10:1;O
827.60869	827.6160	.0074	PG 41:2	C47H89O10P	[M+H-H2O]+	/resources/tools/chemdb_ontology?abbrev=PG 41:2
827.60869	827.6136	.0049	PG O-39:1	C45H89O9PNa	[M+Na]+	/resources/tools/chemdb_ontology?abbrev=PG O-39:1
827.60869	827.6160	.0073	TG 49:8	C52H84O6Na	[M+Na]+	/resources/tools/chemdb_ontology?abbrev=TG 49:8
827.60869	827.6120	.0033	IPC 36:0;O2	C42H84NO11P	[M+NH4]+	/resources/tools/chemdb_ontology?abbrev=IPC 36:0;O2
827.60869	827.6136	.0049	TG 47:5	C50H86O6Na2	[M+2Na-H]+	/resources/tools/chemdb_ontology?abbrev=TG 47:5
827.60869	827.6013	.0074	SM 40:3;O2	C45H87N2O6PNa2	[M+2Na-H]+	/resources/tools/chemdb_ontology?abbrev=SM 40:3;O2
909.23689	909.2379	.0010	CoA 8:1	C29H48N7O17P3S	[M+NH4]+	/resources/tools/chemdb_ontology?abbrev=CoA 8:1
1470.0857	1470.0785	.0072	CL 74:3	C83H156O17P2	[M+H-H2O]+	/resources/tools/chemdb_ontology?abbrev=CL 74:3
731.60517	731.6061	.0010	CerPE 39:1;O2	C41H83N2O6P	[M+H]+	/resources/tools/chemdb_ontology?abbrev=CerPE 39:1;O2
731.60517	731.6061	.0010	SM 36:1;O2	C41H83N2O6P	[M+H]+	/resources/tools/chemdb_ontology?abbrev=SM 36:1;O2
731.60517	731.6144	.0092	HexCer 35:1;O2	C41H79NO8	[M+NH4]+	/resources/tools/chemdb_ontology?abbrev=HexCer 35:1;O2
754.5899	754.5828	.0071	HexCer 37:3;O3	C43H79NO9	[M+H]+	/resources/tools/chemdb_ontology?abbrev=HexCer 37:3;O3
754.5899	754.5956	.0057	PG O-34:0	C40H81O9P	[M+NH4]+	/resources/tools/chemdb_ontology?abbrev=PG O-34:0
908.23622	908.2426	.0064	CoA 9:0	C30H52N7O17P3S	[M+H]+	/resources/tools/chemdb_ontology?abbrev=CoA 9:0
750.57	750.5643	.0057	PS O-34:0	C40H80NO9P	[M+H]+	/resources/tools/chemdb_ontology?abbrev=PS O-34:0
750.57	750.5796	.0096	PC O-36:4	C44H82NO7P	[M+H-H2O]+	/resources/tools/chemdb_ontology?abbrev=PC O-36:4
750.57	750.5772	.0072	CerP 42:2;O2	C42H82NO6PNa	[M+Na]+	/resources/tools/chemdb_ontology?abbrev=CerP 42:2;O2
750.57	750.5643	.0057	PG O-34:2	C40H77O9P	[M+NH4]+	/resources/tools/chemdb_ontology?abbrev=PG O-34:2
751.57303	751.5636	.0094	PA 41:3	C44H81O8P	[M+H-H2O]+	/resources/tools/chemdb_ontology?abbrev=PA 41:3
751.57303	751.5724	.0006	CerPE 39:2;O2	C41H81N2O6PNa	[M+Na]+	/resources/tools/chemdb_ontology?abbrev=CerPE 39:2;O2
751.57303	751.5724	.0006	SM 36:2;O2	C41H81N2O6PNa	[M+Na]+	/resources/tools/chemdb_ontology?abbrev=SM 36:2;O2
751.57303	751.5823	.0093	TG 41:1	C44H82O6Na2	[M+2Na-H]+	/resources/tools/chemdb_ontology?abbrev=TG 41:1
778.65257	778.6555	.0030	HexCer 41:2;O2	C47H89NO8	[M+H-H2O]+	/resources/tools/chemdb_ontology?abbrev=HexCer 41:2;O2
778.65257	778.6433	.0093	CerPE 40:1;O3	C42H85N2O7P	[M+NH4]+	/resources/tools/chemdb_ontology?abbrev=CerPE 40:1;O3
712.5432	712.5487	.0055	PG O-31:0	C37H75O9P	[M+NH4]+	/resources/tools/chemdb_ontology?abbrev=PG O-31:0
768.54949	768.5538	.0043	PC 35:4	C43H78NO8P	[M+H]+	/resources/tools/chemdb_ontology?abbrev=PC 35:4
768.54949	768.5538	.0043	PE 38:4	C43H78NO8P	[M+H]+	/resources/tools/chemdb_ontology?abbrev=PE 38:4
768.54949	768.5538	.0043	PE O-38:5;O	C43H78NO8P	[M+H]+	/resources/tools/chemdb_ontology?abbrev=PE O-38:5;O
768.54949	768.5538	.0043	PS O-37:3	C43H80NO9P	[M+H-H2O]+	/resources/tools/chemdb_ontology?abbrev=PS O-37:3
768.54949	768.5514	.0019	PC 33:1	C41H80NO8PNa	[M+Na]+	/resources/tools/chemdb_ontology?abbrev=PC 33:1
768.54949	768.5514	.0019	PE 36:1	C41H80NO8PNa	[M+Na]+	/resources/tools/chemdb_ontology?abbrev=PE 36:1
768.54949	768.5538	.0043	PA 40:5	C43H75O8P	[M+NH4]+	/resources/tools/chemdb_ontology?abbrev=PA 40:5
768.54949	768.5458	.0037	CL 74:1	C83H160O17P2Na2	[M+2Na]2+	/resources/tools/chemdb_ontology?abbrev=CL 74:1
748.61363	748.6215	.0078	PC O-34:0	C42H86NO7P	[M+H]+	/resources/tools/chemdb_ontology?abbrev=PC O-34:0
748.61363	748.6215	.0078	PE O-37:0	C42H86NO7P	[M+H]+	/resources/tools/chemdb_ontology?abbrev=PE O-37:0
748.61363	748.6215	.0078	PA O-39:1	C42H83O7P	[M+NH4]+	/resources/tools/chemdb_ontology?abbrev=PA O-39:1
749.61602	749.6078	.0082	TG 46:6	C49H82O6	[M+H-H2O]+	/resources/tools/chemdb_ontology?abbrev=TG 46:6
749.61602	749.6167	.0007	PC O-33:1	C41H82NO7P	[M+NH4]+	/resources/tools/chemdb_ontology?abbrev=PC O-33:1
749.61602	749.6167	.0007	PE O-36:1	C41H82NO7P	[M+NH4]+	/resources/tools/chemdb_ontology?abbrev=PE O-36:1
749.61602	749.6183	.0023	CE 22:2	C49H84O2Na2	[M+2Na-H]+	/resources/tools/chemdb_ontology?abbrev=CE 22:2
693.52457	693.5217	.0028	PA O-38:4	C41H75O7P	[M+H-H2O]+	/resources/tools/chemdb_ontology?abbrev=PA O-38:4
693.52457	693.5177	.0068	PC 28:1	C36H70NO8P	[M+NH4]+	/resources/tools/chemdb_ontology?abbrev=PC 28:1
693.52457	693.5177	.0068	PE 31:1	C36H70NO8P	[M+NH4]+	/resources/tools/chemdb_ontology?abbrev=PE 31:1
777.64597	777.6391	.0068	TG 48:6	C51H86O6	[M+H-H2O]+	/resources/tools/chemdb_ontology?abbrev=TG 48:6
777.64597	777.6480	.0020	PC O-35:1	C43H86NO7P	[M+NH4]+	/resources/tools/chemdb_ontology?abbrev=PC O-35:1
777.64597	777.6480	.0020	PE O-38:1	C43H86NO7P	[M+NH4]+	/resources/tools/chemdb_ontology?abbrev=PE O-38:1
691.56445	691.5636	.0008	PA O-36:0	C39H79O7P	[M+H]+	/resources/tools/chemdb_ontology?abbrev=PA O-36:0
818.63597	818.6269	.0090	PS O-39:1	C45H88NO9P	[M+H]+	/resources/tools/chemdb_ontology?abbrev=PS O-39:1
756.49196	756.4963	.0043	PC 36:8	C44H72NO8P	[M+H-H2O]+	/resources/tools/chemdb_ontology?abbrev=PC 36:8
756.49196	756.4963	.0043	PE 39:8	C44H72NO8P	[M+H-H2O]+	/resources/tools/chemdb_ontology?abbrev=PE 39:8
819.65611	819.6497	.0064	TG 50:8	C53H86O6	[M+H]+	/resources/tools/chemdb_ontology?abbrev=TG 50:8
819.65611	819.6473	.0088	PG O-40:1	C46H91O9P	[M+H]+	/resources/tools/chemdb_ontology?abbrev=PG O-40:1
819.65611	819.6473	.0088	TG 48:5	C51H88O6Na	[M+Na]+	/resources/tools/chemdb_ontology?abbrev=TG 48:5
819.65611	819.6586	.0025	PC 37:1	C45H88NO8P	[M+NH4]+	/resources/tools/chemdb_ontology?abbrev=PC 37:1
819.65611	819.6586	.0025	PE 40:1	C45H88NO8P	[M+NH4]+	/resources/tools/chemdb_ontology?abbrev=PE 40:1
805.63861	805.6341	.0046	TG 49:8	C52H84O6	[M+H]+	/resources/tools/chemdb_ontology?abbrev=TG 49:8
805.63861	805.6317	.0069	PG O-39:1	C45H89O9P	[M+H]+	/resources/tools/chemdb_ontology?abbrev=PG O-39:1
805.63861	805.6317	.0070	TG 47:5	C50H86O6Na	[M+Na]+	/resources/tools/chemdb_ontology?abbrev=TG 47:5
805.63861	805.6429	.0043	PC 36:1	C44H86NO8P	[M+NH4]+	/resources/tools/chemdb_ontology?abbrev=PC 36:1
805.63861	805.6429	.0043	PE 39:1	C44H86NO8P	[M+NH4]+	/resources/tools/chemdb_ontology?abbrev=PE 39:1
805.63861	805.6293	.0094	TG 45:2	C48H88O6Na2	[M+2Na-H]+	/resources/tools/chemdb_ontology?abbrev=TG 45:2
690.56156	690.5544	.0071	CerPE 35:2;O2	C37H73N2O6P	[M+NH4]+	/resources/tools/chemdb_ontology?abbrev=CerPE 35:2;O2
690.56156	690.5544	.0071	SM 32:2;O2	C37H73N2O6P	[M+NH4]+	/resources/tools/chemdb_ontology?abbrev=SM 32:2;O2
578.52144	578.5143	.0072	Cer 36:3;O3	C36H67NO4	[M+H]+	/resources/tools/chemdb_ontology?abbrev=Cer 36:3;O3
578.52144	578.5119	.0096	Cer 34:0;O3	C34H69NO4Na	[M+Na]+	/resources/tools/chemdb_ontology?abbrev=Cer 34:0;O3
578.52144	578.5143	.0072	FAHFA 36:3;O	C36H64O4	[M+NH4]+	/resources/tools/chemdb_ontology?abbrev=FAHFA 36:3;O
831.64903	831.6497	.0007	TG 51:9	C54H86O6	[M+H]+	/resources/tools/chemdb_ontology?abbrev=TG 51:9
831.64903	831.6473	.0017	PG 41:0	C47H93O10P	[M+H-H2O]+	/resources/tools/chemdb_ontology?abbrev=PG 41:0
831.64903	831.6473	.0017	TG 49:6	C52H88O6Na	[M+Na]+	/resources/tools/chemdb_ontology?abbrev=TG 49:6
831.64903	831.6586	.0095	PC 38:2	C46H88NO8P	[M+NH4]+	/resources/tools/chemdb_ontology?abbrev=PC 38:2
831.64903	831.6586	.0095	PE 41:2	C46H88NO8P	[M+NH4]+	/resources/tools/chemdb_ontology?abbrev=PE 41:2
831.64903	831.6449	.0041	TG 47:3	C50H90O6Na2	[M+2Na-H]+	/resources/tools/chemdb_ontology?abbrev=TG 47:3
777.59378	777.6004	.0066	PG O-37:1	C43H85O9P	[M+H]+	/resources/tools/chemdb_ontology?abbrev=PG O-37:1
777.59378	777.5881	.0057	SM 38:3;O2	C43H83N2O6PNa	[M+Na]+	/resources/tools/chemdb_ontology?abbrev=SM 38:3;O2
777.59378	777.6004	.0066	TG 45:5	C48H82O6Na	[M+Na]+	/resources/tools/chemdb_ontology?abbrev=TG 45:5
777.59378	777.5980	.0042	TG 43:2	C46H84O6Na2	[M+2Na-H]+	/resources/tools/chemdb_ontology?abbrev=TG 43:2
777.59378	777.5857	.0081	SM 36:0;O2	C41H85N2O6PNa2	[M+2Na-H]+	/resources/tools/chemdb_ontology?abbrev=SM 36:0;O2
1460.05424	1460.0578	.0035	CL 72:3	C81H152O17P2	[M+H]+	/resources/tools/chemdb_ontology?abbrev=CL 72:3
1460.05424	1460.0553	.0011	CL 70:0	C79H154O17P2Na	[M+Na]+	/resources/tools/chemdb_ontology?abbrev=CL 70:0
742.52531	742.5204	.0049	HexCer 34:2;O2	C40H75NO8Na2	[M+2Na-H]+	/resources/tools/chemdb_ontology?abbrev=HexCer 34:2;O2
779.59914	779.6037	.0046	SM 38:2;O2	C43H85N2O6PNa	[M+Na]+	/resources/tools/chemdb_ontology?abbrev=SM 38:2;O2
779.59914	779.5909	.0082	PS O-35:1	C41H80NO9P	[M+NH4]+	/resources/tools/chemdb_ontology?abbrev=PS O-35:1
749.5875	749.5843	.0032	PA O-42:4	C45H83O7P	[M+H-H2O]+	/resources/tools/chemdb_ontology?abbrev=PA O-42:4
749.5875	749.5886	.0011	HexCer 34:1;O4	C40H77NO10	[M+NH4]+	/resources/tools/chemdb_ontology?abbrev=HexCer 34:1;O4
749.5875	749.5803	.0072	PC 32:1	C40H78NO8P	[M+NH4]+	/resources/tools/chemdb_ontology?abbrev=PC 32:1
749.5875	749.5803	.0072	PE 35:1	C40H78NO8P	[M+NH4]+	/resources/tools/chemdb_ontology?abbrev=PE 35:1
776.64464	776.6528	.0081	PC O-36:0	C44H90NO7P	[M+H]+	/resources/tools/chemdb_ontology?abbrev=PC O-36:0
776.64464	776.6528	.0081	PE O-39:0	C44H90NO7P	[M+H]+	/resources/tools/chemdb_ontology?abbrev=PE O-39:0
776.64464	776.6528	.0081	PA O-41:1	C44H87O7P	[M+NH4]+	/resources/tools/chemdb_ontology?abbrev=PA O-41:1
805.61616	805.6194	.0032	SM 40:3;O2	C45H87N2O6PNa	[M+Na]+	/resources/tools/chemdb_ontology?abbrev=SM 40:3;O2
805.61616	805.6065	.0096	PS O-37:2	C43H82NO9P	[M+NH4]+	/resources/tools/chemdb_ontology?abbrev=PS O-37:2
805.61616	805.6170	.0008	SM 38:0;O2	C43H89N2O6PNa2	[M+2Na-H]+	/resources/tools/chemdb_ontology?abbrev=SM 38:0;O2
1438.073	1438.0734	.0004	CL 70:0	C79H154O17P2	[M+H]+	/resources/tools/chemdb_ontology?abbrev=CL 70:0
719.54074	719.5374	.0033	PA O-40:5	C43H77O7P	[M+H-H2O]+	/resources/tools/chemdb_ontology?abbrev=PA O-40:5
719.54074	719.5334	.0074	PC 30:2	C38H72NO8P	[M+NH4]+	/resources/tools/chemdb_ontology?abbrev=PC 30:2
719.54074	719.5334	.0074	PE 33:2	C38H72NO8P	[M+NH4]+	/resources/tools/chemdb_ontology?abbrev=PE 33:2
719.54074	719.5403	.0004	CL 70:0	C79H154O17P2	[M+2H]2+	/resources/tools/chemdb_ontology?abbrev=CL 70:0
848.61045	848.6164	.0059	PC 41:6	C49H86NO8P	[M+H]+	/resources/tools/chemdb_ontology?abbrev=PC 41:6
848.61045	848.6164	.0059	PE 44:6	C49H86NO8P	[M+H]+	/resources/tools/chemdb_ontology?abbrev=PE 44:6
848.61045	848.6140	.0035	PC 39:3	C47H88NO8PNa	[M+Na]+	/resources/tools/chemdb_ontology?abbrev=PC 39:3
848.61045	848.6140	.0035	PE 42:3	C47H88NO8PNa	[M+Na]+	/resources/tools/chemdb_ontology?abbrev=PE 42:3
848.61045	848.6116	.0011	PC 37:0	C45H90NO8PNa2	[M+2Na-H]+	/resources/tools/chemdb_ontology?abbrev=PC 37:0
848.61045	848.6116	.0011	PE 40:0	C45H90NO8PNa2	[M+2Na-H]+	/resources/tools/chemdb_ontology?abbrev=PE 40:0
848.61045	848.6198	.0094	HexCer 39:0;O4	C45H89NO10Na2	[M+2Na-H]+	/resources/tools/chemdb_ontology?abbrev=HexCer 39:0;O4
778.59651	778.5956	.0009	PS O-36:0	C42H84NO9P	[M+H]+	/resources/tools/chemdb_ontology?abbrev=PS O-36:0
778.59651	778.5956	.0009	PG O-36:2	C42H81O9P	[M+NH4]+	/resources/tools/chemdb_ontology?abbrev=PG O-36:2
719.59253	719.5949	.0024	PA O-38:0	C41H83O7P	[M+H]+	/resources/tools/chemdb_ontology?abbrev=PA O-38:0
790.55719	790.5593	.0021	PS 36:1	C42H80NO10P	[M+H]+	/resources/tools/chemdb_ontology?abbrev=PS 36:1
790.55719	790.5593	.0021	IPC 36:1;O2	C42H82NO11P	[M+H-H2O]+	/resources/tools/chemdb_ontology?abbrev=IPC 36:1;O2
790.55719	790.5497	.0074	SHexCer 36:1;O2	C42H81NO11S	[M+H-H2O]+	/resources/tools/chemdb_ontology?abbrev=SHexCer 36:1;O2
790.55719	790.5593	.0021	PG 36:3	C42H77O10P	[M+NH4]+	/resources/tools/chemdb_ontology?abbrev=PG 36:3
849.61496	849.6215	.0066	PI O-37:0	C46H91O12P	[M+H-H2O]+	/resources/tools/chemdb_ontology?abbrev=PI O-37:0
849.61496	849.6116	.0033	PC 40:7	C48H82NO8P	[M+NH4]+	/resources/tools/chemdb_ontology?abbrev=PC 40:7
849.61496	849.6162	.0012	CL 86:4	C95H178O17P2Na2	[M+2Na]2+	/resources/tools/chemdb_ontology?abbrev=CL 86:4
803.66326	803.6548	.0085	TG 50:7	C53H88O6	[M+H-H2O]+	/resources/tools/chemdb_ontology?abbrev=TG 50:7
803.66326	803.6637	.0004	PC O-37:2	C45H88NO7P	[M+NH4]+	/resources/tools/chemdb_ontology?abbrev=PC O-37:2
803.66326	803.6637	.0004	PE O-40:2	C45H88NO7P	[M+NH4]+	/resources/tools/chemdb_ontology?abbrev=PE O-40:2
803.66326	803.6719	.0086	HexCer 39:1;O3	C45H87NO9	[M+NH4]+	/resources/tools/chemdb_ontology?abbrev=HexCer 39:1;O3
720.54364	720.5385	.0052	HexCer 34:2;O2	C40H75NO8Na	[M+Na]+	/resources/tools/chemdb_ontology?abbrev=HexCer 34:2;O2
1464.08875	1464.0891	.0003	CL 72:1	C81H156O17P2	[M+H]+	/resources/tools/chemdb_ontology?abbrev=CL 72:1
1506.04472	1506.0421	.0026	CL 76:8	C85H150O17P2	[M+H]+	/resources/tools/chemdb_ontology?abbrev=CL 76:8
1506.04472	1506.0397	.0050	CL 74:5	C83H152O17P2Na	[M+Na]+	/resources/tools/chemdb_ontology?abbrev=CL 74:5
1506.04472	1506.0373	.0074	CL 72:2	C81H154O17P2Na2	[M+2Na-H]+	/resources/tools/chemdb_ontology?abbrev=CL 72:2
745.60962	745.6106	.0009	PA O-40:1	C43H85O7P	[M+H]+	/resources/tools/chemdb_ontology?abbrev=PA O-40:1
668.61819	668.6187	.0006	DG 38:1	C41H78O5	[M+NH4]+	/resources/tools/chemdb_ontology?abbrev=DG 38:1
747.56211	747.5534	.0087	PG O-35:2	C41H79O9P	[M+H]+	/resources/tools/chemdb_ontology?abbrev=PG O-35:2
747.56211	747.5687	.0066	PA O-42:5	C45H81O7P	[M+H-H2O]+	/resources/tools/chemdb_ontology?abbrev=PA O-42:5
747.56211	747.5534	.0087	PG 35:0	C41H81O10P	[M+H-H2O]+	/resources/tools/chemdb_ontology?abbrev=PG 35:0
747.56211	747.5647	.0026	PC 32:2	C40H76NO8P	[M+NH4]+	/resources/tools/chemdb_ontology?abbrev=PC 32:2
747.56211	747.5647	.0026	PE 35:2	C40H76NO8P	[M+NH4]+	/resources/tools/chemdb_ontology?abbrev=PE 35:2
1490.1038	1490.1047	.0009	CL 74:2	C83H158O17P2	[M+H]+	/resources/tools/chemdb_ontology?abbrev=CL 74:2
808.58307	808.5851	.0020	PC 38:5	C46H82NO8P	[M+H]+	/resources/tools/chemdb_ontology?abbrev=PC 38:5
808.58307	808.5851	.0020	PE 41:5	C46H82NO8P	[M+H]+	/resources/tools/chemdb_ontology?abbrev=PE 41:5
808.58307	808.5851	.0020	PC 38:4;O	C46H84NO9P	[M+H-H2O]+	/resources/tools/chemdb_ontology?abbrev=PC 38:4;O
808.58307	808.5851	.0020	PS O-40:4	C46H84NO9P	[M+H-H2O]+	/resources/tools/chemdb_ontology?abbrev=PS O-40:4
808.58307	808.5827	.0004	PC 36:2	C44H84NO8PNa	[M+Na]+	/resources/tools/chemdb_ontology?abbrev=PC 36:2
808.58307	808.5827	.0004	PE 39:2	C44H84NO8PNa	[M+Na]+	/resources/tools/chemdb_ontology?abbrev=PE 39:2
808.58307	808.5851	.0020	PA 43:6	C46H79O8P	[M+NH4]+	/resources/tools/chemdb_ontology?abbrev=PA 43:6
1488.0973	1488.0891	.0082	CL 74:3	C83H156O17P2	[M+H]+	/resources/tools/chemdb_ontology?abbrev=CL 74:3
802.66019	802.6684	.0082	PC O-38:1	C46H92NO7P	[M+H]+	/resources/tools/chemdb_ontology?abbrev=PC O-38:1
802.66019	802.6684	.0082	PE O-41:1	C46H92NO7P	[M+H]+	/resources/tools/chemdb_ontology?abbrev=PE O-41:1
809.65194	809.6507	.0012	SM 40:1;O2	C45H91N2O6PNa	[M+Na]+	/resources/tools/chemdb_ontology?abbrev=SM 40:1;O2
809.65194	809.6606	.0086	TG 45:0	C48H92O6Na2	[M+2Na-H]+	/resources/tools/chemdb_ontology?abbrev=TG 45:0
832.6554	832.6578	.0024	PC O-42:5	C50H92NO7P	[M+H-H2O]+	/resources/tools/chemdb_ontology?abbrev=PC O-42:5
832.6554	832.6637	.0083	HexCer 42:2;O2	C48H91NO8Na	[M+Na]+	/resources/tools/chemdb_ontology?abbrev=HexCer 42:2;O2
769.55484	769.5490	.0058	PC 34:5	C42H74NO8P	[M+NH4]+	/resources/tools/chemdb_ontology?abbrev=PC 34:5
769.55484	769.5490	.0058	PE 37:5	C42H74NO8P	[M+NH4]+	/resources/tools/chemdb_ontology?abbrev=PE 37:5
769.55484	769.5560	.0011	CL 78:6	C87H158O17P2	[M+2H]2+	/resources/tools/chemdb_ontology?abbrev=CL 78:6
769.55484	769.5536	.0013	CL 74:0	C83H162O17P2Na2	[M+2Na]2+	/resources/tools/chemdb_ontology?abbrev=CL 74:0
1528.02757	1528.0240	.0035	CL 76:8	C85H150O17P2Na	[M+Na]+	/resources/tools/chemdb_ontology?abbrev=CL 76:8
1528.02757	1528.0216	.0059	CL 74:5	C83H152O17P2Na2	[M+2Na-H]+	/resources/tools/chemdb_ontology?abbrev=CL 74:5
859.67586	859.6810	.0052	TG 53:9	C56H90O6	[M+H]+	/resources/tools/chemdb_ontology?abbrev=TG 53:9
859.67586	859.6786	.0028	PG 43:0	C49H97O10P	[M+H-H2O]+	/resources/tools/chemdb_ontology?abbrev=PG 43:0
859.67586	859.6786	.0027	TG 51:6	C54H92O6Na	[M+Na]+	/resources/tools/chemdb_ontology?abbrev=TG 51:6
859.67586	859.6762	.0003	TG 49:3	C52H94O6Na2	[M+2Na-H]+	/resources/tools/chemdb_ontology?abbrev=TG 49:3
669.33369	669.3246	.0091	PI 22:1;O	C30H55O15P	[M+H-H2O]+	/resources/tools/chemdb_ontology?abbrev=PI 22:1;O
669.33369	669.3358	.0021	PS 23:3;O3	C29H50NO13P	[M+NH4]+	/resources/tools/chemdb_ontology?abbrev=PS 23:3;O3
791.56093	791.5585	.0024	PA 43:6	C46H79O8P	[M+H]+	/resources/tools/chemdb_ontology?abbrev=PA 43:6
791.56093	791.5585	.0024	PG O-40:6	C46H81O9P	[M+H-H2O]+	/resources/tools/chemdb_ontology?abbrev=PG O-40:6
791.56093	791.5561	.0048	PA 41:3	C44H81O8PNa	[M+Na]+	/resources/tools/chemdb_ontology?abbrev=PA 41:3
791.56093	791.5545	.0064	PS 35:2	C41H76NO10P	[M+NH4]+	/resources/tools/chemdb_ontology?abbrev=PS 35:2
791.56093	791.5698	.0088	PE O-40:8	C45H76NO7P	[M+NH4]+	/resources/tools/chemdb_ontology?abbrev=PE O-40:8
791.56093	791.5537	.0072	PA 39:0	C42H83O8PNa2	[M+2Na-H]+	/resources/tools/chemdb_ontology?abbrev=PA 39:0
766.57927	766.5745	.0048	PC O-36:5	C44H80NO7P	[M+H]+	/resources/tools/chemdb_ontology?abbrev=PC O-36:5
766.57927	766.5745	.0048	PC 36:3	C44H82NO8P	[M+H-H2O]+	/resources/tools/chemdb_ontology?abbrev=PC 36:3
766.57927	766.5745	.0048	PE 39:3	C44H82NO8P	[M+H-H2O]+	/resources/tools/chemdb_ontology?abbrev=PE 39:3
766.57927	766.5803	.0011	HexCer 36:1;O3	C42H81NO9Na	[M+Na]+	/resources/tools/chemdb_ontology?abbrev=HexCer 36:1;O3
766.57927	766.5721	.0072	PC O-34:2	C42H82NO7PNa	[M+Na]+	/resources/tools/chemdb_ontology?abbrev=PC O-34:2
766.57927	766.5721	.0072	PE O-37:2	C42H82NO7PNa	[M+Na]+	/resources/tools/chemdb_ontology?abbrev=PE O-37:2
741.52243	741.5177	.0047	PC 32:5	C40H70NO8P	[M+NH4]+	/resources/tools/chemdb_ontology?abbrev=PC 32:5
741.52243	741.5177	.0047	PE 35:5	C40H70NO8P	[M+NH4]+	/resources/tools/chemdb_ontology?abbrev=PE 35:5
741.52243	741.5247	.0023	CL 74:6	C83H150O17P2	[M+2H]2+	/resources/tools/chemdb_ontology?abbrev=CL 74:6
741.52243	741.5223	.0001	CL 70:0	C79H154O17P2Na2	[M+2Na]2+	/resources/tools/chemdb_ontology?abbrev=CL 70:0
751.61643	751.6235	.0071	TG 46:5	C49H84O6	[M+H-H2O]+	/resources/tools/chemdb_ontology?abbrev=TG 46:5
751.61643	751.6211	.0047	DG 44:4	C47H84O5Na	[M+Na]+	/resources/tools/chemdb_ontology?abbrev=DG 44:4
751.61643	751.6187	.0023	DG 42:1	C45H86O5Na2	[M+2Na-H]+	/resources/tools/chemdb_ontology?abbrev=DG 42:1
782.50719	782.5119	.0047	PC 38:9	C46H74NO8P	[M+H-H2O]+	/resources/tools/chemdb_ontology?abbrev=PC 38:9
782.50719	782.5071	.0001	PC O-34:5	C42H76NO7PNa2	[M+2Na-H]+	/resources/tools/chemdb_ontology?abbrev=PC O-34:5
767.53801	767.5334	.0046	PC 34:6	C42H72NO8P	[M+NH4]+	/resources/tools/chemdb_ontology?abbrev=PC 34:6
767.53801	767.5334	.0046	PE 37:6	C42H72NO8P	[M+NH4]+	/resources/tools/chemdb_ontology?abbrev=PE 37:6
767.53801	767.5403	.0023	CL 78:8	C87H154O17P2	[M+2H]2+	/resources/tools/chemdb_ontology?abbrev=CL 78:8
767.53801	767.5379	.0001	CL 74:2	C83H158O17P2Na2	[M+2Na]2+	/resources/tools/chemdb_ontology?abbrev=CL 74:2
596.59099	596.5976	.0066	Cer 38:0;O2	C38H77NO3	[M+H]+	/resources/tools/chemdb_ontology?abbrev=Cer 38:0;O2
773.6148	773.6055	.0093	PA 41:1	C44H85O8P	[M+H]+	/resources/tools/chemdb_ontology?abbrev=PA 41:1
773.6148	773.6078	.0070	TG 48:8	C51H82O6	[M+H-H2O]+	/resources/tools/chemdb_ontology?abbrev=TG 48:8
773.6148	773.6055	.0093	PG O-38:1	C44H87O9P	[M+H-H2O]+	/resources/tools/chemdb_ontology?abbrev=PG O-38:1
773.6148	773.6167	.0019	PC O-35:3	C43H82NO7P	[M+NH4]+	/resources/tools/chemdb_ontology?abbrev=PC O-35:3
773.6148	773.6167	.0019	PE O-38:3	C43H82NO7P	[M+NH4]+	/resources/tools/chemdb_ontology?abbrev=PE O-38:3
855.66411	855.6586	.0055	PC 40:4	C48H88NO8P	[M+NH4]+	/resources/tools/chemdb_ontology?abbrev=PC 40:4
855.66411	855.6586	.0055	PE 43:4	C48H88NO8P	[M+NH4]+	/resources/tools/chemdb_ontology?abbrev=PE 43:4
596.63866	596.6340	.0047	FA 39:0	C39H78O2	[M+NH4]+	/resources/tools/chemdb_ontology?abbrev=FA 39:0
596.63866	596.6340	.0047	WE 39:0	C39H78O2	[M+NH4]+	/resources/tools/chemdb_ontology?abbrev=WE 39:0
774.53966	774.5432	.0036	PE O-40:8	C45H76NO7P	[M+H]+	/resources/tools/chemdb_ontology?abbrev=PE O-40:8
774.53966	774.5432	.0036	PC 37:6	C45H78NO8P	[M+H-H2O]+	/resources/tools/chemdb_ontology?abbrev=PC 37:6
774.53966	774.5432	.0036	PE 40:6	C45H78NO8P	[M+H-H2O]+	/resources/tools/chemdb_ontology?abbrev=PE 40:6
774.53966	774.5432	.0036	PE O-40:7;O	C45H78NO8P	[M+H-H2O]+	/resources/tools/chemdb_ontology?abbrev=PE O-40:7;O
774.53966	774.5408	.0011	PE O-38:5	C43H78NO7PNa	[M+Na]+	/resources/tools/chemdb_ontology?abbrev=PE O-38:5
774.53966	774.5384	.0013	PC O-33:2	C41H80NO7PNa2	[M+2Na-H]+	/resources/tools/chemdb_ontology?abbrev=PC O-33:2
774.53966	774.5384	.0013	PE O-36:2	C41H80NO7PNa2	[M+2Na-H]+	/resources/tools/chemdb_ontology?abbrev=PE O-36:2
876.56789	876.5725	.0046	PS 41:4	C47H84NO10PNa	[M+Na]+	/resources/tools/chemdb_ontology?abbrev=PS 41:4
876.56789	876.5597	.0082	PI 36:4	C45H79O13P	[M+NH4]+	/resources/tools/chemdb_ontology?abbrev=PI 36:4
876.56789	876.5701	.0022	PS 39:1	C45H86NO10PNa2	[M+2Na-H]+	/resources/tools/chemdb_ontology?abbrev=PS 39:1
666.63821	666.6395	.0013	Cer 42:0;O4	C42H85NO5	[M+H-H2O]+	/resources/tools/chemdb_ontology?abbrev=Cer 42:0;O4
796.52133	796.5239	.0026	SHexCer 34:1;O3	C40H77NO12S	[M+H]+	/resources/tools/chemdb_ontology?abbrev=SHexCer 34:1;O3
796.52133	796.5123	.0090	PS 37:5	C43H74NO10P	[M+H]+	/resources/tools/chemdb_ontology?abbrev=PS 37:5
796.52133	796.5276	.0062	PE 42:9	C47H76NO8P	[M+H-H2O]+	/resources/tools/chemdb_ontology?abbrev=PE 42:9
796.52133	796.5252	.0038	PE O-40:8	C45H76NO7PNa	[M+Na]+	/resources/tools/chemdb_ontology?abbrev=PE O-40:8
796.52133	796.5123	.0090	PG 37:7	C43H71O10P	[M+NH4]+	/resources/tools/chemdb_ontology?abbrev=PG 37:7
796.52133	796.5228	.0014	PE O-38:5	C43H78NO7PNa2	[M+2Na-H]+	/resources/tools/chemdb_ontology?abbrev=PE O-38:5
597.59403	597.5929	.0012	Cer 37:1;O2	C37H73NO3	[M+NH4]+	/resources/tools/chemdb_ontology?abbrev=Cer 37:1;O2
786.60894	786.6007	.0082	PC 36:2	C44H84NO8P	[M+H]+	/resources/tools/chemdb_ontology?abbrev=PC 36:2
786.60894	786.6007	.0082	PE 39:2	C44H84NO8P	[M+H]+	/resources/tools/chemdb_ontology?abbrev=PE 39:2
786.60894	786.6007	.0082	PS O-38:1	C44H86NO9P	[M+H-H2O]+	/resources/tools/chemdb_ontology?abbrev=PS O-38:1
786.60894	786.6007	.0082	PA 41:3	C44H81O8P	[M+NH4]+	/resources/tools/chemdb_ontology?abbrev=PA 41:3
810.6109	810.6066	.0043	HexCer 38:1;O4	C44H85NO10Na	[M+Na]+	/resources/tools/chemdb_ontology?abbrev=HexCer 38:1;O4
812.61706	812.6164	.0007	PC 38:3	C46H86NO8P	[M+H]+	/resources/tools/chemdb_ontology?abbrev=PC 38:3
812.61706	812.6164	.0007	PE 41:3	C46H86NO8P	[M+H]+	/resources/tools/chemdb_ontology?abbrev=PE 41:3
812.61706	812.6164	.0007	PS O-40:2	C46H88NO9P	[M+H-H2O]+	/resources/tools/chemdb_ontology?abbrev=PS O-40:2
812.61706	812.6140	.0031	PC 36:0	C44H88NO8PNa	[M+Na]+	/resources/tools/chemdb_ontology?abbrev=PC 36:0
812.61706	812.6140	.0031	PE 39:0	C44H88NO8PNa	[M+Na]+	/resources/tools/chemdb_ontology?abbrev=PE 39:0
812.61706	812.6222	.0052	HexCer 38:0;O4	C44H87NO10Na	[M+Na]+	/resources/tools/chemdb_ontology?abbrev=HexCer 38:0;O4
812.61706	812.6164	.0007	PA 43:4	C46H83O8P	[M+NH4]+	/resources/tools/chemdb_ontology?abbrev=PA 43:4
667.64307	667.6388	.0043	CE 19:0	C46H82O2	[M+H]+	/resources/tools/chemdb_ontology?abbrev=CE 19:0
789.5195	789.5276	.0081	PI O-33:2	C42H79O12P	[M+H-H2O]+	/resources/tools/chemdb_ontology?abbrev=PI O-33:2
789.5195	789.5223	.0028	CL 78:8	C87H154O17P2Na2	[M+2Na]2+	/resources/tools/chemdb_ontology?abbrev=CL 78:8
576.49363	576.4962	.0026	Cer 34:1;O3	C34H67NO4Na	[M+Na]+	/resources/tools/chemdb_ontology?abbrev=Cer 34:1;O3
826.60549	826.5956	.0098	PC 38:4;O	C46H84NO9P	[M+H]+	/resources/tools/chemdb_ontology?abbrev=PC 38:4;O
826.60549	826.5956	.0098	PS O-40:4	C46H84NO9P	[M+H]+	/resources/tools/chemdb_ontology?abbrev=PS O-40:4
826.60549	826.5956	.0098	PS 40:2	C46H86NO10P	[M+H-H2O]+	/resources/tools/chemdb_ontology?abbrev=PS 40:2
826.60549	826.5956	.0098	PG O-40:6	C46H81O9P	[M+NH4]+	/resources/tools/chemdb_ontology?abbrev=PG O-40:6
826.60549	826.6143	.0088	HexCer 40:2;O2	C46H87NO8Na2	[M+2Na-H]+	/resources/tools/chemdb_ontology?abbrev=HexCer 40:2;O2
626.6454	626.6446	.0008	FA 40:0;O	C40H80O3	[M+NH4]+	/resources/tools/chemdb_ontology?abbrev=FA 40:0;O
741.56225	741.5541	.0081	PE O-36:5	C41H74NO7P	[M+NH4]+	/resources/tools/chemdb_ontology?abbrev=PE O-36:5
741.56225	741.5557	.0066	CE 22:6	C49H76O2Na2	[M+2Na-H]+	/resources/tools/chemdb_ontology?abbrev=CE 22:6
640.66099	640.6622	.0012	FA 87:2;O2	C87H170O4	[M+2H]2+	/resources/tools/chemdb_ontology?abbrev=FA 87:2;O2
809.60425	809.6055	.0012	PA 44:4	C47H85O8P	[M+H]+	/resources/tools/chemdb_ontology?abbrev=PA 44:4
809.60425	809.6031	.0012	PA 42:1	C45H87O8PNa	[M+Na]+	/resources/tools/chemdb_ontology?abbrev=PA 42:1
809.60425	809.6015	.0028	PS 36:0	C42H82NO10P	[M+NH4]+	/resources/tools/chemdb_ontology?abbrev=PS 36:0
804.61228	804.6113	.0010	PS O-38:1	C44H86NO9P	[M+H]+	/resources/tools/chemdb_ontology?abbrev=PS O-38:1
804.61228	804.6113	.0010	PG O-38:3	C44H83O9P	[M+NH4]+	/resources/tools/chemdb_ontology?abbrev=PG O-38:3
762.50089	762.5068	.0059	PE 38:7	C43H72NO8P	[M+H]+	/resources/tools/chemdb_ontology?abbrev=PE 38:7
762.50089	762.5068	.0059	PE 38:6;O	C43H74NO9P	[M+H-H2O]+	/resources/tools/chemdb_ontology?abbrev=PE 38:6;O
762.50089	762.5044	.0035	PC 33:4	C41H74NO8PNa	[M+Na]+	/resources/tools/chemdb_ontology?abbrev=PC 33:4
762.50089	762.5044	.0035	PE 36:4	C41H74NO8PNa	[M+Na]+	/resources/tools/chemdb_ontology?abbrev=PE 36:4
762.50089	762.5044	.0035	PE O-36:5;O	C41H74NO8PNa	[M+Na]+	/resources/tools/chemdb_ontology?abbrev=PE O-36:5;O
762.50089	762.5068	.0059	PA 40:8	C43H69O8P	[M+NH4]+	/resources/tools/chemdb_ontology?abbrev=PA 40:8
762.50089	762.5012	.0003	CL 78:13	C87H144O17P2	[M+2H]2+	/resources/tools/chemdb_ontology?abbrev=CL 78:13
762.50089	762.4988	.0021	CL 74:7	C83H148O17P2Na2	[M+2Na]2+	/resources/tools/chemdb_ontology?abbrev=CL 74:7
762.50089	762.5020	.0011	PC 31:1	C39H76NO8PNa2	[M+2Na-H]+	/resources/tools/chemdb_ontology?abbrev=PC 31:1
762.50089	762.5020	.0011	PE 34:1	C39H76NO8PNa2	[M+2Na-H]+	/resources/tools/chemdb_ontology?abbrev=PE 34:1
892.74121	892.7389	.0024	TG 54:8	C57H94O6	[M+NH4]+	/resources/tools/chemdb_ontology?abbrev=TG 54:8
819.59276	819.5828	.0099	FA 44:3;O11	C44H82O13	[M+H]+	/resources/tools/chemdb_ontology?abbrev=FA 44:3;O11
819.59276	819.5898	.0029	PG O-42:6	C48H85O9P	[M+H-H2O]+	/resources/tools/chemdb_ontology?abbrev=PG O-42:6
819.59276	819.5858	.0070	PS 37:2	C43H80NO10P	[M+NH4]+	/resources/tools/chemdb_ontology?abbrev=PS 37:2
819.59276	819.5850	.0077	PA 41:0	C44H87O8PNa2	[M+2Na-H]+	/resources/tools/chemdb_ontology?abbrev=PA 41:0
1512.08504	1512.0891	.0040	CL 76:5	C85H156O17P2	[M+H]+	/resources/tools/chemdb_ontology?abbrev=CL 76:5
1512.08504	1512.0866	.0016	CL 74:2	C83H158O17P2Na	[M+Na]+	/resources/tools/chemdb_ontology?abbrev=CL 74:2
787.61279	787.6211	.0083	PA 42:1	C45H87O8P	[M+H]+	/resources/tools/chemdb_ontology?abbrev=PA 42:1
787.61279	787.6211	.0083	PG O-39:1	C45H89O9P	[M+H-H2O]+	/resources/tools/chemdb_ontology?abbrev=PG O-39:1
711.54002	711.5323	.0077	PA O-38:4	C41H75O7P	[M+H]+	/resources/tools/chemdb_ontology?abbrev=PA O-38:4
711.54002	711.5435	.0035	CerPE 38:3;O3	C40H77N2O7P	[M+H-H2O]+	/resources/tools/chemdb_ontology?abbrev=CerPE 38:3;O3
711.54002	711.5323	.0077	PA 38:2	C41H77O8P	[M+H-H2O]+	/resources/tools/chemdb_ontology?abbrev=PA 38:2
711.54002	711.5411	.0011	CerPE 36:1;O2	C38H77N2O6PNa	[M+Na]+	/resources/tools/chemdb_ontology?abbrev=CerPE 36:1;O2
711.54002	711.5411	.0011	SM 33:1;O2	C38H77N2O6PNa	[M+Na]+	/resources/tools/chemdb_ontology?abbrev=SM 33:1;O2
747.61115	747.6026	.0085	CE 22:3	C49H82O2Na2	[M+2Na-H]+	/resources/tools/chemdb_ontology?abbrev=CE 22:3
510.53421	510.5245	.0098	WE 33:1	C33H64O2	[M+NH4]+	/resources/tools/chemdb_ontology?abbrev=WE 33:1
689.5583	689.5592	.0009	CerPE 36:1;O2	C38H77N2O6P	[M+H]+	/resources/tools/chemdb_ontology?abbrev=CerPE 36:1;O2
689.5583	689.5592	.0009	SM 33:1;O2	C38H77N2O6P	[M+H]+	/resources/tools/chemdb_ontology?abbrev=SM 33:1;O2
689.5583	689.5592	.0009	CerPE 36:0;O3	C38H79N2O7P	[M+H-H2O]+	/resources/tools/chemdb_ontology?abbrev=CerPE 36:0;O3
689.5583	689.5674	.0091	HexCer 32:1;O2	C38H73NO8	[M+NH4]+	/resources/tools/chemdb_ontology?abbrev=HexCer 32:1;O2
692.52144	692.5225	.0010	PC 29:0	C37H74NO8P	[M+H]+	/resources/tools/chemdb_ontology?abbrev=PC 29:0
692.52144	692.5225	.0010	PE 32:0	C37H74NO8P	[M+H]+	/resources/tools/chemdb_ontology?abbrev=PE 32:0
692.52144	692.5225	.0010	PA 34:1	C37H71O8P	[M+NH4]+	/resources/tools/chemdb_ontology?abbrev=PA 34:1
740.51912	740.5225	.0034	PC 33:4	C41H74NO8P	[M+H]+	/resources/tools/chemdb_ontology?abbrev=PC 33:4
740.51912	740.5225	.0034	PE 36:4	C41H74NO8P	[M+H]+	/resources/tools/chemdb_ontology?abbrev=PE 36:4
740.51912	740.5225	.0034	PE O-36:5;O	C41H74NO8P	[M+H]+	/resources/tools/chemdb_ontology?abbrev=PE O-36:5;O
740.51912	740.5225	.0034	PS O-35:3	C41H76NO9P	[M+H-H2O]+	/resources/tools/chemdb_ontology?abbrev=PS O-35:3
740.51912	740.5201	.0010	PC 31:1	C39H76NO8PNa	[M+Na]+	/resources/tools/chemdb_ontology?abbrev=PC 31:1
740.51912	740.5201	.0010	PE 34:1	C39H76NO8PNa	[M+Na]+	/resources/tools/chemdb_ontology?abbrev=PE 34:1
740.51912	740.5225	.0034	PA 38:5	C41H71O8P	[M+NH4]+	/resources/tools/chemdb_ontology?abbrev=PA 38:5
740.51912	740.5169	.0023	CL 74:7	C83H148O17P2	[M+2H]2+	/resources/tools/chemdb_ontology?abbrev=CL 74:7
740.51912	740.5145	.0047	CL 70:1	C79H152O17P2Na2	[M+2Na]2+	/resources/tools/chemdb_ontology?abbrev=CL 70:1
1480.02979	1480.0265	.0033	CL 74:7	C83H148O17P2	[M+H]+	/resources/tools/chemdb_ontology?abbrev=CL 74:7
1480.02979	1480.0240	.0057	CL 72:4	C81H150O17P2Na	[M+Na]+	/resources/tools/chemdb_ontology?abbrev=CL 72:4
1480.02979	1480.0216	.0081	CL 70:1	C79H152O17P2Na2	[M+2Na-H]+	/resources/tools/chemdb_ontology?abbrev=CL 70:1
891.73572	891.7436	.0079	TG 55:7	C58H98O6	[M+H]+	/resources/tools/chemdb_ontology?abbrev=TG 55:7
891.73572	891.7412	.0055	TG 53:4	C56H100O6Na	[M+Na]+	/resources/tools/chemdb_ontology?abbrev=TG 53:4
891.73572	891.7388	.0031	TG 51:1	C54H102O6Na2	[M+2Na-H]+	/resources/tools/chemdb_ontology?abbrev=TG 51:1
776.59067	776.5952	.0046	PC O-38:5	C46H84NO7P	[M+H-H2O]+	/resources/tools/chemdb_ontology?abbrev=PC O-38:5
1436.0669	1436.0578	.0091	CL 70:1	C79H152O17P2	[M+H]+	/resources/tools/chemdb_ontology?abbrev=CL 70:1
1458.04832	1458.0421	.0062	CL 72:4	C81H150O17P2	[M+H]+	/resources/tools/chemdb_ontology?abbrev=CL 72:4
1458.04832	1458.0397	.0086	CL 70:1	C79H152O17P2Na	[M+Na]+	/resources/tools/chemdb_ontology?abbrev=CL 70:1
746.55934	746.5638	.0045	CL 74:1	C83H160O17P2	[M+2H]2+	/resources/tools/chemdb_ontology?abbrev=CL 74:1
746.55934	746.5517	.0076	HexCer 34:0;O2	C40H79NO8Na2	[M+2Na-H]+	/resources/tools/chemdb_ontology?abbrev=HexCer 34:0;O2
745.61758	745.6218	.0042	CerPE 40:1;O2	C42H85N2O6P	[M+H]+	/resources/tools/chemdb_ontology?abbrev=CerPE 40:1;O2
745.61758	745.6218	.0042	SM 37:1;O2	C42H85N2O6P	[M+H]+	/resources/tools/chemdb_ontology?abbrev=SM 37:1;O2
745.61758	745.6106	.0070	PA O-40:1	C43H85O7P	[M+H]+	/resources/tools/chemdb_ontology?abbrev=PA O-40:1
745.61758	745.6218	.0042	CerP 42:2;O2	C42H82NO6P	[M+NH4]+	/resources/tools/chemdb_ontology?abbrev=CerP 42:2;O2
890.72546	890.7232	.0023	TG 54:9	C57H92O6	[M+NH4]+	/resources/tools/chemdb_ontology?abbrev=TG 54:9
577.5181	577.5190	.0009	DG 34:1	C37H70O5	[M+H-H2O]+	/resources/tools/chemdb_ontology?abbrev=DG 34:1
718.53754	718.5381	.0006	PC 31:1	C39H76NO8P	[M+H]+	/resources/tools/chemdb_ontology?abbrev=PC 31:1
718.53754	718.5381	.0006	PE 34:1	C39H76NO8P	[M+H]+	/resources/tools/chemdb_ontology?abbrev=PE 34:1
718.53754	718.5381	.0006	PS O-33:0	C39H78NO9P	[M+H-H2O]+	/resources/tools/chemdb_ontology?abbrev=PS O-33:0
718.53754	718.5381	.0006	PA 36:2	C39H73O8P	[M+NH4]+	/resources/tools/chemdb_ontology?abbrev=PA 36:2
718.58908	718.5828	.0063	HexCer 34:0;O3	C40H79NO9	[M+H]+	/resources/tools/chemdb_ontology?abbrev=HexCer 34:0;O3
718.58908	718.5980	.0089	DGTS 34:2	C44H81NO7	[M+H-H2O]+	/resources/tools/chemdb_ontology?abbrev=DGTS 34:2
718.58908	718.5857	.0033	CerPE 37:2;O2	C39H77N2O6P	[M+NH4]+	/resources/tools/chemdb_ontology?abbrev=CerPE 37:2;O2
718.58908	718.5857	.0033	SM 34:2;O2	C39H77N2O6P	[M+NH4]+	/resources/tools/chemdb_ontology?abbrev=SM 34:2;O2
716.55777	716.5589	.0011	PC O-32:2	C40H78NO7P	[M+H]+	/resources/tools/chemdb_ontology?abbrev=PC O-32:2
716.55777	716.5589	.0011	PE O-35:2	C40H78NO7P	[M+H]+	/resources/tools/chemdb_ontology?abbrev=PE O-35:2
716.55777	716.5671	.0093	HexCer 34:1;O3	C40H77NO9	[M+H]+	/resources/tools/chemdb_ontology?abbrev=HexCer 34:1;O3
716.55777	716.5589	.0011	PC 32:0	C40H80NO8P	[M+H-H2O]+	/resources/tools/chemdb_ontology?abbrev=PC 32:0
716.55777	716.5589	.0011	PE 35:0	C40H80NO8P	[M+H-H2O]+	/resources/tools/chemdb_ontology?abbrev=PE 35:0
716.55777	716.5589	.0011	PA O-37:3	C40H75O7P	[M+NH4]+	/resources/tools/chemdb_ontology?abbrev=PA O-37:3
603.53352	603.5347	.0012	DG 36:2	C39H72O5	[M+H-H2O]+	/resources/tools/chemdb_ontology?abbrev=DG 36:2
603.53352	603.5323	.0012	DG O-34:1	C37H72O4Na	[M+Na]+	/resources/tools/chemdb_ontology?abbrev=DG O-34:1
744.60538	744.5984	.0070	HexCer 36:1;O3	C42H81NO9	[M+H]+	/resources/tools/chemdb_ontology?abbrev=HexCer 36:1;O3
744.60538	744.6014	.0040	SM 36:3;O2	C41H79N2O6P	[M+NH4]+	/resources/tools/chemdb_ontology?abbrev=SM 36:3;O2
1462.08234	1462.0734	.0089	CL 72:2	C81H154O17P2	[M+H]+	/resources/tools/chemdb_ontology?abbrev=CL 72:2
1484.06364	1484.0578	.0059	CL 74:5	C83H152O17P2	[M+H]+	/resources/tools/chemdb_ontology?abbrev=CL 74:5
1484.06364	1484.0553	.0083	CL 72:2	C81H154O17P2Na	[M+Na]+	/resources/tools/chemdb_ontology?abbrev=CL 72:2
1486.07026	1486.0734	.0031	CL 74:4	C83H154O17P2	[M+H]+	/resources/tools/chemdb_ontology?abbrev=CL 74:4
1486.07026	1486.0710	.0007	CL 72:1	C81H156O17P2Na	[M+Na]+	/resources/tools/chemdb_ontology?abbrev=CL 72:1
766.53474	766.5381	.0034	PC 35:5	C43H76NO8P	[M+H]+	/resources/tools/chemdb_ontology?abbrev=PC 35:5
766.53474	766.5381	.0034	PE 38:5	C43H76NO8P	[M+H]+	/resources/tools/chemdb_ontology?abbrev=PE 38:5
766.53474	766.5381	.0034	PE O-38:6;O	C43H76NO8P	[M+H]+	/resources/tools/chemdb_ontology?abbrev=PE O-38:6;O
766.53474	766.5381	.0034	PE 38:4;O	C43H78NO9P	[M+H-H2O]+	/resources/tools/chemdb_ontology?abbrev=PE 38:4;O
766.53474	766.5357	.0010	PC 33:2	C41H78NO8PNa	[M+Na]+	/resources/tools/chemdb_ontology?abbrev=PC 33:2
766.53474	766.5357	.0010	PE 36:2	C41H78NO8PNa	[M+Na]+	/resources/tools/chemdb_ontology?abbrev=PE 36:2
766.53474	766.5381	.0034	PA 40:6	C43H73O8P	[M+NH4]+	/resources/tools/chemdb_ontology?abbrev=PA 40:6
766.53474	766.5325	.0022	CL 78:9	C87H152O17P2	[M+2H]2+	/resources/tools/chemdb_ontology?abbrev=CL 78:9
766.53474	766.5301	.0046	CL 74:3	C83H156O17P2Na2	[M+2Na]2+	/resources/tools/chemdb_ontology?abbrev=CL 74:3
750.55866	750.5643	.0057	PS O-34:0	C40H80NO9P	[M+H]+	/resources/tools/chemdb_ontology?abbrev=PS O-34:0
750.55866	750.5490	.0096	HexCer 35:2;O3	C41H77NO9Na	[M+Na]+	/resources/tools/chemdb_ontology?abbrev=HexCer 35:2;O3
750.55866	750.5643	.0057	PG O-34:2	C40H77O9P	[M+NH4]+	/resources/tools/chemdb_ontology?abbrev=PG O-34:2
764.57364	764.5800	.0064	PS O-35:0	C41H82NO9P	[M+H]+	/resources/tools/chemdb_ontology?abbrev=PS O-35:0
764.57364	764.5647	.0089	HexCer 36:2;O3	C42H79NO9Na	[M+Na]+	/resources/tools/chemdb_ontology?abbrev=HexCer 36:2;O3
764.57364	764.5800	.0064	PG O-35:2	C41H79O9P	[M+NH4]+	/resources/tools/chemdb_ontology?abbrev=PG O-35:2
769.61873	769.6106	.0082	PA O-42:3	C45H85O7P	[M+H]+	/resources/tools/chemdb_ontology?abbrev=PA O-42:3
769.61873	769.6106	.0082	PA 42:1	C45H87O8P	[M+H-H2O]+	/resources/tools/chemdb_ontology?abbrev=PA 42:1
745.55626	745.5530	.0032	PA O-42:6	C45H79O7P	[M+H-H2O]+	/resources/tools/chemdb_ontology?abbrev=PA O-42:6
745.55626	745.5490	.0072	PC 32:3	C40H74NO8P	[M+NH4]+	/resources/tools/chemdb_ontology?abbrev=PC 32:3
745.55626	745.5490	.0072	PE 35:3	C40H74NO8P	[M+NH4]+	/resources/tools/chemdb_ontology?abbrev=PE 35:3
745.55626	745.5560	.0003	CL 74:2	C83H158O17P2	[M+2H]2+	/resources/tools/chemdb_ontology?abbrev=CL 74:2
744.55311	744.5538	.0007	PC 33:2	C41H78NO8P	[M+H]+	/resources/tools/chemdb_ontology?abbrev=PC 33:2
744.55311	744.5538	.0007	PE 36:2	C41H78NO8P	[M+H]+	/resources/tools/chemdb_ontology?abbrev=PE 36:2
744.55311	744.5538	.0007	PS O-35:1	C41H80NO9P	[M+H-H2O]+	/resources/tools/chemdb_ontology?abbrev=PS O-35:1
744.55311	744.5538	.0007	PA 38:3	C41H75O8P	[M+NH4]+	/resources/tools/chemdb_ontology?abbrev=PA 38:3
744.55311	744.5482	.0049	CL 74:3	C83H156O17P2	[M+2H]2+	/resources/tools/chemdb_ontology?abbrev=CL 74:3
788.51635	788.5225	.0061	PE 40:8	C45H74NO8P	[M+H]+	/resources/tools/chemdb_ontology?abbrev=PE 40:8
788.51635	788.5201	.0037	PC 35:5	C43H76NO8PNa	[M+Na]+	/resources/tools/chemdb_ontology?abbrev=PC 35:5
788.51635	788.5201	.0037	PE 38:5	C43H76NO8PNa	[M+Na]+	/resources/tools/chemdb_ontology?abbrev=PE 38:5
788.51635	788.5201	.0037	PE O-38:6;O	C43H76NO8PNa	[M+Na]+	/resources/tools/chemdb_ontology?abbrev=PE O-38:6;O
788.51635	788.5225	.0061	PA 42:9	C45H71O8P	[M+NH4]+	/resources/tools/chemdb_ontology?abbrev=PA 42:9
788.51635	788.5145	.0019	CL 78:9	C87H152O17P2Na2	[M+2Na]2+	/resources/tools/chemdb_ontology?abbrev=CL 78:9
788.51635	788.5177	.0013	PC 33:2	C41H78NO8PNa2	[M+2Na-H]+	/resources/tools/chemdb_ontology?abbrev=PC 33:2
788.51635	788.5177	.0013	PE 36:2	C41H78NO8PNa2	[M+2Na-H]+	/resources/tools/chemdb_ontology?abbrev=PE 36:2
711.56593	711.5687	.0028	PA O-39:2	C42H81O7P	[M+H-H2O]+	/resources/tools/chemdb_ontology?abbrev=PA O-39:2
889.72191	889.7280	.0061	TG 55:8	C58H96O6	[M+H]+	/resources/tools/chemdb_ontology?abbrev=TG 55:8
889.72191	889.7256	.0036	TG 53:5	C56H98O6Na	[M+Na]+	/resources/tools/chemdb_ontology?abbrev=TG 53:5
889.72191	889.7232	.0012	TG 51:2	C54H100O6Na2	[M+2Na-H]+	/resources/tools/chemdb_ontology?abbrev=TG 51:2
1510.07856	1510.0734	.0052	CL 76:6	C85H154O17P2	[M+H]+	/resources/tools/chemdb_ontology?abbrev=CL 76:6
1510.07856	1510.0710	.0076	CL 74:3	C83H156O17P2Na	[M+Na]+	/resources/tools/chemdb_ontology?abbrev=CL 74:3
1510.07856	1510.0686	.0100	CL 72:0	C81H158O17P2Na2	[M+2Na-H]+	/resources/tools/chemdb_ontology?abbrev=CL 72:0
885.71301	885.7055	.0075	PC 42:3	C50H94NO8P	[M+NH4]+	/resources/tools/chemdb_ontology?abbrev=PC 42:3
547.38374	547.3758	.0079	PA 26:0	C29H57O8P	[M+H-H2O]+	/resources/tools/chemdb_ontology?abbrev=PA 26:0
731.56825	731.5698	.0015	CerPE 38:2;O3	C40H79N2O7P	[M+H]+	/resources/tools/chemdb_ontology?abbrev=CerPE 38:2;O3
731.56825	731.5585	.0097	PA 38:1	C41H79O8P	[M+H]+	/resources/tools/chemdb_ontology?abbrev=PA 38:1
731.56825	731.5585	.0097	PG O-35:1	C41H81O9P	[M+H-H2O]+	/resources/tools/chemdb_ontology?abbrev=PG O-35:1
731.56825	731.5698	.0015	PC O-32:3	C40H76NO7P	[M+NH4]+	/resources/tools/chemdb_ontology?abbrev=PC O-32:3
731.56825	731.5698	.0015	PE O-35:3	C40H76NO7P	[M+NH4]+	/resources/tools/chemdb_ontology?abbrev=PE O-35:3
731.56825	731.5780	.0098	HexCer 34:2;O3	C40H75NO9	[M+NH4]+	/resources/tools/chemdb_ontology?abbrev=HexCer 34:2;O3
569.3659	569.3561	.0098	LPS 20:1	C26H50NO9P	[M+NH4]+	/resources/tools/chemdb_ontology?abbrev=LPS 20:1
569.3659	569.3561	.0098	PE 21:1;O	C26H50NO9P	[M+NH4]+	/resources/tools/chemdb_ontology?abbrev=PE 21:1;O
585.3396	585.3398	.0002	LPI O-18:1	C27H53O11P	[M+H]+	/resources/tools/chemdb_ontology?abbrev=LPI O-18:1
564.41003	564.4024	.0077	LPE 24:1	C29H58NO7P	[M+H]+	/resources/tools/chemdb_ontology?abbrev=LPE 24:1
564.41003	564.4024	.0077	PC O-21:1	C29H58NO7P	[M+H]+	/resources/tools/chemdb_ontology?abbrev=PC O-21:1
853.65197	853.6429	.0090	PC 40:5	C48H86NO8P	[M+NH4]+	/resources/tools/chemdb_ontology?abbrev=PC 40:5
775.603	775.5960	.0070	PC 34:2	C42H80NO8P	[M+NH4]+	/resources/tools/chemdb_ontology?abbrev=PC 34:2
775.603	775.5960	.0070	PE 37:2	C42H80NO8P	[M+NH4]+	/resources/tools/chemdb_ontology?abbrev=PE 37:2
775.603	775.6029	.0001	CL 78:0	C87H170O17P2	[M+2H]2+	/resources/tools/chemdb_ontology?abbrev=CL 78:0
883.69805	883.6899	.0082	PC 42:4	C50H92NO8P	[M+NH4]+	/resources/tools/chemdb_ontology?abbrev=PC 42:4
728.5576	728.5589	.0013	PC O-33:3	C41H78NO7P	[M+H]+	/resources/tools/chemdb_ontology?abbrev=PC O-33:3
728.5576	728.5589	.0013	PE O-36:3	C41H78NO7P	[M+H]+	/resources/tools/chemdb_ontology?abbrev=PE O-36:3
728.5576	728.5671	.0095	HexCer 35:2;O3	C41H77NO9	[M+H]+	/resources/tools/chemdb_ontology?abbrev=HexCer 35:2;O3
728.5576	728.5589	.0013	PC 33:1	C41H80NO8P	[M+H-H2O]+	/resources/tools/chemdb_ontology?abbrev=PC 33:1
728.5576	728.5589	.0013	PE 36:1	C41H80NO8P	[M+H-H2O]+	/resources/tools/chemdb_ontology?abbrev=PE 36:1
728.5576	728.5565	.0011	PC O-31:0	C39H80NO7PNa	[M+Na]+	/resources/tools/chemdb_ontology?abbrev=PC O-31:0
728.5576	728.5565	.0011	PE O-34:0	C39H80NO7PNa	[M+Na]+	/resources/tools/chemdb_ontology?abbrev=PE O-34:0
728.5576	728.5589	.0013	PA O-38:4	C41H75O7P	[M+NH4]+	/resources/tools/chemdb_ontology?abbrev=PA O-38:4
802.60623	802.6109	.0047	PC O-40:6	C48H86NO7P	[M+H-H2O]+	/resources/tools/chemdb_ontology?abbrev=PC O-40:6
802.60623	802.6061	.0001	CerP 44:1;O2	C44H88NO6PNa2	[M+2Na-H]+	/resources/tools/chemdb_ontology?abbrev=CerP 44:1;O2
802.60623	802.6143	.0081	HexCer 38:0;O2	C44H87NO8Na2	[M+2Na-H]+	/resources/tools/chemdb_ontology?abbrev=HexCer 38:0;O2
660.30662	660.3143	.0077	PS 25:4;O3	C31H52NO13P	[M+H-H2O]+	/resources/tools/chemdb_ontology?abbrev=PS 25:4;O3
660.30662	660.3119	.0053	PS 23:2;O2	C29H52NO12PNa	[M+Na]+	/resources/tools/chemdb_ontology?abbrev=PS 23:2;O2
733.55585	733.5490	.0068	PC 31:2	C39H74NO8P	[M+NH4]+	/resources/tools/chemdb_ontology?abbrev=PC 31:2
733.55585	733.5490	.0068	PE 34:2	C39H74NO8P	[M+NH4]+	/resources/tools/chemdb_ontology?abbrev=PE 34:2
733.55585	733.5560	.0001	CL 72:0	C81H158O17P2	[M+2H]2+	/resources/tools/chemdb_ontology?abbrev=CL 72:0
919.76878	919.7749	.0061	TG 57:7	C60H102O6	[M+H]+	/resources/tools/chemdb_ontology?abbrev=TG 57:7
919.76878	919.7725	.0037	TG 55:4	C58H104O6Na	[M+Na]+	/resources/tools/chemdb_ontology?abbrev=TG 55:4
919.76878	919.7701	.0013	TG 53:1	C56H106O6Na2	[M+2Na-H]+	/resources/tools/chemdb_ontology?abbrev=TG 53:1
724.59037	724.5963	.0059	CerPE 36:0;O3	C38H79N2O7P	[M+NH4]+	/resources/tools/chemdb_ontology?abbrev=CerPE 36:0;O3
749.60257	749.6078	.0053	TG 46:6	C49H82O6	[M+H-H2O]+	/resources/tools/chemdb_ontology?abbrev=TG 46:6
749.60257	749.6054	.0029	DG 44:5	C47H82O5Na	[M+Na]+	/resources/tools/chemdb_ontology?abbrev=DG 44:5
749.60257	749.6030	.0005	DG 42:2	C45H84O5Na2	[M+2Na-H]+	/resources/tools/chemdb_ontology?abbrev=DG 42:2
723.58568	723.5922	.0065	DG 44:7	C47H78O5	[M+H]+	/resources/tools/chemdb_ontology?abbrev=DG 44:7
723.58568	723.5799	.0057	CerPE 40:3;O2	C42H81N2O6P	[M+H-H2O]+	/resources/tools/chemdb_ontology?abbrev=CerPE 40:3;O2
723.58568	723.5922	.0065	TG 44:5	C47H80O6	[M+H-H2O]+	/resources/tools/chemdb_ontology?abbrev=TG 44:5
723.58568	723.5898	.0041	DG 42:4	C45H80O5Na	[M+Na]+	/resources/tools/chemdb_ontology?abbrev=DG 42:4
723.58568	723.5874	.0017	DG 40:1	C43H82O5Na2	[M+2Na-H]+	/resources/tools/chemdb_ontology?abbrev=DG 40:1
569.43303	569.4289	.0041	LPC 20:0	C28H58NO7P	[M+NH4]+	/resources/tools/chemdb_ontology?abbrev=LPC 20:0
569.43303	569.4289	.0041	PC O-20:0	C28H58NO7P	[M+NH4]+	/resources/tools/chemdb_ontology?abbrev=PC O-20:0
569.43303	569.4305	.0025	FA 36:6	C36H60O2Na2	[M+2Na-H]+	/resources/tools/chemdb_ontology?abbrev=FA 36:6
569.43303	569.4305	.0025	WE 36:6	C36H60O2Na2	[M+2Na-H]+	/resources/tools/chemdb_ontology?abbrev=WE 36:6
790.60545	790.5956	.0098	PS O-37:1	C43H84NO9P	[M+H]+	/resources/tools/chemdb_ontology?abbrev=PS O-37:1
790.60545	790.6109	.0054	PE O-42:5	C47H86NO7P	[M+H-H2O]+	/resources/tools/chemdb_ontology?abbrev=PE O-42:5
790.60545	790.5956	.0098	PG O-37:3	C43H81O9P	[M+NH4]+	/resources/tools/chemdb_ontology?abbrev=PG O-37:3
732.55261	732.5538	.0012	PC 32:1	C40H78NO8P	[M+H]+	/resources/tools/chemdb_ontology?abbrev=PC 32:1
732.55261	732.5538	.0012	PE 35:1	C40H78NO8P	[M+H]+	/resources/tools/chemdb_ontology?abbrev=PE 35:1
732.55261	732.5620	.0094	HexCer 34:1;O4	C40H77NO10	[M+H]+	/resources/tools/chemdb_ontology?abbrev=HexCer 34:1;O4
732.55261	732.5538	.0012	PS O-34:0	C40H80NO9P	[M+H-H2O]+	/resources/tools/chemdb_ontology?abbrev=PS O-34:0
732.55261	732.5538	.0012	PA 37:2	C40H75O8P	[M+NH4]+	/resources/tools/chemdb_ontology?abbrev=PA 37:2
732.55261	732.5561	.0035	DG 44:11	C47H70O5	[M+NH4]+	/resources/tools/chemdb_ontology?abbrev=DG 44:11
732.55261	732.5482	.0044	CL 72:1	C81H156O17P2	[M+2H]2+	/resources/tools/chemdb_ontology?abbrev=CL 72:1
701.40915	701.4024	.0067	PG 30:4;O2	C36H63O12P	[M+H-H2O]+	/resources/tools/chemdb_ontology?abbrev=PG 30:4;O2
701.40915	701.4153	.0061	PA 35:6	C38H63O8PNa	[M+Na]+	/resources/tools/chemdb_ontology?abbrev=PA 35:6
701.40915	701.4129	.0037	PA 33:3	C36H65O8PNa2	[M+2Na-H]+	/resources/tools/chemdb_ontology?abbrev=PA 33:3
803.60928	803.6160	.0068	PG O-39:2	C45H87O9P	[M+H]+	/resources/tools/chemdb_ontology?abbrev=PG O-39:2
803.60928	803.6160	.0068	PG 39:0	C45H89O10P	[M+H-H2O]+	/resources/tools/chemdb_ontology?abbrev=PG 39:0
803.60928	803.6160	.0067	TG 47:6	C50H84O6Na	[M+Na]+	/resources/tools/chemdb_ontology?abbrev=TG 47:6
803.60928	803.6136	.0043	TG 45:3	C48H86O6Na2	[M+2Na-H]+	/resources/tools/chemdb_ontology?abbrev=TG 45:3
803.60928	803.6013	.0079	SM 38:1;O2	C43H87N2O6PNa2	[M+2Na-H]+	/resources/tools/chemdb_ontology?abbrev=SM 38:1;O2
698.3677	698.3640	.0037	PC 25:4;O3	C33H58NO11PNa	[M+Na]+	/resources/tools/chemdb_ontology?abbrev=PC 25:4;O3
752.56372	752.5589	.0049	PE O-38:5	C43H78NO7P	[M+H]+	/resources/tools/chemdb_ontology?abbrev=PE O-38:5
752.56372	752.5589	.0049	PC 35:3	C43H80NO8P	[M+H-H2O]+	/resources/tools/chemdb_ontology?abbrev=PC 35:3
752.56372	752.5589	.0049	PE 38:3	C43H80NO8P	[M+H-H2O]+	/resources/tools/chemdb_ontology?abbrev=PE 38:3
752.56372	752.5565	.0073	PC O-33:2	C41H80NO7PNa	[M+Na]+	/resources/tools/chemdb_ontology?abbrev=PC O-33:2
752.56372	752.5565	.0073	PE O-36:2	C41H80NO7PNa	[M+Na]+	/resources/tools/chemdb_ontology?abbrev=PE O-36:2
752.56372	752.5589	.0049	PA O-40:6	C43H75O7P	[M+NH4]+	/resources/tools/chemdb_ontology?abbrev=PA O-40:6
796.62006	796.6215	.0014	PC O-38:4	C46H86NO7P	[M+H]+	/resources/tools/chemdb_ontology?abbrev=PC O-38:4
796.62006	796.6215	.0014	PC 38:2	C46H88NO8P	[M+H-H2O]+	/resources/tools/chemdb_ontology?abbrev=PC 38:2
796.62006	796.6215	.0014	PE 41:2	C46H88NO8P	[M+H-H2O]+	/resources/tools/chemdb_ontology?abbrev=PE 41:2
796.62006	796.6191	.0010	PC O-36:1	C44H88NO7PNa	[M+Na]+	/resources/tools/chemdb_ontology?abbrev=PC O-36:1
796.62006	796.6191	.0010	PE O-39:1	C44H88NO7PNa	[M+Na]+	/resources/tools/chemdb_ontology?abbrev=PE O-39:1
796.62006	796.6273	.0072	HexCer 38:0;O3	C44H87NO9Na	[M+Na]+	/resources/tools/chemdb_ontology?abbrev=HexCer 38:0;O3
685.43544	685.4439	.0085	PG 31:3	C37H67O10P	[M+H-H2O]+	/resources/tools/chemdb_ontology?abbrev=PG 31:3
764.57362	764.5800	.0064	PS O-35:0	C41H82NO9P	[M+H]+	/resources/tools/chemdb_ontology?abbrev=PS O-35:0
764.57362	764.5647	.0089	HexCer 36:2;O3	C42H79NO9Na	[M+Na]+	/resources/tools/chemdb_ontology?abbrev=HexCer 36:2;O3
764.57362	764.5800	.0064	PG O-35:2	C41H79O9P	[M+NH4]+	/resources/tools/chemdb_ontology?abbrev=PG O-35:2
774.5993	774.6007	.0014	PC 35:1	C43H84NO8P	[M+H]+	/resources/tools/chemdb_ontology?abbrev=PC 35:1
774.5993	774.6007	.0014	PE 38:1	C43H84NO8P	[M+H]+	/resources/tools/chemdb_ontology?abbrev=PE 38:1
774.5993	774.6007	.0014	PS O-37:0	C43H86NO9P	[M+H-H2O]+	/resources/tools/chemdb_ontology?abbrev=PS O-37:0
774.5993	774.6007	.0014	PA 40:2	C43H81O8P	[M+NH4]+	/resources/tools/chemdb_ontology?abbrev=PA 40:2
774.5993	774.6090	.0097	MGDG 34:1	C43H80O10	[M+NH4]+	/resources/tools/chemdb_ontology?abbrev=MGDG 34:1
774.5993	774.5951	.0042	CL 78:1	C87H168O17P2	[M+2H]2+	/resources/tools/chemdb_ontology?abbrev=CL 78:1
797.62335	797.6167	.0066	PE O-40:5	C45H82NO7P	[M+NH4]+	/resources/tools/chemdb_ontology?abbrev=PE O-40:5
663.45336	663.4595	.0062	PG 29:0	C35H69O10P	[M+H-H2O]+	/resources/tools/chemdb_ontology?abbrev=PG 29:0
702.41233	702.4081	.0042	PE 30:3	C35H64NO8PNa2	[M+2Na-H]+	/resources/tools/chemdb_ontology?abbrev=PE 30:3
721.50684	721.5014	.0054	PG 32:1	C38H73O10P	[M+H]+	/resources/tools/chemdb_ontology?abbrev=PG 32:1
721.50684	721.5167	.0098	PA 39:4	C42H75O8P	[M+H-H2O]+	/resources/tools/chemdb_ontology?abbrev=PA 39:4
721.50684	721.5143	.0074	PA O-37:3	C40H75O7PNa	[M+Na]+	/resources/tools/chemdb_ontology?abbrev=PA O-37:3
721.50684	721.5126	.0058	PS O-31:2	C37H70NO9P	[M+NH4]+	/resources/tools/chemdb_ontology?abbrev=PS O-31:2
721.50684	721.5119	.0050	PA O-35:0	C38H77O7PNa2	[M+2Na-H]+	/resources/tools/chemdb_ontology?abbrev=PA O-35:0
750.5577	750.5643	.0066	PS O-34:0	C40H80NO9P	[M+H]+	/resources/tools/chemdb_ontology?abbrev=PS O-34:0
750.5577	750.5490	.0087	HexCer 35:2;O3	C41H77NO9Na	[M+Na]+	/resources/tools/chemdb_ontology?abbrev=HexCer 35:2;O3
750.5577	750.5643	.0066	PG O-34:2	C40H77O9P	[M+NH4]+	/resources/tools/chemdb_ontology?abbrev=PG O-34:2
778.59224	778.5956	.0034	PS O-36:0	C42H84NO9P	[M+H]+	/resources/tools/chemdb_ontology?abbrev=PS O-36:0
778.59224	778.5956	.0034	PG O-36:2	C42H81O9P	[M+NH4]+	/resources/tools/chemdb_ontology?abbrev=PG O-36:2
721.56233	721.5530	.0093	PA O-40:4	C43H79O7P	[M+H-H2O]+	/resources/tools/chemdb_ontology?abbrev=PA O-40:4
721.56233	721.5717	.0094	DG 40:2	C43H80O5Na2	[M+2Na-H]+	/resources/tools/chemdb_ontology?abbrev=DG 40:2
696.64916	696.6500	.0009	DG 40:1	C43H82O5	[M+NH4]+	/resources/tools/chemdb_ontology?abbrev=DG 40:1
1056.32597	1056.3290	.0030	CoA 17:1;O	C38H66N7O18P3SNa	[M+Na]+	/resources/tools/chemdb_ontology?abbrev=CoA 17:1;O
804.65685	804.6559	.0009	HexCer 39:0;O4	C45H89NO10	[M+H]+	/resources/tools/chemdb_ontology?abbrev=HexCer 39:0;O4
804.65685	804.6477	.0092	PC 37:0	C45H90NO8P	[M+H]+	/resources/tools/chemdb_ontology?abbrev=PC 37:0
804.65685	804.6477	.0092	PE 40:0	C45H90NO8P	[M+H]+	/resources/tools/chemdb_ontology?abbrev=PE 40:0
804.65685	804.6477	.0092	PA 42:1	C45H87O8P	[M+NH4]+	/resources/tools/chemdb_ontology?abbrev=PA 42:1
805.65945	805.6512	.0083	HexCer 38:1;O4	C44H85NO10	[M+NH4]+	/resources/tools/chemdb_ontology?abbrev=HexCer 38:1;O4
889.72156	889.7280	.0064	TG 55:8	C58H96O6	[M+H]+	/resources/tools/chemdb_ontology?abbrev=TG 55:8
889.72156	889.7256	.0040	TG 53:5	C56H98O6Na	[M+Na]+	/resources/tools/chemdb_ontology?abbrev=TG 53:5
889.72156	889.7232	.0016	TG 51:2	C54H100O6Na2	[M+2Na-H]+	/resources/tools/chemdb_ontology?abbrev=TG 51:2
746.65876	746.6657	.0069	DG 44:4	C47H84O5	[M+NH4]+	/resources/tools/chemdb_ontology?abbrev=DG 44:4
747.60813	747.6011	.0071	PC O-33:2	C41H80NO7P	[M+NH4]+	/resources/tools/chemdb_ontology?abbrev=PC O-33:2
747.60813	747.6011	.0071	PE O-36:2	C41H80NO7P	[M+NH4]+	/resources/tools/chemdb_ontology?abbrev=PE O-36:2
747.60813	747.6026	.0055	CE 22:3	C49H82O2Na2	[M+2Na-H]+	/resources/tools/chemdb_ontology?abbrev=CE 22:3
784.55972	784.5674	.0077	HexCer 37:2;O2	C43H81NO8Na2	[M+2Na-H]+	/resources/tools/chemdb_ontology?abbrev=HexCer 37:2;O2
596.59058	596.5976	.0070	Cer 38:0;O2	C38H77NO3	[M+H]+	/resources/tools/chemdb_ontology?abbrev=Cer 38:0;O2
768.58636	768.5902	.0038	PC O-36:4	C44H82NO7P	[M+H]+	/resources/tools/chemdb_ontology?abbrev=PC O-36:4
768.58636	768.5902	.0038	PC 36:2	C44H84NO8P	[M+H-H2O]+	/resources/tools/chemdb_ontology?abbrev=PC 36:2
768.58636	768.5902	.0038	PE 39:2	C44H84NO8P	[M+H-H2O]+	/resources/tools/chemdb_ontology?abbrev=PE 39:2
768.58636	768.5878	.0014	PC O-34:1	C42H84NO7PNa	[M+Na]+	/resources/tools/chemdb_ontology?abbrev=PC O-34:1
768.58636	768.5878	.0014	PE O-37:1	C42H84NO7PNa	[M+Na]+	/resources/tools/chemdb_ontology?abbrev=PE O-37:1
546.52341	546.5244	.0010	Cer 36:2;O2	C36H69NO3	[M+H-H2O]+	/resources/tools/chemdb_ontology?abbrev=Cer 36:2;O2
546.52341	546.5220	.0014	Cer 34:0;O	C34H69NO2Na	[M+Na]+	/resources/tools/chemdb_ontology?abbrev=Cer 34:0;O
546.52341	546.5244	.0010	FA 36:4	C36H64O2	[M+NH4]+	/resources/tools/chemdb_ontology?abbrev=FA 36:4
546.52341	546.5244	.0010	WE 36:4	C36H64O2	[M+NH4]+	/resources/tools/chemdb_ontology?abbrev=WE 36:4
769.58946	769.5854	.0040	PE O-38:5	C43H78NO7P	[M+NH4]+	/resources/tools/chemdb_ontology?abbrev=PE O-38:5
769.58946	769.5854	.0041	PE O-38:5	C43H78NO7P	[M+NH4]+	/resources/tools/chemdb_ontology?abbrev=PE O-38:5
836.57344	836.5800	.0066	PS 41:4	C47H84NO10P	[M+H-H2O]+	/resources/tools/chemdb_ontology?abbrev=PS 41:4
836.57344	836.5647	.0087	PI O-34:3	C43H79O12P	[M+NH4]+	/resources/tools/chemdb_ontology?abbrev=PI O-34:3
836.57344	836.5752	.0017	PS O-37:0	C43H86NO9PNa2	[M+2Na-H]+	/resources/tools/chemdb_ontology?abbrev=PS O-37:0
586.51626	586.5170	.0007	Cer 36:2;O2	C36H69NO3Na	[M+Na]+	/resources/tools/chemdb_ontology?abbrev=Cer 36:2;O2
586.51626	586.5190	.0027	CE 50:3;O2	C77H138O4Na2	[M+2Na]2+	/resources/tools/chemdb_ontology?abbrev=CE 50:3;O2
758.62368	758.6141	.0096	HexCer 37:1;O3	C43H83NO9	[M+H]+	/resources/tools/chemdb_ontology?abbrev=HexCer 37:1;O3
758.62368	758.6141	.0096	HexCer 37:0;O4	C43H85NO10	[M+H-H2O]+	/resources/tools/chemdb_ontology?abbrev=HexCer 37:0;O4
758.62368	758.6293	.0056	TG 44:5	C47H80O6	[M+NH4]+	/resources/tools/chemdb_ontology?abbrev=TG 44:5
758.62368	758.6170	.0066	CerPE 40:3;O2	C42H81N2O6P	[M+NH4]+	/resources/tools/chemdb_ontology?abbrev=CerPE 40:3;O2
749.61353	749.6078	.0057	TG 46:6	C49H82O6	[M+H-H2O]+	/resources/tools/chemdb_ontology?abbrev=TG 46:6
749.61353	749.6054	.0081	DG 44:5	C47H82O5Na	[M+Na]+	/resources/tools/chemdb_ontology?abbrev=DG 44:5
749.61353	749.6167	.0032	PC O-33:1	C41H82NO7P	[M+NH4]+	/resources/tools/chemdb_ontology?abbrev=PC O-33:1
749.61353	749.6167	.0032	PE O-36:1	C41H82NO7P	[M+NH4]+	/resources/tools/chemdb_ontology?abbrev=PE O-36:1
749.61353	749.6183	.0048	CE 22:2	C49H84O2Na2	[M+2Na-H]+	/resources/tools/chemdb_ontology?abbrev=CE 22:2
576.50539	576.4962	.0092	Cer 34:1;O3	C34H67NO4Na	[M+Na]+	/resources/tools/chemdb_ontology?abbrev=Cer 34:1;O3
779.60116	779.6037	.0026	SM 38:2;O2	C43H85N2O6PNa	[M+Na]+	/resources/tools/chemdb_ontology?abbrev=SM 38:2;O2
539.56074	539.5510	.0097	Cer 34:1;O	C34H67NO2	[M+NH4]+	/resources/tools/chemdb_ontology?abbrev=Cer 34:1;O
859.67602	859.6810	.0050	TG 53:9	C56H90O6	[M+H]+	/resources/tools/chemdb_ontology?abbrev=TG 53:9
859.67602	859.6786	.0026	PG 43:0	C49H97O10P	[M+H-H2O]+	/resources/tools/chemdb_ontology?abbrev=PG 43:0
859.67602	859.6786	.0026	TG 51:6	C54H92O6Na	[M+Na]+	/resources/tools/chemdb_ontology?abbrev=TG 51:6
859.67602	859.6762	.0002	TG 49:3	C52H94O6Na2	[M+2Na-H]+	/resources/tools/chemdb_ontology?abbrev=TG 49:3
890.72573	890.7232	.0025	TG 54:9	C57H92O6	[M+NH4]+	/resources/tools/chemdb_ontology?abbrev=TG 54:9
549.48673	549.4877	.0010	DG 32:1	C35H66O5	[M+H-H2O]+	/resources/tools/chemdb_ontology?abbrev=DG 32:1
860.67862	860.6739	.0047	PS O-42:1	C48H94NO9P	[M+H]+	/resources/tools/chemdb_ontology?abbrev=PS O-42:1
860.67862	860.6763	.0024	TG 52:10	C55H86O6	[M+NH4]+	/resources/tools/chemdb_ontology?abbrev=TG 52:10
860.67862	860.6739	.0047	PG O-42:3	C48H91O9P	[M+NH4]+	/resources/tools/chemdb_ontology?abbrev=PG O-42:3
550.49007	550.4830	.0071	Cer 34:3;O3	C34H63NO4	[M+H]+	/resources/tools/chemdb_ontology?abbrev=Cer 34:3;O3
550.49007	550.4830	.0071	FAHFA 34:3;O	C34H60O4	[M+NH4]+	/resources/tools/chemdb_ontology?abbrev=FAHFA 34:3;O
606.4566	606.4493	.0073	LPC 24:1	C32H64NO7P	[M+H]+	/resources/tools/chemdb_ontology?abbrev=LPC 24:1
606.4566	606.4493	.0073	LPE O-27:2;O	C32H64NO7P	[M+H]+	/resources/tools/chemdb_ontology?abbrev=LPE O-27:2;O
567.49704	567.4983	.0013	DG 32:1	C35H66O5	[M+H]+	/resources/tools/chemdb_ontology?abbrev=DG 32:1
616.49843	616.4935	.0049	DG 35:6	C38H62O5	[M+NH4]+	/resources/tools/chemdb_ontology?abbrev=DG 35:6
616.49843	616.4887	.0097	Cer 34:0;O4	C34H69NO5Na2	[M+2Na-H]+	/resources/tools/chemdb_ontology?abbrev=Cer 34:0;O4
339.28882	339.2894	.0005	FA 21:1;O2	C21H40O4	[M+H-H2O]+	/resources/tools/chemdb_ontology?abbrev=FA 21:1;O2
339.28882	339.2894	.0005	MG 18:1	C21H40O4	[M+H-H2O]+	/resources/tools/chemdb_ontology?abbrev=MG 18:1
339.28882	339.2894	.0005	WE 21:1;O2	C21H40O4	[M+H-H2O]+	/resources/tools/chemdb_ontology?abbrev=WE 21:1;O2
339.28882	339.2870	.0019	MG O-16:0	C19H40O3Na	[M+Na]+	/resources/tools/chemdb_ontology?abbrev=MG O-16:0
517.41546	517.4251	.0097	DG 30:3	C33H58O5	[M+H-H2O]+	/resources/tools/chemdb_ontology?abbrev=DG 30:3
517.41546	517.4146	.0009	TG 66:13	C69H108O6	[M+2H]2+	/resources/tools/chemdb_ontology?abbrev=TG 66:13
517.41546	517.4122	.0033	TG 62:7	C65H112O6Na2	[M+2Na]2+	/resources/tools/chemdb_ontology?abbrev=TG 62:7
593.51182	593.5139	.0021	DG 34:2	C37H68O5	[M+H]+	/resources/tools/chemdb_ontology?abbrev=DG 34:2
912.68846	912.6899	.0015	PI O-39:0	C48H95O12P	[M+NH4]+	/resources/tools/chemdb_ontology?abbrev=PI O-39:0
641.54632	641.5503	.0040	DG 39:4	C42H74O5	[M+H-H2O]+	/resources/tools/chemdb_ontology?abbrev=DG 39:4
818.66836	818.6716	.0032	HexCer 40:0;O4	C46H91NO10	[M+H]+	/resources/tools/chemdb_ontology?abbrev=HexCer 40:0;O4
818.66836	818.6633	.0050	PC 38:0	C46H92NO8P	[M+H]+	/resources/tools/chemdb_ontology?abbrev=PC 38:0
818.66836	818.6633	.0050	PE 41:0	C46H92NO8P	[M+H]+	/resources/tools/chemdb_ontology?abbrev=PE 41:0
818.66836	818.6633	.0050	PA 43:1	C46H89O8P	[M+NH4]+	/resources/tools/chemdb_ontology?abbrev=PA 43:1
697.36497	697.3559	.0091	PI 23:2;O	C32H57O14P	[M+H]+	/resources/tools/chemdb_ontology?abbrev=PI 23:2;O
697.36497	697.3671	.0021	PS 25:3;O3	C31H54NO13P	[M+NH4]+	/resources/tools/chemdb_ontology?abbrev=PS 25:3;O3
532.43926	532.4356	.0036	TG 64:6	C67H118O6Na2	[M+2Na]2+	/resources/tools/chemdb_ontology?abbrev=TG 64:6
537.39469	537.4027	.0080	LPC O-19:2	C27H54NO6P	[M+NH4]+	/resources/tools/chemdb_ontology?abbrev=LPC O-19:2
539.39795	539.3965	.0014	TG 66:13	C69H108O6Na2	[M+2Na]2+	/resources/tools/chemdb_ontology?abbrev=TG 66:13
555.36848	555.3656	.0028	LPG 21:0	C27H55O9P	[M+H]+	/resources/tools/chemdb_ontology?abbrev=LPG 21:0
555.36848	555.3769	.0084	LPS O-20:1	C26H52NO8P	[M+NH4]+	/resources/tools/chemdb_ontology?abbrev=LPS O-20:1
555.36848	555.3769	.0084	PC 18:0	C26H52NO8P	[M+NH4]+	/resources/tools/chemdb_ontology?abbrev=PC 18:0
573.46579	573.4642	.0016	WE 38:7	C38H62O2Na	[M+Na]+	/resources/tools/chemdb_ontology?abbrev=WE 38:7
573.46579	573.4618	.0040	FA 36:4	C36H64O2Na2	[M+2Na-H]+	/resources/tools/chemdb_ontology?abbrev=FA 36:4
573.46579	573.4618	.0040	WE 36:4	C36H64O2Na2	[M+2Na-H]+	/resources/tools/chemdb_ontology?abbrev=WE 36:4
986.25167	986.2532	.0015	CoA 14:4;O	C35H54N7O18P3S	[M+H]+	/resources/tools/chemdb_ontology?abbrev=CoA 14:4;O
986.25167	986.2508	.0009	CoA 12:1;O	C33H56N7O18P3SNa	[M+Na]+	/resources/tools/chemdb_ontology?abbrev=CoA 12:1;O
791.60844	791.6160	.0076	PG O-38:1	C44H87O9P	[M+H]+	/resources/tools/chemdb_ontology?abbrev=PG O-38:1
791.60844	791.6184	.0100	TG 48:8	C51H82O6	[M+H]+	/resources/tools/chemdb_ontology?abbrev=TG 48:8
791.60844	791.6160	.0076	TG 46:5	C49H84O6Na	[M+Na]+	/resources/tools/chemdb_ontology?abbrev=TG 46:5
791.60844	791.6144	.0059	DGCC 36:5	C46H79NO8	[M+NH4]+	/resources/tools/chemdb_ontology?abbrev=DGCC 36:5
791.60844	791.6136	.0052	TG 44:2	C47H86O6Na2	[M+2Na-H]+	/resources/tools/chemdb_ontology?abbrev=TG 44:2
703.57349	703.5748	.0014	CerPE 37:1;O2	C39H79N2O6P	[M+H]+	/resources/tools/chemdb_ontology?abbrev=CerPE 37:1;O2
703.57349	703.5748	.0014	SM 34:1;O2	C39H79N2O6P	[M+H]+	/resources/tools/chemdb_ontology?abbrev=SM 34:1;O2
703.57349	703.5636	.0099	PA O-37:1	C40H79O7P	[M+H]+	/resources/tools/chemdb_ontology?abbrev=PA O-37:1
703.57349	703.5660	.0075	DG 44:8	C47H76O5	[M+H-H2O]+	/resources/tools/chemdb_ontology?abbrev=DG 44:8
703.57349	703.5831	.0096	HexCer 33:1;O2	C39H75NO8	[M+NH4]+	/resources/tools/chemdb_ontology?abbrev=HexCer 33:1;O2
790.60525	790.5956	.0096	PS O-37:1	C43H84NO9P	[M+H]+	/resources/tools/chemdb_ontology?abbrev=PS O-37:1
790.60525	790.6109	.0056	PE O-42:5	C47H86NO7P	[M+H-H2O]+	/resources/tools/chemdb_ontology?abbrev=PE O-42:5
790.60525	790.5956	.0096	PG O-37:3	C43H81O9P	[M+NH4]+	/resources/tools/chemdb_ontology?abbrev=PG O-37:3
762.60978	762.6007	.0091	PC 34:0	C42H84NO8P	[M+H]+	/resources/tools/chemdb_ontology?abbrev=PC 34:0
762.60978	762.6007	.0091	PE 37:0	C42H84NO8P	[M+H]+	/resources/tools/chemdb_ontology?abbrev=PE 37:0
762.60978	762.6120	.0022	CerPE 39:2;O3	C41H81N2O7P	[M+NH4]+	/resources/tools/chemdb_ontology?abbrev=CerPE 39:2;O3
762.60978	762.6007	.0091	PA 39:1	C42H81O8P	[M+NH4]+	/resources/tools/chemdb_ontology?abbrev=PA 39:1
815.64917	815.6524	.0033	PA 44:1	C47H91O8P	[M+H]+	/resources/tools/chemdb_ontology?abbrev=PA 44:1
815.64917	815.6524	.0033	PG O-41:1	C47H93O9P	[M+H-H2O]+	/resources/tools/chemdb_ontology?abbrev=PG O-41:1
815.64917	815.6548	.0056	TG 51:8	C54H88O6	[M+H-H2O]+	/resources/tools/chemdb_ontology?abbrev=TG 51:8
553.36852	553.3612	.0073	PC 18:1	C26H50NO8P	[M+NH4]+	/resources/tools/chemdb_ontology?abbrev=PC 18:1
575.46917	575.4670	.0022	DG 33:4	C36H62O5	[M+H]+	/resources/tools/chemdb_ontology?abbrev=DG 33:4
575.46917	575.4646	.0046	DG 31:1	C34H64O5Na	[M+Na]+	/resources/tools/chemdb_ontology?abbrev=DG 31:1
575.46917	575.4774	.0083	WE 36:3	C36H66O2Na2	[M+2Na-H]+	/resources/tools/chemdb_ontology?abbrev=WE 36:3
801.6337	801.6368	.0031	PA 43:1	C46H89O8P	[M+H]+	/resources/tools/chemdb_ontology?abbrev=PA 43:1
801.6337	801.6368	.0031	PG O-40:1	C46H91O9P	[M+H-H2O]+	/resources/tools/chemdb_ontology?abbrev=PG O-40:1
801.6337	801.6391	.0054	TG 50:8	C53H86O6	[M+H-H2O]+	/resources/tools/chemdb_ontology?abbrev=TG 50:8
621.44896	621.4490	.0000	PA 30:0	C33H65O8P	[M+H]+	/resources/tools/chemdb_ontology?abbrev=PA 30:0
621.44896	621.4489	.0000	DG 35:6	C38H62O5Na	[M+Na]+	/resources/tools/chemdb_ontology?abbrev=DG 35:6
621.44896	621.4465	.0024	DG 33:3	C36H64O5Na2	[M+2Na-H]+	/resources/tools/chemdb_ontology?abbrev=DG 33:3
727.59724	727.6000	.0028	PA O-40:1	C43H85O7P	[M+H-H2O]+	/resources/tools/chemdb_ontology?abbrev=PA O-40:1
569.43254	569.4289	.0036	LPC 20:0	C28H58NO7P	[M+NH4]+	/resources/tools/chemdb_ontology?abbrev=LPC 20:0
569.43254	569.4289	.0036	PC O-20:0	C28H58NO7P	[M+NH4]+	/resources/tools/chemdb_ontology?abbrev=PC O-20:0
569.43254	569.4305	.0021	FA 36:6	C36H60O2Na2	[M+2Na-H]+	/resources/tools/chemdb_ontology?abbrev=FA 36:6
569.43254	569.4305	.0021	WE 36:6	C36H60O2Na2	[M+2Na-H]+	/resources/tools/chemdb_ontology?abbrev=WE 36:6
716.57672	716.5671	.0096	HexCer 34:1;O3	C40H77NO9	[M+H]+	/resources/tools/chemdb_ontology?abbrev=HexCer 34:1;O3
773.62406	773.6250	.0009	HexCer 37:2;O3	C43H81NO9	[M+NH4]+	/resources/tools/chemdb_ontology?abbrev=HexCer 37:2;O3
773.62406	773.6167	.0073	PC O-35:3	C43H82NO7P	[M+NH4]+	/resources/tools/chemdb_ontology?abbrev=PC O-35:3
773.62406	773.6167	.0073	PE O-38:3	C43H82NO7P	[M+NH4]+	/resources/tools/chemdb_ontology?abbrev=PE O-38:3
773.62406	773.6167	.0074	PE O-38:3	C43H82NO7P	[M+NH4]+	/resources/tools/chemdb_ontology?abbrev=PE O-38:3
746.60488	746.6058	.0009	PC O-34:1	C42H84NO7P	[M+H]+	/resources/tools/chemdb_ontology?abbrev=PC O-34:1
746.60488	746.6058	.0009	PE O-37:1	C42H84NO7P	[M+H]+	/resources/tools/chemdb_ontology?abbrev=PE O-37:1
746.60488	746.6058	.0009	PA O-39:2	C42H81O7P	[M+NH4]+	/resources/tools/chemdb_ontology?abbrev=PA O-39:2
757.62058	757.6218	.0012	SM 38:2;O2	C43H85N2O6P	[M+H]+	/resources/tools/chemdb_ontology?abbrev=SM 38:2;O2
757.62058	757.6300	.0095	HexCer 37:2;O2	C43H81NO8	[M+NH4]+	/resources/tools/chemdb_ontology?abbrev=HexCer 37:2;O2
795.60484	795.6011	.0038	PE O-40:6	C45H80NO7P	[M+NH4]+	/resources/tools/chemdb_ontology?abbrev=PE O-40:6
885.69435	885.6967	.0023	TG 55:10	C58H92O6	[M+H]+	/resources/tools/chemdb_ontology?abbrev=TG 55:10
885.69435	885.6943	.0001	TG 53:7	C56H94O6Na	[M+Na]+	/resources/tools/chemdb_ontology?abbrev=TG 53:7
885.69435	885.6919	.0025	TG 51:4	C54H96O6Na2	[M+2Na-H]+	/resources/tools/chemdb_ontology?abbrev=TG 51:4
883.6972	883.6899	.0073	PC 42:4	C50H92NO8P	[M+NH4]+	/resources/tools/chemdb_ontology?abbrev=PC 42:4
550.50953	550.5194	.0098	Cer 35:2;O2	C35H67NO3	[M+H]+	/resources/tools/chemdb_ontology?abbrev=Cer 35:2;O2
843.68076	843.6861	.0053	TG 53:8	C56H92O6	[M+H-H2O]+	/resources/tools/chemdb_ontology?abbrev=TG 53:8
920.77212	920.7702	.0020	TG 56:8	C59H98O6	[M+NH4]+	/resources/tools/chemdb_ontology?abbrev=TG 56:8
862.69522	862.6895	.0057	PS O-42:0	C48H96NO9P	[M+H]+	/resources/tools/chemdb_ontology?abbrev=PS O-42:0
862.69522	862.7048	.0096	PC O-44:4	C52H98NO7P	[M+H-H2O]+	/resources/tools/chemdb_ontology?abbrev=PC O-44:4
862.69522	862.6919	.0033	TG 52:9	C55H88O6	[M+NH4]+	/resources/tools/chemdb_ontology?abbrev=TG 52:9
862.69522	862.6895	.0057	PG O-42:2	C48H93O9P	[M+NH4]+	/resources/tools/chemdb_ontology?abbrev=PG O-42:2
916.74127	916.7389	.0024	TG 56:10	C59H94O6	[M+NH4]+	/resources/tools/chemdb_ontology?abbrev=TG 56:10
881.68248	881.6742	.0083	PC 42:5	C50H90NO8P	[M+NH4]+	/resources/tools/chemdb_ontology?abbrev=PC 42:5
844.68428	844.6872	.0029	HexCer 42:1;O4	C48H93NO10	[M+H]+	/resources/tools/chemdb_ontology?abbrev=HexCer 42:1;O4
844.68428	844.6790	.0053	PC 40:1	C48H94NO8P	[M+H]+	/resources/tools/chemdb_ontology?abbrev=PC 40:1
844.68428	844.6790	.0053	PE 43:1	C48H94NO8P	[M+H]+	/resources/tools/chemdb_ontology?abbrev=PE 43:1
844.68428	844.6790	.0053	PS O-42:0	C48H96NO9P	[M+H-H2O]+	/resources/tools/chemdb_ontology?abbrev=PS O-42:0
919.76843	919.7749	.0065	TG 57:7	C60H102O6	[M+H]+	/resources/tools/chemdb_ontology?abbrev=TG 57:7
919.76843	919.7725	.0041	TG 55:4	C58H104O6Na	[M+Na]+	/resources/tools/chemdb_ontology?abbrev=TG 55:4
919.76843	919.7701	.0017	TG 53:1	C56H106O6Na2	[M+2Na-H]+	/resources/tools/chemdb_ontology?abbrev=TG 53:1
632.47219	632.4650	.0072	PC 26:0	C34H68NO8P	[M+H-H2O]+	/resources/tools/chemdb_ontology?abbrev=PC 26:0
632.47219	632.4650	.0072	PE 29:0	C34H68NO8P	[M+H-H2O]+	/resources/tools/chemdb_ontology?abbrev=PE 29:0
913.72293	913.7280	.0050	TG 57:10	C60H96O6	[M+H]+	/resources/tools/chemdb_ontology?abbrev=TG 57:10
913.72293	913.7256	.0026	TG 55:7	C58H98O6Na	[M+Na]+	/resources/tools/chemdb_ontology?abbrev=TG 55:7
913.72293	913.7232	.0002	TG 53:4	C56H100O6Na2	[M+2Na-H]+	/resources/tools/chemdb_ontology?abbrev=TG 53:4
631.46889	631.4697	.0008	PA O-32:2	C35H67O7P	[M+H]+	/resources/tools/chemdb_ontology?abbrev=PA O-32:2
631.46889	631.4697	.0008	PA 32:0	C35H69O8P	[M+H-H2O]+	/resources/tools/chemdb_ontology?abbrev=PA 32:0
611.5429	611.5350	.0079	FA 37:0;O	C37H74O3Na2	[M+2Na-H]+	/resources/tools/chemdb_ontology?abbrev=FA 37:0;O
755.57661	755.5668	.0098	MGDG 34:2	C43H78O10	[M+H]+	/resources/tools/chemdb_ontology?abbrev=MGDG 34:2
755.57661	755.5674	.0093	CerPE 38:1;O3	C40H81N2O7PNa	[M+Na]+	/resources/tools/chemdb_ontology?abbrev=CerPE 38:1;O3
755.57661	755.5698	.0068	PC O-34:5	C42H76NO7P	[M+NH4]+	/resources/tools/chemdb_ontology?abbrev=PC O-34:5
915.73764	915.7436	.0060	TG 57:9	C60H98O6	[M+H]+	/resources/tools/chemdb_ontology?abbrev=TG 57:9
915.73764	915.7412	.0036	TG 55:6	C58H100O6Na	[M+Na]+	/resources/tools/chemdb_ontology?abbrev=TG 55:6
915.73764	915.7388	.0012	TG 53:3	C56H102O6Na2	[M+2Na-H]+	/resources/tools/chemdb_ontology?abbrev=TG 53:3
914.72613	914.7232	.0029	TG 56:11	C59H92O6	[M+NH4]+	/resources/tools/chemdb_ontology?abbrev=TG 56:11
313.27325	313.2737	.0005	FA 19:1;O	C19H36O3	[M+H]+	/resources/tools/chemdb_ontology?abbrev=FA 19:1;O
313.27325	313.2737	.0005	MG 16:0	C19H38O4	[M+H-H2O]+	/resources/tools/chemdb_ontology?abbrev=MG 16:0
313.27325	313.2737	.0005	MG O-16:1;O	C19H38O4	[M+H-H2O]+	/resources/tools/chemdb_ontology?abbrev=MG O-16:1;O
589.47946	589.4826	.0032	DG 34:4	C37H64O5	[M+H]+	/resources/tools/chemdb_ontology?abbrev=DG 34:4
589.47946	589.4802	.0008	DG 32:1	C35H66O5Na	[M+Na]+	/resources/tools/chemdb_ontology?abbrev=DG 32:1
605.45333	605.4541	.0007	PA O-30:1	C33H65O7P	[M+H]+	/resources/tools/chemdb_ontology?abbrev=PA O-30:1
605.45333	605.4516	.0017	FAHFA 36:3;O	C36H64O4Na2	[M+2Na-H]+	/resources/tools/chemdb_ontology?abbrev=FAHFA 36:3;O
776.55489	776.5589	.0040	PE O-40:7	C45H78NO7P	[M+H]+	/resources/tools/chemdb_ontology?abbrev=PE O-40:7
776.55489	776.5589	.0040	PC 37:5	C45H80NO8P	[M+H-H2O]+	/resources/tools/chemdb_ontology?abbrev=PC 37:5
776.55489	776.5589	.0040	PE 40:5	C45H80NO8P	[M+H-H2O]+	/resources/tools/chemdb_ontology?abbrev=PE 40:5
776.55489	776.5565	.0016	PC O-35:4	C43H80NO7PNa	[M+Na]+	/resources/tools/chemdb_ontology?abbrev=PC O-35:4
776.55489	776.5565	.0016	PE O-38:4	C43H80NO7PNa	[M+Na]+	/resources/tools/chemdb_ontology?abbrev=PE O-38:4
776.55489	776.5647	.0098	HexCer 37:3;O3	C43H79NO9Na	[M+Na]+	/resources/tools/chemdb_ontology?abbrev=HexCer 37:3;O3
776.55489	776.5541	.0008	PC O-33:1	C41H82NO7PNa2	[M+2Na-H]+	/resources/tools/chemdb_ontology?abbrev=PC O-33:1
776.55489	776.5541	.0008	PE O-36:1	C41H82NO7PNa2	[M+2Na-H]+	/resources/tools/chemdb_ontology?abbrev=PE O-36:1
615.49504	615.4983	.0033	DG 36:5	C39H66O5	[M+H]+	/resources/tools/chemdb_ontology?abbrev=DG 36:5
615.49504	615.4860	.0090	CerPE 32:1;O2	C34H69N2O6P	[M+H-H2O]+	/resources/tools/chemdb_ontology?abbrev=CerPE 32:1;O2
615.49504	615.4959	.0009	DG 34:2	C37H68O5Na	[M+Na]+	/resources/tools/chemdb_ontology?abbrev=DG 34:2
817.66474	817.6681	.0033	PA 44:0	C47H93O8P	[M+H]+	/resources/tools/chemdb_ontology?abbrev=PA 44:0
817.66474	817.6681	.0033	PG O-41:0	C47H95O9P	[M+H-H2O]+	/resources/tools/chemdb_ontology?abbrev=PG O-41:0
817.66474	817.6704	.0057	TG 51:7	C54H90O6	[M+H-H2O]+	/resources/tools/chemdb_ontology?abbrev=TG 51:7
812.62633	812.6164	.0100	PC 38:3	C46H86NO8P	[M+H]+	/resources/tools/chemdb_ontology?abbrev=PC 38:3
812.62633	812.6164	.0100	PE 41:3	C46H86NO8P	[M+H]+	/resources/tools/chemdb_ontology?abbrev=PE 41:3
812.62633	812.6164	.0100	PS O-40:2	C46H88NO9P	[M+H-H2O]+	/resources/tools/chemdb_ontology?abbrev=PS O-40:2
812.62633	812.6222	.0041	HexCer 38:0;O4	C44H87NO10Na	[M+Na]+	/resources/tools/chemdb_ontology?abbrev=HexCer 38:0;O4
812.62633	812.6164	.0100	PA 43:4	C46H83O8P	[M+NH4]+	/resources/tools/chemdb_ontology?abbrev=PA 43:4
774.53716	774.5432	.0061	PE O-40:8	C45H76NO7P	[M+H]+	/resources/tools/chemdb_ontology?abbrev=PE O-40:8
774.53716	774.5280	.0092	PS 35:2	C41H76NO10P	[M+H]+	/resources/tools/chemdb_ontology?abbrev=PS 35:2
774.53716	774.5432	.0061	PC 37:6	C45H78NO8P	[M+H-H2O]+	/resources/tools/chemdb_ontology?abbrev=PC 37:6
774.53716	774.5432	.0061	PE 40:6	C45H78NO8P	[M+H-H2O]+	/resources/tools/chemdb_ontology?abbrev=PE 40:6
774.53716	774.5432	.0061	PE O-40:7;O	C45H78NO8P	[M+H-H2O]+	/resources/tools/chemdb_ontology?abbrev=PE O-40:7;O
774.53716	774.5408	.0036	PE O-38:5	C43H78NO7PNa	[M+Na]+	/resources/tools/chemdb_ontology?abbrev=PE O-38:5
774.53716	774.5280	.0092	PG 35:4	C41H73O10P	[M+NH4]+	/resources/tools/chemdb_ontology?abbrev=PG 35:4
774.53716	774.5384	.0012	PC O-33:2	C41H80NO7PNa2	[M+2Na-H]+	/resources/tools/chemdb_ontology?abbrev=PC O-33:2
774.53716	774.5384	.0012	PE O-36:2	C41H80NO7PNa2	[M+2Na-H]+	/resources/tools/chemdb_ontology?abbrev=PE O-36:2
641.51031	641.5139	.0036	DG 38:6	C41H68O5	[M+H]+	/resources/tools/chemdb_ontology?abbrev=DG 38:6
641.51031	641.5017	.0086	CerPE 34:2;O2	C36H71N2O6P	[M+H-H2O]+	/resources/tools/chemdb_ontology?abbrev=CerPE 34:2;O2
641.51031	641.5115	.0012	DG 36:3	C39H70O5Na	[M+Na]+	/resources/tools/chemdb_ontology?abbrev=DG 36:3
641.51031	641.5091	.0012	DG 34:0	C37H72O5Na2	[M+2Na-H]+	/resources/tools/chemdb_ontology?abbrev=DG 34:0
311.25763	311.2581	.0004	FA 19:2;O	C19H34O3	[M+H]+	/resources/tools/chemdb_ontology?abbrev=FA 19:2;O
311.25763	311.2581	.0004	FA 19:1;O2	C19H36O4	[M+H-H2O]+	/resources/tools/chemdb_ontology?abbrev=FA 19:1;O2
311.25763	311.2581	.0004	FOH 19:2;O3	C19H36O4	[M+H-H2O]+	/resources/tools/chemdb_ontology?abbrev=FOH 19:2;O3
584.52403	584.5248	.0008	DG 32:1	C35H66O5	[M+NH4]+	/resources/tools/chemdb_ontology?abbrev=DG 32:1
636.55477	636.5537	.0010	Cer 37:0;O4	C37H75NO5Na	[M+Na]+	/resources/tools/chemdb_ontology?abbrev=Cer 37:0;O4
636.55477	636.5561	.0014	DG 36:3	C39H70O5	[M+NH4]+	/resources/tools/chemdb_ontology?abbrev=DG 36:3
859.67626	859.6810	.0048	TG 53:9	C56H90O6	[M+H]+	/resources/tools/chemdb_ontology?abbrev=TG 53:9
859.67626	859.6786	.0024	PG 43:0	C49H97O10P	[M+H-H2O]+	/resources/tools/chemdb_ontology?abbrev=PG 43:0
859.67626	859.6786	.0023	TG 51:6	C54H92O6Na	[M+Na]+	/resources/tools/chemdb_ontology?abbrev=TG 51:6
859.67626	859.6762	.0001	TG 49:3	C52H94O6Na2	[M+2Na-H]+	/resources/tools/chemdb_ontology?abbrev=TG 49:3
921.77896	921.7882	.0092	TG 55:3	C58H106O6Na	[M+Na]+	/resources/tools/chemdb_ontology?abbrev=TG 55:3
921.77896	921.7858	.0068	TG 53:0	C56H108O6Na2	[M+2Na-H]+	/resources/tools/chemdb_ontology?abbrev=TG 53:0
657.48412	657.4854	.0012	PA O-34:3	C37H69O7P	[M+H]+	/resources/tools/chemdb_ontology?abbrev=PA O-34:3
657.48412	657.4854	.0012	PA 34:1	C37H71O8P	[M+H-H2O]+	/resources/tools/chemdb_ontology?abbrev=PA 34:1
657.48412	657.4830	.0012	PA O-32:0	C35H71O7PNa	[M+Na]+	/resources/tools/chemdb_ontology?abbrev=PA O-32:0
575.5019	575.5034	.0015	FAHFA 37:3;O	C37H66O4	[M+H]+	/resources/tools/chemdb_ontology?abbrev=FAHFA 37:3;O
575.5019	575.5034	.0015	DG 34:2	C37H68O5	[M+H-H2O]+	/resources/tools/chemdb_ontology?abbrev=DG 34:2
590.48282	590.4779	.0049	DG 33:5	C36H60O5	[M+NH4]+	/resources/tools/chemdb_ontology?abbrev=DG 33:5
752.55698	752.5589	.0019	PE O-38:5	C43H78NO7P	[M+H]+	/resources/tools/chemdb_ontology?abbrev=PE O-38:5
752.55698	752.5589	.0019	PC 35:3	C43H80NO8P	[M+H-H2O]+	/resources/tools/chemdb_ontology?abbrev=PC 35:3
752.55698	752.5589	.0019	PE 38:3	C43H80NO8P	[M+H-H2O]+	/resources/tools/chemdb_ontology?abbrev=PE 38:3
752.55698	752.5565	.0005	PC O-33:2	C41H80NO7PNa	[M+Na]+	/resources/tools/chemdb_ontology?abbrev=PC O-33:2
752.55698	752.5565	.0005	PE O-36:2	C41H80NO7PNa	[M+Na]+	/resources/tools/chemdb_ontology?abbrev=PE O-36:2
752.55698	752.5589	.0019	PA O-40:6	C43H75O7P	[M+NH4]+	/resources/tools/chemdb_ontology?abbrev=PA O-40:6
731.57679	731.5698	.0070	CerPE 38:2;O3	C40H79N2O7P	[M+H]+	/resources/tools/chemdb_ontology?abbrev=CerPE 38:2;O3
731.57679	731.5780	.0012	HexCer 34:2;O3	C40H75NO9	[M+NH4]+	/resources/tools/chemdb_ontology?abbrev=HexCer 34:2;O3
731.57679	731.5698	.0070	PC O-32:3	C40H76NO7P	[M+NH4]+	/resources/tools/chemdb_ontology?abbrev=PC O-32:3
731.57679	731.5698	.0070	PE O-35:3	C40H76NO7P	[M+NH4]+	/resources/tools/chemdb_ontology?abbrev=PE O-35:3
736.60573	736.6086	.0028	DGTS 34:2	C44H81NO7	[M+H]+	/resources/tools/chemdb_ontology?abbrev=DGTS 34:2
736.60573	736.6086	.0028	HexCer 38:2;O2	C44H83NO8	[M+H-H2O]+	/resources/tools/chemdb_ontology?abbrev=HexCer 38:2;O2
736.60573	736.5963	.0094	CerPE 37:1;O3	C39H79N2O7P	[M+NH4]+	/resources/tools/chemdb_ontology?abbrev=CerPE 37:1;O3
730.57343	730.5745	.0011	PC O-33:2	C41H80NO7P	[M+H]+	/resources/tools/chemdb_ontology?abbrev=PC O-33:2
730.57343	730.5745	.0011	PE O-36:2	C41H80NO7P	[M+H]+	/resources/tools/chemdb_ontology?abbrev=PE O-36:2
730.57343	730.5745	.0011	PC 33:0	C41H82NO8P	[M+H-H2O]+	/resources/tools/chemdb_ontology?abbrev=PC 33:0
730.57343	730.5745	.0011	PE 36:0	C41H82NO8P	[M+H-H2O]+	/resources/tools/chemdb_ontology?abbrev=PE 36:0
730.57343	730.5745	.0011	PA O-38:3	C41H77O7P	[M+NH4]+	/resources/tools/chemdb_ontology?abbrev=PA O-38:3
841.66542	841.6704	.0050	TG 53:9	C56H90O6	[M+H-H2O]+	/resources/tools/chemdb_ontology?abbrev=TG 53:9
918.75646	918.7545	.0020	TG 56:9	C59H96O6	[M+NH4]+	/resources/tools/chemdb_ontology?abbrev=TG 56:9
753.55913	753.5517	.0074	CerPE 38:2;O3	C40H79N2O7PNa	[M+Na]+	/resources/tools/chemdb_ontology?abbrev=CerPE 38:2;O3
814.63178	814.6320	.0002	PC 38:2	C46H88NO8P	[M+H]+	/resources/tools/chemdb_ontology?abbrev=PC 38:2
814.63178	814.6320	.0002	PE 41:2	C46H88NO8P	[M+H]+	/resources/tools/chemdb_ontology?abbrev=PE 41:2
814.63178	814.6320	.0002	PS O-40:1	C46H90NO9P	[M+H-H2O]+	/resources/tools/chemdb_ontology?abbrev=PS O-40:1
860.67972	860.6739	.0058	PS O-42:1	C48H94NO9P	[M+H]+	/resources/tools/chemdb_ontology?abbrev=PS O-42:1
860.67972	860.6891	.0094	PC O-44:5	C52H96NO7P	[M+H-H2O]+	/resources/tools/chemdb_ontology?abbrev=PC O-44:5
860.67972	860.6763	.0035	TG 52:10	C55H86O6	[M+NH4]+	/resources/tools/chemdb_ontology?abbrev=TG 52:10
860.67972	860.6739	.0058	PG O-42:3	C48H91O9P	[M+NH4]+	/resources/tools/chemdb_ontology?abbrev=PG O-42:3
888.7108	888.7076	.0032	TG 54:10	C57H90O6	[M+NH4]+	/resources/tools/chemdb_ontology?abbrev=TG 54:10
765.63193	765.6269	.0050	SM 40:3;O2	C45H87N2O6P	[M+H-H2O]+	/resources/tools/chemdb_ontology?abbrev=SM 40:3;O2
765.63193	765.6391	.0072	TG 47:5	C50H86O6	[M+H-H2O]+	/resources/tools/chemdb_ontology?abbrev=TG 47:5
765.63193	765.6343	.0024	DG 43:1	C46H88O5Na2	[M+2Na-H]+	/resources/tools/chemdb_ontology?abbrev=DG 43:1
917.75312	917.7593	.0061	TG 57:8	C60H100O6	[M+H]+	/resources/tools/chemdb_ontology?abbrev=TG 57:8
917.75312	917.7569	.0037	TG 55:5	C58H102O6Na	[M+Na]+	/resources/tools/chemdb_ontology?abbrev=TG 55:5
917.75312	917.7545	.0013	TG 53:2	C56H104O6Na2	[M+2Na-H]+	/resources/tools/chemdb_ontology?abbrev=TG 53:2
887.70654	887.7123	.0058	TG 55:9	C58H94O6	[M+H]+	/resources/tools/chemdb_ontology?abbrev=TG 55:9
887.70654	887.7099	.0034	TG 53:6	C56H96O6Na	[M+Na]+	/resources/tools/chemdb_ontology?abbrev=TG 53:6
887.70654	887.7075	.0010	TG 51:3	C54H98O6Na2	[M+2Na-H]+	/resources/tools/chemdb_ontology?abbrev=TG 51:3
765.6217	765.6269	.0052	SM 40:3;O2	C45H87N2O6P	[M+H-H2O]+	/resources/tools/chemdb_ontology?abbrev=SM 40:3;O2
748.52127	748.5276	.0063	PE O-38:7	C43H74NO7P	[M+H]+	/resources/tools/chemdb_ontology?abbrev=PE O-38:7
748.52127	748.5123	.0090	PS 33:1	C39H74NO10P	[M+H]+	/resources/tools/chemdb_ontology?abbrev=PS 33:1
748.52127	748.5276	.0063	PC 35:5	C43H76NO8P	[M+H-H2O]+	/resources/tools/chemdb_ontology?abbrev=PC 35:5
748.52127	748.5276	.0063	PE 38:5	C43H76NO8P	[M+H-H2O]+	/resources/tools/chemdb_ontology?abbrev=PE 38:5
748.52127	748.5276	.0063	PE O-38:6;O	C43H76NO8P	[M+H-H2O]+	/resources/tools/chemdb_ontology?abbrev=PE O-38:6;O
748.52127	748.5252	.0039	PE O-36:4	C41H76NO7PNa	[M+Na]+	/resources/tools/chemdb_ontology?abbrev=PE O-36:4
748.52127	748.5123	.0090	PG 33:3	C39H71O10P	[M+NH4]+	/resources/tools/chemdb_ontology?abbrev=PG 33:3
748.52127	748.5228	.0015	PC O-31:1	C39H78NO7PNa2	[M+2Na-H]+	/resources/tools/chemdb_ontology?abbrev=PC O-31:1
748.52127	748.5228	.0015	PE O-34:1	C39H78NO7PNa2	[M+2Na-H]+	/resources/tools/chemdb_ontology?abbrev=PE O-34:1
727.54286	727.5361	.0068	CerPE 36:1;O3	C38H77N2O7PNa	[M+Na]+	/resources/tools/chemdb_ontology?abbrev=CerPE 36:1;O3
705.56121	705.5541	.0071	CerPE 36:1;O3	C38H77N2O7P	[M+H]+	/resources/tools/chemdb_ontology?abbrev=CerPE 36:1;O3
705.56121	705.5541	.0071	PC O-30:2	C38H74NO7P	[M+NH4]+	/resources/tools/chemdb_ontology?abbrev=PC O-30:2
705.56121	705.5541	.0071	PE O-33:2	C38H74NO7P	[M+NH4]+	/resources/tools/chemdb_ontology?abbrev=PE O-33:2
764.61387	764.6164	.0025	PA 39:0	C42H83O8P	[M+NH4]+	/resources/tools/chemdb_ontology?abbrev=PA 39:0
763.61138	763.6187	.0073	DG 43:2	C46H86O5Na2	[M+2Na-H]+	/resources/tools/chemdb_ontology?abbrev=DG 43:2
820.65214	820.6426	.0095	PS O-39:0	C45H90NO9P	[M+H]+	/resources/tools/chemdb_ontology?abbrev=PS O-39:0
820.65214	820.6426	.0095	PG O-39:2	C45H87O9P	[M+NH4]+	/resources/tools/chemdb_ontology?abbrev=PG O-39:2
848.67453	848.6739	.0006	PS O-41:0	C47H94NO9P	[M+H]+	/resources/tools/chemdb_ontology?abbrev=PS O-41:0
848.67453	848.6763	.0017	TG 51:9	C54H86O6	[M+NH4]+	/resources/tools/chemdb_ontology?abbrev=TG 51:9
813.6296	813.6368	.0072	PA 44:2	C47H89O8P	[M+H]+	/resources/tools/chemdb_ontology?abbrev=PA 44:2
813.6296	813.6391	.0095	TG 51:9	C54H86O6	[M+H-H2O]+	/resources/tools/chemdb_ontology?abbrev=TG 51:9
610.5396	610.5405	.0009	DG 34:2	C37H68O5	[M+NH4]+	/resources/tools/chemdb_ontology?abbrev=DG 34:2
762.60806	762.6007	.0073	PC 34:0	C42H84NO8P	[M+H]+	/resources/tools/chemdb_ontology?abbrev=PC 34:0
762.60806	762.6007	.0073	PE 37:0	C42H84NO8P	[M+H]+	/resources/tools/chemdb_ontology?abbrev=PE 37:0
762.60806	762.6120	.0039	CerPE 39:2;O3	C41H81N2O7P	[M+NH4]+	/resources/tools/chemdb_ontology?abbrev=CerPE 39:2;O3
762.60806	762.6007	.0073	PA 39:1	C42H81O8P	[M+NH4]+	/resources/tools/chemdb_ontology?abbrev=PA 39:1
762.66324	762.6606	.0026	TG 44:3	C47H84O6	[M+NH4]+	/resources/tools/chemdb_ontology?abbrev=TG 44:3
784.58085	784.5851	.0042	PC 36:3	C44H82NO8P	[M+H]+	/resources/tools/chemdb_ontology?abbrev=PC 36:3
784.58085	784.5851	.0042	PE 39:3	C44H82NO8P	[M+H]+	/resources/tools/chemdb_ontology?abbrev=PE 39:3
784.58085	784.5851	.0042	PS O-38:2	C44H84NO9P	[M+H-H2O]+	/resources/tools/chemdb_ontology?abbrev=PS O-38:2
784.58085	784.5827	.0018	PC 34:0	C42H84NO8PNa	[M+Na]+	/resources/tools/chemdb_ontology?abbrev=PC 34:0
784.58085	784.5827	.0018	PE 37:0	C42H84NO8PNa	[M+Na]+	/resources/tools/chemdb_ontology?abbrev=PE 37:0
784.58085	784.5851	.0042	PA 41:4	C44H79O8P	[M+NH4]+	/resources/tools/chemdb_ontology?abbrev=PA 41:4
772.62033	772.6215	.0011	PC O-36:2	C44H86NO7P	[M+H]+	/resources/tools/chemdb_ontology?abbrev=PC O-36:2
772.62033	772.6215	.0011	PE O-39:2	C44H86NO7P	[M+H]+	/resources/tools/chemdb_ontology?abbrev=PE O-39:2
772.62033	772.6297	.0094	HexCer 38:1;O3	C44H85NO9	[M+H]+	/resources/tools/chemdb_ontology?abbrev=HexCer 38:1;O3
772.62033	772.6215	.0011	PC 36:0	C44H88NO8P	[M+H-H2O]+	/resources/tools/chemdb_ontology?abbrev=PC 36:0
772.62033	772.6215	.0011	PE 39:0	C44H88NO8P	[M+H-H2O]+	/resources/tools/chemdb_ontology?abbrev=PE 39:0
772.62033	772.6297	.0094	HexCer 38:0;O4	C44H87NO10	[M+H-H2O]+	/resources/tools/chemdb_ontology?abbrev=HexCer 38:0;O4
897.70614	897.6967	.0095	TG 56:11	C59H92O6	[M+H]+	/resources/tools/chemdb_ontology?abbrev=TG 56:11
897.70614	897.7055	.0006	PC 43:4	C51H94NO8P	[M+NH4]+	/resources/tools/chemdb_ontology?abbrev=PC 43:4
826.57058	826.5804	.0098	IPC 36:0;O3	C42H84NO12P	[M+H]+	/resources/tools/chemdb_ontology?abbrev=IPC 36:0;O3
826.57058	826.5745	.0039	PE 44:8	C49H82NO8P	[M+H-H2O]+	/resources/tools/chemdb_ontology?abbrev=PE 44:8
826.57058	826.5721	.0015	PE O-42:7	C47H82NO7PNa	[M+Na]+	/resources/tools/chemdb_ontology?abbrev=PE O-42:7
826.57058	826.5804	.0098	PI O-33:1	C42H81O12P	[M+NH4]+	/resources/tools/chemdb_ontology?abbrev=PI O-33:1
826.57058	826.5697	.0009	PC O-37:4	C45H84NO7PNa2	[M+2Na-H]+	/resources/tools/chemdb_ontology?abbrev=PC O-37:4
826.57058	826.5697	.0009	PE O-40:4	C45H84NO7PNa2	[M+2Na-H]+	/resources/tools/chemdb_ontology?abbrev=PE O-40:4
794.60184	794.6058	.0040	PC O-38:5	C46H84NO7P	[M+H]+	/resources/tools/chemdb_ontology?abbrev=PC O-38:5
794.60184	794.6058	.0040	PC 38:3	C46H86NO8P	[M+H-H2O]+	/resources/tools/chemdb_ontology?abbrev=PC 38:3
794.60184	794.6058	.0040	PE 41:3	C46H86NO8P	[M+H-H2O]+	/resources/tools/chemdb_ontology?abbrev=PE 41:3
794.60184	794.6034	.0016	PC O-36:2	C44H86NO7PNa	[M+Na]+	/resources/tools/chemdb_ontology?abbrev=PC O-36:2
794.60184	794.6034	.0016	PE O-39:2	C44H86NO7PNa	[M+Na]+	/resources/tools/chemdb_ontology?abbrev=PE O-39:2
794.60184	794.6116	.0098	HexCer 38:1;O3	C44H85NO9Na	[M+Na]+	/resources/tools/chemdb_ontology?abbrev=HexCer 38:1;O3
788.67295	788.6763	.0033	TG 46:4	C49H86O6	[M+NH4]+	/resources/tools/chemdb_ontology?abbrev=TG 46:4
788.67295	788.6640	.0090	SM 39:2;O2	C44H87N2O6P	[M+NH4]+	/resources/tools/chemdb_ontology?abbrev=SM 39:2;O2
986.25219	986.2532	.0010	CoA 14:4;O	C35H54N7O18P3S	[M+H]+	/resources/tools/chemdb_ontology?abbrev=CoA 14:4;O
986.25219	986.2508	.0014	CoA 12:1;O	C33H56N7O18P3SNa	[M+Na]+	/resources/tools/chemdb_ontology?abbrev=CoA 12:1;O
847.6711	847.6786	.0075	PG O-42:1	C48H95O9P	[M+H]+	/resources/tools/chemdb_ontology?abbrev=PG O-42:1
847.6711	847.6810	.0099	TG 52:8	C55H90O6	[M+H]+	/resources/tools/chemdb_ontology?abbrev=TG 52:8
847.6711	847.6786	.0075	TG 50:5	C53H92O6Na	[M+Na]+	/resources/tools/chemdb_ontology?abbrev=TG 50:5
847.6711	847.6762	.0051	TG 48:2	C51H94O6Na2	[M+2Na-H]+	/resources/tools/chemdb_ontology?abbrev=TG 48:2
788.61623	788.6164	.0001	PC 36:1	C44H86NO8P	[M+H]+	/resources/tools/chemdb_ontology?abbrev=PC 36:1
788.61623	788.6164	.0001	PE 39:1	C44H86NO8P	[M+H]+	/resources/tools/chemdb_ontology?abbrev=PE 39:1
788.61623	788.6246	.0084	HexCer 38:1;O4	C44H85NO10	[M+H]+	/resources/tools/chemdb_ontology?abbrev=HexCer 38:1;O4
788.61623	788.6164	.0001	PS O-38:0	C44H88NO9P	[M+H-H2O]+	/resources/tools/chemdb_ontology?abbrev=PS O-38:0
788.61623	788.6164	.0001	PA 41:2	C44H83O8P	[M+NH4]+	/resources/tools/chemdb_ontology?abbrev=PA 41:2
879.5874	879.5957	.0083	PI 37:1	C46H87O13P	[M+H]+	/resources/tools/chemdb_ontology?abbrev=PI 37:1
879.5874	879.5858	.0016	PS 42:7	C48H80NO10P	[M+NH4]+	/resources/tools/chemdb_ontology?abbrev=PS 42:7
715.57358	715.5748	.0013	CerPE 38:2;O2	C40H79N2O6P	[M+H]+	/resources/tools/chemdb_ontology?abbrev=CerPE 38:2;O2
715.57358	715.5636	.0100	PA O-38:2	C41H79O7P	[M+H]+	/resources/tools/chemdb_ontology?abbrev=PA O-38:2
715.57358	715.5748	.0013	CerPE 38:1;O3	C40H81N2O7P	[M+H-H2O]+	/resources/tools/chemdb_ontology?abbrev=CerPE 38:1;O3
715.57358	715.5636	.0100	PA 38:0	C41H81O8P	[M+H-H2O]+	/resources/tools/chemdb_ontology?abbrev=PA 38:0
715.57358	715.5831	.0095	HexCer 34:2;O2	C40H75NO8	[M+NH4]+	/resources/tools/chemdb_ontology?abbrev=HexCer 34:2;O2
789.61971	789.6116	.0081	PC 35:2	C43H82NO8P	[M+NH4]+	/resources/tools/chemdb_ontology?abbrev=PC 35:2
789.61971	789.6116	.0081	PE 38:2	C43H82NO8P	[M+NH4]+	/resources/tools/chemdb_ontology?abbrev=PE 38:2
789.61971	789.6186	.0011	CL 80:0	C89H174O17P2	[M+2H]2+	/resources/tools/chemdb_ontology?abbrev=CL 80:0
790.62244	790.6320	.0096	PC 36:0	C44H88NO8P	[M+H]+	/resources/tools/chemdb_ontology?abbrev=PC 36:0
790.62244	790.6320	.0096	PE 39:0	C44H88NO8P	[M+H]+	/resources/tools/chemdb_ontology?abbrev=PE 39:0
790.62244	790.6167	.0057	HexCer 39:2;O2	C45H85NO8Na	[M+Na]+	/resources/tools/chemdb_ontology?abbrev=HexCer 39:2;O2
790.62244	790.6320	.0096	PA 41:1	C44H85O8P	[M+NH4]+	/resources/tools/chemdb_ontology?abbrev=PA 41:1
785.65173	785.6531	.0014	SM 40:2;O2	C45H89N2O6P	[M+H]+	/resources/tools/chemdb_ontology?abbrev=SM 40:2;O2
785.65173	785.6419	.0099	PA 43:0	C46H91O8P	[M+H-H2O]+	/resources/tools/chemdb_ontology?abbrev=PA 43:0
785.65173	785.6613	.0096	HexCer 39:2;O2	C45H85NO8	[M+NH4]+	/resources/tools/chemdb_ontology?abbrev=HexCer 39:2;O2
889.72168	889.7280	.0063	TG 55:8	C58H96O6	[M+H]+	/resources/tools/chemdb_ontology?abbrev=TG 55:8
889.72168	889.7256	.0039	TG 53:5	C56H98O6Na	[M+Na]+	/resources/tools/chemdb_ontology?abbrev=TG 53:5
889.72168	889.7232	.0015	TG 51:2	C54H100O6Na2	[M+2Na-H]+	/resources/tools/chemdb_ontology?abbrev=TG 51:2
811.60019	811.5960	.0042	PC 37:5	C45H80NO8P	[M+NH4]+	/resources/tools/chemdb_ontology?abbrev=PC 37:5
811.60019	811.5960	.0042	PE 40:5	C45H80NO8P	[M+NH4]+	/resources/tools/chemdb_ontology?abbrev=PE 40:5
811.60019	811.6005	.0003	CL 80:0	C89H174O17P2Na2	[M+2Na]2+	/resources/tools/chemdb_ontology?abbrev=CL 80:0
754.57326	754.5745	.0013	PC O-35:4	C43H80NO7P	[M+H]+	/resources/tools/chemdb_ontology?abbrev=PC O-35:4
754.57326	754.5745	.0013	PE O-38:4	C43H80NO7P	[M+H]+	/resources/tools/chemdb_ontology?abbrev=PE O-38:4
754.57326	754.5828	.0095	HexCer 37:3;O3	C43H79NO9	[M+H]+	/resources/tools/chemdb_ontology?abbrev=HexCer 37:3;O3
754.57326	754.5745	.0013	PC 35:2	C43H82NO8P	[M+H-H2O]+	/resources/tools/chemdb_ontology?abbrev=PC 35:2
754.57326	754.5745	.0013	PE 38:2	C43H82NO8P	[M+H-H2O]+	/resources/tools/chemdb_ontology?abbrev=PE 38:2
754.57326	754.5721	.0012	PC O-33:1	C41H82NO7PNa	[M+Na]+	/resources/tools/chemdb_ontology?abbrev=PC O-33:1
754.57326	754.5721	.0012	PE O-36:1	C41H82NO7PNa	[M+Na]+	/resources/tools/chemdb_ontology?abbrev=PE O-36:1
754.57326	754.5745	.0013	PA O-40:5	C43H77O7P	[M+NH4]+	/resources/tools/chemdb_ontology?abbrev=PA O-40:5
660.30754	660.3143	.0068	PS 25:4;O3	C31H52NO13P	[M+H-H2O]+	/resources/tools/chemdb_ontology?abbrev=PS 25:4;O3
660.30754	660.3119	.0044	PS 23:2;O2	C29H52NO12PNa	[M+Na]+	/resources/tools/chemdb_ontology?abbrev=PS 23:2;O2
751.56161	751.5636	.0020	PA 41:3	C44H81O8P	[M+H-H2O]+	/resources/tools/chemdb_ontology?abbrev=PA 41:3
751.56161	751.5612	.0004	PA O-39:2	C42H81O7PNa	[M+Na]+	/resources/tools/chemdb_ontology?abbrev=PA O-39:2
751.56161	751.5596	.0020	PS O-33:1	C39H76NO9P	[M+NH4]+	/resources/tools/chemdb_ontology?abbrev=PS O-33:1
789.62846	789.6368	.0083	PA 42:0	C45H89O8P	[M+H]+	/resources/tools/chemdb_ontology?abbrev=PA 42:0
789.62846	789.6368	.0083	PG O-39:0	C45H91O9P	[M+H-H2O]+	/resources/tools/chemdb_ontology?abbrev=PG O-39:0
755.63818	755.6425	.0044	SM 39:1;O2	C44H89N2O6P	[M+H-H2O]+	/resources/tools/chemdb_ontology?abbrev=SM 39:1;O2
755.63818	755.6313	.0069	PA O-42:1	C45H89O7P	[M+H-H2O]+	/resources/tools/chemdb_ontology?abbrev=PA O-42:1
566.54965	566.5507	.0010	Cer 36:1;O2	C36H71NO3	[M+H]+	/resources/tools/chemdb_ontology?abbrev=Cer 36:1;O2
566.54965	566.5507	.0010	Cer 36:0;O3	C36H73NO4	[M+H-H2O]+	/resources/tools/chemdb_ontology?abbrev=Cer 36:0;O3
566.54965	566.5503	.0006	FA 73:0;O2	C73H146O4Na2	[M+2Na]2+	/resources/tools/chemdb_ontology?abbrev=FA 73:0;O2
548.53905	548.5401	.0010	Cer 36:1;O2	C36H71NO3	[M+H-H2O]+	/resources/tools/chemdb_ontology?abbrev=Cer 36:1;O2
548.53905	548.5401	.0010	WE 36:3	C36H66O2	[M+NH4]+	/resources/tools/chemdb_ontology?abbrev=WE 36:3
760.63849	760.6327	.0058	CerPE 40:2;O2	C42H83N2O6P	[M+NH4]+	/resources/tools/chemdb_ontology?abbrev=CerPE 40:2;O2
760.63849	760.6450	.0065	TG 44:4	C47H82O6	[M+NH4]+	/resources/tools/chemdb_ontology?abbrev=TG 44:4
833.65022	833.6507	.0005	SM 42:3;O2	C47H91N2O6PNa	[M+Na]+	/resources/tools/chemdb_ontology?abbrev=SM 42:3;O2
833.65022	833.6483	.0019	SM 40:0;O2	C45H93N2O6PNa2	[M+2Na-H]+	/resources/tools/chemdb_ontology?abbrev=SM 40:0;O2
733.53463	733.5378	.0032	PG O-34:2	C40H77O9P	[M+H]+	/resources/tools/chemdb_ontology?abbrev=PG O-34:2
733.53463	733.5378	.0032	PG 34:0	C40H79O10P	[M+H-H2O]+	/resources/tools/chemdb_ontology?abbrev=PG 34:0
717.56129	717.5541	.0072	CerPE 37:2;O3	C39H77N2O7P	[M+H]+	/resources/tools/chemdb_ontology?abbrev=CerPE 37:2;O3
717.56129	717.5541	.0072	PE O-34:3	C39H74NO7P	[M+NH4]+	/resources/tools/chemdb_ontology?abbrev=PE O-34:3
717.56129	717.5557	.0056	CE 20:4	C47H76O2Na2	[M+2Na-H]+	/resources/tools/chemdb_ontology?abbrev=CE 20:4
885.69201	885.6967	.0047	TG 55:10	C58H92O6	[M+H]+	/resources/tools/chemdb_ontology?abbrev=TG 55:10
885.69201	885.6943	.0022	TG 53:7	C56H94O6Na	[M+Na]+	/resources/tools/chemdb_ontology?abbrev=TG 53:7
885.69201	885.6919	.0002	TG 51:4	C54H96O6Na2	[M+2Na-H]+	/resources/tools/chemdb_ontology?abbrev=TG 51:4
774.53697	774.5432	.0062	PE O-40:8	C45H76NO7P	[M+H]+	/resources/tools/chemdb_ontology?abbrev=PE O-40:8
774.53697	774.5280	.0090	PS 35:2	C41H76NO10P	[M+H]+	/resources/tools/chemdb_ontology?abbrev=PS 35:2
774.53697	774.5432	.0062	PC 37:6	C45H78NO8P	[M+H-H2O]+	/resources/tools/chemdb_ontology?abbrev=PC 37:6
774.53697	774.5432	.0062	PE 40:6	C45H78NO8P	[M+H-H2O]+	/resources/tools/chemdb_ontology?abbrev=PE 40:6
774.53697	774.5432	.0062	PE O-40:7;O	C45H78NO8P	[M+H-H2O]+	/resources/tools/chemdb_ontology?abbrev=PE O-40:7;O
774.53697	774.5408	.0038	PE O-38:5	C43H78NO7PNa	[M+Na]+	/resources/tools/chemdb_ontology?abbrev=PE O-38:5
774.53697	774.5280	.0090	PG 35:4	C41H73O10P	[M+NH4]+	/resources/tools/chemdb_ontology?abbrev=PG 35:4
774.53697	774.5384	.0014	PC O-33:2	C41H80NO7PNa2	[M+2Na-H]+	/resources/tools/chemdb_ontology?abbrev=PC O-33:2
774.53697	774.5384	.0014	PE O-36:2	C41H80NO7PNa2	[M+2Na-H]+	/resources/tools/chemdb_ontology?abbrev=PE O-36:2
753.55876	753.5517	.0071	CerPE 38:2;O3	C40H79N2O7PNa	[M+Na]+	/resources/tools/chemdb_ontology?abbrev=CerPE 38:2;O3
731.57684	731.5698	.0071	CerPE 38:2;O3	C40H79N2O7P	[M+H]+	/resources/tools/chemdb_ontology?abbrev=CerPE 38:2;O3
731.57684	731.5780	.0012	HexCer 34:2;O3	C40H75NO9	[M+NH4]+	/resources/tools/chemdb_ontology?abbrev=HexCer 34:2;O3
731.57684	731.5698	.0071	PC O-32:3	C40H76NO7P	[M+NH4]+	/resources/tools/chemdb_ontology?abbrev=PC O-32:3
731.57684	731.5698	.0071	PE O-35:3	C40H76NO7P	[M+NH4]+	/resources/tools/chemdb_ontology?abbrev=PE O-35:3
752.5562	752.5589	.0027	PE O-38:5	C43H78NO7P	[M+H]+	/resources/tools/chemdb_ontology?abbrev=PE O-38:5
752.5562	752.5589	.0027	PC 35:3	C43H80NO8P	[M+H-H2O]+	/resources/tools/chemdb_ontology?abbrev=PC 35:3
752.5562	752.5589	.0027	PE 38:3	C43H80NO8P	[M+H-H2O]+	/resources/tools/chemdb_ontology?abbrev=PE 38:3
752.5562	752.5565	.0003	PC O-33:2	C41H80NO7PNa	[M+Na]+	/resources/tools/chemdb_ontology?abbrev=PC O-33:2
752.5562	752.5565	.0003	PE O-36:2	C41H80NO7PNa	[M+Na]+	/resources/tools/chemdb_ontology?abbrev=PE O-36:2
752.5562	752.5589	.0027	PA O-40:6	C43H75O7P	[M+NH4]+	/resources/tools/chemdb_ontology?abbrev=PA O-40:6
788.62419	788.6246	.0004	HexCer 38:1;O4	C44H85NO10	[M+H]+	/resources/tools/chemdb_ontology?abbrev=HexCer 38:1;O4
788.62419	788.6164	.0078	PC 36:1	C44H86NO8P	[M+H]+	/resources/tools/chemdb_ontology?abbrev=PC 36:1
788.62419	788.6164	.0078	PE 39:1	C44H86NO8P	[M+H]+	/resources/tools/chemdb_ontology?abbrev=PE 39:1
788.62419	788.6164	.0078	PS O-38:0	C44H88NO9P	[M+H-H2O]+	/resources/tools/chemdb_ontology?abbrev=PS O-38:0
788.62419	788.6164	.0078	PA 41:2	C44H83O8P	[M+NH4]+	/resources/tools/chemdb_ontology?abbrev=PA 41:2
718.5653	718.5745	.0092	PC O-32:1	C40H80NO7P	[M+H]+	/resources/tools/chemdb_ontology?abbrev=PC O-32:1
718.5653	718.5745	.0092	PE O-35:1	C40H80NO7P	[M+H]+	/resources/tools/chemdb_ontology?abbrev=PE O-35:1
718.5653	718.5745	.0092	PA O-37:2	C40H77O7P	[M+NH4]+	/resources/tools/chemdb_ontology?abbrev=PA O-37:2
704.55789	704.5589	.0010	PC O-31:1	C39H78NO7P	[M+H]+	/resources/tools/chemdb_ontology?abbrev=PC O-31:1
704.55789	704.5589	.0010	PE O-34:1	C39H78NO7P	[M+H]+	/resources/tools/chemdb_ontology?abbrev=PE O-34:1
704.55789	704.5589	.0010	PA O-36:2	C39H75O7P	[M+NH4]+	/resources/tools/chemdb_ontology?abbrev=PA O-36:2
726.53956	726.5432	.0037	PE O-36:4	C41H76NO7P	[M+H]+	/resources/tools/chemdb_ontology?abbrev=PE O-36:4
726.53956	726.5432	.0037	PC 33:2	C41H78NO8P	[M+H-H2O]+	/resources/tools/chemdb_ontology?abbrev=PC 33:2
726.53956	726.5432	.0037	PE 36:2	C41H78NO8P	[M+H-H2O]+	/resources/tools/chemdb_ontology?abbrev=PE 36:2
726.53956	726.5408	.0012	PC O-31:1	C39H78NO7PNa	[M+Na]+	/resources/tools/chemdb_ontology?abbrev=PC O-31:1
726.53956	726.5408	.0012	PE O-34:1	C39H78NO7PNa	[M+Na]+	/resources/tools/chemdb_ontology?abbrev=PE O-34:1
726.53956	726.5432	.0037	PA O-38:5	C41H73O7P	[M+NH4]+	/resources/tools/chemdb_ontology?abbrev=PA O-38:5
813.68571	813.6844	.0013	SM 42:2;O2	C47H93N2O6P	[M+H]+	/resources/tools/chemdb_ontology?abbrev=SM 42:2;O2
813.68571	813.6943	.0085	TG 47:1	C50H94O6Na	[M+Na]+	/resources/tools/chemdb_ontology?abbrev=TG 47:1
813.68571	813.6926	.0069	HexCer 41:2;O2	C47H89NO8	[M+NH4]+	/resources/tools/chemdb_ontology?abbrev=HexCer 41:2;O2
753.63249	753.6269	.0056	SM 39:2;O2	C44H87N2O6P	[M+H-H2O]+	/resources/tools/chemdb_ontology?abbrev=SM 39:2;O2
753.63249	753.6391	.0067	TG 46:4	C49H86O6	[M+H-H2O]+	/resources/tools/chemdb_ontology?abbrev=TG 46:4
753.63249	753.6367	.0043	DG 44:3	C47H86O5Na	[M+Na]+	/resources/tools/chemdb_ontology?abbrev=DG 44:3
753.63249	753.6351	.0026	DGTS 34:2	C44H81NO7	[M+NH4]+	/resources/tools/chemdb_ontology?abbrev=DGTS 34:2
753.63249	753.6343	.0018	DG 42:0	C45H88O5Na2	[M+2Na-H]+	/resources/tools/chemdb_ontology?abbrev=DG 42:0
967.31145	967.3161	.0047	CoA 12:0	C33H58N7O17P3S	[M+NH4]+	/resources/tools/chemdb_ontology?abbrev=CoA 12:0
964.31502	964.3052	.0098	CoA 13:0	C34H60N7O17P3S	[M+H]+	/resources/tools/chemdb_ontology?abbrev=CoA 13:0
754.6354	754.6296	.0058	Cer 44:1;O4	C44H87NO5Na2	[M+2Na-H]+	/resources/tools/chemdb_ontology?abbrev=Cer 44:1;O4
570.54619	570.5456	.0006	Cer 35:0;O3	C35H71NO4	[M+H]+	/resources/tools/chemdb_ontology?abbrev=Cer 35:0;O3
812.67086	812.6763	.0054	TG 48:6	C51H86O6	[M+NH4]+	/resources/tools/chemdb_ontology?abbrev=TG 48:6
810.59703	810.6007	.0037	PC 38:4	C46H84NO8P	[M+H]+	/resources/tools/chemdb_ontology?abbrev=PC 38:4
810.59703	810.6007	.0037	PE 41:4	C46H84NO8P	[M+H]+	/resources/tools/chemdb_ontology?abbrev=PE 41:4
810.59703	810.6007	.0037	PS O-40:3	C46H86NO9P	[M+H-H2O]+	/resources/tools/chemdb_ontology?abbrev=PS O-40:3
810.59703	810.5983	.0013	PC 36:1	C44H86NO8PNa	[M+Na]+	/resources/tools/chemdb_ontology?abbrev=PC 36:1
810.59703	810.5983	.0013	PE 39:1	C44H86NO8PNa	[M+Na]+	/resources/tools/chemdb_ontology?abbrev=PE 39:1
810.59703	810.6066	.0095	HexCer 38:1;O4	C44H85NO10Na	[M+Na]+	/resources/tools/chemdb_ontology?abbrev=HexCer 38:1;O4
743.57791	743.5780	.0001	HexCer 35:3;O3	C41H75NO9	[M+NH4]+	/resources/tools/chemdb_ontology?abbrev=HexCer 35:3;O3
743.57791	743.5698	.0081	PE O-36:4	C41H76NO7P	[M+NH4]+	/resources/tools/chemdb_ontology?abbrev=PE O-36:4
743.57791	743.5698	.0082	PE O-36:4	C41H76NO7P	[M+NH4]+	/resources/tools/chemdb_ontology?abbrev=PE O-36:4
743.57791	743.5713	.0066	CE 22:5	C49H78O2Na2	[M+2Na-H]+	/resources/tools/chemdb_ontology?abbrev=CE 22:5
677.54549	677.5480	.0025	PA O-35:0	C38H77O7P	[M+H]+	/resources/tools/chemdb_ontology?abbrev=PA O-35:0
677.54549	677.5503	.0048	DG 42:7	C45H74O5	[M+H-H2O]+	/resources/tools/chemdb_ontology?abbrev=DG 42:7
760.55478	760.5487	.0061	PS O-35:2	C41H78NO9P	[M+H]+	/resources/tools/chemdb_ontology?abbrev=PS O-35:2
760.55478	760.5487	.0061	PS 35:0	C41H80NO10P	[M+H-H2O]+	/resources/tools/chemdb_ontology?abbrev=PS 35:0
760.55478	760.5639	.0092	PE O-40:6	C45H80NO7P	[M+H-H2O]+	/resources/tools/chemdb_ontology?abbrev=PE O-40:6
846.66802	846.6582	.0098	PS O-41:1	C47H92NO9P	[M+H]+	/resources/tools/chemdb_ontology?abbrev=PS O-41:1
744.58089	744.5902	.0093	PC O-34:2	C42H82NO7P	[M+H]+	/resources/tools/chemdb_ontology?abbrev=PC O-34:2
744.58089	744.5902	.0093	PE O-37:2	C42H82NO7P	[M+H]+	/resources/tools/chemdb_ontology?abbrev=PE O-37:2
744.58089	744.5902	.0093	PC 34:0	C42H84NO8P	[M+H-H2O]+	/resources/tools/chemdb_ontology?abbrev=PC 34:0
744.58089	744.5902	.0093	PE 37:0	C42H84NO8P	[M+H-H2O]+	/resources/tools/chemdb_ontology?abbrev=PE 37:0
878.5843	878.5906	.0063	PS 43:6	C49H84NO10P	[M+H]+	/resources/tools/chemdb_ontology?abbrev=PS 43:6
878.5843	878.5882	.0039	PS 41:3	C47H86NO10PNa	[M+Na]+	/resources/tools/chemdb_ontology?abbrev=PS 41:3
878.5843	878.5753	.0090	PI 36:3	C45H81O13P	[M+NH4]+	/resources/tools/chemdb_ontology?abbrev=PI 36:3
878.5843	878.5857	.0014	PS 39:0	C45H88NO10PNa2	[M+2Na-H]+	/resources/tools/chemdb_ontology?abbrev=PS 39:0
476.41814	476.4098	.0083	ST 30:2;O3	C30H50O3	[M+NH4]+	/resources/tools/chemdb_ontology?abbrev=ST 30:2;O3
476.41814	476.4224	.0043	TG 59:5	C62H110O6	[M+2H]2+	/resources/tools/chemdb_ontology?abbrev=TG 59:5
759.55173	759.5534	.0017	PG O-36:3	C42H79O9P	[M+H]+	/resources/tools/chemdb_ontology?abbrev=PG O-36:3
759.55173	759.5534	.0017	PG 36:1	C42H81O10P	[M+H-H2O]+	/resources/tools/chemdb_ontology?abbrev=PG 36:1
759.55173	759.5510	.0007	PG O-34:0	C40H81O9PNa	[M+Na]+	/resources/tools/chemdb_ontology?abbrev=PG O-34:0
759.55173	759.5510	.0007	TG 42:4	C45H78O6Na2	[M+2Na-H]+	/resources/tools/chemdb_ontology?abbrev=TG 42:4
773.58702	773.5803	.0067	PC 34:3	C42H78NO8P	[M+NH4]+	/resources/tools/chemdb_ontology?abbrev=PC 34:3
773.58702	773.5803	.0067	PE 37:3	C42H78NO8P	[M+NH4]+	/resources/tools/chemdb_ontology?abbrev=PE 37:3
773.58702	773.5873	.0003	CL 78:2	C87H166O17P2	[M+2H]2+	/resources/tools/chemdb_ontology?abbrev=CL 78:2
611.54229	611.5350	.0073	FA 37:0;O	C37H74O3Na2	[M+2Na-H]+	/resources/tools/chemdb_ontology?abbrev=FA 37:0;O
606.58672	606.5820	.0048	Cer 39:2;O2	C39H75NO3	[M+H]+	/resources/tools/chemdb_ontology?abbrev=Cer 39:2;O2
596.59088	596.5976	.0067	Cer 38:0;O2	C38H77NO3	[M+H]+	/resources/tools/chemdb_ontology?abbrev=Cer 38:0;O2
859.67617	859.6810	.0048	TG 53:9	C56H90O6	[M+H]+	/resources/tools/chemdb_ontology?abbrev=TG 53:9
859.67617	859.6786	.0025	PG 43:0	C49H97O10P	[M+H-H2O]+	/resources/tools/chemdb_ontology?abbrev=PG 43:0
859.67617	859.6786	.0024	TG 51:6	C54H92O6Na	[M+Na]+	/resources/tools/chemdb_ontology?abbrev=TG 51:6
859.67617	859.6762	.0000	TG 49:3	C52H94O6Na2	[M+2Na-H]+	/resources/tools/chemdb_ontology?abbrev=TG 49:3
870.69957	870.6946	.0049	PC 42:2	C50H96NO8P	[M+H]+	/resources/tools/chemdb_ontology?abbrev=PC 42:2
595.58695	595.5772	.0097	Cer 37:2;O2	C37H71NO3	[M+NH4]+	/resources/tools/chemdb_ontology?abbrev=Cer 37:2;O2
831.63981	831.6497	.0099	TG 51:9	C54H86O6	[M+H]+	/resources/tools/chemdb_ontology?abbrev=TG 51:9
831.63981	831.6473	.0075	PG 41:0	C47H93O10P	[M+H-H2O]+	/resources/tools/chemdb_ontology?abbrev=PG 41:0
831.63981	831.6473	.0075	TG 49:6	C52H88O6Na	[M+Na]+	/resources/tools/chemdb_ontology?abbrev=TG 49:6
831.63981	831.6449	.0051	TG 47:3	C50H90O6Na2	[M+2Na-H]+	/resources/tools/chemdb_ontology?abbrev=TG 47:3
831.63981	831.6326	.0072	SM 40:1;O2	C45H91N2O6PNa2	[M+2Na-H]+	/resources/tools/chemdb_ontology?abbrev=SM 40:1;O2
720.55228	720.5538	.0015	PC 31:0	C39H78NO8P	[M+H]+	/resources/tools/chemdb_ontology?abbrev=PC 31:0
720.55228	720.5538	.0015	PE 34:0	C39H78NO8P	[M+H]+	/resources/tools/chemdb_ontology?abbrev=PE 34:0
720.55228	720.5538	.0015	PA 36:1	C39H75O8P	[M+NH4]+	/resources/tools/chemdb_ontology?abbrev=PA 36:1
730.57352	730.5745	.0010	PC O-33:2	C41H80NO7P	[M+H]+	/resources/tools/chemdb_ontology?abbrev=PC O-33:2
730.57352	730.5745	.0010	PE O-36:2	C41H80NO7P	[M+H]+	/resources/tools/chemdb_ontology?abbrev=PE O-36:2
730.57352	730.5745	.0010	PC 33:0	C41H82NO8P	[M+H-H2O]+	/resources/tools/chemdb_ontology?abbrev=PC 33:0
730.57352	730.5745	.0010	PE 36:0	C41H82NO8P	[M+H-H2O]+	/resources/tools/chemdb_ontology?abbrev=PE 36:0
730.57352	730.5745	.0010	PA O-38:3	C41H77O7P	[M+NH4]+	/resources/tools/chemdb_ontology?abbrev=PA O-38:3
718.57944	718.5828	.0033	HexCer 34:0;O3	C40H79NO9	[M+H]+	/resources/tools/chemdb_ontology?abbrev=HexCer 34:0;O3
718.57944	718.5745	.0049	PC O-32:1	C40H80NO7P	[M+H]+	/resources/tools/chemdb_ontology?abbrev=PC O-32:1
718.57944	718.5745	.0049	PE O-35:1	C40H80NO7P	[M+H]+	/resources/tools/chemdb_ontology?abbrev=PE O-35:1
718.57944	718.5745	.0049	PA O-37:2	C40H77O7P	[M+NH4]+	/resources/tools/chemdb_ontology?abbrev=PA O-37:2
718.57944	718.5857	.0063	CerPE 37:2;O2	C39H77N2O6P	[M+NH4]+	/resources/tools/chemdb_ontology?abbrev=CerPE 37:2;O2
718.57944	718.5857	.0063	SM 34:2;O2	C39H77N2O6P	[M+NH4]+	/resources/tools/chemdb_ontology?abbrev=SM 34:2;O2
919.76619	919.7749	.0087	TG 57:7	C60H102O6	[M+H]+	/resources/tools/chemdb_ontology?abbrev=TG 57:7
919.76619	919.7725	.0063	TG 55:4	C58H104O6Na	[M+Na]+	/resources/tools/chemdb_ontology?abbrev=TG 55:4
919.76619	919.7701	.0039	TG 53:1	C56H106O6Na2	[M+2Na-H]+	/resources/tools/chemdb_ontology?abbrev=TG 53:1
778.60492	778.5956	.0093	PS O-36:0	C42H84NO9P	[M+H]+	/resources/tools/chemdb_ontology?abbrev=PS O-36:0
778.60492	778.6109	.0060	PC O-38:4	C46H86NO7P	[M+H-H2O]+	/resources/tools/chemdb_ontology?abbrev=PC O-38:4
778.60492	778.6085	.0036	CerP 44:2;O2	C44H86NO6PNa	[M+Na]+	/resources/tools/chemdb_ontology?abbrev=CerP 44:2;O2
778.60492	778.5956	.0093	PG O-36:2	C42H81O9P	[M+NH4]+	/resources/tools/chemdb_ontology?abbrev=PG O-36:2
740.55783	740.5589	.0010	PC O-34:4	C42H78NO7P	[M+H]+	/resources/tools/chemdb_ontology?abbrev=PC O-34:4
740.55783	740.5589	.0010	PC 34:2	C42H80NO8P	[M+H-H2O]+	/resources/tools/chemdb_ontology?abbrev=PC 34:2
740.55783	740.5589	.0010	PE 37:2	C42H80NO8P	[M+H-H2O]+	/resources/tools/chemdb_ontology?abbrev=PE 37:2
740.55783	740.5565	.0014	PC O-32:1	C40H80NO7PNa	[M+Na]+	/resources/tools/chemdb_ontology?abbrev=PC O-32:1
740.55783	740.5565	.0014	PE O-35:1	C40H80NO7PNa	[M+Na]+	/resources/tools/chemdb_ontology?abbrev=PE O-35:1
740.55783	740.5647	.0069	HexCer 34:0;O3	C40H79NO9Na	[M+Na]+	/resources/tools/chemdb_ontology?abbrev=HexCer 34:0;O3
1492.12778	1492.1204	.0074	CL 74:1	C83H160O17P2	[M+H]+	/resources/tools/chemdb_ontology?abbrev=CL 74:1
869.69628	869.7017	.0055	TG 55:9	C58H94O6	[M+H-H2O]+	/resources/tools/chemdb_ontology?abbrev=TG 55:9
891.73701	891.7436	.0066	TG 55:7	C58H98O6	[M+H]+	/resources/tools/chemdb_ontology?abbrev=TG 55:7
891.73701	891.7412	.0042	TG 53:4	C56H100O6Na	[M+Na]+	/resources/tools/chemdb_ontology?abbrev=TG 53:4
891.73701	891.7388	.0018	TG 51:1	C54H102O6Na2	[M+2Na-H]+	/resources/tools/chemdb_ontology?abbrev=TG 51:1
843.68069	843.6861	.0054	TG 53:8	C56H92O6	[M+H-H2O]+	/resources/tools/chemdb_ontology?abbrev=TG 53:8
890.72632	890.7232	.0031	TG 54:9	C57H92O6	[M+NH4]+	/resources/tools/chemdb_ontology?abbrev=TG 54:9
746.62331	746.6293	.0060	TG 43:4	C46H80O6	[M+NH4]+	/resources/tools/chemdb_ontology?abbrev=TG 43:4
746.62331	746.6170	.0063	CerPE 39:2;O2	C41H81N2O6P	[M+NH4]+	/resources/tools/chemdb_ontology?abbrev=CerPE 39:2;O2
746.62331	746.6170	.0063	SM 36:2;O2	C41H81N2O6P	[M+NH4]+	/resources/tools/chemdb_ontology?abbrev=SM 36:2;O2
920.77095	920.7702	.0008	TG 56:8	C59H98O6	[M+NH4]+	/resources/tools/chemdb_ontology?abbrev=TG 56:8
858.51927	858.5280	.0087	PS 42:9	C48H76NO10P	[M+H]+	/resources/tools/chemdb_ontology?abbrev=PS 42:9
858.51927	858.5256	.0063	PS 40:6	C46H78NO10PNa	[M+Na]+	/resources/tools/chemdb_ontology?abbrev=PS 40:6
858.51927	858.5127	.0066	PI 35:6	C44H73O13P	[M+NH4]+	/resources/tools/chemdb_ontology?abbrev=PI 35:6
858.51927	858.5280	.0087	PG 42:11	C48H73O10P	[M+NH4]+	/resources/tools/chemdb_ontology?abbrev=PG 42:11
858.51927	858.5231	.0039	PS 38:3	C44H80NO10PNa2	[M+2Na-H]+	/resources/tools/chemdb_ontology?abbrev=PS 38:3
806.62771	806.6269	.0008	PS O-38:0	C44H88NO9P	[M+H]+	/resources/tools/chemdb_ontology?abbrev=PS O-38:0
806.62771	806.6269	.0008	PG O-38:2	C44H85O9P	[M+NH4]+	/resources/tools/chemdb_ontology?abbrev=PG O-38:2
777.63049	777.6391	.0087	TG 48:6	C51H86O6	[M+H-H2O]+	/resources/tools/chemdb_ontology?abbrev=TG 48:6
777.63049	777.6343	.0038	DG 44:2	C47H88O5Na2	[M+2Na-H]+	/resources/tools/chemdb_ontology?abbrev=DG 44:2
863.70622	863.7123	.0061	TG 53:7	C56H94O6	[M+H]+	/resources/tools/chemdb_ontology?abbrev=TG 53:7
863.70622	863.7099	.0037	TG 51:4	C54H96O6Na	[M+Na]+	/resources/tools/chemdb_ontology?abbrev=TG 51:4
863.70622	863.6976	.0086	SM 44:2;O2	C49H97N2O6PNa	[M+Na]+	/resources/tools/chemdb_ontology?abbrev=SM 44:2;O2
863.70622	863.7075	.0013	TG 49:1	C52H98O6Na2	[M+2Na-H]+	/resources/tools/chemdb_ontology?abbrev=TG 49:1
719.57858	719.5698	.0088	CerPE 37:1;O3	C39H79N2O7P	[M+H]+	/resources/tools/chemdb_ontology?abbrev=CerPE 37:1;O3
719.57858	719.5737	.0048	CE 22:6	C49H76O2Na	[M+Na]+	/resources/tools/chemdb_ontology?abbrev=CE 22:6
719.57858	719.5698	.0088	PC O-31:2	C39H76NO7P	[M+NH4]+	/resources/tools/chemdb_ontology?abbrev=PC O-31:2
719.57858	719.5698	.0088	PE O-34:2	C39H76NO7P	[M+NH4]+	/resources/tools/chemdb_ontology?abbrev=PE O-34:2
719.57858	719.5713	.0072	CE 20:3	C47H78O2Na2	[M+2Na-H]+	/resources/tools/chemdb_ontology?abbrev=CE 20:3
776.62898	776.6246	.0044	HexCer 37:0;O4	C43H85NO10	[M+H]+	/resources/tools/chemdb_ontology?abbrev=HexCer 37:0;O4
776.62898	776.6276	.0014	CerPE 40:2;O3	C42H83N2O7P	[M+NH4]+	/resources/tools/chemdb_ontology?abbrev=CerPE 40:2;O3
776.64452	776.6528	.0082	PC O-36:0	C44H90NO7P	[M+H]+	/resources/tools/chemdb_ontology?abbrev=PC O-36:0
776.64452	776.6528	.0082	PE O-39:0	C44H90NO7P	[M+H]+	/resources/tools/chemdb_ontology?abbrev=PE O-39:0
776.64452	776.6528	.0082	PA O-41:1	C44H87O7P	[M+NH4]+	/resources/tools/chemdb_ontology?abbrev=PA O-41:1
747.57183	747.5687	.0031	PA O-42:5	C45H81O7P	[M+H-H2O]+	/resources/tools/chemdb_ontology?abbrev=PA O-42:5
747.57183	747.5647	.0072	PC 32:2	C40H76NO8P	[M+NH4]+	/resources/tools/chemdb_ontology?abbrev=PC 32:2
747.57183	747.5647	.0072	PE 35:2	C40H76NO8P	[M+NH4]+	/resources/tools/chemdb_ontology?abbrev=PE 35:2
747.57183	747.5716	.0002	CL 74:0	C83H162O17P2	[M+2H]2+	/resources/tools/chemdb_ontology?abbrev=CL 74:0
918.7566	918.7545	.0021	TG 56:9	C59H96O6	[M+NH4]+	/resources/tools/chemdb_ontology?abbrev=TG 56:9
778.62921	778.6320	.0028	PA 40:0	C43H85O8P	[M+NH4]+	/resources/tools/chemdb_ontology?abbrev=PA 40:0
759.63622	759.6374	.0012	SM 38:1;O2	C43H87N2O6P	[M+H]+	/resources/tools/chemdb_ontology?abbrev=SM 38:1;O2
759.63622	759.6457	.0095	HexCer 37:1;O2	C43H83NO8	[M+NH4]+	/resources/tools/chemdb_ontology?abbrev=HexCer 37:1;O2
769.55355	769.5490	.0045	PC 34:5	C42H74NO8P	[M+NH4]+	/resources/tools/chemdb_ontology?abbrev=PC 34:5
769.55355	769.5490	.0045	PE 37:5	C42H74NO8P	[M+NH4]+	/resources/tools/chemdb_ontology?abbrev=PE 37:5
769.55355	769.5560	.0024	CL 78:6	C87H158O17P2	[M+2H]2+	/resources/tools/chemdb_ontology?abbrev=CL 78:6
769.55355	769.5536	.0000	CL 74:0	C83H162O17P2Na2	[M+2Na]2+	/resources/tools/chemdb_ontology?abbrev=CL 74:0
775.64219	775.6406	.0016	HexCer 37:1;O3	C43H83NO9	[M+NH4]+	/resources/tools/chemdb_ontology?abbrev=HexCer 37:1;O3
775.64219	775.6324	.0098	PC O-35:2	C43H84NO7P	[M+NH4]+	/resources/tools/chemdb_ontology?abbrev=PC O-35:2
775.64219	775.6324	.0098	PE O-38:2	C43H84NO7P	[M+NH4]+	/resources/tools/chemdb_ontology?abbrev=PE O-38:2
889.7216	889.7280	.0064	TG 55:8	C58H96O6	[M+H]+	/resources/tools/chemdb_ontology?abbrev=TG 55:8
889.7216	889.7256	.0040	TG 53:5	C56H98O6Na	[M+Na]+	/resources/tools/chemdb_ontology?abbrev=TG 53:5
889.7216	889.7232	.0016	TG 51:2	C54H100O6Na2	[M+2Na-H]+	/resources/tools/chemdb_ontology?abbrev=TG 51:2
915.73911	915.7436	.0045	TG 57:9	C60H98O6	[M+H]+	/resources/tools/chemdb_ontology?abbrev=TG 57:9
915.73911	915.7412	.0021	TG 55:6	C58H100O6Na	[M+Na]+	/resources/tools/chemdb_ontology?abbrev=TG 55:6
915.73911	915.7388	.0003	TG 53:3	C56H102O6Na2	[M+2Na-H]+	/resources/tools/chemdb_ontology?abbrev=TG 53:3
748.57472	748.5698	.0049	HexCer 36:2;O2	C42H79NO8Na	[M+Na]+	/resources/tools/chemdb_ontology?abbrev=HexCer 36:2;O2
739.57101	739.5636	.0074	PA O-40:4	C43H79O7P	[M+H]+	/resources/tools/chemdb_ontology?abbrev=PA O-40:4
739.57101	739.5719	.0008	MGDG 34:1	C43H80O10	[M+H-H2O]+	/resources/tools/chemdb_ontology?abbrev=MGDG 34:1
739.57101	739.5748	.0038	CerPE 40:3;O3	C42H81N2O7P	[M+H-H2O]+	/resources/tools/chemdb_ontology?abbrev=CerPE 40:3;O3
739.57101	739.5636	.0074	PA 40:2	C43H81O8P	[M+H-H2O]+	/resources/tools/chemdb_ontology?abbrev=PA 40:2
739.57101	739.5724	.0014	CerPE 38:1;O2	C40H81N2O6PNa	[M+Na]+	/resources/tools/chemdb_ontology?abbrev=CerPE 38:1;O2
739.57101	739.5724	.0014	SM 35:1;O2	C40H81N2O6PNa	[M+Na]+	/resources/tools/chemdb_ontology?abbrev=SM 35:1;O2
739.57101	739.5612	.0098	PA O-38:1	C41H81O7PNa	[M+Na]+	/resources/tools/chemdb_ontology?abbrev=PA O-38:1
718.59171	718.5828	.0090	HexCer 34:0;O3	C40H79NO9	[M+H]+	/resources/tools/chemdb_ontology?abbrev=HexCer 34:0;O3
718.59171	718.5980	.0063	DGTS 34:2	C44H81NO7	[M+H-H2O]+	/resources/tools/chemdb_ontology?abbrev=DGTS 34:2
718.59171	718.5857	.0060	CerPE 37:2;O2	C39H77N2O6P	[M+NH4]+	/resources/tools/chemdb_ontology?abbrev=CerPE 37:2;O2
718.59171	718.5857	.0060	SM 34:2;O2	C39H77N2O6P	[M+NH4]+	/resources/tools/chemdb_ontology?abbrev=SM 34:2;O2
917.75344	917.7593	.0058	TG 57:8	C60H100O6	[M+H]+	/resources/tools/chemdb_ontology?abbrev=TG 57:8
917.75344	917.7569	.0034	TG 55:5	C58H102O6Na	[M+Na]+	/resources/tools/chemdb_ontology?abbrev=TG 55:5
917.75344	917.7545	.0010	TG 53:2	C56H104O6Na2	[M+2Na-H]+	/resources/tools/chemdb_ontology?abbrev=TG 53:2
791.5352	791.5433	.0081	PI O-33:1	C42H81O12P	[M+H-H2O]+	/resources/tools/chemdb_ontology?abbrev=PI O-33:1
791.5352	791.5334	.0018	PC 36:8	C44H72NO8P	[M+NH4]+	/resources/tools/chemdb_ontology?abbrev=PC 36:8
791.5352	791.5334	.0018	PE 39:8	C44H72NO8P	[M+NH4]+	/resources/tools/chemdb_ontology?abbrev=PE 39:8
791.5352	791.5379	.0027	CL 78:6	C87H158O17P2Na2	[M+2Na]2+	/resources/tools/chemdb_ontology?abbrev=CL 78:6
805.62483	805.6317	.0069	PG O-39:1	C45H89O9P	[M+H]+	/resources/tools/chemdb_ontology?abbrev=PG O-39:1
805.62483	805.6341	.0092	TG 49:8	C52H84O6	[M+H]+	/resources/tools/chemdb_ontology?abbrev=TG 49:8
805.62483	805.6194	.0054	SM 40:3;O2	C45H87N2O6PNa	[M+Na]+	/resources/tools/chemdb_ontology?abbrev=SM 40:3;O2
805.62483	805.6317	.0068	TG 47:5	C50H86O6Na	[M+Na]+	/resources/tools/chemdb_ontology?abbrev=TG 47:5
805.62483	805.6293	.0044	TG 45:2	C48H88O6Na2	[M+2Na-H]+	/resources/tools/chemdb_ontology?abbrev=TG 45:2
805.62483	805.6170	.0078	SM 38:0;O2	C43H89N2O6PNa2	[M+2Na-H]+	/resources/tools/chemdb_ontology?abbrev=SM 38:0;O2
807.63012	807.6350	.0049	SM 40:2;O2	C45H89N2O6PNa	[M+Na]+	/resources/tools/chemdb_ontology?abbrev=SM 40:2;O2
807.63012	807.6222	.0079	PS O-37:1	C43H84NO9P	[M+NH4]+	/resources/tools/chemdb_ontology?abbrev=PS O-37:1
588.5317	588.5350	.0033	Cer 38:3;O3	C38H71NO4	[M+H-H2O]+	/resources/tools/chemdb_ontology?abbrev=Cer 38:3;O3
588.5317	588.5326	.0009	Cer 36:1;O2	C36H71NO3Na	[M+Na]+	/resources/tools/chemdb_ontology?abbrev=Cer 36:1;O2
693.5768	693.5816	.0048	DG 43:6	C46H78O5	[M+H-H2O]+	/resources/tools/chemdb_ontology?abbrev=DG 43:6
806.66721	806.6633	.0039	PA 42:0	C45H89O8P	[M+NH4]+	/resources/tools/chemdb_ontology?abbrev=PA 42:0
840.70836	840.7076	.0008	TG 50:6	C53H90O6	[M+NH4]+	/resources/tools/chemdb_ontology?abbrev=TG 50:6
804.67767	804.6841	.0064	PC O-38:0	C46H94NO7P	[M+H]+	/resources/tools/chemdb_ontology?abbrev=PC O-38:0
804.67767	804.6841	.0064	PE O-41:0	C46H94NO7P	[M+H]+	/resources/tools/chemdb_ontology?abbrev=PE O-41:0
892.74133	892.7389	.0025	TG 54:8	C57H94O6	[M+NH4]+	/resources/tools/chemdb_ontology?abbrev=TG 54:8
865.72084	865.7280	.0071	TG 53:6	C56H96O6	[M+H]+	/resources/tools/chemdb_ontology?abbrev=TG 53:6
865.72084	865.7256	.0047	TG 51:3	C54H98O6Na	[M+Na]+	/resources/tools/chemdb_ontology?abbrev=TG 51:3
865.72084	865.7133	.0075	SM 44:1;O2	C49H99N2O6PNa	[M+Na]+	/resources/tools/chemdb_ontology?abbrev=SM 44:1;O2
865.72084	865.7232	.0023	TG 49:0	C52H100O6Na2	[M+2Na-H]+	/resources/tools/chemdb_ontology?abbrev=TG 49:0
739.62407	739.6235	.0006	TG 45:4	C48H84O6	[M+H-H2O]+	/resources/tools/chemdb_ontology?abbrev=TG 45:4
739.62407	739.6211	.0030	DG 43:3	C46H84O5Na	[M+Na]+	/resources/tools/chemdb_ontology?abbrev=DG 43:3
739.62407	739.6187	.0054	DG 41:0	C44H86O5Na2	[M+2Na-H]+	/resources/tools/chemdb_ontology?abbrev=DG 41:0
947.80034	947.8062	.0059	TG 59:7	C62H106O6	[M+H]+	/resources/tools/chemdb_ontology?abbrev=TG 59:7
947.80034	947.8038	.0035	TG 57:4	C60H108O6Na	[M+Na]+	/resources/tools/chemdb_ontology?abbrev=TG 57:4
947.80034	947.8014	.0011	TG 55:1	C58H110O6Na2	[M+2Na-H]+	/resources/tools/chemdb_ontology?abbrev=TG 55:1
839.70463	839.7123	.0077	TG 51:5	C54H94O6	[M+H]+	/resources/tools/chemdb_ontology?abbrev=TG 51:5
839.70463	839.7099	.0053	TG 49:2	C52H96O6Na	[M+Na]+	/resources/tools/chemdb_ontology?abbrev=TG 49:2
839.70463	839.6976	.0070	SM 42:0;O2	C47H97N2O6PNa	[M+Na]+	/resources/tools/chemdb_ontology?abbrev=SM 42:0;O2
943.7691	943.7749	.0058	TG 59:9	C62H102O6	[M+H]+	/resources/tools/chemdb_ontology?abbrev=TG 59:9
943.7691	943.7725	.0034	TG 57:6	C60H104O6Na	[M+Na]+	/resources/tools/chemdb_ontology?abbrev=TG 57:6
943.7691	943.7701	.0010	TG 55:3	C58H106O6Na2	[M+2Na-H]+	/resources/tools/chemdb_ontology?abbrev=TG 55:3
760.55483	760.5487	.0061	PS O-35:2	C41H78NO9P	[M+H]+	/resources/tools/chemdb_ontology?abbrev=PS O-35:2
760.55483	760.5487	.0061	PS 35:0	C41H80NO10P	[M+H-H2O]+	/resources/tools/chemdb_ontology?abbrev=PS 35:0
760.55483	760.5639	.0091	PE O-40:6	C45H80NO7P	[M+H-H2O]+	/resources/tools/chemdb_ontology?abbrev=PE O-40:6
738.62164	738.6242	.0026	HexCer 38:1;O2	C44H85NO8	[M+H-H2O]+	/resources/tools/chemdb_ontology?abbrev=HexCer 38:1;O2
738.62164	738.6160	.0057	CerP 44:2;O2	C44H86NO6P	[M+H-H2O]+	/resources/tools/chemdb_ontology?abbrev=CerP 44:2;O2
770.59537	770.6034	.0080	PC O-34:0	C42H86NO7PNa	[M+Na]+	/resources/tools/chemdb_ontology?abbrev=PC O-34:0
770.59537	770.6034	.0080	PE O-37:0	C42H86NO7PNa	[M+Na]+	/resources/tools/chemdb_ontology?abbrev=PE O-37:0
881.68315	881.6742	.0089	PC 42:5	C50H90NO8P	[M+NH4]+	/resources/tools/chemdb_ontology?abbrev=PC 42:5
785.56689	785.5691	.0022	PG O-38:4	C44H81O9P	[M+H]+	/resources/tools/chemdb_ontology?abbrev=PG O-38:4
785.56689	785.5691	.0022	PG 38:2	C44H83O10P	[M+H-H2O]+	/resources/tools/chemdb_ontology?abbrev=PG 38:2
785.56689	785.5667	.0002	PG O-36:1	C42H83O9PNa	[M+Na]+	/resources/tools/chemdb_ontology?abbrev=PG O-36:1
785.56689	785.5667	.0002	TG 44:5	C47H80O6Na2	[M+2Na-H]+	/resources/tools/chemdb_ontology?abbrev=TG 44:5
781.65468	781.6582	.0035	SM 41:2;O2	C46H91N2O6P	[M+H-H2O]+	/resources/tools/chemdb_ontology?abbrev=SM 41:2;O2
769.59239	769.5854	.0070	PE O-38:5	C43H78NO7P	[M+NH4]+	/resources/tools/chemdb_ontology?abbrev=PE O-38:5
815.56354	815.5545	.0090	PS 37:4	C43H76NO10P	[M+NH4]+	/resources/tools/chemdb_ontology?abbrev=PS 37:4
815.56354	815.5537	.0098	PA 41:2	C44H83O8PNa2	[M+2Na-H]+	/resources/tools/chemdb_ontology?abbrev=PA 41:2
895.69044	895.6810	.0094	TG 56:12	C59H90O6	[M+H]+	/resources/tools/chemdb_ontology?abbrev=TG 56:12
419.35207	419.3520	.0001	ST 27:1;O3	C27H46O3	[M+H]+	/resources/tools/chemdb_ontology?abbrev=ST 27:1;O3
419.35207	419.3520	.0001	ST 27:0;O4	C27H48O4	[M+H-H2O]+	/resources/tools/chemdb_ontology?abbrev=ST 27:0;O4
419.35207	419.3520	.0001	TG 51:6	C54H92O6	[M+2H]2+	/resources/tools/chemdb_ontology?abbrev=TG 51:6
419.35207	419.3496	.0025	TG 47:0	C50H96O6Na2	[M+2Na]2+	/resources/tools/chemdb_ontology?abbrev=TG 47:0
550.51013	550.5194	.0092	Cer 35:2;O2	C35H67NO3	[M+H]+	/resources/tools/chemdb_ontology?abbrev=Cer 35:2;O2
811.66762	811.6687	.0011	SM 42:3;O2	C47H91N2O6P	[M+H]+	/resources/tools/chemdb_ontology?abbrev=SM 42:3;O2
811.66762	811.6663	.0013	SM 40:0;O2	C45H93N2O6PNa	[M+Na]+	/resources/tools/chemdb_ontology?abbrev=SM 40:0;O2
475.41469	475.4146	.0001	TG 59:6	C62H108O6	[M+2H]2+	/resources/tools/chemdb_ontology?abbrev=TG 59:6
475.41469	475.4122	.0025	TG 55:0	C58H112O6Na2	[M+2Na]2+	/resources/tools/chemdb_ontology?abbrev=TG 55:0
610.53888	610.5405	.0016	DG 34:2	C37H68O5	[M+NH4]+	/resources/tools/chemdb_ontology?abbrev=DG 34:2
626.51278	626.5095	.0033	Cer 36:1;O3	C36H71NO4Na2	[M+2Na-H]+	/resources/tools/chemdb_ontology?abbrev=Cer 36:1;O3
772.58361	772.5851	.0015	PC 35:2	C43H82NO8P	[M+H]+	/resources/tools/chemdb_ontology?abbrev=PC 35:2
772.58361	772.5851	.0015	PE 38:2	C43H82NO8P	[M+H]+	/resources/tools/chemdb_ontology?abbrev=PE 38:2
772.58361	772.5851	.0015	PS O-37:1	C43H84NO9P	[M+H-H2O]+	/resources/tools/chemdb_ontology?abbrev=PS O-37:1
772.58361	772.5851	.0015	PA 40:3	C43H79O8P	[M+NH4]+	/resources/tools/chemdb_ontology?abbrev=PA 40:3
772.58361	772.5933	.0097	MGDG 34:2	C43H78O10	[M+NH4]+	/resources/tools/chemdb_ontology?abbrev=MGDG 34:2
779.64913	779.6548	.0057	TG 48:5	C51H88O6	[M+H-H2O]+	/resources/tools/chemdb_ontology?abbrev=TG 48:5
779.64913	779.6500	.0009	DG 44:1	C47H90O5Na2	[M+2Na-H]+	/resources/tools/chemdb_ontology?abbrev=DG 44:1
668.69232	668.6915	.0008	FA 43:0;O	C43H86O3	[M+NH4]+	/resources/tools/chemdb_ontology?abbrev=FA 43:0;O
624.62223	624.6289	.0067	Cer 40:0;O2	C40H81NO3	[M+H]+	/resources/tools/chemdb_ontology?abbrev=Cer 40:0;O2
830.6366	830.6269	.0097	PS O-40:2	C46H88NO9P	[M+H]+	/resources/tools/chemdb_ontology?abbrev=PS O-40:2
830.6366	830.6422	.0056	PC O-42:6	C50H90NO7P	[M+H-H2O]+	/resources/tools/chemdb_ontology?abbrev=PC O-42:6
830.6366	830.6269	.0097	PS 40:0	C46H90NO10P	[M+H-H2O]+	/resources/tools/chemdb_ontology?abbrev=PS 40:0
830.6366	830.6269	.0097	PG O-40:4	C46H85O9P	[M+NH4]+	/resources/tools/chemdb_ontology?abbrev=PG O-40:4
830.6366	830.6456	.0090	HexCer 40:0;O2	C46H91NO8Na2	[M+2Na-H]+	/resources/tools/chemdb_ontology?abbrev=HexCer 40:0;O2
589.55394	589.5530	.0009	FA 37:0;O	C37H74O3Na	[M+Na]+	/resources/tools/chemdb_ontology?abbrev=FA 37:0;O
589.55394	589.5514	.0025	Cer 34:0;O4	C34H69NO5	[M+NH4]+	/resources/tools/chemdb_ontology?abbrev=Cer 34:0;O4
863.70678	863.7123	.0055	TG 53:7	C56H94O6	[M+H]+	/resources/tools/chemdb_ontology?abbrev=TG 53:7
863.70678	863.7099	.0031	TG 51:4	C54H96O6Na	[M+Na]+	/resources/tools/chemdb_ontology?abbrev=TG 51:4
863.70678	863.6976	.0091	SM 44:2;O2	C49H97N2O6PNa	[M+Na]+	/resources/tools/chemdb_ontology?abbrev=SM 44:2;O2
863.70678	863.7075	.0007	TG 49:1	C52H98O6Na2	[M+2Na-H]+	/resources/tools/chemdb_ontology?abbrev=TG 49:1
625.62528	625.6242	.0011	Cer 39:1;O2	C39H77NO3	[M+NH4]+	/resources/tools/chemdb_ontology?abbrev=Cer 39:1;O2
624.67131	624.6653	.0060	WE 41:0	C41H82O2	[M+NH4]+	/resources/tools/chemdb_ontology?abbrev=WE 41:0
604.52491	604.5275	.0026	Cer 36:1;O3	C36H71NO4Na	[M+Na]+	/resources/tools/chemdb_ontology?abbrev=Cer 36:1;O3
654.67688	654.6759	.0010	FA 42:0;O	C42H84O3	[M+NH4]+	/resources/tools/chemdb_ontology?abbrev=FA 42:0;O
567.57211	567.5711	.0010	FA 37:0;O	C37H74O3	[M+H]+	/resources/tools/chemdb_ontology?abbrev=FA 37:0;O
717.58941	717.5905	.0011	CerPE 38:1;O2	C40H81N2O6P	[M+H]+	/resources/tools/chemdb_ontology?abbrev=CerPE 38:1;O2
717.58941	717.5905	.0011	SM 35:1;O2	C40H81N2O6P	[M+H]+	/resources/tools/chemdb_ontology?abbrev=SM 35:1;O2
717.58941	717.5987	.0093	HexCer 34:1;O2	C40H77NO8	[M+NH4]+	/resources/tools/chemdb_ontology?abbrev=HexCer 34:1;O2
746.56851	746.5694	.0009	PC 33:1	C41H80NO8P	[M+H]+	/resources/tools/chemdb_ontology?abbrev=PC 33:1
746.56851	746.5694	.0009	PE 36:1	C41H80NO8P	[M+H]+	/resources/tools/chemdb_ontology?abbrev=PE 36:1
746.56851	746.5694	.0009	PS O-35:0	C41H82NO9P	[M+H-H2O]+	/resources/tools/chemdb_ontology?abbrev=PS O-35:0
746.56851	746.5694	.0009	PA 38:2	C41H77O8P	[M+NH4]+	/resources/tools/chemdb_ontology?abbrev=PA 38:2
746.56851	746.5638	.0047	CL 74:1	C83H160O17P2	[M+2H]2+	/resources/tools/chemdb_ontology?abbrev=CL 74:1
768.55024	768.5538	.0035	PC 35:4	C43H78NO8P	[M+H]+	/resources/tools/chemdb_ontology?abbrev=PC 35:4
768.55024	768.5538	.0035	PE 38:4	C43H78NO8P	[M+H]+	/resources/tools/chemdb_ontology?abbrev=PE 38:4
768.55024	768.5538	.0035	PE O-38:5;O	C43H78NO8P	[M+H]+	/resources/tools/chemdb_ontology?abbrev=PE O-38:5;O
768.55024	768.5538	.0035	PS O-37:3	C43H80NO9P	[M+H-H2O]+	/resources/tools/chemdb_ontology?abbrev=PS O-37:3
768.55024	768.5514	.0011	PC 33:1	C41H80NO8PNa	[M+Na]+	/resources/tools/chemdb_ontology?abbrev=PC 33:1
768.55024	768.5514	.0011	PE 36:1	C41H80NO8PNa	[M+Na]+	/resources/tools/chemdb_ontology?abbrev=PE 36:1
768.55024	768.5538	.0035	PA 40:5	C43H75O8P	[M+NH4]+	/resources/tools/chemdb_ontology?abbrev=PA 40:5
768.55024	768.5458	.0045	CL 74:1	C83H160O17P2Na2	[M+2Na]2+	/resources/tools/chemdb_ontology?abbrev=CL 74:1
804.62156	804.6265	.0050	PC O-40:5	C48H88NO7P	[M+H-H2O]+	/resources/tools/chemdb_ontology?abbrev=PC O-40:5
805.66489	805.6704	.0056	TG 50:6	C53H90O6	[M+H-H2O]+	/resources/tools/chemdb_ontology?abbrev=TG 50:6
776.62604	776.6246	.0014	HexCer 37:0;O4	C43H85NO10	[M+H]+	/resources/tools/chemdb_ontology?abbrev=HexCer 37:0;O4
776.62604	776.6164	.0097	PC 35:0	C43H86NO8P	[M+H]+	/resources/tools/chemdb_ontology?abbrev=PC 35:0
776.62604	776.6164	.0097	PE 38:0	C43H86NO8P	[M+H]+	/resources/tools/chemdb_ontology?abbrev=PE 38:0
776.62604	776.6276	.0016	CerPE 40:2;O3	C42H83N2O7P	[M+NH4]+	/resources/tools/chemdb_ontology?abbrev=CerPE 40:2;O3
776.62604	776.6164	.0097	PA 40:1	C43H83O8P	[M+NH4]+	/resources/tools/chemdb_ontology?abbrev=PA 40:1
718.57331	718.5745	.0012	PC O-32:1	C40H80NO7P	[M+H]+	/resources/tools/chemdb_ontology?abbrev=PC O-32:1
718.57331	718.5745	.0012	PE O-35:1	C40H80NO7P	[M+H]+	/resources/tools/chemdb_ontology?abbrev=PE O-35:1
718.57331	718.5828	.0094	HexCer 34:0;O3	C40H79NO9	[M+H]+	/resources/tools/chemdb_ontology?abbrev=HexCer 34:0;O3
718.57331	718.5745	.0012	PA O-37:2	C40H77O7P	[M+NH4]+	/resources/tools/chemdb_ontology?abbrev=PA O-37:2
864.71019	864.7076	.0026	TG 52:8	C55H90O6	[M+NH4]+	/resources/tools/chemdb_ontology?abbrev=TG 52:8
864.71019	864.7052	.0050	PG O-42:1	C48H95O9P	[M+NH4]+	/resources/tools/chemdb_ontology?abbrev=PG O-42:1
790.53205	790.5381	.0061	PC 37:7	C45H76NO8P	[M+H]+	/resources/tools/chemdb_ontology?abbrev=PC 37:7
790.53205	790.5381	.0061	PE 40:7	C45H76NO8P	[M+H]+	/resources/tools/chemdb_ontology?abbrev=PE 40:7
790.53205	790.5381	.0061	PE 40:6;O	C45H78NO9P	[M+H-H2O]+	/resources/tools/chemdb_ontology?abbrev=PE 40:6;O
790.53205	790.5357	.0037	PC 35:4	C43H78NO8PNa	[M+Na]+	/resources/tools/chemdb_ontology?abbrev=PC 35:4
790.53205	790.5357	.0037	PE 38:4	C43H78NO8PNa	[M+Na]+	/resources/tools/chemdb_ontology?abbrev=PE 38:4
790.53205	790.5357	.0037	PE O-38:5;O	C43H78NO8PNa	[M+Na]+	/resources/tools/chemdb_ontology?abbrev=PE O-38:5;O
790.53205	790.5381	.0061	PA 42:8	C45H73O8P	[M+NH4]+	/resources/tools/chemdb_ontology?abbrev=PA 42:8
790.53205	790.5333	.0013	PC 33:1	C41H80NO8PNa2	[M+2Na-H]+	/resources/tools/chemdb_ontology?abbrev=PC 33:1
790.53205	790.5333	.0013	PE 36:1	C41H80NO8PNa2	[M+2Na-H]+	/resources/tools/chemdb_ontology?abbrev=PE 36:1
538.56536	538.5558	.0096	WE 35:1	C35H68O2	[M+NH4]+	/resources/tools/chemdb_ontology?abbrev=WE 35:1
859.67631	859.6810	.0047	TG 53:9	C56H90O6	[M+H]+	/resources/tools/chemdb_ontology?abbrev=TG 53:9
859.67631	859.6786	.0023	PG 43:0	C49H97O10P	[M+H-H2O]+	/resources/tools/chemdb_ontology?abbrev=PG 43:0
859.67631	859.6786	.0023	TG 51:6	C54H92O6Na	[M+Na]+	/resources/tools/chemdb_ontology?abbrev=TG 51:6
859.67631	859.6762	.0001	TG 49:3	C52H94O6Na2	[M+2Na-H]+	/resources/tools/chemdb_ontology?abbrev=TG 49:3
844.68438	844.6872	.0028	HexCer 42:1;O4	C48H93NO10	[M+H]+	/resources/tools/chemdb_ontology?abbrev=HexCer 42:1;O4
844.68438	844.6790	.0054	PC 40:1	C48H94NO8P	[M+H]+	/resources/tools/chemdb_ontology?abbrev=PC 40:1
844.68438	844.6790	.0054	PE 43:1	C48H94NO8P	[M+H]+	/resources/tools/chemdb_ontology?abbrev=PE 43:1
844.68438	844.6790	.0054	PS O-42:0	C48H96NO9P	[M+H-H2O]+	/resources/tools/chemdb_ontology?abbrev=PS O-42:0
585.34052	585.3398	.0007	LPI O-18:1	C27H53O11P	[M+H]+	/resources/tools/chemdb_ontology?abbrev=LPI O-18:1
802.63111	802.6320	.0009	PC 37:1	C45H88NO8P	[M+H]+	/resources/tools/chemdb_ontology?abbrev=PC 37:1
802.63111	802.6320	.0009	PE 40:1	C45H88NO8P	[M+H]+	/resources/tools/chemdb_ontology?abbrev=PE 40:1
802.63111	802.6320	.0009	PS O-39:0	C45H90NO9P	[M+H-H2O]+	/resources/tools/chemdb_ontology?abbrev=PS O-39:0
802.63111	802.6320	.0009	PA 42:2	C45H85O8P	[M+NH4]+	/resources/tools/chemdb_ontology?abbrev=PA 42:2
889.72239	889.7280	.0056	TG 55:8	C58H96O6	[M+H]+	/resources/tools/chemdb_ontology?abbrev=TG 55:8
889.72239	889.7256	.0032	TG 53:5	C56H98O6Na	[M+Na]+	/resources/tools/chemdb_ontology?abbrev=TG 53:5
889.72239	889.7232	.0008	TG 51:2	C54H100O6Na2	[M+2Na-H]+	/resources/tools/chemdb_ontology?abbrev=TG 51:2
843.68147	843.6861	.0046	TG 53:8	C56H92O6	[M+H-H2O]+	/resources/tools/chemdb_ontology?abbrev=TG 53:8
890.72668	890.7232	.0035	TG 54:9	C57H92O6	[M+NH4]+	/resources/tools/chemdb_ontology?abbrev=TG 54:9
696.64933	696.6500	.0007	DG 40:1	C43H82O5	[M+NH4]+	/resources/tools/chemdb_ontology?abbrev=DG 40:1
879.66734	879.6586	.0088	PC 42:6	C50H88NO8P	[M+NH4]+	/resources/tools/chemdb_ontology?abbrev=PC 42:6
917.7526	917.7593	.0067	TG 57:8	C60H100O6	[M+H]+	/resources/tools/chemdb_ontology?abbrev=TG 57:8
917.7526	917.7569	.0043	TG 55:5	C58H102O6Na	[M+Na]+	/resources/tools/chemdb_ontology?abbrev=TG 55:5
917.7526	917.7545	.0019	TG 53:2	C56H104O6Na2	[M+2Na-H]+	/resources/tools/chemdb_ontology?abbrev=TG 53:2
660.30752	660.3143	.0068	PS 25:4;O3	C31H52NO13P	[M+H-H2O]+	/resources/tools/chemdb_ontology?abbrev=PS 25:4;O3
660.30752	660.3119	.0044	PS 23:2;O2	C29H52NO12PNa	[M+Na]+	/resources/tools/chemdb_ontology?abbrev=PS 23:2;O2
800.67091	800.6610	.0099	HexCer 40:1;O3	C46H89NO9	[M+H]+	/resources/tools/chemdb_ontology?abbrev=HexCer 40:1;O3
800.67091	800.6610	.0099	HexCer 40:0;O4	C46H91NO10	[M+H-H2O]+	/resources/tools/chemdb_ontology?abbrev=HexCer 40:0;O4
800.67091	800.6763	.0053	TG 47:5	C50H86O6	[M+NH4]+	/resources/tools/chemdb_ontology?abbrev=TG 47:5
800.67091	800.6640	.0069	SM 40:3;O2	C45H87N2O6P	[M+NH4]+	/resources/tools/chemdb_ontology?abbrev=SM 40:3;O2
821.64953	821.6507	.0012	SM 41:2;O2	C46H91N2O6PNa	[M+Na]+	/resources/tools/chemdb_ontology?abbrev=SM 41:2;O2
916.7423	916.7389	.0034	TG 56:10	C59H94O6	[M+NH4]+	/resources/tools/chemdb_ontology?abbrev=TG 56:10
918.75664	918.7545	.0021	TG 56:9	C59H96O6	[M+NH4]+	/resources/tools/chemdb_ontology?abbrev=TG 56:9
818.66824	818.6716	.0033	HexCer 40:0;O4	C46H91NO10	[M+H]+	/resources/tools/chemdb_ontology?abbrev=HexCer 40:0;O4
818.66824	818.6633	.0049	PC 38:0	C46H92NO8P	[M+H]+	/resources/tools/chemdb_ontology?abbrev=PC 38:0
818.66824	818.6633	.0049	PE 41:0	C46H92NO8P	[M+H]+	/resources/tools/chemdb_ontology?abbrev=PE 41:0
818.66824	818.6633	.0049	PA 43:1	C46H89O8P	[M+NH4]+	/resources/tools/chemdb_ontology?abbrev=PA 43:1
857.69421	857.7017	.0075	TG 54:8	C57H94O6	[M+H-H2O]+	/resources/tools/chemdb_ontology?abbrev=TG 54:8
817.66578	817.6681	.0023	PA 44:0	C47H93O8P	[M+H]+	/resources/tools/chemdb_ontology?abbrev=PA 44:0
817.66578	817.6681	.0023	PG O-41:0	C47H95O9P	[M+H-H2O]+	/resources/tools/chemdb_ontology?abbrev=PG O-41:0
817.66578	817.6704	.0047	TG 51:7	C54H90O6	[M+H-H2O]+	/resources/tools/chemdb_ontology?abbrev=TG 51:7
751.61834	751.6235	.0052	TG 46:5	C49H84O6	[M+H-H2O]+	/resources/tools/chemdb_ontology?abbrev=TG 46:5
751.61834	751.6211	.0028	DG 44:4	C47H84O5Na	[M+Na]+	/resources/tools/chemdb_ontology?abbrev=DG 44:4
751.61834	751.6187	.0003	DG 42:1	C45H86O5Na2	[M+2Na-H]+	/resources/tools/chemdb_ontology?abbrev=DG 42:1
726.39931	726.3953	.0040	PE 30:4;O3	C35H62NO11PNa	[M+Na]+	/resources/tools/chemdb_ontology?abbrev=PE 30:4;O3
726.39931	726.4081	.0088	PE 32:5	C37H64NO8PNa2	[M+2Na-H]+	/resources/tools/chemdb_ontology?abbrev=PE 32:5
825.6174	825.6116	.0058	PC 38:5	C46H82NO8P	[M+NH4]+	/resources/tools/chemdb_ontology?abbrev=PC 38:5
825.6174	825.6116	.0058	PE 41:5	C46H82NO8P	[M+NH4]+	/resources/tools/chemdb_ontology?abbrev=PE 41:5
888.7111	888.7076	.0035	TG 54:10	C57H90O6	[M+NH4]+	/resources/tools/chemdb_ontology?abbrev=TG 54:10
861.69198	861.6967	.0047	TG 53:8	C56H92O6	[M+H]+	/resources/tools/chemdb_ontology?abbrev=TG 53:8
861.69198	861.6943	.0023	TG 51:5	C54H94O6Na	[M+Na]+	/resources/tools/chemdb_ontology?abbrev=TG 51:5
861.69198	861.6919	.0001	TG 49:2	C52H96O6Na2	[M+2Na-H]+	/resources/tools/chemdb_ontology?abbrev=TG 49:2
748.62002	748.6215	.0014	PC O-34:0	C42H86NO7P	[M+H]+	/resources/tools/chemdb_ontology?abbrev=PC O-34:0
748.62002	748.6215	.0014	PE O-37:0	C42H86NO7P	[M+H]+	/resources/tools/chemdb_ontology?abbrev=PE O-37:0
748.62002	748.6215	.0014	PA O-39:1	C42H83O7P	[M+NH4]+	/resources/tools/chemdb_ontology?abbrev=PA O-39:1
870.69947	870.6946	.0048	PC 42:2	C50H96NO8P	[M+H]+	/resources/tools/chemdb_ontology?abbrev=PC 42:2
864.60451	864.6113	.0068	PS 43:4	C49H88NO10P	[M+H-H2O]+	/resources/tools/chemdb_ontology?abbrev=PS 43:4
864.60451	864.5960	.0085	PI O-36:3	C45H83O12P	[M+NH4]+	/resources/tools/chemdb_ontology?abbrev=PI O-36:3
864.60451	864.6065	.0020	PS O-39:0	C45H90NO9PNa2	[M+2Na-H]+	/resources/tools/chemdb_ontology?abbrev=PS O-39:0
948.80383	948.8015	.0024	TG 58:8	C61H102O6	[M+NH4]+	/resources/tools/chemdb_ontology?abbrev=TG 58:8
697.36527	697.3559	.0094	PI 23:2;O	C32H57O14P	[M+H]+	/resources/tools/chemdb_ontology?abbrev=PI 23:2;O
697.36527	697.3671	.0018	PS 25:3;O3	C31H54NO13P	[M+NH4]+	/resources/tools/chemdb_ontology?abbrev=PS 25:3;O3
775.63934	775.6406	.0013	HexCer 37:1;O3	C43H83NO9	[M+NH4]+	/resources/tools/chemdb_ontology?abbrev=HexCer 37:1;O3
775.63934	775.6324	.0070	PC O-35:2	C43H84NO7P	[M+NH4]+	/resources/tools/chemdb_ontology?abbrev=PC O-35:2
775.63934	775.6324	.0070	PE O-38:2	C43H84NO7P	[M+NH4]+	/resources/tools/chemdb_ontology?abbrev=PE O-38:2
963.2776	963.2848	.0072	CoA 12:2	C33H54N7O17P3S	[M+NH4]+	/resources/tools/chemdb_ontology?abbrev=CoA 12:2
797.62068	797.6167	.0040	PE O-40:5	C45H82NO7P	[M+NH4]+	/resources/tools/chemdb_ontology?abbrev=PE O-40:5
796.61749	796.6215	.0040	PC O-38:4	C46H86NO7P	[M+H]+	/resources/tools/chemdb_ontology?abbrev=PC O-38:4
796.61749	796.6215	.0040	PC 38:2	C46H88NO8P	[M+H-H2O]+	/resources/tools/chemdb_ontology?abbrev=PC 38:2
796.61749	796.6215	.0040	PE 41:2	C46H88NO8P	[M+H-H2O]+	/resources/tools/chemdb_ontology?abbrev=PE 41:2
796.61749	796.6191	.0016	PC O-36:1	C44H88NO7PNa	[M+Na]+	/resources/tools/chemdb_ontology?abbrev=PC O-36:1
796.61749	796.6191	.0016	PE O-39:1	C44H88NO7PNa	[M+Na]+	/resources/tools/chemdb_ontology?abbrev=PE O-39:1
796.61749	796.6273	.0098	HexCer 38:0;O3	C44H87NO9Na	[M+Na]+	/resources/tools/chemdb_ontology?abbrev=HexCer 38:0;O3
809.65974	809.6654	.0056	TG 49:6	C52H88O6	[M+H]+	/resources/tools/chemdb_ontology?abbrev=TG 49:6
809.65974	809.6630	.0032	TG 47:3	C50H90O6Na	[M+Na]+	/resources/tools/chemdb_ontology?abbrev=TG 47:3
809.65974	809.6507	.0090	SM 40:1;O2	C45H91N2O6PNa	[M+Na]+	/resources/tools/chemdb_ontology?abbrev=SM 40:1;O2
809.65974	809.6606	.0008	TG 45:0	C48H92O6Na2	[M+2Na-H]+	/resources/tools/chemdb_ontology?abbrev=TG 45:0
551.50222	551.5034	.0012	DG O-32:2	C35H66O4	[M+H]+	/resources/tools/chemdb_ontology?abbrev=DG O-32:2
551.50222	551.5034	.0012	DG 32:0	C35H68O5	[M+H-H2O]+	/resources/tools/chemdb_ontology?abbrev=DG 32:0
887.70701	887.7123	.0053	TG 55:9	C58H94O6	[M+H]+	/resources/tools/chemdb_ontology?abbrev=TG 55:9
887.70701	887.7099	.0029	TG 53:6	C56H96O6Na	[M+Na]+	/resources/tools/chemdb_ontology?abbrev=TG 53:6
887.70701	887.7075	.0005	TG 51:3	C54H98O6Na2	[M+2Na-H]+	/resources/tools/chemdb_ontology?abbrev=TG 51:3
799.66738	799.6687	.0014	SM 41:2;O2	C46H91N2O6P	[M+H]+	/resources/tools/chemdb_ontology?abbrev=SM 41:2;O2
799.66738	799.6575	.0099	PA 44:0	C47H93O8P	[M+H-H2O]+	/resources/tools/chemdb_ontology?abbrev=PA 44:0
799.66738	799.6770	.0096	HexCer 40:2;O2	C46H87NO8	[M+NH4]+	/resources/tools/chemdb_ontology?abbrev=HexCer 40:2;O2
947.79928	947.8062	.0069	TG 59:7	C62H106O6	[M+H]+	/resources/tools/chemdb_ontology?abbrev=TG 59:7
947.79928	947.8038	.0045	TG 57:4	C60H108O6Na	[M+Na]+	/resources/tools/chemdb_ontology?abbrev=TG 57:4
947.79928	947.8014	.0021	TG 55:1	C58H110O6Na2	[M+2Na-H]+	/resources/tools/chemdb_ontology?abbrev=TG 55:1
603.53242	603.5347	.0023	DG 36:2	C39H72O5	[M+H-H2O]+	/resources/tools/chemdb_ontology?abbrev=DG 36:2
603.53242	603.5323	.0001	DG O-34:1	C37H72O4Na	[M+Na]+	/resources/tools/chemdb_ontology?abbrev=DG O-34:1
829.66438	829.6681	.0037	PG O-42:1	C48H95O9P	[M+H-H2O]+	/resources/tools/chemdb_ontology?abbrev=PG O-42:1
829.66438	829.6704	.0061	TG 52:8	C55H90O6	[M+H-H2O]+	/resources/tools/chemdb_ontology?abbrev=TG 52:8
829.66438	829.6657	.0013	PG dO-40:0	C46H95O8PNa	[M+Na]+	/resources/tools/chemdb_ontology?abbrev=PG dO-40:0
954.73273	954.7240	.0087	Hex2Cer 42:2;O2	C54H101NO13	[M+H-H2O]+	/resources/tools/chemdb_ontology?abbrev=Hex2Cer 42:2;O2
954.73273	954.7369	.0042	PI O-42:0	C51H101O12P	[M+NH4]+	/resources/tools/chemdb_ontology?abbrev=PI O-42:0
817.66596	817.6681	.0021	PA 44:0	C47H93O8P	[M+H]+	/resources/tools/chemdb_ontology?abbrev=PA 44:0
817.66596	817.6681	.0021	PG O-41:0	C47H95O9P	[M+H-H2O]+	/resources/tools/chemdb_ontology?abbrev=PG O-41:0
817.66596	817.6704	.0045	TG 51:7	C54H90O6	[M+H-H2O]+	/resources/tools/chemdb_ontology?abbrev=TG 51:7
843.68188	843.6861	.0042	TG 53:8	C56H92O6	[M+H-H2O]+	/resources/tools/chemdb_ontology?abbrev=TG 53:8
914.72476	914.7232	.0016	TG 56:11	C59H92O6	[M+NH4]+	/resources/tools/chemdb_ontology?abbrev=TG 56:11
803.64892	803.6524	.0035	PA 43:0	C46H91O8P	[M+H]+	/resources/tools/chemdb_ontology?abbrev=PA 43:0
803.64892	803.6524	.0035	PG O-40:0	C46H93O9P	[M+H-H2O]+	/resources/tools/chemdb_ontology?abbrev=PG O-40:0
803.64892	803.6548	.0059	TG 50:7	C53H88O6	[M+H-H2O]+	/resources/tools/chemdb_ontology?abbrev=TG 50:7
567.59217	567.5823	.0099	Cer 36:1;O	C36H71NO2	[M+NH4]+	/resources/tools/chemdb_ontology?abbrev=Cer 36:1;O
568.59523	568.6027	.0075	FA 37:0	C37H74O2	[M+NH4]+	/resources/tools/chemdb_ontology?abbrev=FA 37:0
890.72602	890.7232	.0028	TG 54:9	C57H92O6	[M+NH4]+	/resources/tools/chemdb_ontology?abbrev=TG 54:9
844.68473	844.6872	.0025	HexCer 42:1;O4	C48H93NO10	[M+H]+	/resources/tools/chemdb_ontology?abbrev=HexCer 42:1;O4
844.68473	844.6790	.0058	PC 40:1	C48H94NO8P	[M+H]+	/resources/tools/chemdb_ontology?abbrev=PC 40:1
844.68473	844.6790	.0058	PE 43:1	C48H94NO8P	[M+H]+	/resources/tools/chemdb_ontology?abbrev=PE 43:1
844.68473	844.6790	.0058	PS O-42:0	C48H96NO9P	[M+H-H2O]+	/resources/tools/chemdb_ontology?abbrev=PS O-42:0
827.63544	827.6273	.0082	PC 38:4	C46H84NO8P	[M+NH4]+	/resources/tools/chemdb_ontology?abbrev=PC 38:4
827.63544	827.6273	.0082	PE 41:4	C46H84NO8P	[M+NH4]+	/resources/tools/chemdb_ontology?abbrev=PE 41:4
827.63544	827.6342	.0012	CL 86:4	C95H178O17P2	[M+2H]2+	/resources/tools/chemdb_ontology?abbrev=CL 86:4
509.53763	509.5292	.0084	FA 34:0	C34H68O2	[M+H]+	/resources/tools/chemdb_ontology?abbrev=FA 34:0
509.53763	509.5292	.0084	WE 34:0	C34H68O2	[M+H]+	/resources/tools/chemdb_ontology?abbrev=WE 34:0
863.70563	863.7123	.0067	TG 53:7	C56H94O6	[M+H]+	/resources/tools/chemdb_ontology?abbrev=TG 53:7
863.70563	863.7099	.0043	TG 51:4	C54H96O6Na	[M+Na]+	/resources/tools/chemdb_ontology?abbrev=TG 51:4
863.70563	863.6976	.0080	SM 44:2;O2	C49H97N2O6PNa	[M+Na]+	/resources/tools/chemdb_ontology?abbrev=SM 44:2;O2
863.70563	863.7075	.0019	TG 49:1	C52H98O6Na2	[M+2Na-H]+	/resources/tools/chemdb_ontology?abbrev=TG 49:1
578.52119	578.5143	.0069	Cer 36:3;O3	C36H67NO4	[M+H]+	/resources/tools/chemdb_ontology?abbrev=Cer 36:3;O3
578.52119	578.5119	.0093	Cer 34:0;O3	C34H69NO4Na	[M+Na]+	/resources/tools/chemdb_ontology?abbrev=Cer 34:0;O3
578.52119	578.5143	.0069	FAHFA 36:3;O	C36H64O4	[M+NH4]+	/resources/tools/chemdb_ontology?abbrev=FAHFA 36:3;O
846.70004	846.6946	.0054	PC 40:0	C48H96NO8P	[M+H]+	/resources/tools/chemdb_ontology?abbrev=PC 40:0
846.70004	846.6946	.0054	PE 43:0	C48H96NO8P	[M+H]+	/resources/tools/chemdb_ontology?abbrev=PE 43:0
873.72692	873.7330	.0061	TG 55:7	C58H98O6	[M+H-H2O]+	/resources/tools/chemdb_ontology?abbrev=TG 55:7
889.72165	889.7280	.0063	TG 55:8	C58H96O6	[M+H]+	/resources/tools/chemdb_ontology?abbrev=TG 55:8
889.72165	889.7256	.0039	TG 53:5	C56H98O6Na	[M+Na]+	/resources/tools/chemdb_ontology?abbrev=TG 53:5
889.72165	889.7232	.0015	TG 51:2	C54H100O6Na2	[M+2Na-H]+	/resources/tools/chemdb_ontology?abbrev=TG 51:2
595.52806	595.5296	.0015	DG 34:1	C37H70O5	[M+H]+	/resources/tools/chemdb_ontology?abbrev=DG 34:1
853.65108	853.6429	.0082	PC 40:5	C48H86NO8P	[M+NH4]+	/resources/tools/chemdb_ontology?abbrev=PC 40:5
669.57655	669.5816	.0051	DG 41:4	C44H78O5	[M+H-H2O]+	/resources/tools/chemdb_ontology?abbrev=DG 41:4
313.27326	313.2737	.0005	FA 19:1;O	C19H36O3	[M+H]+	/resources/tools/chemdb_ontology?abbrev=FA 19:1;O
313.27326	313.2737	.0005	MG 16:0	C19H38O4	[M+H-H2O]+	/resources/tools/chemdb_ontology?abbrev=MG 16:0
313.27326	313.2737	.0005	MG O-16:1;O	C19H38O4	[M+H-H2O]+	/resources/tools/chemdb_ontology?abbrev=MG O-16:1;O
644.52959	644.5248	.0047	DG 37:6	C40H66O5	[M+NH4]+	/resources/tools/chemdb_ontology?abbrev=DG 37:6
644.52959	644.5248	.0047	FA 40:7;O3	C40H66O5	[M+NH4]+	/resources/tools/chemdb_ontology?abbrev=FA 40:7;O3
644.52959	644.5200	.0096	Cer 36:0;O4	C36H73NO5Na2	[M+2Na-H]+	/resources/tools/chemdb_ontology?abbrev=Cer 36:0;O4
639.57404	639.5663	.0078	FA 39:0;O	C39H78O3Na2	[M+2Na-H]+	/resources/tools/chemdb_ontology?abbrev=FA 39:0;O
634.4879	634.4806	.0073	LPE O-29:2;O	C34H68NO7P	[M+H]+	/resources/tools/chemdb_ontology?abbrev=LPE O-29:2;O
634.4879	634.4806	.0073	PE O-29:1	C34H68NO7P	[M+H]+	/resources/tools/chemdb_ontology?abbrev=PE O-29:1
634.4879	634.4806	.0073	PA O-31:2	C34H65O7P	[M+NH4]+	/resources/tools/chemdb_ontology?abbrev=PA O-31:2
634.4879	634.4782	.0097	Cer 37:4;O3	C37H67NO4Na2	[M+2Na-H]+	/resources/tools/chemdb_ontology?abbrev=Cer 37:4;O3
943.76791	943.7749	.0070	TG 59:9	C62H102O6	[M+H]+	/resources/tools/chemdb_ontology?abbrev=TG 59:9
943.76791	943.7725	.0046	TG 57:6	C60H104O6Na	[M+Na]+	/resources/tools/chemdb_ontology?abbrev=TG 57:6
943.76791	943.7701	.0022	TG 55:3	C58H106O6Na2	[M+2Na-H]+	/resources/tools/chemdb_ontology?abbrev=TG 55:3
913.72304	913.7280	.0049	TG 57:10	C60H96O6	[M+H]+	/resources/tools/chemdb_ontology?abbrev=TG 57:10
913.72304	913.7256	.0025	TG 55:7	C58H98O6Na	[M+Na]+	/resources/tools/chemdb_ontology?abbrev=TG 55:7
913.72304	913.7232	.0001	TG 53:4	C56H100O6Na2	[M+2Na-H]+	/resources/tools/chemdb_ontology?abbrev=TG 53:4
732.58891	732.5902	.0013	PC O-33:1	C41H82NO7P	[M+H]+	/resources/tools/chemdb_ontology?abbrev=PC O-33:1
732.58891	732.5902	.0013	PE O-36:1	C41H82NO7P	[M+H]+	/resources/tools/chemdb_ontology?abbrev=PE O-36:1
732.58891	732.5902	.0013	PA O-38:2	C41H79O7P	[M+NH4]+	/resources/tools/chemdb_ontology?abbrev=PA O-38:2
660.50331	660.4963	.0070	PE O-31:2	C36H70NO7P	[M+H]+	/resources/tools/chemdb_ontology?abbrev=PE O-31:2
660.50331	660.4963	.0070	PC 28:0	C36H72NO8P	[M+H-H2O]+	/resources/tools/chemdb_ontology?abbrev=PC 28:0
660.50331	660.4963	.0070	PE 31:0	C36H72NO8P	[M+H-H2O]+	/resources/tools/chemdb_ontology?abbrev=PE 31:0
660.50331	660.4963	.0070	PA O-33:3	C36H67O7P	[M+NH4]+	/resources/tools/chemdb_ontology?abbrev=PA O-33:3
941.75397	941.7593	.0053	TG 59:10	C62H100O6	[M+H]+	/resources/tools/chemdb_ontology?abbrev=TG 59:10
941.75397	941.7569	.0029	TG 57:7	C60H102O6Na	[M+Na]+	/resources/tools/chemdb_ontology?abbrev=TG 57:7
941.75397	941.7545	.0005	TG 55:4	C58H104O6Na2	[M+2Na-H]+	/resources/tools/chemdb_ontology?abbrev=TG 55:4
577.51777	577.5190	.0013	DG 34:1	C37H70O5	[M+H-H2O]+	/resources/tools/chemdb_ontology?abbrev=DG 34:1
633.50049	633.4966	.0039	CerPE 32:1;O2	C34H69N2O6P	[M+H]+	/resources/tools/chemdb_ontology?abbrev=CerPE 32:1;O2
725.39631	725.3872	.0091	PI 25:1;O2	C34H63O15P	[M+H-H2O]+	/resources/tools/chemdb_ontology?abbrev=PI 25:1;O2
645.53241	645.5330	.0006	SM 31:0;O2	C36H75N2O6P	[M+H-H2O]+	/resources/tools/chemdb_ontology?abbrev=SM 31:0;O2
869.62585	869.6266	.0008	PG 43:4	C49H89O10P	[M+H]+	/resources/tools/chemdb_ontology?abbrev=PG 43:4
869.62585	869.6242	.0016	PG 41:1	C47H91O10PNa	[M+Na]+	/resources/tools/chemdb_ontology?abbrev=PG 41:1
945.78486	945.7906	.0057	TG 59:8	C62H104O6	[M+H]+	/resources/tools/chemdb_ontology?abbrev=TG 59:8
945.78486	945.7882	.0033	TG 57:5	C60H106O6Na	[M+Na]+	/resources/tools/chemdb_ontology?abbrev=TG 57:5
945.78486	945.7858	.0009	TG 55:2	C58H108O6Na2	[M+2Na-H]+	/resources/tools/chemdb_ontology?abbrev=TG 55:2
649.4798	649.4803	.0005	PA 32:0	C35H69O8P	[M+H]+	/resources/tools/chemdb_ontology?abbrev=PA 32:0
649.4798	649.4803	.0005	PG O-29:0	C35H71O9P	[M+H-H2O]+	/resources/tools/chemdb_ontology?abbrev=PG O-29:0
649.4798	649.4802	.0004	DG 37:6	C40H66O5Na	[M+Na]+	/resources/tools/chemdb_ontology?abbrev=DG 37:6
649.4798	649.4802	.0004	FA 40:7;O3	C40H66O5Na	[M+Na]+	/resources/tools/chemdb_ontology?abbrev=FA 40:7;O3
649.4798	649.4778	.0020	DG 35:3	C38H68O5Na2	[M+2Na-H]+	/resources/tools/chemdb_ontology?abbrev=DG 35:3
774.63603	774.6371	.0011	PC O-36:1	C44H88NO7P	[M+H]+	/resources/tools/chemdb_ontology?abbrev=PC O-36:1
774.63603	774.6371	.0011	PE O-39:1	C44H88NO7P	[M+H]+	/resources/tools/chemdb_ontology?abbrev=PE O-39:1
774.63603	774.6454	.0093	HexCer 38:0;O3	C44H87NO9	[M+H]+	/resources/tools/chemdb_ontology?abbrev=HexCer 38:0;O3
870.69982	870.6946	.0052	PC 42:2	C50H96NO8P	[M+H]+	/resources/tools/chemdb_ontology?abbrev=PC 42:2
922.25102	922.2583	.0072	CoA 10:0	C31H54N7O17P3S	[M+H]+	/resources/tools/chemdb_ontology?abbrev=CoA 10:0
751.52583	751.5272	.0014	PA 40:5	C43H75O8P	[M+H]+	/resources/tools/chemdb_ontology?abbrev=PA 40:5
751.52583	751.5248	.0010	PA 38:2	C41H77O8PNa	[M+Na]+	/resources/tools/chemdb_ontology?abbrev=PA 38:2
751.52583	751.5232	.0026	PS 32:1	C38H72NO10P	[M+NH4]+	/resources/tools/chemdb_ontology?abbrev=PS 32:1
751.52583	751.5337	.0078	CerPE 36:0;O3	C38H79N2O7PNa2	[M+2Na-H]+	/resources/tools/chemdb_ontology?abbrev=CerPE 36:0;O3
818.66724	818.6633	.0039	PC 38:0	C46H92NO8P	[M+H]+	/resources/tools/chemdb_ontology?abbrev=PC 38:0
818.66724	818.6633	.0039	PE 41:0	C46H92NO8P	[M+H]+	/resources/tools/chemdb_ontology?abbrev=PE 41:0
818.66724	818.6716	.0043	HexCer 40:0;O4	C46H91NO10	[M+H]+	/resources/tools/chemdb_ontology?abbrev=HexCer 40:0;O4
818.66724	818.6633	.0039	PA 43:1	C46H89O8P	[M+NH4]+	/resources/tools/chemdb_ontology?abbrev=PA 43:1
963.27739	963.2848	.0074	CoA 12:2	C33H54N7O17P3S	[M+NH4]+	/resources/tools/chemdb_ontology?abbrev=CoA 12:2
767.64838	767.6425	.0058	SM 40:2;O2	C45H89N2O6P	[M+H-H2O]+	/resources/tools/chemdb_ontology?abbrev=SM 40:2;O2
767.64838	767.6548	.0064	TG 47:4	C50H88O6	[M+H-H2O]+	/resources/tools/chemdb_ontology?abbrev=TG 47:4
767.64838	767.6500	.0016	DG 43:0	C46H90O5Na2	[M+2Na-H]+	/resources/tools/chemdb_ontology?abbrev=DG 43:0
879.6669	879.6586	.0083	PC 42:6	C50H88NO8P	[M+NH4]+	/resources/tools/chemdb_ontology?abbrev=PC 42:6
1000.30329	1000.3028	.0005	CoA 14:0	C35H62N7O17P3SNa	[M+Na]+	/resources/tools/chemdb_ontology?abbrev=CoA 14:0
917.75207	917.7593	.0072	TG 57:8	C60H100O6	[M+H]+	/resources/tools/chemdb_ontology?abbrev=TG 57:8
917.75207	917.7569	.0048	TG 55:5	C58H102O6Na	[M+Na]+	/resources/tools/chemdb_ontology?abbrev=TG 55:5
917.75207	917.7545	.0024	TG 53:2	C56H104O6Na2	[M+2Na-H]+	/resources/tools/chemdb_ontology?abbrev=TG 53:2
1040.33169	1040.3341	.0024	CoA 17:1	C38H66N7O17P3SNa	[M+Na]+	/resources/tools/chemdb_ontology?abbrev=CoA 17:1
843.68188	843.6861	.0042	TG 53:8	C56H92O6	[M+H-H2O]+	/resources/tools/chemdb_ontology?abbrev=TG 53:8
964.27817	964.2688	.0094	CoA 12:1;O	C33H56N7O18P3S	[M+H]+	/resources/tools/chemdb_ontology?abbrev=CoA 12:1;O
893.75398	893.7593	.0053	TG 55:6	C58H100O6	[M+H]+	/resources/tools/chemdb_ontology?abbrev=TG 55:6
893.75398	893.7569	.0029	TG 53:3	C56H102O6Na	[M+Na]+	/resources/tools/chemdb_ontology?abbrev=TG 53:3
893.75398	893.7545	.0005	TG 51:0	C54H104O6Na2	[M+2Na-H]+	/resources/tools/chemdb_ontology?abbrev=TG 51:0
825.6192	825.6116	.0076	PC 38:5	C46H82NO8P	[M+NH4]+	/resources/tools/chemdb_ontology?abbrev=PC 38:5
825.6192	825.6116	.0076	PE 41:5	C46H82NO8P	[M+NH4]+	/resources/tools/chemdb_ontology?abbrev=PE 41:5
897.72669	897.7330	.0064	TG 57:9	C60H98O6	[M+H-H2O]+	/resources/tools/chemdb_ontology?abbrev=TG 57:9
633.48463	633.4854	.0007	PA O-32:1	C35H69O7P	[M+H]+	/resources/tools/chemdb_ontology?abbrev=PA O-32:1
633.48463	633.4877	.0031	DG 39:8	C42H66O5	[M+H-H2O]+	/resources/tools/chemdb_ontology?abbrev=DG 39:8
633.48463	633.4829	.0017	FAHFA 38:3;O	C38H68O4Na2	[M+2Na-H]+	/resources/tools/chemdb_ontology?abbrev=FAHFA 38:3;O
844.68485	844.6872	.0024	HexCer 42:1;O4	C48H93NO10	[M+H]+	/resources/tools/chemdb_ontology?abbrev=HexCer 42:1;O4
844.68485	844.6790	.0059	PC 40:1	C48H94NO8P	[M+H]+	/resources/tools/chemdb_ontology?abbrev=PC 40:1
844.68485	844.6790	.0059	PE 43:1	C48H94NO8P	[M+H]+	/resources/tools/chemdb_ontology?abbrev=PE 43:1
844.68485	844.6790	.0059	PS O-42:0	C48H96NO9P	[M+H-H2O]+	/resources/tools/chemdb_ontology?abbrev=PS O-42:0
1296.35847	1296.3485	.0100	FA 88:1;O2	C88H174O4	[M+H]+	/resources/tools/chemdb_ontology?abbrev=FA 88:1;O2
617.5107	617.5139	.0032	DG 36:4	C39H68O5	[M+H]+	/resources/tools/chemdb_ontology?abbrev=DG 36:4
617.5107	617.5115	.0008	DG 34:1	C37H70O5Na	[M+Na]+	/resources/tools/chemdb_ontology?abbrev=DG 34:1
861.69033	861.6967	.0063	TG 53:8	C56H92O6	[M+H]+	/resources/tools/chemdb_ontology?abbrev=TG 53:8
861.69033	861.6943	.0039	TG 51:5	C54H94O6Na	[M+Na]+	/resources/tools/chemdb_ontology?abbrev=TG 51:5
861.69033	861.6919	.0015	TG 49:2	C52H96O6Na2	[M+2Na-H]+	/resources/tools/chemdb_ontology?abbrev=TG 49:2
862.69562	862.6895	.0061	PS O-42:0	C48H96NO9P	[M+H]+	/resources/tools/chemdb_ontology?abbrev=PS O-42:0
862.69562	862.7048	.0092	PC O-44:4	C52H98NO7P	[M+H-H2O]+	/resources/tools/chemdb_ontology?abbrev=PC O-44:4
862.69562	862.6919	.0037	TG 52:9	C55H88O6	[M+NH4]+	/resources/tools/chemdb_ontology?abbrev=TG 52:9
862.69562	862.6895	.0061	PG O-42:2	C48H93O9P	[M+NH4]+	/resources/tools/chemdb_ontology?abbrev=PG O-42:2
946.78841	946.7858	.0026	TG 58:9	C61H100O6	[M+NH4]+	/resources/tools/chemdb_ontology?abbrev=TG 58:9
887.70683	887.7123	.0055	TG 55:9	C58H94O6	[M+H]+	/resources/tools/chemdb_ontology?abbrev=TG 55:9
887.70683	887.7099	.0031	TG 53:6	C56H96O6Na	[M+Na]+	/resources/tools/chemdb_ontology?abbrev=TG 53:6
887.70683	887.7075	.0007	TG 51:3	C54H98O6Na2	[M+2Na-H]+	/resources/tools/chemdb_ontology?abbrev=TG 51:3
871.71151	871.7174	.0059	TG 55:8	C58H96O6	[M+H-H2O]+	/resources/tools/chemdb_ontology?abbrev=TG 55:8
737.618	737.6167	.0013	PC O-32:0	C40H82NO7P	[M+NH4]+	/resources/tools/chemdb_ontology?abbrev=PC O-32:0
737.618	737.6167	.0013	PE O-35:0	C40H82NO7P	[M+NH4]+	/resources/tools/chemdb_ontology?abbrev=PE O-35:0
643.52625	643.5296	.0033	DG 38:5	C41H70O5	[M+H]+	/resources/tools/chemdb_ontology?abbrev=DG 38:5
643.52625	643.5173	.0089	CerPE 34:1;O2	C36H73N2O6P	[M+H-H2O]+	/resources/tools/chemdb_ontology?abbrev=CerPE 34:1;O2
643.52625	643.5272	.0009	DG 36:2	C39H72O5Na	[M+Na]+	/resources/tools/chemdb_ontology?abbrev=DG 36:2
919.76871	919.7749	.0062	TG 57:7	C60H102O6	[M+H]+	/resources/tools/chemdb_ontology?abbrev=TG 57:7
919.76871	919.7725	.0038	TG 55:4	C58H104O6Na	[M+Na]+	/resources/tools/chemdb_ontology?abbrev=TG 55:4
919.76871	919.7701	.0014	TG 53:1	C56H106O6Na2	[M+2Na-H]+	/resources/tools/chemdb_ontology?abbrev=TG 53:1
706.57306	706.5745	.0015	PC O-31:0	C39H80NO7P	[M+H]+	/resources/tools/chemdb_ontology?abbrev=PC O-31:0
706.57306	706.5745	.0015	PE O-34:0	C39H80NO7P	[M+H]+	/resources/tools/chemdb_ontology?abbrev=PE O-34:0
706.57306	706.5745	.0015	PA O-36:1	C39H77O7P	[M+NH4]+	/resources/tools/chemdb_ontology?abbrev=PA O-36:1
898.7315	898.7259	.0056	PC 44:2	C52H100NO8P	[M+H]+	/resources/tools/chemdb_ontology?abbrev=PC 44:2
899.73938	899.7487	.0093	TG 57:8	C60H100O6	[M+H-H2O]+	/resources/tools/chemdb_ontology?abbrev=TG 57:8
612.55524	612.5561	.0009	DG 34:1	C37H70O5	[M+NH4]+	/resources/tools/chemdb_ontology?abbrev=DG 34:1
638.57078	638.5718	.0010	DG 36:2	C39H72O5	[M+NH4]+	/resources/tools/chemdb_ontology?abbrev=DG 36:2
765.6291	765.6269	.0022	SM 40:3;O2	C45H87N2O6P	[M+H-H2O]+	/resources/tools/chemdb_ontology?abbrev=SM 40:3;O2
765.6291	765.6343	.0052	DG 43:1	C46H88O5Na2	[M+2Na-H]+	/resources/tools/chemdb_ontology?abbrev=DG 43:1
339.28889	339.2894	.0005	FA 21:1;O2	C21H40O4	[M+H-H2O]+	/resources/tools/chemdb_ontology?abbrev=FA 21:1;O2
339.28889	339.2894	.0005	MG 18:1	C21H40O4	[M+H-H2O]+	/resources/tools/chemdb_ontology?abbrev=MG 18:1
339.28889	339.2894	.0005	WE 21:1;O2	C21H40O4	[M+H-H2O]+	/resources/tools/chemdb_ontology?abbrev=WE 21:1;O2
339.28889	339.2870	.0019	MG O-16:0	C19H40O3Na	[M+Na]+	/resources/tools/chemdb_ontology?abbrev=MG O-16:0
618.51405	618.5092	.0049	DG 35:5	C38H64O5	[M+NH4]+	/resources/tools/chemdb_ontology?abbrev=DG 35:5
733.59247	733.5854	.0071	CerPE 38:1;O3	C40H81N2O7P	[M+H]+	/resources/tools/chemdb_ontology?abbrev=CerPE 38:1;O3
733.59247	733.5937	.0012	HexCer 34:1;O3	C40H77NO9	[M+NH4]+	/resources/tools/chemdb_ontology?abbrev=HexCer 34:1;O3
733.59247	733.5854	.0071	PC O-32:2	C40H78NO7P	[M+NH4]+	/resources/tools/chemdb_ontology?abbrev=PC O-32:2
733.59247	733.5854	.0071	PE O-35:2	C40H78NO7P	[M+NH4]+	/resources/tools/chemdb_ontology?abbrev=PE O-35:2
734.59534	734.5929	.0024	HexCer 38:3;O2	C44H81NO8	[M+H-H2O]+	/resources/tools/chemdb_ontology?abbrev=HexCer 38:3;O2
734.59534	734.5905	.0048	DGTS 32:0	C42H81NO7Na	[M+Na]+	/resources/tools/chemdb_ontology?abbrev=DGTS 32:0
909.71481	909.7055	.0093	PC 44:5	C52H94NO8P	[M+NH4]+	/resources/tools/chemdb_ontology?abbrev=PC 44:5
792.64798	792.6477	.0003	PA 41:0	C44H87O8P	[M+NH4]+	/resources/tools/chemdb_ontology?abbrev=PA 41:0
732.58916	732.5902	.0010	PC O-33:1	C41H82NO7P	[M+H]+	/resources/tools/chemdb_ontology?abbrev=PC O-33:1
732.58916	732.5902	.0010	PE O-36:1	C41H82NO7P	[M+H]+	/resources/tools/chemdb_ontology?abbrev=PE O-36:1
732.58916	732.5902	.0010	PA O-38:2	C41H79O7P	[M+NH4]+	/resources/tools/chemdb_ontology?abbrev=PA O-38:2
791.64523	791.6548	.0096	TG 49:6	C52H88O6	[M+H-H2O]+	/resources/tools/chemdb_ontology?abbrev=TG 49:6
755.5741	755.5668	.0073	MGDG 34:2	C43H78O10	[M+H]+	/resources/tools/chemdb_ontology?abbrev=MGDG 34:2
755.5741	755.5674	.0067	CerPE 38:1;O3	C40H81N2O7PNa	[M+Na]+	/resources/tools/chemdb_ontology?abbrev=CerPE 38:1;O3
755.5741	755.5698	.0043	PC O-34:5	C42H76NO7P	[M+NH4]+	/resources/tools/chemdb_ontology?abbrev=PC O-34:5
659.50007	659.5010	.0009	PA O-34:2	C37H71O7P	[M+H]+	/resources/tools/chemdb_ontology?abbrev=PA O-34:2
659.50007	659.5010	.0009	PA 34:0	C37H73O8P	[M+H-H2O]+	/resources/tools/chemdb_ontology?abbrev=PA 34:0
739.63314	739.6235	.0096	TG 45:4	C48H84O6	[M+H-H2O]+	/resources/tools/chemdb_ontology?abbrev=TG 45:4
847.71143	847.7174	.0060	TG 53:6	C56H96O6	[M+H-H2O]+	/resources/tools/chemdb_ontology?abbrev=TG 53:6
816.64619	816.6477	.0015	PC 38:1	C46H90NO8P	[M+H]+	/resources/tools/chemdb_ontology?abbrev=PC 38:1
816.64619	816.6477	.0015	PE 41:1	C46H90NO8P	[M+H]+	/resources/tools/chemdb_ontology?abbrev=PE 41:1
816.64619	816.6559	.0097	HexCer 40:1;O4	C46H89NO10	[M+H]+	/resources/tools/chemdb_ontology?abbrev=HexCer 40:1;O4
816.64619	816.6477	.0015	PS O-40:0	C46H92NO9P	[M+H-H2O]+	/resources/tools/chemdb_ontology?abbrev=PS O-40:0
816.64619	816.6477	.0015	PA 43:2	C46H87O8P	[M+NH4]+	/resources/tools/chemdb_ontology?abbrev=PA 43:2
817.64936	817.6429	.0064	PC 37:2	C45H86NO8P	[M+NH4]+	/resources/tools/chemdb_ontology?abbrev=PC 37:2
817.64936	817.6429	.0064	PE 40:2	C45H86NO8P	[M+NH4]+	/resources/tools/chemdb_ontology?abbrev=PE 40:2
817.69465	817.6876	.0071	HexCer 40:1;O3	C46H89NO9	[M+NH4]+	/resources/tools/chemdb_ontology?abbrev=HexCer 40:1;O3
353.17235	353.1781	.0058	ST 19:1;O2;S	C19H30O5S	[M+H-H2O]+	/resources/tools/chemdb_ontology?abbrev=ST 19:1;O2;S
353.17235	353.1711	.0012	PA 30:4;O3	C33H57O11PNa2	[M+2Na]2+	/resources/tools/chemdb_ontology?abbrev=PA 30:4;O3
353.17235	353.1699	.0024	FA 18:4;O2	C18H28O4Na2	[M+2Na-H]+	/resources/tools/chemdb_ontology?abbrev=FA 18:4;O2
365.18967	365.1959	.0062	FA 20:6;O4	C20H28O6	[M+H]+	/resources/tools/chemdb_ontology?abbrev=FA 20:6;O4
365.18967	365.1959	.0062	FA 20:5;O5	C20H30O7	[M+H-H2O]+	/resources/tools/chemdb_ontology?abbrev=FA 20:5;O5
365.18967	365.1935	.0038	FA 18:3;O4	C18H30O6Na	[M+Na]+	/resources/tools/chemdb_ontology?abbrev=FA 18:3;O4
451.20758	451.2067	.0008	LPG 12:0	C18H37O9PNa	[M+Na]+	/resources/tools/chemdb_ontology?abbrev=LPG 12:0
451.20758	451.2067	.0009	ST 23:3;O6	C23H34O6Na2	[M+2Na-H]+	/resources/tools/chemdb_ontology?abbrev=ST 23:3;O6
401.31152	401.3050	.0065	ST 26:3;O3	C26H40O3	[M+H]+	/resources/tools/chemdb_ontology?abbrev=ST 26:3;O3
401.31152	401.3050	.0065	FA 26:5;O2	C26H42O4	[M+H-H2O]+	/resources/tools/chemdb_ontology?abbrev=FA 26:5;O2
401.31152	401.3050	.0065	MG O-23:6;O	C26H42O4	[M+H-H2O]+	/resources/tools/chemdb_ontology?abbrev=MG O-23:6;O
401.31152	401.3050	.0065	ST 26:2;O4	C26H42O4	[M+H-H2O]+	/resources/tools/chemdb_ontology?abbrev=ST 26:2;O4
401.31152	401.3026	.0089	FA 24:3;O	C24H42O3Na	[M+Na]+	/resources/tools/chemdb_ontology?abbrev=FA 24:3;O
401.31152	401.3026	.0089	ST 24:0;O3	C24H42O3Na	[M+Na]+	/resources/tools/chemdb_ontology?abbrev=ST 24:0;O3
503.3345	503.3367	.0022	ST 30:3;O7	C30H48O7	[M+H-H2O]+	/resources/tools/chemdb_ontology?abbrev=ST 30:3;O7
503.3345	503.3343	.0002	ST 28:1;O6	C28H48O6Na	[M+Na]+	/resources/tools/chemdb_ontology?abbrev=ST 28:1;O6
297.18281	297.1849	.0021	FA 20:8	C20H24O2	[M+H]+	/resources/tools/chemdb_ontology?abbrev=FA 20:8
297.18281	297.1849	.0021	ST 20:5;O2	C20H24O2	[M+H]+	/resources/tools/chemdb_ontology?abbrev=ST 20:5;O2
297.18281	297.1849	.0021	FA 20:7;O	C20H26O3	[M+H-H2O]+	/resources/tools/chemdb_ontology?abbrev=FA 20:7;O
297.18281	297.1825	.0003	FA 18:5	C18H26O2Na	[M+Na]+	/resources/tools/chemdb_ontology?abbrev=FA 18:5
297.18281	297.1825	.0003	SFE 18:5	C18H26O2Na	[M+Na]+	/resources/tools/chemdb_ontology?abbrev=SFE 18:5
297.18281	297.1825	.0003	ST 18:2;O2	C18H26O2Na	[M+Na]+	/resources/tools/chemdb_ontology?abbrev=ST 18:2;O2
297.18281	297.1825	.0003	WE 18:5	C18H26O2Na	[M+Na]+	/resources/tools/chemdb_ontology?abbrev=WE 18:5
297.18281	297.1801	.0027	FA 16:2	C16H28O2Na2	[M+2Na-H]+	/resources/tools/chemdb_ontology?abbrev=FA 16:2
297.18281	297.1801	.0027	SFE 16:2	C16H28O2Na2	[M+2Na-H]+	/resources/tools/chemdb_ontology?abbrev=SFE 16:2
297.18281	297.1801	.0027	WE 16:2	C16H28O2Na2	[M+2Na-H]+	/resources/tools/chemdb_ontology?abbrev=WE 16:2
397.21548	397.2221	.0066	FA 21:4;O6	C21H34O8	[M+H-H2O]+	/resources/tools/chemdb_ontology?abbrev=FA 21:4;O6
415.29108	415.2819	.0092	ST 24:1;O4	C24H40O4Na	[M+Na]+	/resources/tools/chemdb_ontology?abbrev=ST 24:1;O4
415.29108	415.2931	.0021	SPBP 18:0;O3	C18H40NO6P	[M+NH4]+	/resources/tools/chemdb_ontology?abbrev=SPBP 18:0;O3
415.29108	415.2883	.0028	PA 42:2	C45H85O8PNa2	[M+2Na]2+	/resources/tools/chemdb_ontology?abbrev=PA 42:2
415.29108	415.2947	.0036	ST 26:2;O	C26H42ONa2	[M+2Na-H]+	/resources/tools/chemdb_ontology?abbrev=ST 26:2;O
431.32219	431.3156	.0066	ST 27:3;O4	C27H42O4	[M+H]+	/resources/tools/chemdb_ontology?abbrev=ST 27:3;O4
431.32219	431.3156	.0066	ST 28:2;O4	C27H42O4	[M+H]+	/resources/tools/chemdb_ontology?abbrev=ST 28:2;O4
431.32219	431.3156	.0066	ST 27:2;O5	C27H44O5	[M+H-H2O]+	/resources/tools/chemdb_ontology?abbrev=ST 27:2;O5
431.32219	431.3156	.0066	ST 28:1;O5	C27H44O5	[M+H-H2O]+	/resources/tools/chemdb_ontology?abbrev=ST 28:1;O5
431.32219	431.3284	.0062	ST 29:4;O	C29H44ONa	[M+Na]+	/resources/tools/chemdb_ontology?abbrev=ST 29:4;O
431.32219	431.3196	.0026	PA 44:0	C47H93O8PNa2	[M+2Na]2+	/resources/tools/chemdb_ontology?abbrev=PA 44:0
431.32219	431.3260	.0038	ST 27:1;O	C27H46ONa2	[M+2Na-H]+	/resources/tools/chemdb_ontology?abbrev=ST 27:1;O
566.30599	566.3089	.0029	PA 23:3;O2	C26H45O10P	[M+NH4]+	/resources/tools/chemdb_ontology?abbrev=PA 23:3;O2
335.19489	335.1981	.0033	ST 21:4;O2	C21H28O2Na	[M+Na]+	/resources/tools/chemdb_ontology?abbrev=ST 21:4;O2
335.19489	335.1957	.0009	FA 19:4	C19H30O2Na2	[M+2Na-H]+	/resources/tools/chemdb_ontology?abbrev=FA 19:4
335.19489	335.1957	.0009	ST 19:1;O2	C19H30O2Na2	[M+2Na-H]+	/resources/tools/chemdb_ontology?abbrev=ST 19:1;O2
314.21749	314.2114	.0060	FA 20:8	C20H24O2	[M+NH4]+	/resources/tools/chemdb_ontology?abbrev=FA 20:8
314.21749	314.2114	.0060	ST 20:5;O2	C20H24O2	[M+NH4]+	/resources/tools/chemdb_ontology?abbrev=ST 20:5;O2
356.2085	356.2068	.0017	FA 18:5;O4	C18H26O6	[M+NH4]+	/resources/tools/chemdb_ontology?abbrev=FA 18:5;O4
356.2085	356.2076	.0009	PG 28:2;O3	C34H63O13P	[M+2H]2+	/resources/tools/chemdb_ontology?abbrev=PG 28:2;O3
356.2085	356.2128	.0043	PG 28:0	C34H67O10PNa2	[M+2Na]2+	/resources/tools/chemdb_ontology?abbrev=PG 28:0
170.09239	170.0937	.0014	FA 18:5;O4	C18H26O6	[M+2H]2+	/resources/tools/chemdb_ontology?abbrev=FA 18:5;O4
200.08903	200.0913	.0023	FA 19:4;O4	C19H30O6Na2	[M+2Na]2+	/resources/tools/chemdb_ontology?abbrev=FA 19:4;O4
392.26491	392.2622	.0027	PG 37:5	C43H75O10P	[M+2H]2+	/resources/tools/chemdb_ontology?abbrev=PG 37:5
392.26491	392.2674	.0025	PA O-40:4	C43H79O7PNa2	[M+2Na]2+	/resources/tools/chemdb_ontology?abbrev=PA O-40:4
330.24951	330.2427	.0068	ST 21:4;O2	C21H28O2	[M+NH4]+	/resources/tools/chemdb_ontology?abbrev=ST 21:4;O2
330.24951	330.2541	.0046	PA O-34:2	C37H71O7P	[M+2H]2+	/resources/tools/chemdb_ontology?abbrev=PA O-34:2
170.11744	170.1175	.0001	FA 9:3	C9H12O2	[M+NH4]+	/resources/tools/chemdb_ontology?abbrev=FA 9:3
170.11744	170.1175	.0001	WE 9:3	C9H12O2	[M+NH4]+	/resources/tools/chemdb_ontology?abbrev=WE 9:3
170.11744	170.1172	.0003	FA 19:2	C19H34O2Na2	[M+2Na]2+	/resources/tools/chemdb_ontology?abbrev=FA 19:2
170.11744	170.1172	.0003	WE 19:2	C19H34O2Na2	[M+2Na]2+	/resources/tools/chemdb_ontology?abbrev=WE 19:2
226.14134	226.1438	.0024	CAR 5:1	C12H21NO4	[M+H-H2O]+	/resources/tools/chemdb_ontology?abbrev=CAR 5:1
226.14134	226.1438	.0024	FA 12:4;O	C12H16O3	[M+NH4]+	/resources/tools/chemdb_ontology?abbrev=FA 12:4;O
226.14134	226.1446	.0033	LPA 19:1	C22H43O7P	[M+2H]2+	/resources/tools/chemdb_ontology?abbrev=LPA 19:1
226.14134	226.1434	.0020	ST 25:1;O4	C25H42O4Na2	[M+2Na]2+	/resources/tools/chemdb_ontology?abbrev=ST 25:1;O4
183.09159	183.1016	.0100	FA 10:3;O	C10H14O3	[M+H]+	/resources/tools/chemdb_ontology?abbrev=FA 10:3;O
183.09159	183.1016	.0100	WE 10:3;O	C10H14O3	[M+H]+	/resources/tools/chemdb_ontology?abbrev=WE 10:3;O
183.09159	183.1016	.0100	FA 10:2;O2	C10H16O4	[M+H-H2O]+	/resources/tools/chemdb_ontology?abbrev=FA 10:2;O2
183.09159	183.0992	.0076	FA 8:0;O	C8H16O3Na	[M+Na]+	/resources/tools/chemdb_ontology?abbrev=FA 8:0;O
183.09159	183.0992	.0076	SFE 8:0;O	C8H16O3Na	[M+Na]+	/resources/tools/chemdb_ontology?abbrev=SFE 8:0;O
183.09159	183.0886	.0030	ST 19:2;O4	C19H28O4Na2	[M+2Na]2+	/resources/tools/chemdb_ontology?abbrev=ST 19:2;O4
198.07599	198.0757	.0003	ST 19:3;O6	C19H26O6Na2	[M+2Na]2+	/resources/tools/chemdb_ontology?abbrev=ST 19:3;O6
365.24035	365.2475	.0072	ST 25:6;O2	C25H32O2	[M+H]+	/resources/tools/chemdb_ontology?abbrev=ST 25:6;O2
365.24035	365.2322	.0081	ST 21:2;O5	C21H32O5	[M+H]+	/resources/tools/chemdb_ontology?abbrev=ST 21:2;O5
365.24035	365.2451	.0047	FA 23:6	C23H34O2Na	[M+Na]+	/resources/tools/chemdb_ontology?abbrev=FA 23:6
365.24035	365.2387	.0017	PG 33:4	C39H69O10P	[M+2H]2+	/resources/tools/chemdb_ontology?abbrev=PG 33:4
365.24035	365.2439	.0036	PA O-36:3	C39H73O7PNa2	[M+2Na]2+	/resources/tools/chemdb_ontology?abbrev=PA O-36:3
365.24035	365.2427	.0023	FA 21:3	C21H36O2Na2	[M+2Na-H]+	/resources/tools/chemdb_ontology?abbrev=FA 21:3
365.24035	365.2427	.0023	ST 21:0;O2	C21H36O2Na2	[M+2Na-H]+	/resources/tools/chemdb_ontology?abbrev=ST 21:0;O2
365.24035	365.2427	.0023	WE 21:3	C21H36O2Na2	[M+2Na-H]+	/resources/tools/chemdb_ontology?abbrev=WE 21:3
189.15961	189.1561	.0035	MG O-21:5	C24H40O3	[M+2H]2+	/resources/tools/chemdb_ontology?abbrev=MG O-21:5
189.15961	189.1561	.0035	ST 24:1;O3	C24H40O3	[M+2H]2+	/resources/tools/chemdb_ontology?abbrev=ST 24:1;O3
398.3122	398.3029	.0093	NA 24:4;O	C24H41NO2Na	[M+Na]+	/resources/tools/chemdb_ontology?abbrev=NA 24:4;O
398.3122	398.3029	.0093	NAE 22:4	C24H41NO2Na	[M+Na]+	/resources/tools/chemdb_ontology?abbrev=NAE 22:4
368.20223	368.2044	.0021	CAR 10:1;O2	C17H31NO6Na	[M+Na]+	/resources/tools/chemdb_ontology?abbrev=CAR 10:1;O2
368.20223	368.2068	.0045	ST 19:3;O6	C19H26O6	[M+NH4]+	/resources/tools/chemdb_ontology?abbrev=ST 19:3;O6
368.20223	368.2022	.0000	PA 36:7	C39H63O8PNa2	[M+2Na]2+	/resources/tools/chemdb_ontology?abbrev=PA 36:7
178.11592	178.1074	.0085	FA 7:1;O2	C7H12O4	[M+NH4]+	/resources/tools/chemdb_ontology?abbrev=FA 7:1;O2
178.11592	178.1146	.0013	FA 19:2;O	C19H34O3Na2	[M+2Na]2+	/resources/tools/chemdb_ontology?abbrev=FA 19:2;O
324.21246	324.2145	.0021	CAR 9:0	C16H31NO4Na	[M+Na]+	/resources/tools/chemdb_ontology?abbrev=CAR 9:0
324.21246	324.2104	.0021	CerPE 30:2;O2	C32H63N2O6PNa2	[M+2Na]2+	/resources/tools/chemdb_ontology?abbrev=CerPE 30:2;O2
321.1796	321.1849	.0053	FA 22:10	C22H24O2	[M+H]+	/resources/tools/chemdb_ontology?abbrev=FA 22:10
321.1796	321.1696	.0100	FA 18:5;O4	C18H26O6	[M+H-H2O]+	/resources/tools/chemdb_ontology?abbrev=FA 18:5;O4
321.1796	321.1825	.0029	ST 20:4;O2	C20H26O2Na	[M+Na]+	/resources/tools/chemdb_ontology?abbrev=ST 20:4;O2
321.1796	321.1801	.0005	FA 18:4	C18H28O2Na2	[M+2Na-H]+	/resources/tools/chemdb_ontology?abbrev=FA 18:4
321.1796	321.1801	.0005	ST 18:1;O2	C18H28O2Na2	[M+2Na-H]+	/resources/tools/chemdb_ontology?abbrev=ST 18:1;O2
178.10714	178.1074	.0002	FA 7:1;O2	C7H12O4	[M+NH4]+	/resources/tools/chemdb_ontology?abbrev=FA 7:1;O2
178.10714	178.1094	.0023	FA 19:4;O4	C19H30O6	[M+2H]2+	/resources/tools/chemdb_ontology?abbrev=FA 19:4;O4
178.10714	178.1040	.0031	ST 22:4;O	C22H30ONa2	[M+2Na]2+	/resources/tools/chemdb_ontology?abbrev=ST 22:4;O
227.17512	227.1706	.0045	LPA O-20:0	C23H49O6P	[M+2H]2+	/resources/tools/chemdb_ontology?abbrev=LPA O-20:0
362.2411	362.2455	.0044	SPBP 18:1;O2	C18H38NO5P	[M+H-H2O]+	/resources/tools/chemdb_ontology?abbrev=SPBP 18:1;O2
362.2411	362.2326	.0085	ST 21:4;O4	C21H28O4	[M+NH4]+	/resources/tools/chemdb_ontology?abbrev=ST 21:4;O4
209.20997	209.2082	.0018	ST 29:0;O	C29H52O	[M+2H]2+	/resources/tools/chemdb_ontology?abbrev=ST 29:0;O
285.22789	285.2213	.0066	ST 20:3;O	C20H28O	[M+H]+	/resources/tools/chemdb_ontology?abbrev=ST 20:3;O
285.22789	285.2213	.0066	FA 20:5	C20H30O2	[M+H-H2O]+	/resources/tools/chemdb_ontology?abbrev=FA 20:5
285.22789	285.2213	.0066	ST 20:2;O2	C20H30O2	[M+H-H2O]+	/resources/tools/chemdb_ontology?abbrev=ST 20:2;O2
529.42119	529.4251	.0039	FA 34:6;O2	C34H56O4	[M+H]+	/resources/tools/chemdb_ontology?abbrev=FA 34:6;O2
529.42119	529.4203	.0009	FA 30:0;O2	C30H60O4Na2	[M+2Na-H]+	/resources/tools/chemdb_ontology?abbrev=FA 30:0;O2
230.18601	230.1823	.0037	ST 29:1;O	C29H50ONa2	[M+2Na]2+	/resources/tools/chemdb_ontology?abbrev=ST 29:1;O
226.10479	226.1050	.0002	CAR 2:0	C9H17NO4Na	[M+Na]+	/resources/tools/chemdb_ontology?abbrev=CAR 2:0
226.10479	226.1070	.0022	ST 23:3;O6	C23H34O6Na2	[M+2Na]2+	/resources/tools/chemdb_ontology?abbrev=ST 23:3;O6
326.21696	326.2152	.0017	PG 27:1	C33H63O10P	[M+2H]2+	/resources/tools/chemdb_ontology?abbrev=PG 27:1
326.21696	326.2204	.0035	PA O-30:0	C33H67O7PNa2	[M+2Na]2+	/resources/tools/chemdb_ontology?abbrev=PA O-30:0
155.10645	155.1067	.0002	FA 9:2	C9H14O2	[M+H]+	/resources/tools/chemdb_ontology?abbrev=FA 9:2
155.10645	155.1067	.0002	SFE 9:2	C9H14O2	[M+H]+	/resources/tools/chemdb_ontology?abbrev=SFE 9:2
155.10645	155.1067	.0002	WE 9:2	C9H14O2	[M+H]+	/resources/tools/chemdb_ontology?abbrev=WE 9:2
155.10645	155.1067	.0002	FA 9:1;O	C9H16O3	[M+H-H2O]+	/resources/tools/chemdb_ontology?abbrev=FA 9:1;O
155.10645	155.1067	.0002	FA 18:4;O2	C18H28O4	[M+2H]2+	/resources/tools/chemdb_ontology?abbrev=FA 18:4;O2
172.13298	172.1332	.0002	FA 9:2	C9H14O2	[M+NH4]+	/resources/tools/chemdb_ontology?abbrev=FA 9:2
172.13298	172.1332	.0002	SFE 9:2	C9H14O2	[M+NH4]+	/resources/tools/chemdb_ontology?abbrev=SFE 9:2
172.13298	172.1332	.0002	WE 9:2	C9H14O2	[M+NH4]+	/resources/tools/chemdb_ontology?abbrev=WE 9:2
172.13298	172.1352	.0022	FA 23:6	C23H34O2	[M+2H]2+	/resources/tools/chemdb_ontology?abbrev=FA 23:6
172.13298	172.1328	.0002	FA 19:0	C19H38O2Na2	[M+2Na]2+	/resources/tools/chemdb_ontology?abbrev=FA 19:0
172.13298	172.1328	.0002	SFE 19:0	C19H38O2Na2	[M+2Na]2+	/resources/tools/chemdb_ontology?abbrev=SFE 19:0
172.13298	172.1328	.0002	WE 19:0	C19H38O2Na2	[M+2Na]2+	/resources/tools/chemdb_ontology?abbrev=WE 19:0
356.22725	356.2310	.0038	PG O-29:0	C35H71O9PNa2	[M+2Na]2+	/resources/tools/chemdb_ontology?abbrev=PG O-29:0
166.12282	166.1276	.0048	FA 18:1;O3	C18H34O5	[M+2H]2+	/resources/tools/chemdb_ontology?abbrev=FA 18:1;O3
526.21007	526.2152	.0052	LPS 15:1	C21H40NO9PNa2	[M+2Na-H]+	/resources/tools/chemdb_ontology?abbrev=LPS 15:1
312.20123	312.2048	.0036	PA O-28:0	C31H63O7PNa2	[M+2Na]2+	/resources/tools/chemdb_ontology?abbrev=PA O-28:0
280.26314	280.2635	.0003	NAE 16:1	C18H35NO2	[M+H-H2O]+	/resources/tools/chemdb_ontology?abbrev=NAE 16:1
280.26314	280.2635	.0003	SPB 18:2;O2	C18H35NO2	[M+H-H2O]+	/resources/tools/chemdb_ontology?abbrev=SPB 18:2;O2
194.11484	194.1175	.0027	SFE 11:5	C11H12O2	[M+NH4]+	/resources/tools/chemdb_ontology?abbrev=SFE 11:5
194.11484	194.1119	.0029	FA 23:8;O3	C23H30O5	[M+2H]2+	/resources/tools/chemdb_ontology?abbrev=FA 23:8;O3
194.11484	194.1172	.0023	FA 23:6	C23H34O2Na2	[M+2Na]2+	/resources/tools/chemdb_ontology?abbrev=FA 23:6
382.2883	382.2952	.0069	NAE 20:3;O2	C22H39NO4	[M+H]+	/resources/tools/chemdb_ontology?abbrev=NAE 20:3;O2
382.2883	382.2952	.0069	FA 22:4;O2	C22H36O4	[M+NH4]+	/resources/tools/chemdb_ontology?abbrev=FA 22:4;O2
382.2883	382.2952	.0069	ST 22:1;O4	C22H36O4	[M+NH4]+	/resources/tools/chemdb_ontology?abbrev=ST 22:1;O4
382.2883	382.2854	.0029	PA O-42:6	C45H79O7P	[M+2H]2+	/resources/tools/chemdb_ontology?abbrev=PA O-42:6
382.2883	382.2887	.0004	SM 35:0;O2	C40H83N2O6PNa2	[M+2Na]2+	/resources/tools/chemdb_ontology?abbrev=SM 35:0;O2
518.35545	518.3605	.0050	LPC 19:1	C27H54NO7P	[M+H-H2O]+	/resources/tools/chemdb_ontology?abbrev=LPC 19:1
518.35545	518.3605	.0050	LPE 22:1	C27H54NO7P	[M+H-H2O]+	/resources/tools/chemdb_ontology?abbrev=LPE 22:1
518.35545	518.3605	.0050	PC O-19:1	C27H54NO7P	[M+H-H2O]+	/resources/tools/chemdb_ontology?abbrev=PC O-19:1
518.35545	518.3581	.0026	LPC O-17:0	C25H54NO6PNa	[M+Na]+	/resources/tools/chemdb_ontology?abbrev=LPC O-17:0
518.35545	518.3581	.0026	LPE O-20:0	C25H54NO6PNa	[M+Na]+	/resources/tools/chemdb_ontology?abbrev=LPE O-20:0
518.35545	518.3476	.0078	ST 30:5;O6	C30H44O6	[M+NH4]+	/resources/tools/chemdb_ontology?abbrev=ST 30:5;O6
325.24754	325.2526	.0050	FA 23:6	C23H34O2	[M+H-H2O]+	/resources/tools/chemdb_ontology?abbrev=FA 23:6
325.24754	325.2502	.0026	ST 21:1;O	C21H34ONa	[M+Na]+	/resources/tools/chemdb_ontology?abbrev=ST 21:1;O
325.24754	325.2494	.0019	CerPE 32:1;O3	C34H69N2O7P	[M+2H]2+	/resources/tools/chemdb_ontology?abbrev=CerPE 32:1;O3
325.24754	325.2438	.0038	PA 32:0	C35H69O8P	[M+2H]2+	/resources/tools/chemdb_ontology?abbrev=PA 32:0
325.24754	325.2426	.0050	DG 35:3	C38H68O5Na2	[M+2Na]2+	/resources/tools/chemdb_ontology?abbrev=DG 35:3
106.03861	106.0389	.0003	FA 10:3	C10H14O2Na2	[M+2Na]2+	/resources/tools/chemdb_ontology?abbrev=FA 10:3
329.19792	329.1959	.0021	FA 17:2;O5	C17H30O7	[M+H-H2O]+	/resources/tools/chemdb_ontology?abbrev=FA 17:2;O5
329.19792	329.2023	.0044	LPI 22:0	C31H61O12P	[M+2H]2+	/resources/tools/chemdb_ontology?abbrev=LPI 22:0
329.19792	329.2063	.0084	FA 17:1;O	C17H32O3Na2	[M+2Na-H]+	/resources/tools/chemdb_ontology?abbrev=FA 17:1;O
329.19792	329.2063	.0084	FOH 17:2;O2	C17H32O3Na2	[M+2Na-H]+	/resources/tools/chemdb_ontology?abbrev=FOH 17:2;O2
184.0943	184.0964	.0021	ST 19:1;O4	C19H30O4Na2	[M+2Na]2+	/resources/tools/chemdb_ontology?abbrev=ST 19:1;O4
383.30104	383.2945	.0066	ST 26:4;O2	C26H38O2	[M+H]+	/resources/tools/chemdb_ontology?abbrev=ST 26:4;O2
383.30104	383.2945	.0066	ST 26:3;O3	C26H40O3	[M+H-H2O]+	/resources/tools/chemdb_ontology?abbrev=ST 26:3;O3
383.30104	383.2920	.0090	FA 24:4	C24H40O2Na	[M+Na]+	/resources/tools/chemdb_ontology?abbrev=FA 24:4
383.30104	383.2920	.0090	ST 24:1;O2	C24H40O2Na	[M+Na]+	/resources/tools/chemdb_ontology?abbrev=ST 24:1;O2
383.30104	383.3038	.0028	PG O-36:0	C42H85O9P	[M+2H]2+	/resources/tools/chemdb_ontology?abbrev=PG O-36:0
383.30104	383.3026	.0016	TG 42:1	C45H84O6Na2	[M+2Na]2+	/resources/tools/chemdb_ontology?abbrev=TG 42:1
194.09326	194.1023	.0090	FA 7:1;O3	C7H12O5	[M+NH4]+	/resources/tools/chemdb_ontology?abbrev=FA 7:1;O3
194.09326	194.0913	.0019	FA 18:3;O4	C18H30O6Na2	[M+2Na]2+	/resources/tools/chemdb_ontology?abbrev=FA 18:3;O4
347.16702	347.1594	.0077	ST 19:3;O3	C19H26O3Na2	[M+2Na-H]+	/resources/tools/chemdb_ontology?abbrev=ST 19:3;O3
347.2299	347.2217	.0082	ST 21:3;O4	C21H30O4	[M+H]+	/resources/tools/chemdb_ontology?abbrev=ST 21:3;O4
347.2299	347.2369	.0070	ST 25:6;O2	C25H32O2	[M+H-H2O]+	/resources/tools/chemdb_ontology?abbrev=ST 25:6;O2
347.2299	347.2217	.0082	ST 21:2;O5	C21H32O5	[M+H-H2O]+	/resources/tools/chemdb_ontology?abbrev=ST 21:2;O5
347.2299	347.2281	.0018	PA 36:6	C39H65O8P	[M+2H]2+	/resources/tools/chemdb_ontology?abbrev=PA 36:6
347.2299	347.2313	.0014	CerPE 32:1;O3	C34H69N2O7PNa2	[M+2Na]2+	/resources/tools/chemdb_ontology?abbrev=CerPE 32:1;O3
347.2299	347.2257	.0042	PA 32:0	C35H69O8PNa2	[M+2Na]2+	/resources/tools/chemdb_ontology?abbrev=PA 32:0
347.2299	347.2321	.0022	ST 21:1;O	C21H34ONa2	[M+2Na-H]+	/resources/tools/chemdb_ontology?abbrev=ST 21:1;O
196.08024	196.0816	.0013	FA 6:1;O4	C6H10O6	[M+NH4]+	/resources/tools/chemdb_ontology?abbrev=FA 6:1;O4
281.19768	281.1900	.0077	ST 20:4;O2	C20H26O2	[M+H-H2O]+	/resources/tools/chemdb_ontology?abbrev=ST 20:4;O2
301.25803	301.2526	.0054	ST 21:2;O	C21H32O	[M+H]+	/resources/tools/chemdb_ontology?abbrev=ST 21:2;O
301.25803	301.2526	.0054	FA 21:4	C21H34O2	[M+H-H2O]+	/resources/tools/chemdb_ontology?abbrev=FA 21:4
301.25803	301.2526	.0054	ST 21:1;O2	C21H34O2	[M+H-H2O]+	/resources/tools/chemdb_ontology?abbrev=ST 21:1;O2
360.20439	360.2121	.0077	CAR 10:0	C17H33NO4Na2	[M+2Na-H]+	/resources/tools/chemdb_ontology?abbrev=CAR 10:0
132.05506	132.0546	.0005	FA 14:5	C14H18O2Na2	[M+2Na]2+	/resources/tools/chemdb_ontology?abbrev=FA 14:5
88.0213	88.0207	.0006	FA 6:1;O	C6H10O3Na2	[M+2Na]2+	/resources/tools/chemdb_ontology?abbrev=FA 6:1;O
194.08431	194.0812	.0031	FA 10:6;O	C10H8O3	[M+NH4]+	/resources/tools/chemdb_ontology?abbrev=FA 10:6;O
132.04758	132.0469	.0007	FA 10:1;O3	C10H18O5Na2	[M+2Na]2+	/resources/tools/chemdb_ontology?abbrev=FA 10:1;O3
268.17501	268.1721	.0029	ST 30:2;O5	C30H50O5Na2	[M+2Na]2+	/resources/tools/chemdb_ontology?abbrev=ST 30:2;O5
618.33195	618.3402	.0082	PE 25:4;O2	C30H52NO10P	[M+H]+	/resources/tools/chemdb_ontology?abbrev=PE 25:4;O2
618.33195	618.3402	.0082	PE 25:3;O3	C30H54NO11P	[M+H-H2O]+	/resources/tools/chemdb_ontology?abbrev=PE 25:3;O3
618.33195	618.3378	.0058	PC 20:1;O2	C28H54NO10PNa	[M+Na]+	/resources/tools/chemdb_ontology?abbrev=PC 20:1;O2
344.21033	344.2152	.0049	PG 30:4	C36H63O10P	[M+2H]2+	/resources/tools/chemdb_ontology?abbrev=PG 30:4
307.19727	307.1904	.0069	FA 18:4;O3	C18H28O5	[M+H-H2O]+	/resources/tools/chemdb_ontology?abbrev=FA 18:4;O3
307.19727	307.2056	.0084	FA 22:8	C22H28O2	[M+H-H2O]+	/resources/tools/chemdb_ontology?abbrev=FA 22:8
307.19727	307.2032	.0060	ST 20:3;O	C20H28ONa	[M+Na]+	/resources/tools/chemdb_ontology?abbrev=ST 20:3;O
307.19727	307.1968	.0004	PA 30:4	C33H57O8P	[M+2H]2+	/resources/tools/chemdb_ontology?abbrev=PA 30:4
307.19727	307.2009	.0037	ST 27:0;O4;GlcA	C33H56O10	[M+2H]2+	/resources/tools/chemdb_ontology?abbrev=ST 27:0;O4;GlcA
202.15906	202.1563	.0027	WE 22:1;O4	C22H42O6	[M+2H]2+	/resources/tools/chemdb_ontology?abbrev=WE 22:1;O4
202.15906	202.1640	.0049	FA 26:5;O	C26H42O3	[M+2H]2+	/resources/tools/chemdb_ontology?abbrev=FA 26:5;O
202.15906	202.1640	.0049	ST 26:2;O3	C26H42O3	[M+2H]2+	/resources/tools/chemdb_ontology?abbrev=ST 26:2;O3
203.12088	203.1278	.0069	FA 10:1;O2	C10H18O4	[M+H]+	/resources/tools/chemdb_ontology?abbrev=FA 10:1;O2
203.12088	203.1278	.0069	WE 10:1;O2	C10H18O4	[M+H]+	/resources/tools/chemdb_ontology?abbrev=WE 10:1;O2
203.12088	203.1172	.0037	ST 23:4;O6	C23H32O6	[M+2H]2+	/resources/tools/chemdb_ontology?abbrev=ST 23:4;O6
203.12088	203.1224	.0016	FA 23:5;O	C23H36O3Na2	[M+2Na]2+	/resources/tools/chemdb_ontology?abbrev=FA 23:5;O
200.16428	200.1645	.0002	FA 11:2	C11H18O2	[M+NH4]+	/resources/tools/chemdb_ontology?abbrev=FA 11:2
200.16428	200.1645	.0002	SFE 11:2	C11H18O2	[M+NH4]+	/resources/tools/chemdb_ontology?abbrev=SFE 11:2
200.16428	200.1645	.0002	WE 11:2	C11H18O2	[M+NH4]+	/resources/tools/chemdb_ontology?abbrev=WE 11:2
200.16428	200.1665	.0022	SFE 27:6	C27H42O2	[M+2H]2+	/resources/tools/chemdb_ontology?abbrev=SFE 27:6
200.16428	200.1665	.0022	ST 27:3;O2	C27H42O2	[M+2H]2+	/resources/tools/chemdb_ontology?abbrev=ST 27:3;O2
200.16428	200.1641	.0002	FA 23:0	C23H46O2Na2	[M+2Na]2+	/resources/tools/chemdb_ontology?abbrev=FA 23:0
200.16428	200.1641	.0002	WE 23:0	C23H46O2Na2	[M+2Na]2+	/resources/tools/chemdb_ontology?abbrev=WE 23:0
374.22012	374.2278	.0076	CAR 11:0	C18H35NO4Na2	[M+2Na-H]+	/resources/tools/chemdb_ontology?abbrev=CAR 11:0
352.24559	352.2458	.0002	CAR 11:0	C18H35NO4Na	[M+Na]+	/resources/tools/chemdb_ontology?abbrev=CAR 11:0
352.24559	352.2482	.0026	FA 20:5;O2	C20H30O4	[M+NH4]+	/resources/tools/chemdb_ontology?abbrev=FA 20:5;O2
352.24559	352.2417	.0039	CerPE 34:2;O2	C36H71N2O6PNa2	[M+2Na]2+	/resources/tools/chemdb_ontology?abbrev=CerPE 34:2;O2
358.22652	358.2224	.0041	FA 18:4;O4	C18H28O6	[M+NH4]+	/resources/tools/chemdb_ontology?abbrev=FA 18:4;O4
358.22652	358.2309	.0043	PG 32:4	C38H67O10P	[M+2H]2+	/resources/tools/chemdb_ontology?abbrev=PG 32:4
369.28544	369.2764	.0090	FA 23:4	C23H38O2Na	[M+Na]+	/resources/tools/chemdb_ontology?abbrev=FA 23:4
369.28544	369.2764	.0090	ST 23:1;O2	C23H38O2Na	[M+Na]+	/resources/tools/chemdb_ontology?abbrev=ST 23:1;O2
369.28544	369.2882	.0027	PG O-34:0	C40H81O9P	[M+2H]2+	/resources/tools/chemdb_ontology?abbrev=PG O-34:0
369.28544	369.2870	.0015	TG 40:1	C43H80O6Na2	[M+2Na]2+	/resources/tools/chemdb_ontology?abbrev=TG 40:1
415.20139	415.2091	.0077	FA 22:6;O4	C22H32O6Na	[M+Na]+	/resources/tools/chemdb_ontology?abbrev=FA 22:6;O4
415.20139	415.2067	.0053	FA 20:3;O4	C20H34O6Na2	[M+2Na-H]+	/resources/tools/chemdb_ontology?abbrev=FA 20:3;O4
235.21694	235.2162	.0007	FA 29:1;O2	C29H56O4	[M+2H]2+	/resources/tools/chemdb_ontology?abbrev=FA 29:1;O2
358.10751	358.1002	.0073	LPC 3:0	C11H24NO7PNa2	[M+2Na-H]+	/resources/tools/chemdb_ontology?abbrev=LPC 3:0
358.10751	358.1002	.0073	PC O-3:0	C11H24NO7PNa2	[M+2Na-H]+	/resources/tools/chemdb_ontology?abbrev=PC O-3:0
309.2375	309.2424	.0049	FA 19:3;O	C19H32O3	[M+H]+	/resources/tools/chemdb_ontology?abbrev=FA 19:3;O
309.2375	309.2424	.0049	FA 19:2;O2	C19H34O4	[M+H-H2O]+	/resources/tools/chemdb_ontology?abbrev=FA 19:2;O2
309.2375	309.2424	.0049	FOH 19:3;O3	C19H34O4	[M+H-H2O]+	/resources/tools/chemdb_ontology?abbrev=FOH 19:3;O3
309.2375	309.2400	.0025	FA 17:0;O	C17H34O3Na	[M+Na]+	/resources/tools/chemdb_ontology?abbrev=FA 17:0;O
313.25948	313.2526	.0069	FA 22:5	C22H34O2	[M+H-H2O]+	/resources/tools/chemdb_ontology?abbrev=FA 22:5
313.25948	313.2526	.0069	SFE 22:5	C22H34O2	[M+H-H2O]+	/resources/tools/chemdb_ontology?abbrev=SFE 22:5
313.25948	313.2607	.0013	DG O-34:1	C37H72O4Na2	[M+2Na]2+	/resources/tools/chemdb_ontology?abbrev=DG O-34:1
405.21286	405.2036	.0092	ST 24:6;O4	C24H30O4Na	[M+Na]+	/resources/tools/chemdb_ontology?abbrev=ST 24:6;O4
405.21286	405.2130	.0001	PI 29:2	C38H69O13PNa2	[M+2Na]2+	/resources/tools/chemdb_ontology?abbrev=PI 29:2
331.05214	331.0553	.0031	FOH 16:10;O4	C16H14O5Na2	[M+2Na-H]+	/resources/tools/chemdb_ontology?abbrev=FOH 16:10;O4
372.12325	372.1159	.0074	LPC 4:0	C12H26NO7PNa2	[M+2Na-H]+	/resources/tools/chemdb_ontology?abbrev=LPC 4:0
372.12325	372.1159	.0074	PC O-4:0	C12H26NO7PNa2	[M+2Na-H]+	/resources/tools/chemdb_ontology?abbrev=PC O-4:0
366.22418	366.2275	.0033	FA 20:6;O3	C20H28O5	[M+NH4]+	/resources/tools/chemdb_ontology?abbrev=FA 20:6;O3
366.22418	366.2275	.0033	WE 20:6;O3	C20H28O5	[M+NH4]+	/resources/tools/chemdb_ontology?abbrev=WE 20:6;O3
411.33229	411.3258	.0065	FA 28:7	C28H42O2	[M+H]+	/resources/tools/chemdb_ontology?abbrev=FA 28:7
411.33229	411.3258	.0065	ST 28:3;O3	C28H44O3	[M+H-H2O]+	/resources/tools/chemdb_ontology?abbrev=ST 28:3;O3
411.33229	411.3233	.0089	FA 26:4	C26H44O2Na	[M+Na]+	/resources/tools/chemdb_ontology?abbrev=FA 26:4
411.33229	411.3233	.0089	WE 26:4	C26H44O2Na	[M+Na]+	/resources/tools/chemdb_ontology?abbrev=WE 26:4
411.33229	411.3351	.0028	PG O-40:0	C46H93O9P	[M+2H]2+	/resources/tools/chemdb_ontology?abbrev=PG O-40:0
411.33229	411.3363	.0040	TG 50:7	C53H88O6	[M+2H]2+	/resources/tools/chemdb_ontology?abbrev=TG 50:7
411.33229	411.3339	.0016	TG 46:1	C49H92O6Na2	[M+2Na]2+	/resources/tools/chemdb_ontology?abbrev=TG 46:1
350.22966	350.2326	.0029	FA 20:6;O2	C20H28O4	[M+NH4]+	/resources/tools/chemdb_ontology?abbrev=FA 20:6;O2
323.17444	323.1829	.0085	FA 16:2;O3	C16H28O5Na	[M+Na]+	/resources/tools/chemdb_ontology?abbrev=FA 16:2;O3
375.2612	375.2530	.0082	ST 23:3;O4	C23H34O4	[M+H]+	/resources/tools/chemdb_ontology?abbrev=ST 23:3;O4
375.2612	375.2594	.0018	PA 40:6	C43H73O8P	[M+2H]2+	/resources/tools/chemdb_ontology?abbrev=PA 40:6
375.2612	375.2626	.0014	CerPE 36:1;O3	C38H77N2O7PNa2	[M+2Na]2+	/resources/tools/chemdb_ontology?abbrev=CerPE 36:1;O3
375.2612	375.2570	.0042	PA 36:0	C39H77O8PNa2	[M+2Na]2+	/resources/tools/chemdb_ontology?abbrev=PA 36:0
101.05959	101.0597	.0001	FA 5:1	C5H8O2	[M+H]+	/resources/tools/chemdb_ontology?abbrev=FA 5:1
101.05959	101.0597	.0001	SFE 5:1	C5H8O2	[M+H]+	/resources/tools/chemdb_ontology?abbrev=SFE 5:1
101.05959	101.0597	.0001	FA 5:0;O	C5H10O3	[M+H-H2O]+	/resources/tools/chemdb_ontology?abbrev=FA 5:0;O
101.05959	101.0597	.0001	SFE 5:0;O	C5H10O3	[M+H-H2O]+	/resources/tools/chemdb_ontology?abbrev=SFE 5:0;O
101.05959	101.0597	.0001	FA 10:2;O2	C10H16O4	[M+2H]2+	/resources/tools/chemdb_ontology?abbrev=FA 10:2;O2
539.21667	539.2228	.0061	LPI 12:0	C21H41O12PNa	[M+Na]+	/resources/tools/chemdb_ontology?abbrev=LPI 12:0
366.20358	366.2040	.0004	LPC 8:0	C16H34NO7P	[M+H-H2O]+	/resources/tools/chemdb_ontology?abbrev=LPC 8:0
269.2222	269.2264	.0042	ST 20:2;O	C20H30O	[M+H-H2O]+	/resources/tools/chemdb_ontology?abbrev=ST 20:2;O
331.20987	331.2056	.0042	FA 24:10	C24H28O2	[M+H-H2O]+	/resources/tools/chemdb_ontology?abbrev=FA 24:10
331.20987	331.2126	.0027	PA O-31:2	C34H65O7PNa2	[M+2Na]2+	/resources/tools/chemdb_ontology?abbrev=PA O-31:2
331.20987	331.2008	.0090	ST 20:2;O	C20H30ONa2	[M+2Na-H]+	/resources/tools/chemdb_ontology?abbrev=ST 20:2;O
190.15912	190.1640	.0048	FA 24:3;O	C24H42O3	[M+2H]2+	/resources/tools/chemdb_ontology?abbrev=FA 24:3;O
190.15912	190.1640	.0048	ST 24:0;O3	C24H42O3	[M+2H]2+	/resources/tools/chemdb_ontology?abbrev=ST 24:0;O3
327.27501	327.2682	.0068	FA 23:5	C23H36O2	[M+H-H2O]+	/resources/tools/chemdb_ontology?abbrev=FA 23:5
327.27501	327.2682	.0068	ST 23:2;O2	C23H36O2	[M+H-H2O]+	/resources/tools/chemdb_ontology?abbrev=ST 23:2;O2
327.27501	327.2658	.0092	ST 21:0;O	C21H36ONa	[M+Na]+	/resources/tools/chemdb_ontology?abbrev=ST 21:0;O
175.13244	175.1329	.0004	FA 9:0;O	C9H18O3	[M+H]+	/resources/tools/chemdb_ontology?abbrev=FA 9:0;O
175.13244	175.1329	.0004	FA 18:0;O4	C18H36O6	[M+2H]2+	/resources/tools/chemdb_ontology?abbrev=FA 18:0;O4
175.13244	175.1275	.0049	ST 21:0;O	C21H36ONa2	[M+2Na]2+	/resources/tools/chemdb_ontology?abbrev=ST 21:0;O
367.2792	367.2819	.0027	FA 20:0;O2	C20H40O4Na	[M+Na]+	/resources/tools/chemdb_ontology?abbrev=FA 20:0;O2
367.2792	367.2819	.0027	MG 17:0	C20H40O4Na	[M+Na]+	/resources/tools/chemdb_ontology?abbrev=MG 17:0
367.2792	367.2819	.0027	MG O-17:1;O	C20H40O4Na	[M+Na]+	/resources/tools/chemdb_ontology?abbrev=MG O-17:1;O
373.24539	373.2373	.0081	FA 23:6;O3	C23H34O5	[M+H-H2O]+	/resources/tools/chemdb_ontology?abbrev=FA 23:6;O3
373.24539	373.2373	.0081	ST 23:3;O5	C23H34O5	[M+H-H2O]+	/resources/tools/chemdb_ontology?abbrev=ST 23:3;O5
373.24539	373.2438	.0016	PA 40:8	C43H69O8P	[M+2H]2+	/resources/tools/chemdb_ontology?abbrev=PA 40:8
373.24539	373.2470	.0016	CerPE 36:3;O3	C38H73N2O7PNa2	[M+2Na]2+	/resources/tools/chemdb_ontology?abbrev=CerPE 36:3;O3
373.24539	373.2414	.0040	PA 36:2	C39H73O8PNa2	[M+2Na]2+	/resources/tools/chemdb_ontology?abbrev=PA 36:2
309.22663	309.2213	.0053	FA 22:7	C22H30O2	[M+H-H2O]+	/resources/tools/chemdb_ontology?abbrev=FA 22:7
309.22663	309.2189	.0078	ST 20:2;O	C20H30ONa	[M+Na]+	/resources/tools/chemdb_ontology?abbrev=ST 20:2;O
309.22663	309.2307	.0040	PA O-31:2	C34H65O7P	[M+2H]2+	/resources/tools/chemdb_ontology?abbrev=PA O-31:2
205.14297	205.1434	.0005	FA 10:0;O2	C10H20O4	[M+H]+	/resources/tools/chemdb_ontology?abbrev=FA 10:0;O2
205.14297	205.1381	.0049	FA 23:3;O	C23H40O3Na2	[M+2Na]2+	/resources/tools/chemdb_ontology?abbrev=FA 23:3;O
205.14297	205.1381	.0049	MG O-20:4	C23H40O3Na2	[M+2Na]2+	/resources/tools/chemdb_ontology?abbrev=MG O-20:4
205.14297	205.1381	.0049	ST 23:0;O3	C23H40O3Na2	[M+2Na]2+	/resources/tools/chemdb_ontology?abbrev=ST 23:0;O3
406.20163	406.1965	.0051	LPC 8:0	C16H34NO7PNa	[M+Na]+	/resources/tools/chemdb_ontology?abbrev=LPC 8:0
401.18151	401.1911	.0095	FA 19:3;O4	C19H32O6Na2	[M+2Na-H]+	/resources/tools/chemdb_ontology?abbrev=FA 19:3;O4
117.09066	117.0910	.0003	FA 6:0	C6H12O2	[M+H]+	/resources/tools/chemdb_ontology?abbrev=FA 6:0
117.09066	117.0910	.0003	SFE 6:0	C6H12O2	[M+H]+	/resources/tools/chemdb_ontology?abbrev=SFE 6:0
224.1853	224.1823	.0030	ST 28:0;O	C28H50ONa2	[M+2Na]2+	/resources/tools/chemdb_ontology?abbrev=ST 28:0;O
388.23553	388.2434	.0079	CAR 12:0	C19H37NO4Na2	[M+2Na-H]+	/resources/tools/chemdb_ontology?abbrev=CAR 12:0
189.14814	189.1485	.0004	FA 10:0;O	C10H20O3	[M+H]+	/resources/tools/chemdb_ontology?abbrev=FA 10:0;O
189.14814	189.1485	.0004	FOH 10:1;O2	C10H20O3	[M+H]+	/resources/tools/chemdb_ontology?abbrev=FOH 10:1;O2
189.14814	189.1485	.0004	WE 10:0;O	C10H20O3	[M+H]+	/resources/tools/chemdb_ontology?abbrev=WE 10:0;O
254.13608	254.1363	.0002	CAR 4:0	C11H21NO4Na	[M+Na]+	/resources/tools/chemdb_ontology?abbrev=CAR 4:0
254.13608	254.1331	.0030	ST 21:3;O3;GlcA	C27H38O9	[M+2H]2+	/resources/tools/chemdb_ontology?abbrev=ST 21:3;O3;GlcA
254.13608	254.1395	.0034	LPG 18:3	C24H43O9P	[M+2H]2+	/resources/tools/chemdb_ontology?abbrev=LPG 18:3
254.13608	254.1383	.0022	ST 27:3;O6	C27H42O6Na2	[M+2Na]2+	/resources/tools/chemdb_ontology?abbrev=ST 27:3;O6
265.21158	265.2162	.0046	FA 17:3	C17H28O2	[M+H]+	/resources/tools/chemdb_ontology?abbrev=FA 17:3
265.21158	265.2162	.0046	SFE 17:3	C17H28O2	[M+H]+	/resources/tools/chemdb_ontology?abbrev=SFE 17:3
265.21158	265.2162	.0046	FA 17:2;O	C17H30O3	[M+H-H2O]+	/resources/tools/chemdb_ontology?abbrev=FA 17:2;O
265.21158	265.2138	.0022	FA 15:0	C15H30O2Na	[M+Na]+	/resources/tools/chemdb_ontology?abbrev=FA 15:0
265.21158	265.2138	.0022	SFE 15:0	C15H30O2Na	[M+Na]+	/resources/tools/chemdb_ontology?abbrev=SFE 15:0
265.21158	265.2138	.0022	WE 15:0	C15H30O2Na	[M+Na]+	/resources/tools/chemdb_ontology?abbrev=WE 15:0
265.21158	265.2162	.0046	FA 34:6;O2	C34H56O4	[M+2H]2+	/resources/tools/chemdb_ontology?abbrev=FA 34:6;O2
265.21158	265.2138	.0022	FA 30:0;O2	C30H60O4Na2	[M+2Na]2+	/resources/tools/chemdb_ontology?abbrev=FA 30:0;O2
229.14051	229.1434	.0029	FA 12:2;O2	C12H20O4	[M+H]+	/resources/tools/chemdb_ontology?abbrev=FA 12:2;O2
229.14051	229.1434	.0029	FA 12:1;O3	C12H22O5	[M+H-H2O]+	/resources/tools/chemdb_ontology?abbrev=FA 12:1;O3
229.14051	229.1381	.0024	ST 27:4;O3	C27H40O3Na2	[M+2Na]2+	/resources/tools/chemdb_ontology?abbrev=ST 27:4;O3
207.16758	207.1743	.0068	FA 14:2	C14H24O2	[M+H-H2O]+	/resources/tools/chemdb_ontology?abbrev=FA 14:2
207.16758	207.1743	.0068	SFE 14:2	C14H24O2	[M+H-H2O]+	/resources/tools/chemdb_ontology?abbrev=SFE 14:2
207.16758	207.1743	.0068	WE 14:2	C14H24O2	[M+H-H2O]+	/resources/tools/chemdb_ontology?abbrev=WE 14:2
207.16758	207.1719	.0044	FA 24:0	C24H48O2Na2	[M+2Na]2+	/resources/tools/chemdb_ontology?abbrev=FA 24:0
207.16758	207.1719	.0044	SFE 24:0	C24H48O2Na2	[M+2Na]2+	/resources/tools/chemdb_ontology?abbrev=SFE 24:0
207.16758	207.1719	.0044	WE 24:0	C24H48O2Na2	[M+2Na]2+	/resources/tools/chemdb_ontology?abbrev=WE 24:0
302.24346	302.2478	.0044	ST 20:3;O	C20H28O	[M+NH4]+	/resources/tools/chemdb_ontology?abbrev=ST 20:3;O
209.20094	209.2006	.0004	MG O-22:0;O	C25H52O4	[M+2H]2+	/resources/tools/chemdb_ontology?abbrev=MG O-22:0;O
331.21515	331.2056	.0095	FA 24:10	C24H28O2	[M+H-H2O]+	/resources/tools/chemdb_ontology?abbrev=FA 24:10
331.21515	331.2244	.0092	FA 19:3;O	C19H32O3Na	[M+Na]+	/resources/tools/chemdb_ontology?abbrev=FA 19:3;O
331.21515	331.2126	.0025	PA O-31:2	C34H65O7PNa2	[M+2Na]2+	/resources/tools/chemdb_ontology?abbrev=PA O-31:2
331.21515	331.2220	.0068	FA 17:0;O	C17H34O3Na2	[M+2Na-H]+	/resources/tools/chemdb_ontology?abbrev=FA 17:0;O
232.15406	232.1543	.0003	CAR 4:0	C11H21NO4	[M+H]+	/resources/tools/chemdb_ontology?abbrev=CAR 4:0
232.15406	232.1563	.0023	ST 27:3;O6	C27H42O6	[M+2H]2+	/resources/tools/chemdb_ontology?abbrev=ST 27:3;O6
131.11386	131.1067	.0072	FA 7:0	C7H14O2	[M+H]+	/resources/tools/chemdb_ontology?abbrev=FA 7:0
131.11386	131.1067	.0072	SFE 7:0	C7H14O2	[M+H]+	/resources/tools/chemdb_ontology?abbrev=SFE 7:0
131.10637	131.1067	.0003	FA 7:0	C7H14O2	[M+H]+	/resources/tools/chemdb_ontology?abbrev=FA 7:0
131.10637	131.1067	.0003	SFE 7:0	C7H14O2	[M+H]+	/resources/tools/chemdb_ontology?abbrev=SFE 7:0
131.10637	131.1067	.0003	FA 14:0;O2	C14H28O4	[M+2H]2+	/resources/tools/chemdb_ontology?abbrev=FA 14:0;O2
290.20711	290.2114	.0043	FA 18:6	C18H24O2	[M+NH4]+	/resources/tools/chemdb_ontology?abbrev=FA 18:6
290.20711	290.2114	.0043	ST 18:3;O2	C18H24O2	[M+NH4]+	/resources/tools/chemdb_ontology?abbrev=ST 18:3;O2
290.20711	290.2046	.0025	PA 27:0	C30H59O8P	[M+2H]2+	/resources/tools/chemdb_ontology?abbrev=PA 27:0
290.20711	290.2034	.0037	DG 30:3	C33H58O5Na2	[M+2Na]2+	/resources/tools/chemdb_ontology?abbrev=DG 30:3
207.15881	207.1561	.0027	ST 27:4;O3	C27H40O3	[M+2H]2+	/resources/tools/chemdb_ontology?abbrev=ST 27:4;O3
216.17462	216.1720	.0026	WE 24:1;O4	C24H46O6	[M+2H]2+	/resources/tools/chemdb_ontology?abbrev=WE 24:1;O4
216.17462	216.1796	.0050	ST 28:2;O3	C28H46O3	[M+2H]2+	/resources/tools/chemdb_ontology?abbrev=ST 28:2;O3
226.18009	226.1798	.0003	FA 27:2	C27H50O2Na2	[M+2Na]2+	/resources/tools/chemdb_ontology?abbrev=FA 27:2
73.06445	73.0648	.0003	FA 8:0	C8H16O2	[M+2H]2+	/resources/tools/chemdb_ontology?abbrev=FA 8:0
73.06445	73.0648	.0003	SFE 8:0	C8H16O2	[M+2H]2+	/resources/tools/chemdb_ontology?abbrev=SFE 8:0
73.06445	73.0648	.0003	WE 8:0	C8H16O2	[M+2H]2+	/resources/tools/chemdb_ontology?abbrev=WE 8:0
392.28976	392.2829	.0069	NAT 18:0	C20H41NO4S	[M+H]+	/resources/tools/chemdb_ontology?abbrev=NAT 18:0
372.24206	372.2381	.0040	FA 19:4;O4	C19H30O6	[M+NH4]+	/resources/tools/chemdb_ontology?abbrev=FA 19:4;O4
372.24206	372.2465	.0045	PG 34:4	C40H71O10P	[M+2H]2+	/resources/tools/chemdb_ontology?abbrev=PG 34:4
341.2907	341.2839	.0068	FA 24:5	C24H38O2	[M+H-H2O]+	/resources/tools/chemdb_ontology?abbrev=FA 24:5
341.2907	341.2839	.0068	ST 24:2;O2	C24H38O2	[M+H-H2O]+	/resources/tools/chemdb_ontology?abbrev=ST 24:2;O2
318.27462	318.2791	.0045	ST 21:2;O	C21H32O	[M+NH4]+	/resources/tools/chemdb_ontology?abbrev=ST 21:2;O
283.2487	283.2420	.0067	ST 21:2;O	C21H32O	[M+H-H2O]+	/resources/tools/chemdb_ontology?abbrev=ST 21:2;O
283.2487	283.2396	.0091	ST 19:0	C19H32Na	[M+Na]+	/resources/tools/chemdb_ontology?abbrev=ST 19:0
283.2487	283.2450	.0037	DG 32:2	C35H64O5	[M+2H]2+	/resources/tools/chemdb_ontology?abbrev=DG 32:2
283.2487	283.2502	.0015	WE 35:1	C35H68O2Na2	[M+2Na]2+	/resources/tools/chemdb_ontology?abbrev=WE 35:1
281.14315	281.1512	.0080	FA 17:6	C17H22O2Na	[M+Na]+	/resources/tools/chemdb_ontology?abbrev=FA 17:6
281.14315	281.1436	.0004	ST 30:5;O7	C30H44O7Na2	[M+2Na]2+	/resources/tools/chemdb_ontology?abbrev=ST 30:5;O7
281.14315	281.1488	.0056	SFE 15:3	C15H24O2Na2	[M+2Na-H]+	/resources/tools/chemdb_ontology?abbrev=SFE 15:3
281.14315	281.1488	.0056	WE 15:3	C15H24O2Na2	[M+2Na-H]+	/resources/tools/chemdb_ontology?abbrev=WE 15:3
351.24838	351.2530	.0046	FA 21:4;O2	C21H34O4	[M+H]+	/resources/tools/chemdb_ontology?abbrev=FA 21:4;O2
351.24838	351.2530	.0046	ST 21:1;O4	C21H34O4	[M+H]+	/resources/tools/chemdb_ontology?abbrev=ST 21:1;O4
351.24838	351.2530	.0046	FA 21:3;O3	C21H36O5	[M+H-H2O]+	/resources/tools/chemdb_ontology?abbrev=FA 21:3;O3
351.24838	351.2530	.0046	ST 21:0;O5	C21H36O5	[M+H-H2O]+	/resources/tools/chemdb_ontology?abbrev=ST 21:0;O5
351.24838	351.2506	.0022	FA 19:1;O2	C19H36O4Na	[M+Na]+	/resources/tools/chemdb_ontology?abbrev=FA 19:1;O2
351.24838	351.2506	.0022	FOH 19:2;O3	C19H36O4Na	[M+Na]+	/resources/tools/chemdb_ontology?abbrev=FOH 19:2;O3
622.31886	622.3091	.0097	LPS 22:2	C28H52NO9PNa2	[M+2Na-H]+	/resources/tools/chemdb_ontology?abbrev=LPS 22:2
622.31886	622.3091	.0097	PE 23:2;O	C28H52NO9PNa2	[M+2Na-H]+	/resources/tools/chemdb_ontology?abbrev=PE 23:2;O
335.18099	335.1829	.0019	FA 17:3;O3	C17H28O5Na	[M+Na]+	/resources/tools/chemdb_ontology?abbrev=FA 17:3;O3
277.12794	277.1293	.0013	LPG 18:2	C24H45O9PNa2	[M+2Na]2+	/resources/tools/chemdb_ontology?abbrev=LPG 18:2
277.12794	277.1293	.0013	PA 21:1;O	C24H45O9PNa2	[M+2Na]2+	/resources/tools/chemdb_ontology?abbrev=PA 21:1;O
400.18749	400.1788	.0087	ST 19:3;O3;S	C19H26O6S	[M+NH4]+	/resources/tools/chemdb_ontology?abbrev=ST 19:3;O3;S
443.23223	443.2404	.0082	LPG 13:0	C19H39O9P	[M+H]+	/resources/tools/chemdb_ontology?abbrev=LPG 13:0
443.23223	443.2287	.0036	PI 35:6	C44H73O13PNa2	[M+2Na]2+	/resources/tools/chemdb_ontology?abbrev=PI 35:6
443.23223	443.2363	.0041	PG 42:11	C48H73O10PNa2	[M+2Na]2+	/resources/tools/chemdb_ontology?abbrev=PG 42:11
157.04943	157.0495	.0001	FA 7:2;O3	C7H10O5	[M+H-H2O]+	/resources/tools/chemdb_ontology?abbrev=FA 7:2;O3
157.04943	157.0471	.0023	FA 5:0;O2	C5H10O4Na	[M+Na]+	/resources/tools/chemdb_ontology?abbrev=FA 5:0;O2
239.03115	239.0291	.0021	FA 10:5;O2	C10H10O4Na2	[M+2Na-H]+	/resources/tools/chemdb_ontology?abbrev=FA 10:5;O2
339.15171	339.1567	.0050	ST 19:4;O4	C19H24O4Na	[M+Na]+	/resources/tools/chemdb_ontology?abbrev=ST 19:4;O4
384.32621	384.3286	.0024	DG 43:0	C46H90O5Na2	[M+2Na]2+	/resources/tools/chemdb_ontology?abbrev=DG 43:0
384.28596	384.2829	.0031	PA 41:4	C44H79O8P	[M+2H]2+	/resources/tools/chemdb_ontology?abbrev=PA 41:4
384.28596	384.2817	.0043	DG 44:7	C47H78O5Na2	[M+2Na]2+	/resources/tools/chemdb_ontology?abbrev=DG 44:7
242.19015	242.1929	.0027	FA 28:1;O	C28H54O3Na2	[M+2Na]2+	/resources/tools/chemdb_ontology?abbrev=FA 28:1;O
162.11234	162.1125	.0001	FA 7:1;O	C7H12O3	[M+NH4]+	/resources/tools/chemdb_ontology?abbrev=FA 7:1;O
162.11234	162.1125	.0001	SFE 7:1;O	C7H12O3	[M+NH4]+	/resources/tools/chemdb_ontology?abbrev=SFE 7:1;O
162.11234	162.1125	.0001	WE 7:1;O	C7H12O3	[M+NH4]+	/resources/tools/chemdb_ontology?abbrev=WE 7:1;O
162.11234	162.1145	.0021	ST 19:1;O4	C19H30O4	[M+2H]2+	/resources/tools/chemdb_ontology?abbrev=ST 19:1;O4
355.30625	355.2995	.0067	ST 25:3;O	C25H38O	[M+H]+	/resources/tools/chemdb_ontology?abbrev=ST 25:3;O
355.30625	355.2995	.0067	FA 25:5	C25H40O2	[M+H-H2O]+	/resources/tools/chemdb_ontology?abbrev=FA 25:5
230.19035	230.1953	.0049	ST 30:2;O3	C30H50O3	[M+2H]2+	/resources/tools/chemdb_ontology?abbrev=ST 30:2;O3
324.24282	324.2416	.0013	CerPE 32:2;O3	C34H67N2O7P	[M+2H]2+	/resources/tools/chemdb_ontology?abbrev=CerPE 32:2;O3
402.29566	402.3003	.0046	CAR 18:4	C25H41NO4	[M+H-H2O]+	/resources/tools/chemdb_ontology?abbrev=CAR 18:4
402.29566	402.3036	.0080	NAT 20:0	C22H45NO4S	[M+H-H2O]+	/resources/tools/chemdb_ontology?abbrev=NAT 20:0
402.29566	402.2935	.0022	PG 38:2	C44H83O10P	[M+2H]2+	/resources/tools/chemdb_ontology?abbrev=PG 38:2
402.29566	402.2987	.0030	PA O-41:1	C44H87O7PNa2	[M+2Na]2+	/resources/tools/chemdb_ontology?abbrev=PA O-41:1
318.27789	318.2791	.0012	ST 21:2;O	C21H32O	[M+NH4]+	/resources/tools/chemdb_ontology?abbrev=ST 21:2;O
368.26339	368.2560	.0074	SPBP 17:0;O2	C17H38NO5P	[M+H]+	/resources/tools/chemdb_ontology?abbrev=SPBP 17:0;O2
368.26339	368.2560	.0074	NAE 20:5	C22H35NO2Na	[M+Na]+	/resources/tools/chemdb_ontology?abbrev=NAE 20:5
368.26339	368.2622	.0012	PG 33:1	C39H75O10P	[M+2H]2+	/resources/tools/chemdb_ontology?abbrev=PG 33:1
368.26339	368.2674	.0040	PA O-36:0	C39H79O7PNa2	[M+2Na]2+	/resources/tools/chemdb_ontology?abbrev=PA O-36:0
368.26339	368.2536	.0098	NAE 18:2	C20H37NO2Na2	[M+2Na-H]+	/resources/tools/chemdb_ontology?abbrev=NAE 18:2
228.19546	228.1958	.0003	FA 13:2	C13H22O2	[M+NH4]+	/resources/tools/chemdb_ontology?abbrev=FA 13:2
228.19546	228.1958	.0003	SFE 13:2	C13H22O2	[M+NH4]+	/resources/tools/chemdb_ontology?abbrev=SFE 13:2
228.19546	228.1958	.0003	WE 13:2	C13H22O2	[M+NH4]+	/resources/tools/chemdb_ontology?abbrev=WE 13:2
228.19546	228.1954	.0001	FA 27:0	C27H54O2Na2	[M+2Na]2+	/resources/tools/chemdb_ontology?abbrev=FA 27:0
228.19546	228.1954	.0001	WE 27:0	C27H54O2Na2	[M+2Na]2+	/resources/tools/chemdb_ontology?abbrev=WE 27:0
409.28938	409.2948	.0055	ST 24:1;O5	C24H40O5	[M+H]+	/resources/tools/chemdb_ontology?abbrev=ST 24:1;O5
409.28938	409.2883	.0011	PA 41:1	C44H85O8PNa2	[M+2Na]2+	/resources/tools/chemdb_ontology?abbrev=PA 41:1
361.24531	361.2373	.0080	FA 22:6;O2	C22H32O4	[M+H]+	/resources/tools/chemdb_ontology?abbrev=FA 22:6;O2
361.24531	361.2373	.0080	FA 22:5;O3	C22H34O5	[M+H-H2O]+	/resources/tools/chemdb_ontology?abbrev=FA 22:5;O3
361.24531	361.2438	.0015	PA 38:6	C41H69O8P	[M+2H]2+	/resources/tools/chemdb_ontology?abbrev=PA 38:6
361.24531	361.2470	.0017	CerPE 34:1;O3	C36H73N2O7PNa2	[M+2Na]2+	/resources/tools/chemdb_ontology?abbrev=CerPE 34:1;O3
361.24531	361.2414	.0039	PA 34:0	C37H73O8PNa2	[M+2Na]2+	/resources/tools/chemdb_ontology?abbrev=PA 34:0
355.2697	355.2632	.0066	FA 24:7	C24H34O2	[M+H]+	/resources/tools/chemdb_ontology?abbrev=FA 24:7
355.2697	355.2632	.0066	ST 24:4;O2	C24H34O2	[M+H]+	/resources/tools/chemdb_ontology?abbrev=ST 24:4;O2
355.2697	355.2632	.0066	ST 24:3;O3	C24H36O3	[M+H-H2O]+	/resources/tools/chemdb_ontology?abbrev=ST 24:3;O3
355.2697	355.2607	.0090	FA 22:4	C22H36O2Na	[M+Na]+	/resources/tools/chemdb_ontology?abbrev=FA 22:4
355.2697	355.2607	.0090	SFE 22:4	C22H36O2Na	[M+Na]+	/resources/tools/chemdb_ontology?abbrev=SFE 22:4
355.2697	355.2725	.0028	PG O-32:0	C38H77O9P	[M+2H]2+	/resources/tools/chemdb_ontology?abbrev=PG O-32:0
355.2697	355.2713	.0016	TG 38:1	C41H76O6Na2	[M+2Na]2+	/resources/tools/chemdb_ontology?abbrev=TG 38:1
187.12621	187.1329	.0067	FA 10:1;O	C10H18O3	[M+H]+	/resources/tools/chemdb_ontology?abbrev=FA 10:1;O
187.12621	187.1329	.0067	SFE 10:1;O	C10H18O3	[M+H]+	/resources/tools/chemdb_ontology?abbrev=SFE 10:1;O
187.12621	187.1329	.0067	FA 10:0;O2	C10H20O4	[M+H-H2O]+	/resources/tools/chemdb_ontology?abbrev=FA 10:0;O2
278.2477	278.2478	.0001	SPB 18:3;O2	C18H33NO2	[M+H-H2O]+	/resources/tools/chemdb_ontology?abbrev=SPB 18:3;O2
259.16389	259.1693	.0054	FA 17:6	C17H22O2	[M+H]+	/resources/tools/chemdb_ontology?abbrev=FA 17:6
259.16389	259.1668	.0030	SFE 15:3	C15H24O2Na	[M+Na]+	/resources/tools/chemdb_ontology?abbrev=SFE 15:3
259.16389	259.1668	.0030	WE 15:3	C15H24O2Na	[M+Na]+	/resources/tools/chemdb_ontology?abbrev=WE 15:3
259.16389	259.1616	.0023	ST 30:5;O7	C30H44O7	[M+2H]2+	/resources/tools/chemdb_ontology?abbrev=ST 30:5;O7
259.16389	259.1644	.0006	FA 13:0	C13H26O2Na2	[M+2Na-H]+	/resources/tools/chemdb_ontology?abbrev=FA 13:0
259.16389	259.1644	.0006	SFE 13:0	C13H26O2Na2	[M+2Na-H]+	/resources/tools/chemdb_ontology?abbrev=SFE 13:0
259.16389	259.1644	.0006	WE 13:0	C13H26O2Na2	[M+2Na-H]+	/resources/tools/chemdb_ontology?abbrev=WE 13:0
315.22087	315.2166	.0043	FAHFA 17:2;O2	C17H30O5	[M+H]+	/resources/tools/chemdb_ontology?abbrev=FAHFA 17:2;O2
315.22087	315.2294	.0086	FA 19:3	C19H32O2Na	[M+Na]+	/resources/tools/chemdb_ontology?abbrev=FA 19:3
315.22087	315.2294	.0086	SFE 19:3	C19H32O2Na	[M+Na]+	/resources/tools/chemdb_ontology?abbrev=SFE 19:3
315.22087	315.2294	.0086	ST 19:0;O2	C19H32O2Na	[M+Na]+	/resources/tools/chemdb_ontology?abbrev=ST 19:0;O2
315.22087	315.2270	.0062	FA 17:0	C17H34O2Na2	[M+2Na-H]+	/resources/tools/chemdb_ontology?abbrev=FA 17:0
315.22087	315.2270	.0062	SFE 17:0	C17H34O2Na2	[M+2Na-H]+	/resources/tools/chemdb_ontology?abbrev=SFE 17:0
315.22087	315.2270	.0062	WE 17:0	C17H34O2Na2	[M+2Na-H]+	/resources/tools/chemdb_ontology?abbrev=WE 17:0
316.24742	316.2482	.0008	CAR 10:0	C17H33NO4	[M+H]+	/resources/tools/chemdb_ontology?abbrev=CAR 10:0
316.24742	316.2482	.0008	FA 17:2;O2	C17H30O4	[M+NH4]+	/resources/tools/chemdb_ontology?abbrev=FA 17:2;O2
316.24742	316.2441	.0033	CerPE 32:2;O2	C34H67N2O6P	[M+2H]2+	/resources/tools/chemdb_ontology?abbrev=CerPE 32:2;O2
386.30085	386.2985	.0023	PA 41:2	C44H83O8P	[M+2H]2+	/resources/tools/chemdb_ontology?abbrev=PA 41:2
386.30085	386.2973	.0035	DG 44:5	C47H82O5Na2	[M+2Na]2+	/resources/tools/chemdb_ontology?abbrev=DG 44:5
369.32199	369.3152	.0068	FA 26:5	C26H42O2	[M+H-H2O]+	/resources/tools/chemdb_ontology?abbrev=FA 26:5
257.16795	257.1747	.0068	FA 14:1;O3	C14H26O5	[M+H-H2O]+	/resources/tools/chemdb_ontology?abbrev=FA 14:1;O3
257.16795	257.1630	.0050	LPG 18:0	C24H49O9P	[M+2H]2+	/resources/tools/chemdb_ontology?abbrev=LPG 18:0
286.27405	286.2740	.0000	NAE 15:0	C17H35NO2	[M+H]+	/resources/tools/chemdb_ontology?abbrev=NAE 15:0
286.27405	286.2740	.0000	SPB 17:1;O2	C17H35NO2	[M+H]+	/resources/tools/chemdb_ontology?abbrev=SPB 17:1;O2
286.27405	286.2740	.0000	FA 17:1	C17H32O2	[M+NH4]+	/resources/tools/chemdb_ontology?abbrev=FA 17:1
286.27405	286.2740	.0000	SFE 17:1	C17H32O2	[M+NH4]+	/resources/tools/chemdb_ontology?abbrev=SFE 17:1
286.27405	286.2741	.0000	FA 17:1	C17H32O2	[M+NH4]+	/resources/tools/chemdb_ontology?abbrev=FA 17:1
286.27405	286.2741	.0000	SFE 17:1	C17H32O2	[M+NH4]+	/resources/tools/chemdb_ontology?abbrev=SFE 17:1
439.36321	439.3571	.0062	ST 30:3;O3	C30H48O3	[M+H-H2O]+	/resources/tools/chemdb_ontology?abbrev=ST 30:3;O3
439.36321	439.3546	.0086	FA 28:4	C28H48O2Na	[M+Na]+	/resources/tools/chemdb_ontology?abbrev=FA 28:4
439.36321	439.3546	.0086	ST 28:1;O2	C28H48O2Na	[M+Na]+	/resources/tools/chemdb_ontology?abbrev=ST 28:1;O2
439.36321	439.3676	.0044	TG 54:7	C57H96O6	[M+2H]2+	/resources/tools/chemdb_ontology?abbrev=TG 54:7
439.36321	439.3652	.0020	TG 50:1	C53H100O6Na2	[M+2Na]2+	/resources/tools/chemdb_ontology?abbrev=TG 50:1
88.04049	88.0413	.0008	FA 11:6	C11H10O2	[M+2H]2+	/resources/tools/chemdb_ontology?abbrev=FA 11:6
88.04049	88.0389	.0016	FA 7:0	C7H14O2Na2	[M+2Na]2+	/resources/tools/chemdb_ontology?abbrev=FA 7:0
88.04049	88.0389	.0016	SFE 7:0	C7H14O2Na2	[M+2Na]2+	/resources/tools/chemdb_ontology?abbrev=SFE 7:0
255.00832	255.0087	.0004	FA 6:1;O6	C6H10O8Na2	[M+2Na-H]+	/resources/tools/chemdb_ontology?abbrev=FA 6:1;O6
367.20333	367.2115	.0082	FA 20:5;O4	C20H30O6	[M+H]+	/resources/tools/chemdb_ontology?abbrev=FA 20:5;O4
367.20333	367.2115	.0082	FA 20:4;O5	C20H32O7	[M+H-H2O]+	/resources/tools/chemdb_ontology?abbrev=FA 20:4;O5
367.20333	367.2091	.0058	FA 18:2;O4	C18H32O6Na	[M+Na]+	/resources/tools/chemdb_ontology?abbrev=FA 18:2;O4
367.20333	367.2050	.0017	PG 30:3	C36H65O10PNa2	[M+2Na]2+	/resources/tools/chemdb_ontology?abbrev=PG 30:3
490.28455	490.2904	.0059	LPC 14:0	C22H46NO7PNa	[M+Na]+	/resources/tools/chemdb_ontology?abbrev=LPC 14:0
490.28455	490.2904	.0059	LPE 17:0	C22H46NO7PNa	[M+Na]+	/resources/tools/chemdb_ontology?abbrev=LPE 17:0
490.28455	490.2904	.0059	LPE O-17:1;O	C22H46NO7PNa	[M+Na]+	/resources/tools/chemdb_ontology?abbrev=LPE O-17:1;O
490.28455	490.2904	.0059	PC O-14:0	C22H46NO7PNa	[M+Na]+	/resources/tools/chemdb_ontology?abbrev=PC O-14:0
490.28455	490.2833	.0013	ST 24:1;O4;S	C24H40O7S	[M+NH4]+	/resources/tools/chemdb_ontology?abbrev=ST 24:1;O4;S
490.28455	490.2928	.0083	LPA 21:4	C24H41O7P	[M+NH4]+	/resources/tools/chemdb_ontology?abbrev=LPA 21:4
490.28455	490.2937	.0092	NAT 22:1	C24H47NO4SNa2	[M+2Na-H]+	/resources/tools/chemdb_ontology?abbrev=NAT 22:1
447.23847	447.2377	.0007	FA 25:8;O5	C25H34O7	[M+H]+	/resources/tools/chemdb_ontology?abbrev=FA 25:8;O5
447.23847	447.2377	.0007	ST 19:2;O2;GlcA	C25H36O8	[M+H-H2O]+	/resources/tools/chemdb_ontology?abbrev=ST 19:2;O2;GlcA
447.23847	447.2353	.0032	FOH 23:6;O6	C23H36O7Na	[M+Na]+	/resources/tools/chemdb_ontology?abbrev=FOH 23:6;O6
447.23847	447.2482	.0097	LPA 17:0	C20H41O7PNa	[M+Na]+	/resources/tools/chemdb_ontology?abbrev=LPA 17:0
447.23847	447.2482	.0097	MG 22:6	C25H38O4Na2	[M+2Na-H]+	/resources/tools/chemdb_ontology?abbrev=MG 22:6
447.23847	447.2482	.0097	ST 26:3;O3	C25H38O4Na2	[M+2Na-H]+	/resources/tools/chemdb_ontology?abbrev=ST 26:3;O3
88.02131	88.0207	.0006	FA 6:1;O	C6H10O3Na2	[M+2Na]2+	/resources/tools/chemdb_ontology?abbrev=FA 6:1;O
90.01732	90.0182	.0009	FA 5:0;O2	C5H10O4Na2	[M+2Na]2+	/resources/tools/chemdb_ontology?abbrev=FA 5:0;O2
255.14753	255.1473	.0002	LPG 18:2	C24H45O9P	[M+2H]2+	/resources/tools/chemdb_ontology?abbrev=LPG 18:2
255.14753	255.1473	.0002	PA 21:1;O	C24H45O9P	[M+2H]2+	/resources/tools/chemdb_ontology?abbrev=PA 21:1;O
255.14753	255.1461	.0014	ST 27:2;O6	C27H44O6Na2	[M+2Na]2+	/resources/tools/chemdb_ontology?abbrev=ST 27:2;O6
255.14753	255.1461	.0014	ST 28:1;O6	C27H44O6Na2	[M+2Na]2+	/resources/tools/chemdb_ontology?abbrev=ST 28:1;O6
448.32693	448.3186	.0083	LPC O-15:1	C23H48NO6P	[M+H-H2O]+	/resources/tools/chemdb_ontology?abbrev=LPC O-15:1
448.32693	448.3186	.0083	LPE O-18:1	C23H48NO6P	[M+H-H2O]+	/resources/tools/chemdb_ontology?abbrev=LPE O-18:1
404.31154	404.3159	.0044	CAR 18:3	C25H43NO4	[M+H-H2O]+	/resources/tools/chemdb_ontology?abbrev=CAR 18:3
404.31154	404.3091	.0024	PG 38:0	C44H87O10P	[M+2H]2+	/resources/tools/chemdb_ontology?abbrev=PG 38:0
323.24409	323.2345	.0096	ST 21:2;O	C21H32ONa	[M+Na]+	/resources/tools/chemdb_ontology?abbrev=ST 21:2;O
323.24409	323.2463	.0022	PA O-33:2	C36H69O7P	[M+2H]2+	/resources/tools/chemdb_ontology?abbrev=PA O-33:2
382.26989	382.2717	.0018	SPBP 18:0;O2	C18H40NO5P	[M+H]+	/resources/tools/chemdb_ontology?abbrev=SPBP 18:0;O2
382.26989	382.2740	.0042	ST 25:6;O2	C25H32O2	[M+NH4]+	/resources/tools/chemdb_ontology?abbrev=ST 25:6;O2
382.26989	382.2672	.0026	PA 41:6	C44H75O8P	[M+2H]2+	/resources/tools/chemdb_ontology?abbrev=PA 41:6
382.26989	382.2705	.0006	CerPE 37:1;O3	C39H79N2O7PNa2	[M+2Na]2+	/resources/tools/chemdb_ontology?abbrev=CerPE 37:1;O3
382.26989	382.2660	.0039	DG 44:9	C47H74O5Na2	[M+2Na]2+	/resources/tools/chemdb_ontology?abbrev=DG 44:9
407.30071	407.2945	.0063	ST 28:5;O3	C28H40O3	[M+H-H2O]+	/resources/tools/chemdb_ontology?abbrev=ST 28:5;O3
407.30071	407.2921	.0086	LPA O-18:0	C21H45O6P	[M+H-H2O]+	/resources/tools/chemdb_ontology?abbrev=LPA O-18:0
407.30071	407.2920	.0087	FA 26:6	C26H40O2Na	[M+Na]+	/resources/tools/chemdb_ontology?abbrev=FA 26:6
407.30071	407.3038	.0031	PG O-40:4	C46H85O9P	[M+2H]2+	/resources/tools/chemdb_ontology?abbrev=PG O-40:4
407.30071	407.3026	.0019	TG 46:5	C49H84O6Na2	[M+2Na]2+	/resources/tools/chemdb_ontology?abbrev=TG 46:5
306.2898	306.2917	.0019	CE 15:0	C42H74O2	[M+2H]2+	/resources/tools/chemdb_ontology?abbrev=CE 15:0
403.29212	403.2843	.0078	MG 22:6	C25H38O4	[M+H]+	/resources/tools/chemdb_ontology?abbrev=MG 22:6
403.29212	403.2843	.0078	ST 26:3;O3	C25H38O4	[M+H]+	/resources/tools/chemdb_ontology?abbrev=ST 26:3;O3
403.29212	403.2843	.0078	ST 25:2;O5	C25H40O5	[M+H-H2O]+	/resources/tools/chemdb_ontology?abbrev=ST 25:2;O5
403.29212	403.2907	.0014	PA 44:6	C47H81O8P	[M+2H]2+	/resources/tools/chemdb_ontology?abbrev=PA 44:6
403.29212	403.2939	.0018	CerPE 40:1;O3	C42H85N2O7PNa2	[M+2Na]2+	/resources/tools/chemdb_ontology?abbrev=CerPE 40:1;O3
403.29212	403.2883	.0038	PA 40:0	C43H85O8PNa2	[M+2Na]2+	/resources/tools/chemdb_ontology?abbrev=PA 40:0
474.28393	474.2826	.0013	LPG 14:0	C20H41O9P	[M+NH4]+	/resources/tools/chemdb_ontology?abbrev=LPG 14:0
474.28393	474.2884	.0045	ST 24:1;O3;S	C24H40O6S	[M+NH4]+	/resources/tools/chemdb_ontology?abbrev=ST 24:1;O3;S
474.28393	474.2834	.0005	PI 39:3	C48H87O13PNa2	[M+2Na]2+	/resources/tools/chemdb_ontology?abbrev=PI 39:3
474.28393	474.2802	.0037	CAR 16:1;O2	C23H43NO6Na2	[M+2Na-H]+	/resources/tools/chemdb_ontology?abbrev=CAR 16:1;O2
445.27357	445.2796	.0060	FA 23:3;O6	C23H40O8	[M+H]+	/resources/tools/chemdb_ontology?abbrev=FA 23:3;O6
445.27357	445.2713	.0022	LPA 20:2	C23H43O7P	[M+H-H2O]+	/resources/tools/chemdb_ontology?abbrev=LPA 20:2
445.27357	445.2713	.0023	ST 28:6;O3	C28H38O3Na	[M+Na]+	/resources/tools/chemdb_ontology?abbrev=ST 28:6;O3
445.27357	445.2689	.0046	LPA O-18:1	C21H43O6PNa	[M+Na]+	/resources/tools/chemdb_ontology?abbrev=LPA O-18:1
445.27357	445.2731	.0005	NAT 20:4;O	C22H37NO5S	[M+NH4]+	/resources/tools/chemdb_ontology?abbrev=NAT 20:4;O
445.27357	445.2689	.0047	ST 26:3;O3	C26H40O3Na2	[M+2Na-H]+	/resources/tools/chemdb_ontology?abbrev=ST 26:3;O3
387.17959	387.1802	.0006	ST 22:5;O7	C22H28O7	[M+H-H2O]+	/resources/tools/chemdb_ontology?abbrev=ST 22:5;O7
387.17959	387.1778	.0018	FA 20:6;O4	C20H28O6Na	[M+Na]+	/resources/tools/chemdb_ontology?abbrev=FA 20:6;O4
387.17959	387.1891	.0095	PC 6:0	C14H28NO8P	[M+NH4]+	/resources/tools/chemdb_ontology?abbrev=PC 6:0
387.17959	387.1754	.0042	FA 18:3;O4	C18H30O6Na2	[M+2Na-H]+	/resources/tools/chemdb_ontology?abbrev=FA 18:3;O4
445.23272	445.2326	.0002	LPA 17:1	C20H39O7PNa	[M+Na]+	/resources/tools/chemdb_ontology?abbrev=LPA 17:1
445.23272	445.2325	.0002	ST 26:4;O3	C25H36O4Na2	[M+2Na-H]+	/resources/tools/chemdb_ontology?abbrev=ST 26:4;O3
409.1616	409.1598	.0019	FA 20:6;O4	C20H28O6Na2	[M+2Na-H]+	/resources/tools/chemdb_ontology?abbrev=FA 20:6;O4
402.24875	402.2486	.0001	FA 20:4;O5	C20H32O7	[M+NH4]+	/resources/tools/chemdb_ontology?abbrev=FA 20:4;O5
402.24875	402.2441	.0046	PG 35:3	C41H75O10PNa2	[M+2Na]2+	/resources/tools/chemdb_ontology?abbrev=PG 35:3
332.21923	332.2220	.0028	FA 20:7;O	C20H26O3	[M+NH4]+	/resources/tools/chemdb_ontology?abbrev=FA 20:7;O
332.21923	332.2152	.0040	PG 28:2	C34H63O10P	[M+2H]2+	/resources/tools/chemdb_ontology?abbrev=PG 28:2
332.21923	332.2204	.0012	PA O-31:1	C34H67O7PNa2	[M+2Na]2+	/resources/tools/chemdb_ontology?abbrev=PA O-31:1
446.236	446.2278	.0082	LPE 14:1	C19H38NO7PNa	[M+Na]+	/resources/tools/chemdb_ontology?abbrev=LPE 14:1
269.16472	269.1630	.0017	LPG 20:2	C26H49O9P	[M+2H]2+	/resources/tools/chemdb_ontology?abbrev=LPG 20:2
500.37895	500.3754	.0035	TG 64:16	C67H98O6	[M+2H]2+	/resources/tools/chemdb_ontology?abbrev=TG 64:16
369.29341	369.2999	.0065	WE 22:2;O2	C22H40O4	[M+H]+	/resources/tools/chemdb_ontology?abbrev=WE 22:2;O2
369.29341	369.2975	.0041	MG O-17:0;O	C20H42O4Na	[M+Na]+	/resources/tools/chemdb_ontology?abbrev=MG O-17:0;O
181.0239	181.0260	.0021	FA 10:7	C10H6O2Na	[M+Na]+	/resources/tools/chemdb_ontology?abbrev=FA 10:7
377.22142	377.2298	.0084	FA 20:3;O3	C20H34O5Na	[M+Na]+	/resources/tools/chemdb_ontology?abbrev=FA 20:3;O3
377.22142	377.2257	.0043	PA 37:5	C40H69O8PNa2	[M+2Na]2+	/resources/tools/chemdb_ontology?abbrev=PA 37:5
377.22142	377.2274	.0060	FA 18:0;O3	C18H36O5Na2	[M+2Na-H]+	/resources/tools/chemdb_ontology?abbrev=FA 18:0;O3
388.31642	388.3142	.0022	PA 41:0	C44H87O8P	[M+2H]2+	/resources/tools/chemdb_ontology?abbrev=PA 41:0
388.31642	388.3130	.0034	DG 44:3	C47H86O5Na2	[M+2Na]2+	/resources/tools/chemdb_ontology?abbrev=DG 44:3
352.24527	352.2458	.0006	CAR 11:0	C18H35NO4Na	[M+Na]+	/resources/tools/chemdb_ontology?abbrev=CAR 11:0
352.24527	352.2482	.0030	FA 20:5;O2	C20H30O4	[M+NH4]+	/resources/tools/chemdb_ontology?abbrev=FA 20:5;O2
352.24527	352.2417	.0036	CerPE 34:2;O2	C36H71N2O6PNa2	[M+2Na]2+	/resources/tools/chemdb_ontology?abbrev=CerPE 34:2;O2
383.33755	383.3308	.0067	ST 27:3;O	C27H42O	[M+H]+	/resources/tools/chemdb_ontology?abbrev=ST 27:3;O
383.33755	383.3308	.0067	ST 27:2;O2	C27H44O2	[M+H-H2O]+	/resources/tools/chemdb_ontology?abbrev=ST 27:2;O2
616.33311	616.3245	.0086	PE 25:4;O3	C30H52NO11P	[M+H-H2O]+	/resources/tools/chemdb_ontology?abbrev=PE 25:4;O3
616.33311	616.3350	.0018	LPC 22:4	C30H54NO7PNa2	[M+2Na-H]+	/resources/tools/chemdb_ontology?abbrev=LPC 22:4
372.32146	372.3261	.0046	NA 25:4;O	C25H43NO2	[M+H-H2O]+	/resources/tools/chemdb_ontology?abbrev=NA 25:4;O
372.32146	372.3261	.0046	NAE 23:4	C25H43NO2	[M+H-H2O]+	/resources/tools/chemdb_ontology?abbrev=NAE 23:4
372.32146	372.3261	.0046	ST 25:3;O	C25H38O	[M+NH4]+	/resources/tools/chemdb_ontology?abbrev=ST 25:3;O
617.53502	617.5268	.0082	CE 14:1	C41H70O2Na	[M+Na]+	/resources/tools/chemdb_ontology?abbrev=CE 14:1
336.25047	336.2533	.0028	FA 20:5;O	C20H30O3	[M+NH4]+	/resources/tools/chemdb_ontology?abbrev=FA 20:5;O
336.25047	336.2541	.0037	PA O-35:3	C38H71O7P	[M+2H]2+	/resources/tools/chemdb_ontology?abbrev=PA O-35:3
225.03249	225.0346	.0021	FA 6:0;O4	C6H12O6Na2	[M+2Na-H]+	/resources/tools/chemdb_ontology?abbrev=FA 6:0;O4
312.25325	312.2533	.0001	CAR 11:0	C18H35NO4	[M+H-H2O]+	/resources/tools/chemdb_ontology?abbrev=CAR 11:0
312.25325	312.2533	.0001	FA 18:3;O	C18H30O3	[M+NH4]+	/resources/tools/chemdb_ontology?abbrev=FA 18:3;O
390.33161	390.3366	.0050	NA 25:4;O	C25H43NO2	[M+H]+	/resources/tools/chemdb_ontology?abbrev=NA 25:4;O
390.33161	390.3366	.0050	NAE 23:4	C25H43NO2	[M+H]+	/resources/tools/chemdb_ontology?abbrev=NAE 23:4
390.33161	390.3366	.0050	FA 25:5	C25H40O2	[M+NH4]+	/resources/tools/chemdb_ontology?abbrev=FA 25:5
390.33161	390.3286	.0030	DG 44:1	C47H90O5Na2	[M+2Na]2+	/resources/tools/chemdb_ontology?abbrev=DG 44:1
390.33161	390.3363	.0046	CE 24:1	C51H90O2Na2	[M+2Na]2+	/resources/tools/chemdb_ontology?abbrev=CE 24:1
177.05411	177.0546	.0005	FA 10:6;O	C10H8O3	[M+H]+	/resources/tools/chemdb_ontology?abbrev=FA 10:6;O
177.05411	177.0546	.0005	FA 10:5;O2	C10H10O4	[M+H-H2O]+	/resources/tools/chemdb_ontology?abbrev=FA 10:5;O2
177.05411	177.0498	.0043	FA 6:0;O	C6H12O3Na2	[M+2Na-H]+	/resources/tools/chemdb_ontology?abbrev=FA 6:0;O
352.22443	352.2247	.0003	SPBP 16:1;O2	C16H34NO5P	[M+H]+	/resources/tools/chemdb_ontology?abbrev=SPBP 16:1;O2
149.02307	149.0185	.0046	FA 4:0;O	C4H8O3Na2	[M+2Na-H]+	/resources/tools/chemdb_ontology?abbrev=FA 4:0;O
386.30081	386.2985	.0023	PA 41:2	C44H83O8P	[M+2H]2+	/resources/tools/chemdb_ontology?abbrev=PA 41:2
386.30081	386.2973	.0035	DG 44:5	C47H82O5Na2	[M+2Na]2+	/resources/tools/chemdb_ontology?abbrev=DG 44:5
477.4258	477.4302	.0044	TG 59:4	C62H112O6	[M+2H]2+	/resources/tools/chemdb_ontology?abbrev=TG 59:4
491.39409	491.3859	.0081	FA 32:6	C32H52O2Na	[M+Na]+	/resources/tools/chemdb_ontology?abbrev=FA 32:6
491.39409	491.3877	.0064	NAT 24:1	C26H51NO4S	[M+NH4]+	/resources/tools/chemdb_ontology?abbrev=NAT 24:1
491.39409	491.3843	.0098	CAR 22:5	C29H47NO4	[M+NH4]+	/resources/tools/chemdb_ontology?abbrev=CAR 22:5
491.39409	491.3989	.0048	TG 62:11	C65H104O6	[M+2H]2+	/resources/tools/chemdb_ontology?abbrev=TG 62:11
491.39409	491.3965	.0024	TG 58:5	C61H108O6Na2	[M+2Na]2+	/resources/tools/chemdb_ontology?abbrev=TG 58:5
436.31797	436.3186	.0007	LPC O-14:0	C22H48NO6P	[M+H-H2O]+	/resources/tools/chemdb_ontology?abbrev=LPC O-14:0
296.25815	296.2584	.0002	SPB 18:3;O2	C18H33NO2	[M+H]+	/resources/tools/chemdb_ontology?abbrev=SPB 18:3;O2
296.25815	296.2560	.0022	SPB 16:0;O2	C16H35NO2Na	[M+Na]+	/resources/tools/chemdb_ontology?abbrev=SPB 16:0;O2
296.25815	296.2584	.0002	FA 18:3	C18H30O2	[M+NH4]+	/resources/tools/chemdb_ontology?abbrev=FA 18:3
296.25815	296.2584	.0002	SFE 18:3	C18H30O2	[M+NH4]+	/resources/tools/chemdb_ontology?abbrev=SFE 18:3
296.25815	296.2584	.0002	ST 18:0;O2	C18H30O2	[M+NH4]+	/resources/tools/chemdb_ontology?abbrev=ST 18:0;O2
296.25815	296.2584	.0003	FA 18:3	C18H30O2	[M+NH4]+	/resources/tools/chemdb_ontology?abbrev=FA 18:3
296.25815	296.2584	.0003	SFE 18:3	C18H30O2	[M+NH4]+	/resources/tools/chemdb_ontology?abbrev=SFE 18:3
389.31983	389.3162	.0036	NAE 22:6	C24H37NO2	[M+NH4]+	/resources/tools/chemdb_ontology?abbrev=NAE 22:6
389.31983	389.3208	.0010	DG 44:2	C47H88O5Na2	[M+2Na]2+	/resources/tools/chemdb_ontology?abbrev=DG 44:2
464.36691	464.3734	.0065	ST 28:2;O4	C28H46O4	[M+NH4]+	/resources/tools/chemdb_ontology?abbrev=ST 28:2;O4
434.35658	434.3629	.0063	CAR 20:2	C27H49NO4	[M+H-H2O]+	/resources/tools/chemdb_ontology?abbrev=CAR 20:2
434.35658	434.3629	.0063	ST 27:2;O3	C27H44O3	[M+NH4]+	/resources/tools/chemdb_ontology?abbrev=ST 27:2;O3
449.34795	449.3390	.0090	ST 29:3;O2	C29H46O2Na	[M+Na]+	/resources/tools/chemdb_ontology?abbrev=ST 29:3;O2
449.34795	449.3520	.0040	TG 56:11	C59H92O6	[M+2H]2+	/resources/tools/chemdb_ontology?abbrev=TG 56:11
449.34795	449.3496	.0016	TG 52:5	C55H96O6Na2	[M+2Na]2+	/resources/tools/chemdb_ontology?abbrev=TG 52:5
229.14325	229.1434	.0002	FA 12:2;O2	C12H20O4	[M+H]+	/resources/tools/chemdb_ontology?abbrev=FA 12:2;O2
229.14325	229.1434	.0002	FA 12:1;O3	C12H22O5	[M+H-H2O]+	/resources/tools/chemdb_ontology?abbrev=FA 12:1;O3
434.3381	434.3299	.0082	NAT 21:0	C23H47NO4S	[M+H]+	/resources/tools/chemdb_ontology?abbrev=NAT 21:0
751.50939	751.5120	.0026	PI O-30:0	C39H77O12P	[M+H-H2O]+	/resources/tools/chemdb_ontology?abbrev=PI O-30:0
751.50939	751.5021	.0073	PE 36:7	C41H68NO8P	[M+NH4]+	/resources/tools/chemdb_ontology?abbrev=PE 36:7
751.50939	751.5090	.0004	CL 76:10	C85H146O17P2	[M+2H]2+	/resources/tools/chemdb_ontology?abbrev=CL 76:10
751.50939	751.5066	.0028	CL 72:4	C81H150O17P2Na2	[M+2Na]2+	/resources/tools/chemdb_ontology?abbrev=CL 72:4
479.3854	479.3884	.0030	FA 33:7;O	C33H52O3	[M+H-H2O]+	/resources/tools/chemdb_ontology?abbrev=FA 33:7;O
479.3854	479.3877	.0023	NAT 23:0	C25H51NO4S	[M+NH4]+	/resources/tools/chemdb_ontology?abbrev=NAT 23:0
479.3854	479.3835	.0019	FA 29:2	C29H54O2Na2	[M+2Na-H]+	/resources/tools/chemdb_ontology?abbrev=FA 29:2
773.49115	773.4934	.0022	CL 80:16	C89H142O17P2	[M+2H]2+	/resources/tools/chemdb_ontology?abbrev=CL 80:16
773.49115	773.4910	.0002	CL 76:10	C85H146O17P2Na2	[M+2Na]2+	/resources/tools/chemdb_ontology?abbrev=CL 76:10
463.40812	463.4122	.0040	FA 28:0;O	C28H56O3Na	[M+Na]+	/resources/tools/chemdb_ontology?abbrev=FA 28:0;O
434.3121	434.3030	.0091	LPC O-14:1	C22H46NO6P	[M+H-H2O]+	/resources/tools/chemdb_ontology?abbrev=LPC O-14:1
393.28555	393.2788	.0068	ST 27:5;O3	C27H38O3	[M+H-H2O]+	/resources/tools/chemdb_ontology?abbrev=ST 27:5;O3
393.28555	393.2882	.0026	PG O-38:4	C44H81O9P	[M+2H]2+	/resources/tools/chemdb_ontology?abbrev=PG O-38:4
393.28555	393.2870	.0014	TG 44:5	C47H80O6Na2	[M+2Na]2+	/resources/tools/chemdb_ontology?abbrev=TG 44:5
393.28555	393.2808	.0047	CerPE 40:3;O2	C42H81N2O6PNa2	[M+2Na]2+	/resources/tools/chemdb_ontology?abbrev=CerPE 40:3;O2
263.08064	263.0890	.0084	FA 12:4;O3	C12H16O5Na	[M+Na]+	/resources/tools/chemdb_ontology?abbrev=FA 12:4;O3
263.08064	263.0866	.0059	FA 10:1;O3	C10H18O5Na2	[M+2Na-H]+	/resources/tools/chemdb_ontology?abbrev=FA 10:1;O3
463.36373	463.3546	.0091	FA 30:6	C30H48O2Na	[M+Na]+	/resources/tools/chemdb_ontology?abbrev=FA 30:6
463.36373	463.3546	.0091	ST 30:3;O2	C30H48O2Na	[M+Na]+	/resources/tools/chemdb_ontology?abbrev=ST 30:3;O2
463.36373	463.3564	.0073	NAT 22:1	C24H47NO4S	[M+NH4]+	/resources/tools/chemdb_ontology?abbrev=NAT 22:1
463.36373	463.3676	.0039	TG 58:11	C61H96O6	[M+2H]2+	/resources/tools/chemdb_ontology?abbrev=TG 58:11
463.36373	463.3652	.0015	TG 54:5	C57H100O6Na2	[M+2Na]2+	/resources/tools/chemdb_ontology?abbrev=TG 54:5
477.37937	477.3721	.0073	NAT 23:1	C25H49NO4S	[M+NH4]+	/resources/tools/chemdb_ontology?abbrev=NAT 23:1
477.37937	477.3833	.0039	TG 60:11	C63H100O6	[M+2H]2+	/resources/tools/chemdb_ontology?abbrev=TG 60:11
477.37937	477.3809	.0015	TG 56:5	C59H104O6Na2	[M+2Na]2+	/resources/tools/chemdb_ontology?abbrev=TG 56:5
376.25892	376.2611	.0022	SPBP 19:1;O2	C19H40NO5P	[M+H-H2O]+	/resources/tools/chemdb_ontology?abbrev=SPBP 19:1;O2
434.28974	434.2877	.0021	CAR 16:2;O	C23H41NO5Na	[M+Na]+	/resources/tools/chemdb_ontology?abbrev=CAR 16:2;O
394.28877	394.2952	.0064	CAR 16:2;O	C23H41NO5	[M+H-H2O]+	/resources/tools/chemdb_ontology?abbrev=CAR 16:2;O
394.28877	394.2928	.0040	CAR 14:0	C21H41NO4Na	[M+Na]+	/resources/tools/chemdb_ontology?abbrev=CAR 14:0
394.28877	394.2952	.0064	MG 20:5	C23H36O4	[M+NH4]+	/resources/tools/chemdb_ontology?abbrev=MG 20:5
394.28877	394.2887	.0001	CerPE 40:2;O2	C42H83N2O6PNa2	[M+2Na]2+	/resources/tools/chemdb_ontology?abbrev=CerPE 40:2;O2
478.38256	478.3867	.0041	CAR 20:0	C27H53NO4Na	[M+Na]+	/resources/tools/chemdb_ontology?abbrev=CAR 20:0
478.38256	478.3891	.0065	ST 29:2;O4	C29H48O4	[M+NH4]+	/resources/tools/chemdb_ontology?abbrev=ST 29:2;O4
350.20872	350.2173	.0086	FA 16:2;O5	C16H28O7	[M+NH4]+	/resources/tools/chemdb_ontology?abbrev=FA 16:2;O5
350.20872	350.2076	.0011	PI 24:0	C33H63O13P	[M+2H]2+	/resources/tools/chemdb_ontology?abbrev=PI 24:0
464.40764	464.4098	.0022	ST 29:1;O3	C29H50O3	[M+NH4]+	/resources/tools/chemdb_ontology?abbrev=ST 29:1;O3
342.2628	342.2639	.0011	CAR 12:0;O	C19H37NO5	[M+H-H2O]+	/resources/tools/chemdb_ontology?abbrev=CAR 12:0;O
342.2628	342.2639	.0011	FA 19:3;O2	C19H32O4	[M+NH4]+	/resources/tools/chemdb_ontology?abbrev=FA 19:3;O2
353.20683	353.2087	.0019	ST 21:3;O3	C21H30O3Na	[M+Na]+	/resources/tools/chemdb_ontology?abbrev=ST 21:3;O3
353.20683	353.2063	.0005	FA 19:3;O	C19H32O3Na2	[M+2Na-H]+	/resources/tools/chemdb_ontology?abbrev=FA 19:3;O
434.55562	434.5599	.0043	CoA 3:0	C24H40N7O17P3SNa2	[M+2Na]2+	/resources/tools/chemdb_ontology?abbrev=CoA 3:0
474.26742	474.2615	.0059	LPE 18:4	C23H40NO7P	[M+H]+	/resources/tools/chemdb_ontology?abbrev=LPE 18:4
474.26742	474.2591	.0083	LPE 16:1	C21H42NO7PNa	[M+Na]+	/resources/tools/chemdb_ontology?abbrev=LPE 16:1
474.26742	474.2591	.0083	PC O-13:1	C21H42NO7PNa	[M+Na]+	/resources/tools/chemdb_ontology?abbrev=PC O-13:1
474.26742	474.2615	.0059	LPA 20:5	C23H37O7P	[M+NH4]+	/resources/tools/chemdb_ontology?abbrev=LPA 20:5
229.02819	229.0319	.0037	FA 7:2;O5	C7H10O7Na	[M+Na]+	/resources/tools/chemdb_ontology?abbrev=FA 7:2;O5
435.31523	435.3105	.0047	ST 26:2;O5	C26H42O5	[M+H]+	/resources/tools/chemdb_ontology?abbrev=ST 26:2;O5
435.31523	435.3234	.0082	LPA O-20:0	C23H49O6P	[M+H-H2O]+	/resources/tools/chemdb_ontology?abbrev=LPA O-20:0
435.31523	435.3233	.0081	FA 28:6	C28H44O2Na	[M+Na]+	/resources/tools/chemdb_ontology?abbrev=FA 28:6
435.31523	435.3233	.0081	ST 28:3;O2	C28H44O2Na	[M+Na]+	/resources/tools/chemdb_ontology?abbrev=ST 28:3;O2
435.31523	435.3251	.0099	NAT 20:1	C22H43NO4S	[M+NH4]+	/resources/tools/chemdb_ontology?abbrev=NAT 20:1
435.31523	435.3169	.0017	PG 43:4	C49H89O10P	[M+2H]2+	/resources/tools/chemdb_ontology?abbrev=PG 43:4
435.31523	435.3209	.0057	FA 26:3	C26H46O2Na2	[M+2Na-H]+	/resources/tools/chemdb_ontology?abbrev=FA 26:3
435.31523	435.3209	.0057	WE 26:3	C26H46O2Na2	[M+2Na-H]+	/resources/tools/chemdb_ontology?abbrev=WE 26:3
450.30629	450.2979	.0084	LPC 14:0	C22H46NO7P	[M+H-H2O]+	/resources/tools/chemdb_ontology?abbrev=LPC 14:0
450.30629	450.2979	.0084	LPE 17:0	C22H46NO7P	[M+H-H2O]+	/resources/tools/chemdb_ontology?abbrev=LPE 17:0
450.30629	450.2979	.0084	LPE O-17:1;O	C22H46NO7P	[M+H-H2O]+	/resources/tools/chemdb_ontology?abbrev=LPE O-17:1;O
450.30629	450.2979	.0084	PC O-14:0	C22H46NO7P	[M+H-H2O]+	/resources/tools/chemdb_ontology?abbrev=PC O-14:0
450.30629	450.3040	.0023	PI O-40:5	C49H87O12P	[M+2H]2+	/resources/tools/chemdb_ontology?abbrev=PI O-40:5
277.14326	277.1394	.0039	CAR 4:2;O2	C11H17NO6	[M+NH4]+	/resources/tools/chemdb_ontology?abbrev=CAR 4:2;O2
315.13372	315.1373	.0036	LPI 17:1	C26H49O12PNa2	[M+2Na]2+	/resources/tools/chemdb_ontology?abbrev=LPI 17:1
315.13372	315.1373	.0036	PG 20:1;O2	C26H49O12PNa2	[M+2Na]2+	/resources/tools/chemdb_ontology?abbrev=PG 20:1;O2
315.13372	315.1331	.0006	FA 18:7	C18H22O2Na2	[M+2Na-H]+	/resources/tools/chemdb_ontology?abbrev=FA 18:7
315.13372	315.1331	.0006	ST 18:4;O2	C18H22O2Na2	[M+2Na-H]+	/resources/tools/chemdb_ontology?abbrev=ST 18:4;O2
659.37324	659.3659	.0073	PA 30:3	C33H59O8PNa2	[M+2Na-H]+	/resources/tools/chemdb_ontology?abbrev=PA 30:3
329.14927	329.1472	.0021	LPC 3:1	C11H22NO7P	[M+NH4]+	/resources/tools/chemdb_ontology?abbrev=LPC 3:1
329.14927	329.1529	.0037	LPI 19:1	C28H53O12PNa2	[M+2Na]2+	/resources/tools/chemdb_ontology?abbrev=LPI 19:1
425.25439	425.2534	.0010	FOH 23:6;O6	C23H36O7	[M+H]+	/resources/tools/chemdb_ontology?abbrev=FOH 23:6;O6
425.25439	425.2638	.0094	FOH 23:4;O3	C23H40O4Na2	[M+2Na-H]+	/resources/tools/chemdb_ontology?abbrev=FOH 23:4;O3
425.25439	425.2638	.0094	MG 20:3	C23H40O4Na2	[M+2Na-H]+	/resources/tools/chemdb_ontology?abbrev=MG 20:3
425.25439	425.2638	.0094	ST 23:0;O4	C23H40O4Na2	[M+2Na-H]+	/resources/tools/chemdb_ontology?abbrev=ST 23:0;O4
377.14641	377.1547	.0083	FA 16:2;O5	C16H28O7Na2	[M+2Na-H]+	/resources/tools/chemdb_ontology?abbrev=FA 16:2;O5
327.27503	327.2682	.0068	FA 23:5	C23H36O2	[M+H-H2O]+	/resources/tools/chemdb_ontology?abbrev=FA 23:5
327.27503	327.2682	.0068	ST 23:2;O2	C23H36O2	[M+H-H2O]+	/resources/tools/chemdb_ontology?abbrev=ST 23:2;O2
327.27503	327.2658	.0092	ST 21:0;O	C21H36ONa	[M+Na]+	/resources/tools/chemdb_ontology?abbrev=ST 21:0;O
475.27018	475.2724	.0022	ST 24:0;O4;S	C24H42O7S	[M+H]+	/resources/tools/chemdb_ontology?abbrev=ST 24:0;O4;S
475.27018	475.2795	.0093	LPA 19:0	C22H45O7PNa	[M+Na]+	/resources/tools/chemdb_ontology?abbrev=LPA 19:0
475.27018	475.2795	.0093	ST 27:3;O4	C27H42O4Na2	[M+2Na-H]+	/resources/tools/chemdb_ontology?abbrev=ST 27:3;O4
475.27018	475.2795	.0093	ST 28:2;O4	C27H42O4Na2	[M+2Na-H]+	/resources/tools/chemdb_ontology?abbrev=ST 28:2;O4
397.2588	397.2585	.0003	FA 22:4;O4	C22H36O6	[M+H]+	/resources/tools/chemdb_ontology?abbrev=FA 22:4;O4
397.2588	397.2585	.0003	WE 22:3;O5	C22H38O7	[M+H-H2O]+	/resources/tools/chemdb_ontology?abbrev=WE 22:3;O5
397.2588	397.2601	.0013	SQDG 32:1	C41H76O12S	[M+2H]2+	/resources/tools/chemdb_ontology?abbrev=SQDG 32:1
397.2588	397.2543	.0045	PG 38:7	C44H73O10P	[M+2H]2+	/resources/tools/chemdb_ontology?abbrev=PG 38:7
328.27832	328.2846	.0063	FA 19:2;O	C19H34O3	[M+NH4]+	/resources/tools/chemdb_ontology?abbrev=FA 19:2;O
328.27832	328.2737	.0047	CE 15:0	C42H74O2Na2	[M+2Na]2+	/resources/tools/chemdb_ontology?abbrev=CE 15:0
428.26853	428.2772	.0086	LPA 16:0	C19H39O7P	[M+NH4]+	/resources/tools/chemdb_ontology?abbrev=LPA 16:0
428.26853	428.2703	.0018	PI O-33:0	C42H83O12PNa2	[M+2Na]2+	/resources/tools/chemdb_ontology?abbrev=PI O-33:0
516.33116	516.3320	.0008	ST 30:6;O6	C30H42O6	[M+NH4]+	/resources/tools/chemdb_ontology?abbrev=ST 30:6;O6
516.33116	516.3296	.0016	LPG 17:0	C23H47O9P	[M+NH4]+	/resources/tools/chemdb_ontology?abbrev=LPG 17:0
282.22167	282.2189	.0027	ST 28:1;O;Hex	C34H58O6	[M+2H]2+	/resources/tools/chemdb_ontology?abbrev=ST 28:1;O;Hex
419.27495	419.2768	.0018	FA 23:3;O3	C23H40O5Na	[M+Na]+	/resources/tools/chemdb_ontology?abbrev=FA 23:3;O3
419.27495	419.2768	.0018	ST 23:0;O5	C23H40O5Na	[M+Na]+	/resources/tools/chemdb_ontology?abbrev=ST 23:0;O5
419.27495	419.2780	.0031	PI 34:1	C43H81O13P	[M+2H]2+	/resources/tools/chemdb_ontology?abbrev=PI 34:1
473.26429	473.2663	.0020	LPA 21:4	C24H41O7P	[M+H]+	/resources/tools/chemdb_ontology?abbrev=LPA 21:4
473.26429	473.2567	.0075	ST 24:1;O4;S	C24H40O7S	[M+H]+	/resources/tools/chemdb_ontology?abbrev=ST 24:1;O4;S
473.26429	473.2639	.0004	LPA 19:1	C22H43O7PNa	[M+Na]+	/resources/tools/chemdb_ontology?abbrev=LPA 19:1
473.26429	473.2622	.0020	LPS 13:0	C19H38NO9P	[M+NH4]+	/resources/tools/chemdb_ontology?abbrev=LPS 13:0
473.26429	473.2638	.0005	ST 27:4;O4	C27H40O4Na2	[M+2Na-H]+	/resources/tools/chemdb_ontology?abbrev=ST 27:4;O4
473.26429	473.2638	.0005	ST 28:3;O4	C27H40O4Na2	[M+2Na-H]+	/resources/tools/chemdb_ontology?abbrev=ST 28:3;O4
432.23751	432.2365	.0010	PI 33:3	C42H75O13PNa2	[M+2Na]2+	/resources/tools/chemdb_ontology?abbrev=PI 33:3
502.31566	502.3139	.0017	LPG 16:0	C22H45O9P	[M+NH4]+	/resources/tools/chemdb_ontology?abbrev=LPG 16:0
502.31566	502.3115	.0042	CAR 18:1;O2	C25H47NO6Na2	[M+2Na-H]+	/resources/tools/chemdb_ontology?abbrev=CAR 18:1;O2
438.19624	438.1887	.0075	PS 12:0	C18H34NO10P	[M+H-H2O]+	/resources/tools/chemdb_ontology?abbrev=PS 12:0
473.30602	473.3026	.0034	LPA 22:2	C25H47O7P	[M+H-H2O]+	/resources/tools/chemdb_ontology?abbrev=LPA 22:2
473.30602	473.3002	.0058	LPA O-20:1	C23H47O6PNa	[M+Na]+	/resources/tools/chemdb_ontology?abbrev=LPA O-20:1
473.30602	473.3002	.0058	ST 28:3;O3	C28H44O3Na2	[M+2Na-H]+	/resources/tools/chemdb_ontology?abbrev=ST 28:3;O3
437.19295	437.2017	.0088	FA 19:2;O10	C19H34O12	[M+H-H2O]+	/resources/tools/chemdb_ontology?abbrev=FA 19:2;O10
437.19295	437.1911	.0019	FA 22:6;O4	C22H32O6Na2	[M+2Na-H]+	/resources/tools/chemdb_ontology?abbrev=FA 22:6;O4
415.21107	415.2091	.0020	FA 22:6;O4	C22H32O6Na	[M+Na]+	/resources/tools/chemdb_ontology?abbrev=FA 22:6;O4
415.21107	415.2204	.0093	PC 8:0	C16H32NO8P	[M+NH4]+	/resources/tools/chemdb_ontology?abbrev=PC 8:0
415.21107	415.2067	.0044	FA 20:3;O4	C20H34O6Na2	[M+2Na-H]+	/resources/tools/chemdb_ontology?abbrev=FA 20:3;O4
294.24248	294.2403	.0021	NAE 14:0	C16H33NO2Na	[M+Na]+	/resources/tools/chemdb_ontology?abbrev=NAE 14:0
294.24248	294.2403	.0021	SPB 16:1;O2	C16H33NO2Na	[M+Na]+	/resources/tools/chemdb_ontology?abbrev=SPB 16:1;O2
294.24248	294.2427	.0003	FA 18:4	C18H28O2	[M+NH4]+	/resources/tools/chemdb_ontology?abbrev=FA 18:4
294.24248	294.2427	.0003	ST 18:1;O2	C18H28O2	[M+NH4]+	/resources/tools/chemdb_ontology?abbrev=ST 18:1;O2
327.08341	327.0815	.0019	FA 14:5;O4	C14H18O6Na2	[M+2Na-H]+	/resources/tools/chemdb_ontology?abbrev=FA 14:5;O4
378.24863	378.2404	.0082	LPC O-10:1	C18H38NO6P	[M+H-H2O]+	/resources/tools/chemdb_ontology?abbrev=LPC O-10:1
378.24863	378.2465	.0021	PG 35:5	C41H71O10P	[M+2H]2+	/resources/tools/chemdb_ontology?abbrev=PG 35:5
378.24863	378.2517	.0031	PA O-38:4	C41H75O7PNa2	[M+2Na]2+	/resources/tools/chemdb_ontology?abbrev=PA O-38:4
503.31897	503.3108	.0082	LPA 21:0	C24H49O7PNa	[M+Na]+	/resources/tools/chemdb_ontology?abbrev=LPA 21:0
503.31897	503.3092	.0098	LPS O-15:0;O	C21H44NO9P	[M+NH4]+	/resources/tools/chemdb_ontology?abbrev=LPS O-15:0;O
503.31897	503.3226	.0036	PI 43:2	C52H97O13PNa2	[M+2Na]2+	/resources/tools/chemdb_ontology?abbrev=PI 43:2
503.31897	503.3108	.0082	ST 29:3;O4	C29H46O4Na2	[M+2Na-H]+	/resources/tools/chemdb_ontology?abbrev=ST 29:3;O4
616.46254	616.4700	.0075	LPE O-29:2;O	C34H68NO7P	[M+H-H2O]+	/resources/tools/chemdb_ontology?abbrev=LPE O-29:2;O
616.46254	616.4700	.0075	PE O-29:1	C34H68NO7P	[M+H-H2O]+	/resources/tools/chemdb_ontology?abbrev=PE O-29:1
283.24885	283.2420	.0068	ST 21:2;O	C21H32O	[M+H-H2O]+	/resources/tools/chemdb_ontology?abbrev=ST 21:2;O
283.24885	283.2396	.0092	ST 19:0	C19H32Na	[M+Na]+	/resources/tools/chemdb_ontology?abbrev=ST 19:0
283.24885	283.2450	.0039	DG 32:2	C35H64O5	[M+2H]2+	/resources/tools/chemdb_ontology?abbrev=DG 32:2
283.24885	283.2502	.0013	WE 35:1	C35H68O2Na2	[M+2Na]2+	/resources/tools/chemdb_ontology?abbrev=WE 35:1
459.28737	459.2846	.0028	ST 27:3;O3	C27H42O3Na2	[M+2Na-H]+	/resources/tools/chemdb_ontology?abbrev=ST 27:3;O3
269.16348	269.1536	.0099	FA 18:8	C18H20O2	[M+H]+	/resources/tools/chemdb_ontology?abbrev=FA 18:8
269.16348	269.1536	.0099	ST 18:5;O2	C18H20O2	[M+H]+	/resources/tools/chemdb_ontology?abbrev=ST 18:5;O2
269.16348	269.1536	.0099	FA 18:7;O	C18H22O3	[M+H-H2O]+	/resources/tools/chemdb_ontology?abbrev=FA 18:7;O
269.16348	269.1536	.0099	ST 18:4;O3	C18H22O3	[M+H-H2O]+	/resources/tools/chemdb_ontology?abbrev=ST 18:4;O3
269.16348	269.1630	.0005	LPG 20:2	C26H49O9P	[M+2H]2+	/resources/tools/chemdb_ontology?abbrev=LPG 20:2
329.29894	329.3050	.0061	FA 20:0;O	C20H40O3	[M+H]+	/resources/tools/chemdb_ontology?abbrev=FA 20:0;O
329.29894	329.3050	.0061	MG O-17:0;O	C20H42O4	[M+H-H2O]+	/resources/tools/chemdb_ontology?abbrev=MG O-17:0;O
851.39621	851.3929	.0033	PI 30:4;O2	C39H67O15PNa2	[M+2Na-H]+	/resources/tools/chemdb_ontology?abbrev=PI 30:4;O2
249.20601	249.2031	.0029	FA 33:7;O	C33H52O3	[M+2H]2+	/resources/tools/chemdb_ontology?abbrev=FA 33:7;O
307.25909	307.2632	.0041	FA 20:3	C20H34O2	[M+H]+	/resources/tools/chemdb_ontology?abbrev=FA 20:3
307.25909	307.2632	.0041	SFE 20:3	C20H34O2	[M+H]+	/resources/tools/chemdb_ontology?abbrev=SFE 20:3
307.25909	307.2632	.0041	WE 20:3	C20H34O2	[M+H]+	/resources/tools/chemdb_ontology?abbrev=WE 20:3
307.25909	307.2632	.0041	FA 20:2;O	C20H36O3	[M+H-H2O]+	/resources/tools/chemdb_ontology?abbrev=FA 20:2;O
307.25909	307.2607	.0017	FA 18:0	C18H36O2Na	[M+Na]+	/resources/tools/chemdb_ontology?abbrev=FA 18:0
307.25909	307.2607	.0017	SFE 18:0	C18H36O2Na	[M+Na]+	/resources/tools/chemdb_ontology?abbrev=SFE 18:0
307.25909	307.2607	.0017	WE 18:0	C18H36O2Na	[M+Na]+	/resources/tools/chemdb_ontology?abbrev=WE 18:0
506.32692	506.3241	.0028	LPC 17:2	C25H48NO7P	[M+H]+	/resources/tools/chemdb_ontology?abbrev=LPC 17:2
506.32692	506.3241	.0028	LPE 20:2	C25H48NO7P	[M+H]+	/resources/tools/chemdb_ontology?abbrev=LPE 20:2
506.32692	506.3241	.0028	PE 20:0	C25H50NO8P	[M+H-H2O]+	/resources/tools/chemdb_ontology?abbrev=PE 20:0
506.32692	506.3250	.0019	NAT 23:0	C25H51NO4SNa2	[M+2Na-H]+	/resources/tools/chemdb_ontology?abbrev=NAT 23:0
314.34199	314.3417	.0003	FA 20:0;O	C20H40O	[M+NH4]+	/resources/tools/chemdb_ontology?abbrev=FA 20:0;O
334.23509	334.2377	.0026	FA 20:6;O	C20H28O3	[M+NH4]+	/resources/tools/chemdb_ontology?abbrev=FA 20:6;O
334.23509	334.2377	.0026	ST 20:3;O3	C20H28O3	[M+NH4]+	/resources/tools/chemdb_ontology?abbrev=ST 20:3;O3
334.23509	334.2309	.0042	PG 28:0	C34H67O10P	[M+2H]2+	/resources/tools/chemdb_ontology?abbrev=PG 28:0
674.50413	674.5119	.0078	PE O-32:2	C37H72NO7P	[M+H]+	/resources/tools/chemdb_ontology?abbrev=PE O-32:2
674.50413	674.5119	.0078	PC 29:0	C37H74NO8P	[M+H-H2O]+	/resources/tools/chemdb_ontology?abbrev=PC 29:0
674.50413	674.5119	.0078	PE 32:0	C37H74NO8P	[M+H-H2O]+	/resources/tools/chemdb_ontology?abbrev=PE 32:0
674.50413	674.5119	.0078	PA O-34:3	C37H69O7P	[M+NH4]+	/resources/tools/chemdb_ontology?abbrev=PA O-34:3
428.30331	428.3007	.0027	FA 23:4;O4	C23H38O6	[M+NH4]+	/resources/tools/chemdb_ontology?abbrev=FA 23:4;O4
299.25142	299.2581	.0066	FA 18:1;O	C18H34O3	[M+H]+	/resources/tools/chemdb_ontology?abbrev=FA 18:1;O
299.25142	299.2581	.0066	FA 18:0;O2	C18H36O4	[M+H-H2O]+	/resources/tools/chemdb_ontology?abbrev=FA 18:0;O2
299.25142	299.2581	.0066	MG O-15:1;O	C18H36O4	[M+H-H2O]+	/resources/tools/chemdb_ontology?abbrev=MG O-15:1;O
371.30901	371.3156	.0066	FA 22:1;O2	C22H42O4	[M+H]+	/resources/tools/chemdb_ontology?abbrev=FA 22:1;O2
371.30901	371.3050	.0040	TG 44:5	C47H80O6	[M+2H]2+	/resources/tools/chemdb_ontology?abbrev=TG 44:5
269.12832	269.1359	.0076	FA 12:1;O3	C12H22O5Na	[M+Na]+	/resources/tools/chemdb_ontology?abbrev=FA 12:1;O3
388.31623	388.3142	.0020	PA 41:0	C44H87O8P	[M+2H]2+	/resources/tools/chemdb_ontology?abbrev=PA 41:0
388.31623	388.3130	.0033	DG 44:3	C47H86O5Na2	[M+2Na]2+	/resources/tools/chemdb_ontology?abbrev=DG 44:3
219.18665	219.1849	.0018	ST 27:0;O4	C27H48O4	[M+2H]2+	/resources/tools/chemdb_ontology?abbrev=ST 27:0;O4
728.51423	728.5225	.0082	PC 32:3	C40H74NO8P	[M+H]+	/resources/tools/chemdb_ontology?abbrev=PC 32:3
728.51423	728.5225	.0082	PE 35:3	C40H74NO8P	[M+H]+	/resources/tools/chemdb_ontology?abbrev=PE 35:3
728.51423	728.5225	.0082	PS O-34:2	C40H76NO9P	[M+H-H2O]+	/resources/tools/chemdb_ontology?abbrev=PS O-34:2
728.51423	728.5201	.0058	PC 30:0	C38H76NO8PNa	[M+Na]+	/resources/tools/chemdb_ontology?abbrev=PC 30:0
728.51423	728.5201	.0058	PE 33:0	C38H76NO8PNa	[M+Na]+	/resources/tools/chemdb_ontology?abbrev=PE 33:0
728.51423	728.5225	.0082	PA 37:4	C40H71O8P	[M+NH4]+	/resources/tools/chemdb_ontology?abbrev=PA 37:4
728.51423	728.5169	.0026	CL 72:5	C81H148O17P2	[M+2H]2+	/resources/tools/chemdb_ontology?abbrev=CL 72:5
728.51423	728.5048	.0095	HexCer 33:2;O2	C39H73NO8Na2	[M+2Na-H]+	/resources/tools/chemdb_ontology?abbrev=HexCer 33:2;O2
292.22528	292.2271	.0018	FA 18:5	C18H26O2	[M+NH4]+	/resources/tools/chemdb_ontology?abbrev=FA 18:5
292.22528	292.2271	.0018	SFE 18:5	C18H26O2	[M+NH4]+	/resources/tools/chemdb_ontology?abbrev=SFE 18:5
292.22528	292.2271	.0018	ST 18:2;O2	C18H26O2	[M+NH4]+	/resources/tools/chemdb_ontology?abbrev=ST 18:2;O2
292.22528	292.2271	.0018	WE 18:5	C18H26O2	[M+NH4]+	/resources/tools/chemdb_ontology?abbrev=WE 18:5
292.22528	292.2267	.0014	FA 37:6	C37H62O2Na2	[M+2Na]2+	/resources/tools/chemdb_ontology?abbrev=FA 37:6
621.27176	621.2775	.0057	PA 25:3;O2	C28H49O10PNa2	[M+2Na-H]+	/resources/tools/chemdb_ontology?abbrev=PA 25:3;O2
312.20693	312.2169	.0100	CAR 10:2	C17H29NO4	[M+H]+	/resources/tools/chemdb_ontology?abbrev=CAR 10:2
312.20693	312.2169	.0100	CAR 10:1;O	C17H31NO5	[M+H-H2O]+	/resources/tools/chemdb_ontology?abbrev=CAR 10:1;O
312.20693	312.2048	.0021	PA O-28:0	C31H63O7PNa2	[M+2Na]2+	/resources/tools/chemdb_ontology?abbrev=PA O-28:0
344.27866	344.2795	.0009	CAR 12:0	C19H37NO4	[M+H]+	/resources/tools/chemdb_ontology?abbrev=CAR 12:0
344.27866	344.2795	.0009	FA 19:2;O2	C19H34O4	[M+NH4]+	/resources/tools/chemdb_ontology?abbrev=FA 19:2;O2
344.27866	344.2795	.0009	FOH 19:3;O3	C19H34O4	[M+NH4]+	/resources/tools/chemdb_ontology?abbrev=FOH 19:3;O3
344.27866	344.2754	.0033	CerPE 36:2;O2	C38H75N2O6P	[M+2H]2+	/resources/tools/chemdb_ontology?abbrev=CerPE 36:2;O2
344.27866	344.2754	.0033	SM 33:2;O2	C38H75N2O6P	[M+2H]2+	/resources/tools/chemdb_ontology?abbrev=SM 33:2;O2
327.28283	327.2894	.0065	FA 20:1;O	C20H38O3	[M+H]+	/resources/tools/chemdb_ontology?abbrev=FA 20:1;O
327.28283	327.2894	.0065	FA 20:0;O2	C20H40O4	[M+H-H2O]+	/resources/tools/chemdb_ontology?abbrev=FA 20:0;O2
327.28283	327.2894	.0065	MG 17:0	C20H40O4	[M+H-H2O]+	/resources/tools/chemdb_ontology?abbrev=MG 17:0
327.28283	327.2894	.0065	MG O-17:1;O	C20H40O4	[M+H-H2O]+	/resources/tools/chemdb_ontology?abbrev=MG O-17:1;O
440.27645	440.2772	.0007	LPC 12:0	C20H42NO7P	[M+H]+	/resources/tools/chemdb_ontology?abbrev=LPC 12:0
440.27645	440.2772	.0007	LPE 15:0	C20H42NO7P	[M+H]+	/resources/tools/chemdb_ontology?abbrev=LPE 15:0
440.27645	440.2772	.0007	LPE O-15:1;O	C20H42NO7P	[M+H]+	/resources/tools/chemdb_ontology?abbrev=LPE O-15:1;O
440.27645	440.2805	.0040	NAT 20:1	C22H43NO4SNa	[M+Na]+	/resources/tools/chemdb_ontology?abbrev=NAT 20:1
440.27645	440.2772	.0007	LPA 17:1	C20H39O7P	[M+NH4]+	/resources/tools/chemdb_ontology?abbrev=LPA 17:1
440.27645	440.2780	.0015	PG O-42:7	C48H83O9PNa2	[M+2Na]2+	/resources/tools/chemdb_ontology?abbrev=PG O-42:7
440.27645	440.2747	.0017	CAR 16:2	C23H41NO4Na2	[M+2Na-H]+	/resources/tools/chemdb_ontology?abbrev=CAR 16:2
241.1731	241.1798	.0067	FA 14:2;O	C14H24O3	[M+H]+	/resources/tools/chemdb_ontology?abbrev=FA 14:2;O
241.1731	241.1798	.0067	FA 14:1;O2	C14H26O4	[M+H-H2O]+	/resources/tools/chemdb_ontology?abbrev=FA 14:1;O2
445.24537	445.2443	.0011	PI 35:4	C44H77O13PNa2	[M+2Na]2+	/resources/tools/chemdb_ontology?abbrev=PI 35:4
543.26042	543.2565	.0039	LPI 14:1	C23H43O12P	[M+H]+	/resources/tools/chemdb_ontology?abbrev=LPI 14:1
543.26042	543.2693	.0089	PA 22:2;O	C25H45O9PNa	[M+Na]+	/resources/tools/chemdb_ontology?abbrev=PA 22:2;O
543.26042	543.2669	.0065	LPG 17:0	C23H47O9PNa2	[M+2Na-H]+	/resources/tools/chemdb_ontology?abbrev=LPG 17:0
543.26042	543.2693	.0089	ST 30:6;O6	C30H42O6Na2	[M+2Na-H]+	/resources/tools/chemdb_ontology?abbrev=ST 30:6;O6
451.26892	451.2690	.0001	FA 25:5;O6	C25H40O8	[M+H-H2O]+	/resources/tools/chemdb_ontology?abbrev=FA 25:5;O6
451.26892	451.2690	.0001	ST 19:0;O2;GlcA	C25H40O8	[M+H-H2O]+	/resources/tools/chemdb_ontology?abbrev=ST 19:0;O2;GlcA
451.26892	451.2666	.0023	FA 23:3;O5	C23H40O7Na	[M+Na]+	/resources/tools/chemdb_ontology?abbrev=FA 23:3;O5
684.48818	684.4963	.0081	PC 30:2	C38H72NO8P	[M+H-H2O]+	/resources/tools/chemdb_ontology?abbrev=PC 30:2
684.48818	684.4963	.0081	PE 33:2	C38H72NO8P	[M+H-H2O]+	/resources/tools/chemdb_ontology?abbrev=PE 33:2
684.48818	684.4939	.0057	PC O-28:1	C36H72NO7PNa	[M+Na]+	/resources/tools/chemdb_ontology?abbrev=PC O-28:1
684.48818	684.4939	.0057	PE O-31:1	C36H72NO7PNa	[M+Na]+	/resources/tools/chemdb_ontology?abbrev=PE O-31:1
684.48818	684.4810	.0072	PG 28:0	C34H67O10P	[M+NH4]+	/resources/tools/chemdb_ontology?abbrev=PG 28:0
542.30625	542.3089	.0026	PA 21:1;O2	C24H45O10P	[M+NH4]+	/resources/tools/chemdb_ontology?abbrev=PA 21:1;O2
290.20901	290.2114	.0024	FA 18:6	C18H24O2	[M+NH4]+	/resources/tools/chemdb_ontology?abbrev=FA 18:6
290.20901	290.2114	.0024	ST 18:3;O2	C18H24O2	[M+NH4]+	/resources/tools/chemdb_ontology?abbrev=ST 18:3;O2
290.20901	290.2046	.0044	PA 27:0	C30H59O8P	[M+2H]2+	/resources/tools/chemdb_ontology?abbrev=PA 27:0
479.35771	479.3496	.0082	ST 30:3;O3	C30H48O3Na	[M+Na]+	/resources/tools/chemdb_ontology?abbrev=ST 30:3;O3
381.2511	381.2483	.0028	FA 18:0;O6	C18H36O8	[M+H]+	/resources/tools/chemdb_ontology?abbrev=FA 18:0;O6
450.30637	450.2979	.0085	LPC 14:0	C22H46NO7P	[M+H-H2O]+	/resources/tools/chemdb_ontology?abbrev=LPC 14:0
450.30637	450.2979	.0085	LPE 17:0	C22H46NO7P	[M+H-H2O]+	/resources/tools/chemdb_ontology?abbrev=LPE 17:0
450.30637	450.2979	.0085	LPE O-17:1;O	C22H46NO7P	[M+H-H2O]+	/resources/tools/chemdb_ontology?abbrev=LPE O-17:1;O
450.30637	450.2979	.0085	PC O-14:0	C22H46NO7P	[M+H-H2O]+	/resources/tools/chemdb_ontology?abbrev=PC O-14:0
450.30637	450.3040	.0023	PI O-40:5	C49H87O12P	[M+2H]2+	/resources/tools/chemdb_ontology?abbrev=PI O-40:5
343.29506	343.2995	.0045	FA 24:4	C24H40O2	[M+H-H2O]+	/resources/tools/chemdb_ontology?abbrev=FA 24:4
343.29506	343.2995	.0045	ST 24:1;O2	C24H40O2	[M+H-H2O]+	/resources/tools/chemdb_ontology?abbrev=ST 24:1;O2
343.29506	343.2919	.0032	DG 41:5	C44H76O5	[M+2H]2+	/resources/tools/chemdb_ontology?abbrev=DG 41:5
365.27715	365.2686	.0085	FA 22:4;O2	C22H36O4	[M+H]+	/resources/tools/chemdb_ontology?abbrev=FA 22:4;O2
365.27715	365.2686	.0085	ST 22:1;O4	C22H36O4	[M+H]+	/resources/tools/chemdb_ontology?abbrev=ST 22:1;O4
365.27715	365.2839	.0067	ST 26:4;O2	C26H38O2	[M+H-H2O]+	/resources/tools/chemdb_ontology?abbrev=ST 26:4;O2
365.27715	365.2686	.0085	FA 22:3;O3	C22H38O5	[M+H-H2O]+	/resources/tools/chemdb_ontology?abbrev=FA 22:3;O3
365.27715	365.2751	.0021	PA 38:2	C41H77O8P	[M+2H]2+	/resources/tools/chemdb_ontology?abbrev=PA 38:2
365.27715	365.2807	.0035	CerPE 38:3;O3	C40H77N2O7P	[M+2H]2+	/resources/tools/chemdb_ontology?abbrev=CerPE 38:3;O3
365.27715	365.2739	.0033	DG 41:5	C44H76O5Na2	[M+2Na]2+	/resources/tools/chemdb_ontology?abbrev=DG 41:5
401.34785	401.3414	.0064	ST 27:2;O2	C27H44O2	[M+H]+	/resources/tools/chemdb_ontology?abbrev=ST 27:2;O2
401.34785	401.3414	.0065	ST 27:2;O2	C27H44O2	[M+H]+	/resources/tools/chemdb_ontology?abbrev=ST 27:2;O2
401.34785	401.3414	.0064	ST 27:1;O3	C27H46O3	[M+H-H2O]+	/resources/tools/chemdb_ontology?abbrev=ST 27:1;O3
401.34785	401.3414	.0065	ST 27:1;O3	C27H46O3	[M+H-H2O]+	/resources/tools/chemdb_ontology?abbrev=ST 27:1;O3
401.34785	401.3390	.0089	FA 25:2	C25H46O2Na	[M+Na]+	/resources/tools/chemdb_ontology?abbrev=FA 25:2
401.34785	401.3458	.0020	SM 41:1;O2	C46H93N2O6P	[M+2H]2+	/resources/tools/chemdb_ontology?abbrev=SM 41:1;O2
401.34785	401.3520	.0041	TG 48:3	C51H92O6	[M+2H]2+	/resources/tools/chemdb_ontology?abbrev=TG 48:3
392.25331	392.2545	.0012	PI 30:0	C39H75O13P	[M+2H]2+	/resources/tools/chemdb_ontology?abbrev=PI 30:0
392.25331	392.2492	.0041	PA 39:4	C42H75O8PNa2	[M+2Na]2+	/resources/tools/chemdb_ontology?abbrev=PA 39:4
392.25331	392.2536	.0003	NAE 20:4	C22H37NO2Na2	[M+2Na-H]+	/resources/tools/chemdb_ontology?abbrev=NAE 20:4
272.25772	272.2584	.0007	NAE 14:0	C16H33NO2	[M+H]+	/resources/tools/chemdb_ontology?abbrev=NAE 14:0
272.25772	272.2584	.0007	SPB 16:1;O2	C16H33NO2	[M+H]+	/resources/tools/chemdb_ontology?abbrev=SPB 16:1;O2
272.25772	272.2584	.0007	FA 16:1	C16H30O2	[M+NH4]+	/resources/tools/chemdb_ontology?abbrev=FA 16:1
272.25772	272.2584	.0007	SFE 16:1	C16H30O2	[M+NH4]+	/resources/tools/chemdb_ontology?abbrev=SFE 16:1
272.25772	272.2584	.0007	WE 16:1	C16H30O2	[M+NH4]+	/resources/tools/chemdb_ontology?abbrev=WE 16:1
355.33141	355.3359	.0045	ST 26:1;O	C26H44O	[M+H-H2O]+	/resources/tools/chemdb_ontology?abbrev=ST 26:1;O
640.46206	640.4676	.0056	CerP 34:1;O2	C34H68NO6PNa	[M+Na]+	/resources/tools/chemdb_ontology?abbrev=CerP 34:1;O2
451.30944	451.3183	.0089	LPA O-20:1	C23H47O6P	[M+H]+	/resources/tools/chemdb_ontology?abbrev=LPA O-20:1
451.30944	451.3030	.0064	WE 24:2;O4	C24H44O6Na	[M+Na]+	/resources/tools/chemdb_ontology?abbrev=WE 24:2;O4
451.30944	451.3183	.0088	ST 28:3;O3	C28H44O3Na	[M+Na]+	/resources/tools/chemdb_ontology?abbrev=ST 28:3;O3
451.30944	451.3119	.0024	PI O-40:4	C49H89O12P	[M+2H]2+	/resources/tools/chemdb_ontology?abbrev=PI O-40:4
451.30944	451.3159	.0064	FA 26:3;O	C26H46O3Na2	[M+2Na-H]+	/resources/tools/chemdb_ontology?abbrev=FA 26:3;O
372.32155	372.3261	.0045	NA 25:4;O	C25H43NO2	[M+H-H2O]+	/resources/tools/chemdb_ontology?abbrev=NA 25:4;O
372.32155	372.3261	.0045	NAE 23:4	C25H43NO2	[M+H-H2O]+	/resources/tools/chemdb_ontology?abbrev=NAE 23:4
372.32155	372.3261	.0045	ST 25:3;O	C25H38O	[M+NH4]+	/resources/tools/chemdb_ontology?abbrev=ST 25:3;O
336.25047	336.2533	.0028	FA 20:5;O	C20H30O3	[M+NH4]+	/resources/tools/chemdb_ontology?abbrev=FA 20:5;O
336.25047	336.2541	.0037	PA O-35:3	C38H71O7P	[M+2H]2+	/resources/tools/chemdb_ontology?abbrev=PA O-35:3
352.22432	352.2247	.0004	SPBP 16:1;O2	C16H34NO5P	[M+H]+	/resources/tools/chemdb_ontology?abbrev=SPBP 16:1;O2
596.43592	596.4286	.0073	PA 27:0	C30H59O8P	[M+NH4]+	/resources/tools/chemdb_ontology?abbrev=PA 27:0
297.19586	297.2036	.0078	FA 15:0;O2	C15H30O4Na	[M+Na]+	/resources/tools/chemdb_ontology?abbrev=FA 15:0;O2
479.3233	479.3190	.0043	ST 28:2;O;S	C28H46O4S	[M+H]+	/resources/tools/chemdb_ontology?abbrev=ST 28:2;O;S
479.3233	479.3250	.0017	PI 43:4	C52H93O13P	[M+2H]2+	/resources/tools/chemdb_ontology?abbrev=PI 43:4
307.2473	307.2450	.0023	DG 36:6	C39H64O5	[M+2H]2+	/resources/tools/chemdb_ontology?abbrev=DG 36:6
307.2473	307.2502	.0029	CE 12:0	C39H68O2Na2	[M+2Na]2+	/resources/tools/chemdb_ontology?abbrev=CE 12:0
307.2473	307.2426	.0047	DG 32:0	C35H68O5Na2	[M+2Na]2+	/resources/tools/chemdb_ontology?abbrev=DG 32:0
478.32064	478.3292	.0086	LPE O-19:2	C24H48NO6P	[M+H]+	/resources/tools/chemdb_ontology?abbrev=LPE O-19:2
478.32064	478.3292	.0086	LPC 16:0	C24H50NO7P	[M+H-H2O]+	/resources/tools/chemdb_ontology?abbrev=LPC 16:0
478.32064	478.3292	.0086	LPE 19:0	C24H50NO7P	[M+H-H2O]+	/resources/tools/chemdb_ontology?abbrev=LPE 19:0
478.32064	478.3292	.0086	LPE O-19:1;O	C24H50NO7P	[M+H-H2O]+	/resources/tools/chemdb_ontology?abbrev=LPE O-19:1;O
478.32064	478.3292	.0086	PC O-16:0	C24H50NO7P	[M+H-H2O]+	/resources/tools/chemdb_ontology?abbrev=PC O-16:0
478.32064	478.3139	.0067	CAR 18:2;O2	C25H45NO6Na	[M+Na]+	/resources/tools/chemdb_ontology?abbrev=CAR 18:2;O2
478.32064	478.3163	.0043	ST 27:4;O6	C27H40O6	[M+NH4]+	/resources/tools/chemdb_ontology?abbrev=ST 27:4;O6
354.31054	354.3128	.0023	TG 41:1	C44H82O6	[M+2H]2+	/resources/tools/chemdb_ontology?abbrev=TG 41:1
552.40979	552.4024	.0074	LPC 20:0	C28H58NO7P	[M+H]+	/resources/tools/chemdb_ontology?abbrev=LPC 20:0
552.40979	552.4024	.0074	PC O-20:0	C28H58NO7P	[M+H]+	/resources/tools/chemdb_ontology?abbrev=PC O-20:0
375.34028	375.3469	.0066	MG O-19:0;O	C22H46O4	[M+H]+	/resources/tools/chemdb_ontology?abbrev=MG O-19:0;O
375.34028	375.3363	.0040	TG 44:1	C47H88O6	[M+2H]2+	/resources/tools/chemdb_ontology?abbrev=TG 44:1
373.32469	373.3312	.0065	FA 22:0;O2	C22H44O4	[M+H]+	/resources/tools/chemdb_ontology?abbrev=FA 22:0;O2
373.32469	373.3312	.0065	MG O-19:1;O	C22H44O4	[M+H]+	/resources/tools/chemdb_ontology?abbrev=MG O-19:1;O
373.32469	373.3207	.0040	TG 44:3	C47H84O6	[M+2H]2+	/resources/tools/chemdb_ontology?abbrev=TG 44:3
355.30713	355.2995	.0076	ST 25:3;O	C25H38O	[M+H]+	/resources/tools/chemdb_ontology?abbrev=ST 25:3;O
355.30713	355.2995	.0076	FA 25:5	C25H40O2	[M+H-H2O]+	/resources/tools/chemdb_ontology?abbrev=FA 25:5
332.21888	332.2220	.0031	FA 20:7;O	C20H26O3	[M+NH4]+	/resources/tools/chemdb_ontology?abbrev=FA 20:7;O
332.21888	332.2152	.0037	PG 28:2	C34H63O10P	[M+2H]2+	/resources/tools/chemdb_ontology?abbrev=PG 28:2
332.21888	332.2204	.0016	PA O-31:1	C34H67O7PNa2	[M+2Na]2+	/resources/tools/chemdb_ontology?abbrev=PA O-31:1
354.23999	354.2404	.0004	SPBP 16:0;O2	C16H36NO5P	[M+H]+	/resources/tools/chemdb_ontology?abbrev=SPBP 16:0;O2
354.23999	354.2359	.0040	PA 37:6	C40H67O8P	[M+2H]2+	/resources/tools/chemdb_ontology?abbrev=PA 37:6
354.23999	354.2379	.0021	SPB 19:3;O2	C19H35NO2Na2	[M+2Na-H]+	/resources/tools/chemdb_ontology?abbrev=SPB 19:3;O2
338.26608	338.2666	.0005	SPB 18:1;O3	C18H37NO3Na	[M+Na]+	/resources/tools/chemdb_ontology?abbrev=SPB 18:1;O3
338.26608	338.2690	.0029	FA 20:4;O	C20H32O3	[M+NH4]+	/resources/tools/chemdb_ontology?abbrev=FA 20:4;O
338.26608	338.2698	.0037	PA O-35:1	C38H75O7P	[M+2H]2+	/resources/tools/chemdb_ontology?abbrev=PA O-35:1
318.24012	318.2403	.0002	SPB 18:3;O2	C18H33NO2Na	[M+Na]+	/resources/tools/chemdb_ontology?abbrev=SPB 18:3;O2
318.24012	318.2427	.0026	FA 20:6	C20H28O2	[M+NH4]+	/resources/tools/chemdb_ontology?abbrev=FA 20:6
318.24012	318.2427	.0026	ST 20:3;O2	C20H28O2	[M+NH4]+	/resources/tools/chemdb_ontology?abbrev=ST 20:3;O2
318.24012	318.2371	.0030	DG 38:9	C41H62O5	[M+2H]2+	/resources/tools/chemdb_ontology?abbrev=DG 38:9
318.24012	318.2359	.0042	PA 31:0	C34H67O8P	[M+2H]2+	/resources/tools/chemdb_ontology?abbrev=PA 31:0
318.24012	318.2379	.0022	SPB 16:0;O2	C16H35NO2Na2	[M+2Na-H]+	/resources/tools/chemdb_ontology?abbrev=SPB 16:0;O2
374.3371	374.3417	.0046	ST 25:2;O	C25H40O	[M+NH4]+	/resources/tools/chemdb_ontology?abbrev=ST 25:2;O
508.38336	508.3761	.0072	LPC O-18:1	C26H54NO6P	[M+H]+	/resources/tools/chemdb_ontology?abbrev=LPC O-18:1
508.38336	508.3761	.0072	LPE O-21:0;O	C26H56NO7P	[M+H-H2O]+	/resources/tools/chemdb_ontology?abbrev=LPE O-21:0;O
359.25762	359.2581	.0004	MG 20:5	C23H36O4	[M+H-H2O]+	/resources/tools/chemdb_ontology?abbrev=MG 20:5
359.25762	359.2557	.0020	FA 21:3;O	C21H36O3Na	[M+Na]+	/resources/tools/chemdb_ontology?abbrev=FA 21:3;O
359.25762	359.2569	.0007	PG O-33:3	C39H73O9P	[M+2H]2+	/resources/tools/chemdb_ontology?abbrev=PG O-33:3
359.25762	359.2533	.0044	FA 19:0;O	C19H38O3Na2	[M+2Na-H]+	/resources/tools/chemdb_ontology?abbrev=FA 19:0;O
268.22674	268.2271	.0004	FA 16:3	C16H26O2	[M+NH4]+	/resources/tools/chemdb_ontology?abbrev=FA 16:3
268.22674	268.2271	.0004	SFE 16:3	C16H26O2	[M+NH4]+	/resources/tools/chemdb_ontology?abbrev=SFE 16:3
268.22674	268.2271	.0004	WE 16:3	C16H26O2	[M+NH4]+	/resources/tools/chemdb_ontology?abbrev=WE 16:3
456.35279	456.3506	.0022	NAT 24:1	C26H51NO4S	[M+H-H2O]+	/resources/tools/chemdb_ontology?abbrev=NAT 24:1
456.35279	456.3472	.0056	CAR 22:5	C29H47NO4	[M+H-H2O]+	/resources/tools/chemdb_ontology?abbrev=CAR 22:5
456.35279	456.3574	.0046	TG 53:5	C56H98O6Na2	[M+2Na]2+	/resources/tools/chemdb_ontology?abbrev=TG 53:5
327.07786	327.0815	.0036	FA 14:5;O4	C14H18O6Na2	[M+2Na-H]+	/resources/tools/chemdb_ontology?abbrev=FA 14:5;O4
387.30409	387.3105	.0064	FA 22:0;O4	C22H44O6	[M+H-H2O]+	/resources/tools/chemdb_ontology?abbrev=FA 22:0;O4
387.30409	387.3064	.0023	PA 41:1	C44H85O8P	[M+2H]2+	/resources/tools/chemdb_ontology?abbrev=PA 41:1
387.30409	387.3052	.0011	DG 44:4	C47H84O5Na2	[M+2Na]2+	/resources/tools/chemdb_ontology?abbrev=DG 44:4
386.3008	386.2985	.0023	PA 41:2	C44H83O8P	[M+2H]2+	/resources/tools/chemdb_ontology?abbrev=PA 41:2
386.3008	386.2973	.0035	DG 44:5	C47H82O5Na2	[M+2Na]2+	/resources/tools/chemdb_ontology?abbrev=DG 44:5
316.2845	316.2846	.0001	SPB 18:1;O3	C18H37NO3	[M+H]+	/resources/tools/chemdb_ontology?abbrev=SPB 18:1;O3
316.2845	316.2846	.0001	FA 18:1;O	C18H34O3	[M+NH4]+	/resources/tools/chemdb_ontology?abbrev=FA 18:1;O
464.35744	464.3499	.0075	LPC O-16:0	C24H52NO6P	[M+H-H2O]+	/resources/tools/chemdb_ontology?abbrev=LPC O-16:0
278.24765	278.2478	.0002	SPB 18:3;O2	C18H33NO2	[M+H-H2O]+	/resources/tools/chemdb_ontology?abbrev=SPB 18:3;O2
466.29209	466.2928	.0007	LPC 14:1	C22H44NO7P	[M+H]+	/resources/tools/chemdb_ontology?abbrev=LPC 14:1
466.29209	466.2928	.0007	LPE 17:1	C22H44NO7P	[M+H]+	/resources/tools/chemdb_ontology?abbrev=LPE 17:1
466.29209	466.2928	.0007	LPS O-16:0	C22H46NO8P	[M+H-H2O]+	/resources/tools/chemdb_ontology?abbrev=LPS O-16:0
466.29209	466.2986	.0065	ST 24:1;O2;Tau	C26H45NO5S	[M+H-H2O]+	/resources/tools/chemdb_ontology?abbrev=ST 24:1;O2;Tau
466.29209	466.2904	.0017	CAR 18:3	C25H43NO4Na2	[M+2Na-H]+	/resources/tools/chemdb_ontology?abbrev=CAR 18:3
350.22949	350.2326	.0031	FA 20:6;O2	C20H28O4	[M+NH4]+	/resources/tools/chemdb_ontology?abbrev=FA 20:6;O2
295.2458	295.2450	.0008	DG 34:4	C37H64O5	[M+2H]2+	/resources/tools/chemdb_ontology?abbrev=DG 34:4
332.19824	332.1970	.0012	PA 30:3;O3	C33H59O11P	[M+2H]2+	/resources/tools/chemdb_ontology?abbrev=PA 30:3;O3
332.19824	332.2022	.0040	PA 30:1	C33H63O8PNa2	[M+2Na]2+	/resources/tools/chemdb_ontology?abbrev=PA 30:1
316.22429	316.2271	.0028	ST 20:4;O2	C20H26O2	[M+NH4]+	/resources/tools/chemdb_ontology?abbrev=ST 20:4;O2
316.22429	316.2203	.0040	PA 31:2	C34H63O8P	[M+2H]2+	/resources/tools/chemdb_ontology?abbrev=PA 31:2
316.22429	316.2223	.0020	NAE 14:0	C16H33NO2Na2	[M+2Na-H]+	/resources/tools/chemdb_ontology?abbrev=NAE 14:0
316.22429	316.2223	.0020	SPB 16:1;O2	C16H33NO2Na2	[M+2Na-H]+	/resources/tools/chemdb_ontology?abbrev=SPB 16:1;O2
294.24238	294.2403	.0020	NAE 14:0	C16H33NO2Na	[M+Na]+	/resources/tools/chemdb_ontology?abbrev=NAE 14:0
294.24238	294.2403	.0020	SPB 16:1;O2	C16H33NO2Na	[M+Na]+	/resources/tools/chemdb_ontology?abbrev=SPB 16:1;O2
294.24238	294.2427	.0004	FA 18:4	C18H28O2	[M+NH4]+	/resources/tools/chemdb_ontology?abbrev=FA 18:4
294.24238	294.2427	.0004	ST 18:1;O2	C18H28O2	[M+NH4]+	/resources/tools/chemdb_ontology?abbrev=ST 18:1;O2
395.36272	395.3672	.0045	ST 29:2;O	C29H48O	[M+H-H2O]+	/resources/tools/chemdb_ontology?abbrev=ST 29:2;O
395.36272	395.3648	.0021	ST 27:0	C27H48Na	[M+Na]+	/resources/tools/chemdb_ontology?abbrev=ST 27:0
412.32544	412.3186	.0068	NA 25:4;O	C25H43NO2Na	[M+Na]+	/resources/tools/chemdb_ontology?abbrev=NA 25:4;O
412.32544	412.3186	.0068	NAE 23:4	C25H43NO2Na	[M+Na]+	/resources/tools/chemdb_ontology?abbrev=NAE 23:4
543.44689	543.4408	.0061	DG 32:4	C35H60O5	[M+H-H2O]+	/resources/tools/chemdb_ontology?abbrev=DG 32:4
517.31105	517.3160	.0049	ST 30:5;O7	C30H44O7	[M+H]+	/resources/tools/chemdb_ontology?abbrev=ST 30:5;O7
517.31105	517.3160	.0049	ST 30:4;O8	C30H46O8	[M+H-H2O]+	/resources/tools/chemdb_ontology?abbrev=ST 30:4;O8
517.31105	517.3136	.0025	ST 28:2;O7	C28H46O7Na	[M+Na]+	/resources/tools/chemdb_ontology?abbrev=ST 28:2;O7
517.31105	517.3037	.0073	LPE 20:5	C25H42NO7P	[M+NH4]+	/resources/tools/chemdb_ontology?abbrev=LPE 20:5
385.26725	385.2737	.0065	MG 22:6	C25H38O4	[M+H-H2O]+	/resources/tools/chemdb_ontology?abbrev=MG 22:6
385.26725	385.2737	.0065	ST 26:3;O3	C25H38O4	[M+H-H2O]+	/resources/tools/chemdb_ontology?abbrev=ST 26:3;O3
385.26725	385.2713	.0041	MG O-20:5	C23H38O3Na	[M+Na]+	/resources/tools/chemdb_ontology?abbrev=MG O-20:5
385.26725	385.2713	.0041	ST 23:1;O3	C23H38O3Na	[M+Na]+	/resources/tools/chemdb_ontology?abbrev=ST 23:1;O3
385.26725	385.2649	.0023	PI O-30:0	C39H77O12P	[M+2H]2+	/resources/tools/chemdb_ontology?abbrev=PI O-30:0
385.26725	385.2689	.0017	FA 21:1;O	C21H40O3Na2	[M+2Na-H]+	/resources/tools/chemdb_ontology?abbrev=FA 21:1;O
507.37613	507.3809	.0047	TG 61:10	C64H104O6Na2	[M+2Na]2+	/resources/tools/chemdb_ontology?abbrev=TG 61:10
412.32082	412.3186	.0022	NA 25:4;O	C25H43NO2Na	[M+Na]+	/resources/tools/chemdb_ontology?abbrev=NA 25:4;O
412.32082	412.3186	.0022	NAE 23:4	C25H43NO2Na	[M+Na]+	/resources/tools/chemdb_ontology?abbrev=NAE 23:4
383.26839	383.2669	.0015	SPBP 17:1;O2	C17H36NO5P	[M+NH4]+	/resources/tools/chemdb_ontology?abbrev=SPBP 17:1;O2
340.2954	340.2972	.0018	TG 39:1	C42H78O6	[M+2H]2+	/resources/tools/chemdb_ontology?abbrev=TG 39:1
314.26888	314.2690	.0001	FA 18:2;O	C18H32O3	[M+NH4]+	/resources/tools/chemdb_ontology?abbrev=FA 18:2;O
516.30768	516.3085	.0008	LPC 18:4	C26H46NO7P	[M+H]+	/resources/tools/chemdb_ontology?abbrev=LPC 18:4
516.30768	516.2989	.0087	ST 24:1;O4;Tau	C26H45NO7S	[M+H]+	/resources/tools/chemdb_ontology?abbrev=ST 24:1;O4;Tau
516.30768	516.3061	.0016	LPC 16:1	C24H48NO7PNa	[M+Na]+	/resources/tools/chemdb_ontology?abbrev=LPC 16:1
516.30768	516.3061	.0016	LPE 19:1	C24H48NO7PNa	[M+Na]+	/resources/tools/chemdb_ontology?abbrev=LPE 19:1
516.30768	516.3060	.0017	CAR 22:6	C29H45NO4Na2	[M+2Na-H]+	/resources/tools/chemdb_ontology?abbrev=CAR 22:6