Input Mass	Matched Mass	Delta	Name	Formula	Ion	LMSD Examples
852.64215	852.6477	.0055	PC 41:4	C49H90NO8P	[M+H]+	/resources/tools/chemdb_ontology?abbrev=PC 41:4
852.64215	852.6477	.0055	PE 44:4	C49H90NO8P	[M+H]+	/resources/tools/chemdb_ontology?abbrev=PE 44:4
852.64215	852.6453	.0031	PC 39:1	C47H92NO8PNa	[M+Na]+	/resources/tools/chemdb_ontology?abbrev=PC 39:1
852.64215	852.6453	.0031	PE 42:1	C47H92NO8PNa	[M+Na]+	/resources/tools/chemdb_ontology?abbrev=PE 42:1
851.63889	851.6484	.0095	PS 39:0	C45H88NO10P	[M+NH4]+	/resources/tools/chemdb_ontology?abbrev=PS 39:0
851.63889	851.6476	.0087	PG dO-40:0	C46H95O8PNa2	[M+2Na-H]+	/resources/tools/chemdb_ontology?abbrev=PG dO-40:0
837.67135	837.6691	.0022	PS O-39:0	C45H90NO9P	[M+NH4]+	/resources/tools/chemdb_ontology?abbrev=PS O-39:0
793.66211	793.6582	.0039	SM 42:3;O2	C47H91N2O6P	[M+H-H2O]+	/resources/tools/chemdb_ontology?abbrev=SM 42:3;O2
793.66211	793.6704	.0083	TG 49:5	C52H90O6	[M+H-H2O]+	/resources/tools/chemdb_ontology?abbrev=TG 49:5
816.69222	816.6841	.0082	PC O-39:1	C47H94NO7P	[M+H]+	/resources/tools/chemdb_ontology?abbrev=PC O-39:1
816.69222	816.6841	.0082	PE O-42:1	C47H94NO7P	[M+H]+	/resources/tools/chemdb_ontology?abbrev=PE O-42:1
816.69222	816.6953	.0031	SM 41:2;O2	C46H91N2O6P	[M+NH4]+	/resources/tools/chemdb_ontology?abbrev=SM 41:2;O2
814.6867	814.6919	.0052	TG 48:5	C51H88O6	[M+NH4]+	/resources/tools/chemdb_ontology?abbrev=TG 48:5
840.70219	840.6923	.0099	HexCer 43:2;O3	C49H93NO9	[M+H]+	/resources/tools/chemdb_ontology?abbrev=HexCer 43:2;O3
840.70219	840.6923	.0099	HexCer 43:1;O4	C49H95NO10	[M+H-H2O]+	/resources/tools/chemdb_ontology?abbrev=HexCer 43:1;O4
840.70219	840.7076	.0054	TG 50:6	C53H90O6	[M+NH4]+	/resources/tools/chemdb_ontology?abbrev=TG 50:6
839.69779	839.6976	.0001	SM 42:0;O2	C47H97N2O6PNa	[M+Na]+	/resources/tools/chemdb_ontology?abbrev=SM 42:0;O2
813.73861	813.7330	.0056	TG 50:2	C53H98O6	[M+H-H2O]+	/resources/tools/chemdb_ontology?abbrev=TG 50:2
913.72337	913.7280	.0046	TG 57:10	C60H96O6	[M+H]+	/resources/tools/chemdb_ontology?abbrev=TG 57:10
913.72337	913.7256	.0022	TG 55:7	C58H98O6Na	[M+Na]+	/resources/tools/chemdb_ontology?abbrev=TG 55:7
913.72337	913.7232	.0002	TG 53:4	C56H100O6Na2	[M+2Na-H]+	/resources/tools/chemdb_ontology?abbrev=TG 53:4
836.66833	836.6739	.0056	PG O-40:1	C46H91O9P	[M+NH4]+	/resources/tools/chemdb_ontology?abbrev=PG O-40:1
836.66833	836.6763	.0079	TG 50:8	C53H86O6	[M+NH4]+	/resources/tools/chemdb_ontology?abbrev=TG 50:8
870.70008	870.6946	.0055	PC 42:2	C50H96NO8P	[M+H]+	/resources/tools/chemdb_ontology?abbrev=PC 42:2
637.63412	637.6242	.0100	Cer 40:2;O2	C40H77NO3	[M+NH4]+	/resources/tools/chemdb_ontology?abbrev=Cer 40:2;O2
945.7842	945.7906	.0064	TG 59:8	C62H104O6	[M+H]+	/resources/tools/chemdb_ontology?abbrev=TG 59:8
945.7842	945.7882	.0040	TG 57:5	C60H106O6Na	[M+Na]+	/resources/tools/chemdb_ontology?abbrev=TG 57:5
945.7842	945.7858	.0016	TG 55:2	C58H108O6Na2	[M+2Na-H]+	/resources/tools/chemdb_ontology?abbrev=TG 55:2
740.63668	740.6399	.0032	HexCer 38:0;O2	C44H87NO8	[M+H-H2O]+	/resources/tools/chemdb_ontology?abbrev=HexCer 38:0;O2
740.63668	740.6316	.0050	CerP 44:1;O2	C44H88NO6P	[M+H-H2O]+	/resources/tools/chemdb_ontology?abbrev=CerP 44:1;O2
741.64036	741.6391	.0012	TG 45:3	C48H86O6	[M+H-H2O]+	/resources/tools/chemdb_ontology?abbrev=TG 45:3
741.64036	741.6367	.0036	DG 43:2	C46H86O5Na	[M+Na]+	/resources/tools/chemdb_ontology?abbrev=DG 43:2
745.59354	745.5854	.0081	CerPE 39:2;O3	C41H81N2O7P	[M+H]+	/resources/tools/chemdb_ontology?abbrev=CerPE 39:2;O3
745.59354	745.5937	.0001	HexCer 35:2;O3	C41H77NO9	[M+NH4]+	/resources/tools/chemdb_ontology?abbrev=HexCer 35:2;O3
745.59354	745.5854	.0081	PC O-33:3	C41H78NO7P	[M+NH4]+	/resources/tools/chemdb_ontology?abbrev=PC O-33:3
745.59354	745.5854	.0081	PE O-36:3	C41H78NO7P	[M+NH4]+	/resources/tools/chemdb_ontology?abbrev=PE O-36:3
745.59354	745.5870	.0066	CE 22:4	C49H80O2Na2	[M+2Na-H]+	/resources/tools/chemdb_ontology?abbrev=CE 22:4
776.55262	776.5589	.0062	PE O-40:7	C45H78NO7P	[M+H]+	/resources/tools/chemdb_ontology?abbrev=PE O-40:7
776.55262	776.5436	.0090	PS 35:1	C41H78NO10P	[M+H]+	/resources/tools/chemdb_ontology?abbrev=PS 35:1
776.55262	776.5589	.0062	PC 37:5	C45H80NO8P	[M+H-H2O]+	/resources/tools/chemdb_ontology?abbrev=PC 37:5
776.55262	776.5589	.0062	PE 40:5	C45H80NO8P	[M+H-H2O]+	/resources/tools/chemdb_ontology?abbrev=PE 40:5
776.55262	776.5565	.0038	PC O-35:4	C43H80NO7PNa	[M+Na]+	/resources/tools/chemdb_ontology?abbrev=PC O-35:4
776.55262	776.5565	.0038	PE O-38:4	C43H80NO7PNa	[M+Na]+	/resources/tools/chemdb_ontology?abbrev=PE O-38:4
776.55262	776.5436	.0090	PG 35:3	C41H75O10P	[M+NH4]+	/resources/tools/chemdb_ontology?abbrev=PG 35:3
776.55262	776.5541	.0014	PC O-33:1	C41H82NO7PNa2	[M+2Na-H]+	/resources/tools/chemdb_ontology?abbrev=PC O-33:1
776.55262	776.5541	.0014	PE O-36:1	C41H82NO7PNa2	[M+2Na-H]+	/resources/tools/chemdb_ontology?abbrev=PE O-36:1
809.68507	809.6895	.0044	SM 43:2;O2	C48H95N2O6P	[M+H-H2O]+	/resources/tools/chemdb_ontology?abbrev=SM 43:2;O2
787.58296	787.5847	.0018	PG O-38:3	C44H83O9P	[M+H]+	/resources/tools/chemdb_ontology?abbrev=PG O-38:3
787.58296	787.5847	.0018	PG 38:1	C44H85O10P	[M+H-H2O]+	/resources/tools/chemdb_ontology?abbrev=PG 38:1
787.58296	787.5823	.0006	PG O-36:0	C42H85O9PNa	[M+Na]+	/resources/tools/chemdb_ontology?abbrev=PG O-36:0
787.58296	787.5823	.0007	TG 44:4	C47H82O6Na2	[M+2Na-H]+	/resources/tools/chemdb_ontology?abbrev=TG 44:4
841.68418	841.6793	.0049	PC O-40:4	C48H90NO7P	[M+NH4]+	/resources/tools/chemdb_ontology?abbrev=PC O-40:4
762.57044	762.5643	.0061	PS O-35:1	C41H80NO9P	[M+H]+	/resources/tools/chemdb_ontology?abbrev=PS O-35:1
762.57044	762.5796	.0092	PE O-40:5	C45H82NO7P	[M+H-H2O]+	/resources/tools/chemdb_ontology?abbrev=PE O-40:5
762.57044	762.5643	.0061	PG O-35:3	C41H77O9P	[M+NH4]+	/resources/tools/chemdb_ontology?abbrev=PG O-35:3
859.71136	859.7174	.0060	TG 54:7	C57H96O6	[M+H-H2O]+	/resources/tools/chemdb_ontology?abbrev=TG 54:7
761.5675	761.5691	.0016	PG O-36:2	C42H81O9P	[M+H]+	/resources/tools/chemdb_ontology?abbrev=PG O-36:2
761.5675	761.5691	.0016	PG 36:0	C42H83O10P	[M+H-H2O]+	/resources/tools/chemdb_ontology?abbrev=PG 36:0
761.5675	761.5667	.0009	TG 42:3	C45H80O6Na2	[M+2Na-H]+	/resources/tools/chemdb_ontology?abbrev=TG 42:3
849.72656	849.7330	.0065	TG 53:5	C56H98O6	[M+H-H2O]+	/resources/tools/chemdb_ontology?abbrev=TG 53:5
855.64579	855.6473	.0016	PG 43:2	C49H93O10P	[M+H-H2O]+	/resources/tools/chemdb_ontology?abbrev=PG 43:2
855.64579	855.6449	.0009	PG O-41:1	C47H93O9PNa	[M+Na]+	/resources/tools/chemdb_ontology?abbrev=PG O-41:1
855.64579	855.6473	.0015	TG 51:8	C54H88O6Na	[M+Na]+	/resources/tools/chemdb_ontology?abbrev=TG 51:8
855.64579	855.6433	.0025	IPC 38:0;O2	C44H88NO11P	[M+NH4]+	/resources/tools/chemdb_ontology?abbrev=IPC 38:0;O2
855.64579	855.6449	.0009	TG 49:5	C52H90O6Na2	[M+2Na-H]+	/resources/tools/chemdb_ontology?abbrev=TG 49:5
766.65279	766.6555	.0027	HexCer 40:1;O2	C46H89NO8	[M+H-H2O]+	/resources/tools/chemdb_ontology?abbrev=HexCer 40:1;O2
754.57094	754.5745	.0036	PC O-35:4	C43H80NO7P	[M+H]+	/resources/tools/chemdb_ontology?abbrev=PC O-35:4
754.57094	754.5745	.0036	PE O-38:4	C43H80NO7P	[M+H]+	/resources/tools/chemdb_ontology?abbrev=PE O-38:4
754.57094	754.5745	.0036	PC 35:2	C43H82NO8P	[M+H-H2O]+	/resources/tools/chemdb_ontology?abbrev=PC 35:2
754.57094	754.5745	.0036	PE 38:2	C43H82NO8P	[M+H-H2O]+	/resources/tools/chemdb_ontology?abbrev=PE 38:2
754.57094	754.5721	.0012	PC O-33:1	C41H82NO7PNa	[M+Na]+	/resources/tools/chemdb_ontology?abbrev=PC O-33:1
754.57094	754.5721	.0012	PE O-36:1	C41H82NO7PNa	[M+Na]+	/resources/tools/chemdb_ontology?abbrev=PE O-36:1
754.57094	754.5745	.0036	PA O-40:5	C43H77O7P	[M+NH4]+	/resources/tools/chemdb_ontology?abbrev=PA O-40:5
764.62627	764.6164	.0099	PA 39:0	C42H83O8P	[M+NH4]+	/resources/tools/chemdb_ontology?abbrev=PA 39:0
576.57032	576.5714	.0011	Cer 38:1;O2	C38H75NO3	[M+H-H2O]+	/resources/tools/chemdb_ontology?abbrev=Cer 38:1;O2
576.57032	576.5714	.0011	WE 38:3	C38H70O2	[M+NH4]+	/resources/tools/chemdb_ontology?abbrev=WE 38:3
841.7202	841.7157	.0045	SM 44:2;O2	C49H97N2O6P	[M+H]+	/resources/tools/chemdb_ontology?abbrev=SM 44:2;O2
841.7202	841.7280	.0078	TG 51:4	C54H96O6	[M+H]+	/resources/tools/chemdb_ontology?abbrev=TG 51:4
841.7202	841.7256	.0054	TG 49:1	C52H98O6Na	[M+Na]+	/resources/tools/chemdb_ontology?abbrev=TG 49:1
807.68025	807.6837	.0035	PG dO-40:0	C46H95O8P	[M+H]+	/resources/tools/chemdb_ontology?abbrev=PG dO-40:0
807.68025	807.6861	.0058	TG 50:5	C53H92O6	[M+H-H2O]+	/resources/tools/chemdb_ontology?abbrev=TG 50:5
839.6717	839.6637	.0080	PC O-40:5	C48H88NO7P	[M+NH4]+	/resources/tools/chemdb_ontology?abbrev=PC O-40:5
790.64201	790.6403	.0017	HexCer 38:0;O4	C44H87NO10	[M+H]+	/resources/tools/chemdb_ontology?abbrev=HexCer 38:0;O4
790.64201	790.6320	.0100	PC 36:0	C44H88NO8P	[M+H]+	/resources/tools/chemdb_ontology?abbrev=PC 36:0
790.64201	790.6320	.0100	PE 39:0	C44H88NO8P	[M+H]+	/resources/tools/chemdb_ontology?abbrev=PE 39:0
790.64201	790.6320	.0100	PA 41:1	C44H85O8P	[M+NH4]+	/resources/tools/chemdb_ontology?abbrev=PA 41:1
771.60925	771.6093	.0001	HexCer 37:3;O3	C43H79NO9	[M+NH4]+	/resources/tools/chemdb_ontology?abbrev=HexCer 37:3;O3
771.60925	771.6011	.0082	PC O-35:4	C43H80NO7P	[M+NH4]+	/resources/tools/chemdb_ontology?abbrev=PC O-35:4
771.60925	771.6011	.0082	PE O-38:4	C43H80NO7P	[M+NH4]+	/resources/tools/chemdb_ontology?abbrev=PE O-38:4
616.56269	616.5639	.0012	Cer 38:1;O2	C38H75NO3Na	[M+Na]+	/resources/tools/chemdb_ontology?abbrev=Cer 38:1;O2
783.66998	783.6738	.0039	SM 41:1;O2	C46H93N2O6P	[M+H-H2O]+	/resources/tools/chemdb_ontology?abbrev=SM 41:1;O2
809.64922	809.6507	.0015	SM 40:1;O2	C45H91N2O6PNa	[M+Na]+	/resources/tools/chemdb_ontology?abbrev=SM 40:1;O2
788.67019	788.6763	.0061	TG 46:4	C49H86O6	[M+NH4]+	/resources/tools/chemdb_ontology?abbrev=TG 46:4
788.67019	788.6640	.0062	SM 39:2;O2	C44H87N2O6P	[M+NH4]+	/resources/tools/chemdb_ontology?abbrev=SM 39:2;O2
875.74266	875.7487	.0060	TG 55:6	C58H100O6	[M+H-H2O]+	/resources/tools/chemdb_ontology?abbrev=TG 55:6
789.67325	789.6732	.0001	PG dO-40:0	C46H95O8P	[M+H-H2O]+	/resources/tools/chemdb_ontology?abbrev=PG dO-40:0
867.73679	867.7436	.0068	TG 53:5	C56H98O6	[M+H]+	/resources/tools/chemdb_ontology?abbrev=TG 53:5
867.73679	867.7412	.0044	TG 51:2	C54H100O6Na	[M+Na]+	/resources/tools/chemdb_ontology?abbrev=TG 51:2
867.73679	867.7289	.0078	SM 44:0;O2	C49H101N2O6PNa	[M+Na]+	/resources/tools/chemdb_ontology?abbrev=SM 44:0;O2
821.69603	821.7017	.0057	TG 51:5	C54H94O6	[M+H-H2O]+	/resources/tools/chemdb_ontology?abbrev=TG 51:5
892.74192	892.7389	.0031	TG 54:8	C57H94O6	[M+NH4]+	/resources/tools/chemdb_ontology?abbrev=TG 54:8
813.68339	813.6844	.0010	SM 42:2;O2	C47H93N2O6P	[M+H]+	/resources/tools/chemdb_ontology?abbrev=SM 42:2;O2
813.68339	813.6926	.0092	HexCer 41:2;O2	C47H89NO8	[M+NH4]+	/resources/tools/chemdb_ontology?abbrev=HexCer 41:2;O2
835.66513	835.6663	.0012	SM 42:2;O2	C47H93N2O6PNa	[M+Na]+	/resources/tools/chemdb_ontology?abbrev=SM 42:2;O2
882.68628	882.6922	.0059	PC 41:0	C49H98NO8PNa	[M+Na]+	/resources/tools/chemdb_ontology?abbrev=PC 41:0
882.68628	882.6922	.0059	PE 44:0	C49H98NO8PNa	[M+Na]+	/resources/tools/chemdb_ontology?abbrev=PE 44:0
882.68628	882.6769	.0094	HexCer 44:2;O2	C50H95NO8Na2	[M+2Na-H]+	/resources/tools/chemdb_ontology?abbrev=HexCer 44:2;O2
903.65213	903.6586	.0064	PC 44:8	C52H88NO8P	[M+NH4]+	/resources/tools/chemdb_ontology?abbrev=PC 44:8
903.65213	903.6449	.0072	TG 53:9	C56H90O6Na2	[M+2Na-H]+	/resources/tools/chemdb_ontology?abbrev=TG 53:9
623.61849	623.6085	.0100	Cer 39:2;O2	C39H75NO3	[M+NH4]+	/resources/tools/chemdb_ontology?abbrev=Cer 39:2;O2
918.75728	918.7545	.0028	TG 56:9	C59H96O6	[M+NH4]+	/resources/tools/chemdb_ontology?abbrev=TG 56:9
883.69947	883.6899	.0096	PC 42:4	C50H92NO8P	[M+NH4]+	/resources/tools/chemdb_ontology?abbrev=PC 42:4
788.58591	788.5800	.0059	PS O-37:2	C43H82NO9P	[M+H]+	/resources/tools/chemdb_ontology?abbrev=PS O-37:2
788.58591	788.5800	.0059	PS 37:0	C43H84NO10P	[M+H-H2O]+	/resources/tools/chemdb_ontology?abbrev=PS 37:0
788.58591	788.5952	.0093	PE O-42:6	C47H84NO7P	[M+H-H2O]+	/resources/tools/chemdb_ontology?abbrev=PE O-42:6
919.76814	919.7749	.0068	TG 57:7	C60H102O6	[M+H]+	/resources/tools/chemdb_ontology?abbrev=TG 57:7
919.76814	919.7725	.0044	TG 55:4	C58H104O6Na	[M+Na]+	/resources/tools/chemdb_ontology?abbrev=TG 55:4
919.76814	919.7701	.0020	TG 53:1	C56H106O6Na2	[M+2Na-H]+	/resources/tools/chemdb_ontology?abbrev=TG 53:1
738.62124	738.6242	.0030	HexCer 38:1;O2	C44H85NO8	[M+H-H2O]+	/resources/tools/chemdb_ontology?abbrev=HexCer 38:1;O2
738.62124	738.6160	.0053	CerP 44:2;O2	C44H86NO6P	[M+H-H2O]+	/resources/tools/chemdb_ontology?abbrev=CerP 44:2;O2
920.77284	920.7702	.0027	TG 56:8	C59H98O6	[M+NH4]+	/resources/tools/chemdb_ontology?abbrev=TG 56:8
737.61794	737.6167	.0012	PC O-32:0	C40H82NO7P	[M+NH4]+	/resources/tools/chemdb_ontology?abbrev=PC O-32:0
737.61794	737.6167	.0012	PE O-35:0	C40H82NO7P	[M+NH4]+	/resources/tools/chemdb_ontology?abbrev=PE O-35:0
679.57617	679.5812	.0051	CE 22:6	C49H76O2	[M+H-H2O]+	/resources/tools/chemdb_ontology?abbrev=CE 22:6
884.70403	884.7103	.0062	PC 43:2	C51H98NO8P	[M+H]+	/resources/tools/chemdb_ontology?abbrev=PC 43:2
701.54668	701.5480	.0013	PA O-37:2	C40H77O7P	[M+H]+	/resources/tools/chemdb_ontology?abbrev=PA O-37:2
701.54668	701.5480	.0013	PA 37:0	C40H79O8P	[M+H-H2O]+	/resources/tools/chemdb_ontology?abbrev=PA 37:0
701.54668	701.5503	.0037	DG 44:9	C47H74O5	[M+H-H2O]+	/resources/tools/chemdb_ontology?abbrev=DG 44:9
832.65221	832.6426	.0096	PS O-40:1	C46H90NO9P	[M+H]+	/resources/tools/chemdb_ontology?abbrev=PS O-40:1
832.65221	832.6578	.0056	PC O-42:5	C50H92NO7P	[M+H-H2O]+	/resources/tools/chemdb_ontology?abbrev=PC O-42:5
832.65221	832.6426	.0096	PG O-40:3	C46H87O9P	[M+NH4]+	/resources/tools/chemdb_ontology?abbrev=PG O-40:3
916.74198	916.7389	.0031	TG 56:10	C59H94O6	[M+NH4]+	/resources/tools/chemdb_ontology?abbrev=TG 56:10
772.61204	772.6215	.0094	PC O-36:2	C44H86NO7P	[M+H]+	/resources/tools/chemdb_ontology?abbrev=PC O-36:2
772.61204	772.6215	.0094	PE O-39:2	C44H86NO7P	[M+H]+	/resources/tools/chemdb_ontology?abbrev=PE O-39:2
772.61204	772.6215	.0094	PC 36:0	C44H88NO8P	[M+H-H2O]+	/resources/tools/chemdb_ontology?abbrev=PC 36:0
772.61204	772.6215	.0094	PE 39:0	C44H88NO8P	[M+H-H2O]+	/resources/tools/chemdb_ontology?abbrev=PE 39:0
833.69477	833.7017	.0070	TG 52:6	C55H94O6	[M+H-H2O]+	/resources/tools/chemdb_ontology?abbrev=TG 52:6
775.60225	775.5960	.0063	PC 34:2	C42H80NO8P	[M+NH4]+	/resources/tools/chemdb_ontology?abbrev=PC 34:2
775.60225	775.5960	.0063	PE 37:2	C42H80NO8P	[M+NH4]+	/resources/tools/chemdb_ontology?abbrev=PE 37:2
775.60225	775.6029	.0007	CL 78:0	C87H170O17P2	[M+2H]2+	/resources/tools/chemdb_ontology?abbrev=CL 78:0
909.71384	909.7055	.0083	PC 44:5	C52H94NO8P	[M+NH4]+	/resources/tools/chemdb_ontology?abbrev=PC 44:5
874.73023	874.7259	.0043	PC 42:0	C50H100NO8P	[M+H]+	/resources/tools/chemdb_ontology?abbrev=PC 42:0
781.66467	781.6704	.0058	TG 48:4	C51H90O6	[M+H-H2O]+	/resources/tools/chemdb_ontology?abbrev=TG 48:4
781.66467	781.6582	.0065	SM 41:2;O2	C46H91N2O6P	[M+H-H2O]+	/resources/tools/chemdb_ontology?abbrev=SM 41:2;O2
781.66467	781.6656	.0010	DG 44:0	C47H92O5Na2	[M+2Na-H]+	/resources/tools/chemdb_ontology?abbrev=DG 44:0
701.51045	701.5116	.0011	PA 36:2	C39H73O8P	[M+H]+	/resources/tools/chemdb_ontology?abbrev=PA 36:2
701.51045	701.5116	.0011	PG O-33:2	C39H75O9P	[M+H-H2O]+	/resources/tools/chemdb_ontology?abbrev=PG O-33:2
701.51045	701.5091	.0013	DG 39:5	C42H72O5Na2	[M+2Na-H]+	/resources/tools/chemdb_ontology?abbrev=DG 39:5
660.30758	660.3143	.0068	PS 25:4;O3	C31H52NO13P	[M+H-H2O]+	/resources/tools/chemdb_ontology?abbrev=PS 25:4;O3
660.30758	660.3119	.0044	PS 23:2;O2	C29H52NO12PNa	[M+Na]+	/resources/tools/chemdb_ontology?abbrev=PS 23:2;O2
620.60641	620.5976	.0088	Cer 40:2;O2	C40H77NO3	[M+H]+	/resources/tools/chemdb_ontology?abbrev=Cer 40:2;O2
620.60641	620.5976	.0088	Cer 40:1;O3	C40H79NO4	[M+H-H2O]+	/resources/tools/chemdb_ontology?abbrev=Cer 40:1;O3
659.52059	659.5122	.0083	CerPE 34:2;O2	C36H71N2O6P	[M+H]+	/resources/tools/chemdb_ontology?abbrev=CerPE 34:2;O2
659.52059	659.5122	.0083	CerPE 34:1;O3	C36H73N2O7P	[M+H-H2O]+	/resources/tools/chemdb_ontology?abbrev=CerPE 34:1;O3
659.52059	659.5205	.0001	HexCer 30:2;O2	C36H67NO8	[M+NH4]+	/resources/tools/chemdb_ontology?abbrev=HexCer 30:2;O2
873.72719	873.7330	.0059	TG 55:7	C58H98O6	[M+H-H2O]+	/resources/tools/chemdb_ontology?abbrev=TG 55:7
910.71899	910.7235	.0045	PC 43:0	C51H102NO8PNa	[M+Na]+	/resources/tools/chemdb_ontology?abbrev=PC 43:0
675.49471	675.4959	.0012	PA 34:1	C37H71O8P	[M+H]+	/resources/tools/chemdb_ontology?abbrev=PA 34:1
675.49471	675.4959	.0012	PG O-31:1	C37H73O9P	[M+H-H2O]+	/resources/tools/chemdb_ontology?abbrev=PG O-31:1
675.49471	675.4959	.0012	DG 39:7	C42H68O5Na	[M+Na]+	/resources/tools/chemdb_ontology?abbrev=DG 39:7
675.49471	675.4935	.0012	DG 37:4	C40H70O5Na2	[M+2Na-H]+	/resources/tools/chemdb_ontology?abbrev=DG 37:4
676.49804	676.4912	.0069	PC 28:1	C36H70NO8P	[M+H]+	/resources/tools/chemdb_ontology?abbrev=PC 28:1
676.49804	676.4912	.0069	PE 31:1	C36H70NO8P	[M+H]+	/resources/tools/chemdb_ontology?abbrev=PE 31:1
676.49804	676.4912	.0069	PS O-30:0	C36H72NO9P	[M+H-H2O]+	/resources/tools/chemdb_ontology?abbrev=PS O-30:0
676.49804	676.4912	.0069	PA 33:2	C36H67O8P	[M+NH4]+	/resources/tools/chemdb_ontology?abbrev=PA 33:2
837.65702	837.6480	.0090	PC O-40:6	C48H86NO7P	[M+NH4]+	/resources/tools/chemdb_ontology?abbrev=PC O-40:6
787.66721	787.6687	.0015	SM 40:1;O2	C45H91N2O6P	[M+H]+	/resources/tools/chemdb_ontology?abbrev=SM 40:1;O2
787.66721	787.6770	.0098	HexCer 39:1;O2	C45H87NO8	[M+NH4]+	/resources/tools/chemdb_ontology?abbrev=HexCer 39:1;O2
839.67175	839.6637	.0081	PC O-40:5	C48H88NO7P	[M+NH4]+	/resources/tools/chemdb_ontology?abbrev=PC O-40:5
626.5134	626.5095	.0039	Cer 36:1;O3	C36H71NO4Na2	[M+2Na-H]+	/resources/tools/chemdb_ontology?abbrev=Cer 36:1;O3
847.71125	847.7174	.0061	TG 53:6	C56H96O6	[M+H-H2O]+	/resources/tools/chemdb_ontology?abbrev=TG 53:6
843.59572	843.5858	.0099	PS 39:4	C45H80NO10P	[M+NH4]+	/resources/tools/chemdb_ontology?abbrev=PS 39:4
610.53933	610.5405	.0012	DG 34:2	C37H68O5	[M+NH4]+	/resources/tools/chemdb_ontology?abbrev=DG 34:2
881.6814	881.6742	.0072	PC 42:5	C50H90NO8P	[M+NH4]+	/resources/tools/chemdb_ontology?abbrev=PC 42:5
888.71106	888.7076	.0035	TG 54:10	C57H90O6	[M+NH4]+	/resources/tools/chemdb_ontology?abbrev=TG 54:10
917.75324	917.7593	.0060	TG 57:8	C60H100O6	[M+H]+	/resources/tools/chemdb_ontology?abbrev=TG 57:8
917.75324	917.7569	.0036	TG 55:5	C58H102O6Na	[M+Na]+	/resources/tools/chemdb_ontology?abbrev=TG 55:5
917.75324	917.7545	.0012	TG 53:2	C56H104O6Na2	[M+2Na-H]+	/resources/tools/chemdb_ontology?abbrev=TG 53:2
897.65779	897.6555	.0023	PG 43:1	C49H95O10PNa	[M+Na]+	/resources/tools/chemdb_ontology?abbrev=PG 43:1
891.73812	891.7436	.0055	TG 55:7	C58H98O6	[M+H]+	/resources/tools/chemdb_ontology?abbrev=TG 55:7
891.73812	891.7412	.0031	TG 53:4	C56H100O6Na	[M+Na]+	/resources/tools/chemdb_ontology?abbrev=TG 53:4
891.73812	891.7388	.0007	TG 51:1	C54H102O6Na2	[M+2Na-H]+	/resources/tools/chemdb_ontology?abbrev=TG 51:1
887.70816	887.7123	.0042	TG 55:9	C58H94O6	[M+H]+	/resources/tools/chemdb_ontology?abbrev=TG 55:9
887.70816	887.7099	.0017	TG 53:6	C56H96O6Na	[M+Na]+	/resources/tools/chemdb_ontology?abbrev=TG 53:6
887.70816	887.7075	.0007	TG 51:3	C54H98O6Na2	[M+2Na-H]+	/resources/tools/chemdb_ontology?abbrev=TG 51:3
861.69188	861.6967	.0048	TG 53:8	C56H92O6	[M+H]+	/resources/tools/chemdb_ontology?abbrev=TG 53:8
861.69188	861.6943	.0024	TG 51:5	C54H94O6Na	[M+Na]+	/resources/tools/chemdb_ontology?abbrev=TG 51:5
861.69188	861.6919	.0000	TG 49:2	C52H96O6Na2	[M+2Na-H]+	/resources/tools/chemdb_ontology?abbrev=TG 49:2
907.69815	907.6899	.0083	PC 44:6	C52H92NO8P	[M+NH4]+	/resources/tools/chemdb_ontology?abbrev=PC 44:6
943.76947	943.7749	.0054	TG 59:9	C62H102O6	[M+H]+	/resources/tools/chemdb_ontology?abbrev=TG 59:9
943.76947	943.7725	.0030	TG 57:6	C60H104O6Na	[M+Na]+	/resources/tools/chemdb_ontology?abbrev=TG 57:6
943.76947	943.7701	.0006	TG 55:3	C58H106O6Na2	[M+2Na-H]+	/resources/tools/chemdb_ontology?abbrev=TG 55:3
637.63124	637.6242	.0071	Cer 40:2;O2	C40H77NO3	[M+NH4]+	/resources/tools/chemdb_ontology?abbrev=Cer 40:2;O2
475.41412	475.4146	.0004	TG 59:6	C62H108O6	[M+2H]2+	/resources/tools/chemdb_ontology?abbrev=TG 59:6
475.41412	475.4122	.0020	TG 55:0	C58H112O6Na2	[M+2Na]2+	/resources/tools/chemdb_ontology?abbrev=TG 55:0
548.50394	548.5037	.0002	Cer 35:2;O3	C35H67NO4	[M+H-H2O]+	/resources/tools/chemdb_ontology?abbrev=Cer 35:2;O3
548.50394	548.5013	.0026	Cer 33:0;O2	C33H67NO3Na	[M+Na]+	/resources/tools/chemdb_ontology?abbrev=Cer 33:0;O2
553.45865	553.4567	.0019	FA 33:1;O	C33H64O3Na2	[M+2Na-H]+	/resources/tools/chemdb_ontology?abbrev=FA 33:1;O
765.52121	765.5276	.0064	PI O-31:0	C40H79O12P	[M+H-H2O]+	/resources/tools/chemdb_ontology?abbrev=PI O-31:0
765.52121	765.5177	.0035	PE 37:7	C42H70NO8P	[M+NH4]+	/resources/tools/chemdb_ontology?abbrev=PE 37:7
765.52121	765.5247	.0035	CL 78:10	C87H150O17P2	[M+2H]2+	/resources/tools/chemdb_ontology?abbrev=CL 78:10
765.52121	765.5223	.0011	CL 74:4	C83H154O17P2Na2	[M+2Na]2+	/resources/tools/chemdb_ontology?abbrev=CL 74:4
931.76931	931.7749	.0056	TG 58:8	C61H102O6	[M+H]+	/resources/tools/chemdb_ontology?abbrev=TG 58:8
931.76931	931.7725	.0032	TG 56:5	C59H104O6Na	[M+Na]+	/resources/tools/chemdb_ontology?abbrev=TG 56:5
931.76931	931.7701	.0008	TG 54:2	C57H106O6Na2	[M+2Na-H]+	/resources/tools/chemdb_ontology?abbrev=TG 54:2
419.35132	419.3520	.0006	ST 27:1;O3	C27H46O3	[M+H]+	/resources/tools/chemdb_ontology?abbrev=ST 27:1;O3
419.35132	419.3520	.0006	ST 27:0;O4	C27H48O4	[M+H-H2O]+	/resources/tools/chemdb_ontology?abbrev=ST 27:0;O4
419.35132	419.3520	.0006	TG 51:6	C54H92O6	[M+2H]2+	/resources/tools/chemdb_ontology?abbrev=TG 51:6
419.35132	419.3496	.0018	TG 47:0	C50H96O6Na2	[M+2Na]2+	/resources/tools/chemdb_ontology?abbrev=TG 47:0
811.64076	811.6324	.0084	PC O-38:5	C46H84NO7P	[M+NH4]+	/resources/tools/chemdb_ontology?abbrev=PC O-38:5
865.68766	865.6793	.0083	PC O-42:6	C50H90NO7P	[M+NH4]+	/resources/tools/chemdb_ontology?abbrev=PC O-42:6
815.69849	815.7000	.0016	SM 42:1;O2	C47H95N2O6P	[M+H]+	/resources/tools/chemdb_ontology?abbrev=SM 42:1;O2
815.69849	815.7083	.0098	HexCer 41:1;O2	C47H91NO8	[M+NH4]+	/resources/tools/chemdb_ontology?abbrev=HexCer 41:1;O2
881.66131	881.6630	.0016	TG 53:9	C56H90O6Na	[M+Na]+	/resources/tools/chemdb_ontology?abbrev=TG 53:9
881.66131	881.6590	.0023	IPC 40:1;O2	C46H90NO11P	[M+NH4]+	/resources/tools/chemdb_ontology?abbrev=IPC 40:1;O2
881.66131	881.6672	.0059	Hex2Cer 34:0;O2	C46H89NO13	[M+NH4]+	/resources/tools/chemdb_ontology?abbrev=Hex2Cer 34:0;O2
881.66131	881.6606	.0008	TG 51:6	C54H92O6Na2	[M+2Na-H]+	/resources/tools/chemdb_ontology?abbrev=TG 51:6
719.53636	719.5374	.0010	PA O-40:5	C43H77O7P	[M+H-H2O]+	/resources/tools/chemdb_ontology?abbrev=PA O-40:5
719.53636	719.5334	.0030	PC 30:2	C38H72NO8P	[M+NH4]+	/resources/tools/chemdb_ontology?abbrev=PC 30:2
719.53636	719.5334	.0030	PE 33:2	C38H72NO8P	[M+NH4]+	/resources/tools/chemdb_ontology?abbrev=PE 33:2
719.53636	719.5403	.0040	CL 70:0	C79H154O17P2	[M+2H]2+	/resources/tools/chemdb_ontology?abbrev=CL 70:0
901.75816	901.7643	.0062	TG 57:7	C60H102O6	[M+H-H2O]+	/resources/tools/chemdb_ontology?abbrev=TG 57:7
866.69085	866.6997	.0089	PC 43:2	C51H98NO8P	[M+H-H2O]+	/resources/tools/chemdb_ontology?abbrev=PC 43:2
866.69085	866.6973	.0065	PC O-41:1	C49H98NO7PNa	[M+Na]+	/resources/tools/chemdb_ontology?abbrev=PC O-41:1
866.69085	866.6845	.0064	PG 41:0	C47H93O10P	[M+NH4]+	/resources/tools/chemdb_ontology?abbrev=PG 41:0
703.56245	703.5636	.0012	PA O-37:1	C40H79O7P	[M+H]+	/resources/tools/chemdb_ontology?abbrev=PA O-37:1
703.56245	703.5660	.0035	DG 44:8	C47H76O5	[M+H-H2O]+	/resources/tools/chemdb_ontology?abbrev=DG 44:8
774.59928	774.6007	.0014	PC 35:1	C43H84NO8P	[M+H]+	/resources/tools/chemdb_ontology?abbrev=PC 35:1
774.59928	774.6007	.0014	PE 38:1	C43H84NO8P	[M+H]+	/resources/tools/chemdb_ontology?abbrev=PE 38:1
774.59928	774.6007	.0014	PS O-37:0	C43H86NO9P	[M+H-H2O]+	/resources/tools/chemdb_ontology?abbrev=PS O-37:0
774.59928	774.6007	.0014	PA 40:2	C43H81O8P	[M+NH4]+	/resources/tools/chemdb_ontology?abbrev=PA 40:2
774.59928	774.6090	.0097	MGDG 34:1	C43H80O10	[M+NH4]+	/resources/tools/chemdb_ontology?abbrev=MGDG 34:1
774.59928	774.5951	.0042	CL 78:1	C87H168O17P2	[M+2H]2+	/resources/tools/chemdb_ontology?abbrev=CL 78:1
740.63704	740.6399	.0028	HexCer 38:0;O2	C44H87NO8	[M+H-H2O]+	/resources/tools/chemdb_ontology?abbrev=HexCer 38:0;O2
740.63704	740.6316	.0054	CerP 44:1;O2	C44H88NO6P	[M+H-H2O]+	/resources/tools/chemdb_ontology?abbrev=CerP 44:1;O2
835.64228	835.6423	.0000	PG 40:0	C46H91O10P	[M+H]+	/resources/tools/chemdb_ontology?abbrev=PG 40:0
835.64228	835.6324	.0099	PC O-40:7	C48H84NO7P	[M+NH4]+	/resources/tools/chemdb_ontology?abbrev=PC O-40:7
569.43277	569.4289	.0039	LPC 20:0	C28H58NO7P	[M+NH4]+	/resources/tools/chemdb_ontology?abbrev=LPC 20:0
569.43277	569.4289	.0039	PC O-20:0	C28H58NO7P	[M+NH4]+	/resources/tools/chemdb_ontology?abbrev=PC O-20:0
569.43277	569.4305	.0023	FA 36:6	C36H60O2Na2	[M+2Na-H]+	/resources/tools/chemdb_ontology?abbrev=FA 36:6
569.43277	569.4305	.0023	WE 36:6	C36H60O2Na2	[M+2Na-H]+	/resources/tools/chemdb_ontology?abbrev=WE 36:6
875.74254	875.7487	.0062	TG 55:6	C58H100O6	[M+H-H2O]+	/resources/tools/chemdb_ontology?abbrev=TG 55:6
816.70197	816.7076	.0056	TG 48:4	C51H90O6	[M+NH4]+	/resources/tools/chemdb_ontology?abbrev=TG 48:4
816.70197	816.6953	.0067	SM 41:2;O2	C46H91N2O6P	[M+NH4]+	/resources/tools/chemdb_ontology?abbrev=SM 41:2;O2
767.63657	767.6425	.0060	SM 40:2;O2	C45H89N2O6P	[M+H-H2O]+	/resources/tools/chemdb_ontology?abbrev=SM 40:2;O2
873.72738	873.7330	.0057	TG 55:7	C58H98O6	[M+H-H2O]+	/resources/tools/chemdb_ontology?abbrev=TG 55:7
874.73208	874.7259	.0062	PC 42:0	C50H100NO8P	[M+H]+	/resources/tools/chemdb_ontology?abbrev=PC 42:0
875.74331	875.7487	.0054	TG 55:6	C58H100O6	[M+H-H2O]+	/resources/tools/chemdb_ontology?abbrev=TG 55:6
383.33026	383.3308	.0006	ST 27:3;O	C27H42O	[M+H]+	/resources/tools/chemdb_ontology?abbrev=ST 27:3;O
383.33026	383.3308	.0006	ST 27:2;O2	C27H44O2	[M+H-H2O]+	/resources/tools/chemdb_ontology?abbrev=ST 27:2;O2
762.65884	762.6606	.0018	TG 44:3	C47H84O6	[M+NH4]+	/resources/tools/chemdb_ontology?abbrev=TG 44:3
803.68565	803.6864	.0007	FAHFA 50:2;O	C50H94O4Na2	[M+2Na-H]+	/resources/tools/chemdb_ontology?abbrev=FAHFA 50:2;O
768.61785	768.6265	.0087	PC O-37:2	C45H88NO7P	[M+H-H2O]+	/resources/tools/chemdb_ontology?abbrev=PC O-37:2
768.61785	768.6265	.0087	PE O-40:2	C45H88NO7P	[M+H-H2O]+	/resources/tools/chemdb_ontology?abbrev=PE O-40:2
768.61785	768.6113	.0066	PG O-35:0	C41H83O9P	[M+NH4]+	/resources/tools/chemdb_ontology?abbrev=PG O-35:0
767.61445	767.6184	.0040	TG 46:6	C49H82O6	[M+H]+	/resources/tools/chemdb_ontology?abbrev=TG 46:6
767.61445	767.6160	.0016	TG 44:3	C47H84O6Na	[M+Na]+	/resources/tools/chemdb_ontology?abbrev=TG 44:3
767.61445	767.6136	.0009	TG 42:0	C45H86O6Na2	[M+2Na-H]+	/resources/tools/chemdb_ontology?abbrev=TG 42:0
647.45829	647.4646	.0063	PA 32:1	C35H67O8P	[M+H]+	/resources/tools/chemdb_ontology?abbrev=PA 32:1
647.45829	647.4646	.0063	PG O-29:1	C35H69O9P	[M+H-H2O]+	/resources/tools/chemdb_ontology?abbrev=PG O-29:1
647.45829	647.4646	.0063	DG 37:7	C40H64O5Na	[M+Na]+	/resources/tools/chemdb_ontology?abbrev=DG 37:7
647.45829	647.4622	.0039	DG 35:4	C38H66O5Na2	[M+2Na-H]+	/resources/tools/chemdb_ontology?abbrev=DG 35:4
834.60692	834.6007	.0062	PC 40:6	C48H84NO8P	[M+H]+	/resources/tools/chemdb_ontology?abbrev=PC 40:6
834.60692	834.6007	.0062	PE 43:6	C48H84NO8P	[M+H]+	/resources/tools/chemdb_ontology?abbrev=PE 43:6
834.60692	834.6007	.0062	PS O-42:5	C48H86NO9P	[M+H-H2O]+	/resources/tools/chemdb_ontology?abbrev=PS O-42:5
834.60692	834.5983	.0086	PC 38:3	C46H86NO8PNa	[M+Na]+	/resources/tools/chemdb_ontology?abbrev=PC 38:3
834.60692	834.5983	.0086	PE 41:3	C46H86NO8PNa	[M+Na]+	/resources/tools/chemdb_ontology?abbrev=PE 41:3
834.60692	834.6042	.0028	HexCer 38:0;O4	C44H87NO10Na2	[M+2Na-H]+	/resources/tools/chemdb_ontology?abbrev=HexCer 38:0;O4
833.60343	833.6031	.0004	PA 44:3	C47H87O8PNa	[M+Na]+	/resources/tools/chemdb_ontology?abbrev=PA 44:3
833.60343	833.6015	.0020	PS 38:2	C44H82NO10P	[M+NH4]+	/resources/tools/chemdb_ontology?abbrev=PS 38:2
833.60343	833.6007	.0028	PA 42:0	C45H89O8PNa2	[M+2Na-H]+	/resources/tools/chemdb_ontology?abbrev=PA 42:0
813.67703	813.6844	.0074	SM 42:2;O2	C47H93N2O6P	[M+H]+	/resources/tools/chemdb_ontology?abbrev=SM 42:2;O2
817.62916	817.6317	.0025	PG O-40:2	C46H89O9P	[M+H]+	/resources/tools/chemdb_ontology?abbrev=PG O-40:2
817.62916	817.6341	.0049	TG 50:9	C53H84O6	[M+H]+	/resources/tools/chemdb_ontology?abbrev=TG 50:9
817.62916	817.6317	.0025	PG 40:0	C46H91O10P	[M+H-H2O]+	/resources/tools/chemdb_ontology?abbrev=PG 40:0
817.62916	817.6317	.0025	TG 48:6	C51H86O6Na	[M+Na]+	/resources/tools/chemdb_ontology?abbrev=TG 48:6
817.62916	817.6293	.0001	TG 46:3	C49H88O6Na2	[M+2Na-H]+	/resources/tools/chemdb_ontology?abbrev=TG 46:3
865.68813	865.6793	.0088	PC O-42:6	C50H90NO7P	[M+NH4]+	/resources/tools/chemdb_ontology?abbrev=PC O-42:6
818.63321	818.6269	.0063	PS O-39:1	C45H88NO9P	[M+H]+	/resources/tools/chemdb_ontology?abbrev=PS O-39:1
854.70307	854.6997	.0034	PC O-42:3	C50H96NO7P	[M+H]+	/resources/tools/chemdb_ontology?abbrev=PC O-42:3
854.70307	854.6997	.0034	PC 42:1	C50H98NO8P	[M+H-H2O]+	/resources/tools/chemdb_ontology?abbrev=PC 42:1
854.70307	854.7080	.0049	HexCer 44:1;O4	C50H97NO10	[M+H-H2O]+	/resources/tools/chemdb_ontology?abbrev=HexCer 44:1;O4
854.70307	854.6973	.0058	PC O-40:0	C48H98NO7PNa	[M+Na]+	/resources/tools/chemdb_ontology?abbrev=PC O-40:0
812.67404	812.6763	.0022	TG 48:6	C51H86O6	[M+NH4]+	/resources/tools/chemdb_ontology?abbrev=TG 48:6
843.70254	843.7032	.0007	HexCer 36:1;O	C48H91NO9	[M+NH4]+	/resources/tools/chemdb_ontology?abbrev=HexCer 36:1;O
843.70254	843.7032	.0007	HexCer 42:2;O3	C48H91NO9	[M+NH4]+	/resources/tools/chemdb_ontology?abbrev=HexCer 42:2;O3
843.70254	843.6950	.0076	PC O-40:3	C48H92NO7P	[M+NH4]+	/resources/tools/chemdb_ontology?abbrev=PC O-40:3
660.30804	660.3143	.0063	PS 25:4;O3	C31H52NO13P	[M+H-H2O]+	/resources/tools/chemdb_ontology?abbrev=PS 25:4;O3
660.30804	660.3119	.0039	PS 23:2;O2	C29H52NO12PNa	[M+Na]+	/resources/tools/chemdb_ontology?abbrev=PS 23:2;O2
935.65049	935.6583	.0078	PI 41:1	C50H95O13P	[M+H]+	/resources/tools/chemdb_ontology?abbrev=PI 41:1
804.6885	804.6841	.0044	PC O-38:0	C46H94NO7P	[M+H]+	/resources/tools/chemdb_ontology?abbrev=PC O-38:0
804.6885	804.6841	.0044	PE O-41:0	C46H94NO7P	[M+H]+	/resources/tools/chemdb_ontology?abbrev=PE O-41:0
804.6885	804.6953	.0068	SM 40:1;O2	C45H91N2O6P	[M+NH4]+	/resources/tools/chemdb_ontology?abbrev=SM 40:1;O2
919.67682	919.6810	.0042	TG 58:14	C61H90O6	[M+H]+	/resources/tools/chemdb_ontology?abbrev=TG 58:14
919.67682	919.6786	.0018	TG 56:11	C59H92O6Na	[M+Na]+	/resources/tools/chemdb_ontology?abbrev=TG 56:11
919.67682	919.6762	.0006	TG 54:8	C57H94O6Na2	[M+2Na-H]+	/resources/tools/chemdb_ontology?abbrev=TG 54:8
828.68783	828.6841	.0038	PC O-40:2	C48H94NO7P	[M+H]+	/resources/tools/chemdb_ontology?abbrev=PC O-40:2
828.68783	828.6923	.0045	HexCer 42:1;O3	C48H93NO9	[M+H]+	/resources/tools/chemdb_ontology?abbrev=HexCer 42:1;O3
828.68783	828.6841	.0038	PC 40:0	C48H96NO8P	[M+H-H2O]+	/resources/tools/chemdb_ontology?abbrev=PC 40:0
828.68783	828.6841	.0038	PE 43:0	C48H96NO8P	[M+H-H2O]+	/resources/tools/chemdb_ontology?abbrev=PE 43:0
828.68783	828.6953	.0075	SM 42:3;O2	C47H91N2O6P	[M+NH4]+	/resources/tools/chemdb_ontology?abbrev=SM 42:3;O2
897.74682	897.7419	.0049	PC O-44:4	C52H98NO7P	[M+NH4]+	/resources/tools/chemdb_ontology?abbrev=PC O-44:4
879.71646	879.7161	.0004	PS O-42:0	C48H96NO9P	[M+NH4]+	/resources/tools/chemdb_ontology?abbrev=PS O-42:0
844.6488	844.6426	.0062	PS 41:0	C47H92NO10P	[M+H-H2O]+	/resources/tools/chemdb_ontology?abbrev=PS 41:0
873.71237	873.7055	.0068	PC 41:2	C49H94NO8P	[M+NH4]+	/resources/tools/chemdb_ontology?abbrev=PC 41:2
873.71237	873.7055	.0068	PE 44:2	C49H94NO8P	[M+NH4]+	/resources/tools/chemdb_ontology?abbrev=PE 44:2
843.64574	843.6473	.0016	PG O-42:3	C48H91O9P	[M+H]+	/resources/tools/chemdb_ontology?abbrev=PG O-42:3
843.64574	843.6497	.0040	TG 52:10	C55H86O6	[M+H]+	/resources/tools/chemdb_ontology?abbrev=TG 52:10
843.64574	843.6473	.0016	PG 42:1	C48H93O10P	[M+H-H2O]+	/resources/tools/chemdb_ontology?abbrev=PG 42:1
843.64574	843.6449	.0008	PG O-40:0	C46H93O9PNa	[M+Na]+	/resources/tools/chemdb_ontology?abbrev=PG O-40:0
843.64574	843.6473	.0016	TG 50:7	C53H88O6Na	[M+Na]+	/resources/tools/chemdb_ontology?abbrev=TG 50:7
843.64574	843.6449	.0008	TG 48:4	C51H90O6Na2	[M+2Na-H]+	/resources/tools/chemdb_ontology?abbrev=TG 48:4
871.73156	871.7263	.0053	PC O-42:3	C50H96NO7P	[M+NH4]+	/resources/tools/chemdb_ontology?abbrev=PC O-42:3
887.70477	887.7123	.0075	TG 55:9	C58H94O6	[M+H]+	/resources/tools/chemdb_ontology?abbrev=TG 55:9
887.70477	887.7099	.0051	TG 53:6	C56H96O6Na	[M+Na]+	/resources/tools/chemdb_ontology?abbrev=TG 53:6
887.70477	887.7075	.0027	TG 51:3	C54H98O6Na2	[M+2Na-H]+	/resources/tools/chemdb_ontology?abbrev=TG 51:3
887.70477	887.6952	.0095	SM 44:1;O2	C49H99N2O6PNa2	[M+2Na-H]+	/resources/tools/chemdb_ontology?abbrev=SM 44:1;O2
867.70327	867.6950	.0083	PC O-42:5	C50H92NO7P	[M+NH4]+	/resources/tools/chemdb_ontology?abbrev=PC O-42:5
911.7084	911.7123	.0039	TG 57:11	C60H94O6	[M+H]+	/resources/tools/chemdb_ontology?abbrev=TG 57:11
911.7084	911.7099	.0015	TG 55:8	C58H96O6Na	[M+Na]+	/resources/tools/chemdb_ontology?abbrev=TG 55:8
911.7084	911.7059	.0025	IPC 42:0;O2	C48H96NO11P	[M+NH4]+	/resources/tools/chemdb_ontology?abbrev=IPC 42:0;O2
911.7084	911.7075	.0009	TG 53:5	C56H98O6Na2	[M+2Na-H]+	/resources/tools/chemdb_ontology?abbrev=TG 53:5
652.70594	652.6966	.0093	FA 43:0	C43H86O2	[M+NH4]+	/resources/tools/chemdb_ontology?abbrev=FA 43:0
838.68924	838.6895	.0003	PG O-40:0	C46H93O9P	[M+NH4]+	/resources/tools/chemdb_ontology?abbrev=PG O-40:0
838.68924	838.6919	.0027	TG 50:7	C53H88O6	[M+NH4]+	/resources/tools/chemdb_ontology?abbrev=TG 50:7
844.70625	844.7154	.0091	PC O-41:1	C49H98NO7P	[M+H]+	/resources/tools/chemdb_ontology?abbrev=PC O-41:1
895.73392	895.7263	.0077	PC O-44:5	C52H96NO7P	[M+NH4]+	/resources/tools/chemdb_ontology?abbrev=PC O-44:5
587.58321	587.5762	.0071	WE 40:3	C40H74O2	[M+H]+	/resources/tools/chemdb_ontology?abbrev=WE 40:3
587.58321	587.5737	.0095	FA 38:0	C38H76O2Na	[M+Na]+	/resources/tools/chemdb_ontology?abbrev=FA 38:0
587.58321	587.5737	.0095	WE 38:0	C38H76O2Na	[M+Na]+	/resources/tools/chemdb_ontology?abbrev=WE 38:0
860.62277	860.6164	.0064	PC 42:7	C50H86NO8P	[M+H]+	/resources/tools/chemdb_ontology?abbrev=PC 42:7
860.62277	860.6140	.0088	PC 40:4	C48H88NO8PNa	[M+Na]+	/resources/tools/chemdb_ontology?abbrev=PC 40:4
860.62277	860.6140	.0088	PE 43:4	C48H88NO8PNa	[M+Na]+	/resources/tools/chemdb_ontology?abbrev=PE 43:4
860.62277	860.6198	.0030	HexCer 40:1;O4	C46H89NO10Na2	[M+2Na-H]+	/resources/tools/chemdb_ontology?abbrev=HexCer 40:1;O4
870.72198	870.7310	.0090	PC 43:0	C51H102NO8P	[M+H-H2O]+	/resources/tools/chemdb_ontology?abbrev=PC 43:0
931.80483	931.8113	.0065	TG 59:6	C62H108O6	[M+H-H2O]+	/resources/tools/chemdb_ontology?abbrev=TG 59:6
603.55687	603.5499	.0069	CE 16:2	C43H72O2	[M+H-H2O]+	/resources/tools/chemdb_ontology?abbrev=CE 16:2
880.71962	880.7154	.0043	PC O-44:4	C52H98NO7P	[M+H]+	/resources/tools/chemdb_ontology?abbrev=PC O-44:4
880.71962	880.7154	.0043	PC 44:2	C52H100NO8P	[M+H-H2O]+	/resources/tools/chemdb_ontology?abbrev=PC 44:2
880.71962	880.7130	.0067	PC O-42:1	C50H100NO7PNa	[M+Na]+	/resources/tools/chemdb_ontology?abbrev=PC O-42:1
869.71819	869.7106	.0076	PC O-42:4	C50H94NO7P	[M+NH4]+	/resources/tools/chemdb_ontology?abbrev=PC O-42:4
885.69213	885.6967	.0045	TG 55:10	C58H92O6	[M+H]+	/resources/tools/chemdb_ontology?abbrev=TG 55:10
885.69213	885.6943	.0021	TG 53:7	C56H94O6Na	[M+Na]+	/resources/tools/chemdb_ontology?abbrev=TG 53:7
885.69213	885.6919	.0003	TG 51:4	C54H96O6Na2	[M+2Na-H]+	/resources/tools/chemdb_ontology?abbrev=TG 51:4
905.789	905.7956	.0066	TG 57:5	C60H106O6	[M+H-H2O]+	/resources/tools/chemdb_ontology?abbrev=TG 57:5
753.42737	753.4185	.0089	PI 27:2;O	C36H65O14P	[M+H]+	/resources/tools/chemdb_ontology?abbrev=PI 27:2;O
945.80835	945.7994	.0089	PC 46:1	C54H106NO8P	[M+NH4]+	/resources/tools/chemdb_ontology?abbrev=PC 46:1
1278.32831	1278.3379	.0096	FA 88:1;O2	C88H174O4	[M+H-H2O]+	/resources/tools/chemdb_ontology?abbrev=FA 88:1;O2
919.76999	919.7749	.0049	TG 57:7	C60H102O6	[M+H]+	/resources/tools/chemdb_ontology?abbrev=TG 57:7
919.76999	919.7725	.0025	TG 55:4	C58H104O6Na	[M+Na]+	/resources/tools/chemdb_ontology?abbrev=TG 55:4
919.76999	919.7701	.0001	TG 53:1	C56H106O6Na2	[M+2Na-H]+	/resources/tools/chemdb_ontology?abbrev=TG 53:1
1240.29114	1240.2859	.0053	FA 84:1;O2	C84H166O4	[M+H]+	/resources/tools/chemdb_ontology?abbrev=FA 84:1;O2
945.7843	945.7906	.0063	TG 59:8	C62H104O6	[M+H]+	/resources/tools/chemdb_ontology?abbrev=TG 59:8
945.7843	945.7882	.0039	TG 57:5	C60H106O6Na	[M+Na]+	/resources/tools/chemdb_ontology?abbrev=TG 57:5
945.7843	945.7858	.0015	TG 55:2	C58H108O6Na2	[M+2Na-H]+	/resources/tools/chemdb_ontology?abbrev=TG 55:2
971.80134	971.8062	.0049	TG 61:9	C64H106O6	[M+H]+	/resources/tools/chemdb_ontology?abbrev=TG 61:9
971.80134	971.8038	.0025	TG 59:6	C62H108O6Na	[M+Na]+	/resources/tools/chemdb_ontology?abbrev=TG 59:6
971.80134	971.8014	.0001	TG 57:3	C60H110O6Na2	[M+2Na-H]+	/resources/tools/chemdb_ontology?abbrev=TG 57:3
742.60202	742.6109	.0089	PC O-35:1	C43H86NO7P	[M+H-H2O]+	/resources/tools/chemdb_ontology?abbrev=PC O-35:1
742.60202	742.6109	.0089	PE O-38:1	C43H86NO7P	[M+H-H2O]+	/resources/tools/chemdb_ontology?abbrev=PE O-38:1
947.79803	947.8062	.0082	TG 59:7	C62H106O6	[M+H]+	/resources/tools/chemdb_ontology?abbrev=TG 59:7
947.79803	947.8038	.0058	TG 57:4	C60H108O6Na	[M+Na]+	/resources/tools/chemdb_ontology?abbrev=TG 57:4
947.79803	947.8014	.0034	TG 55:1	C58H110O6Na2	[M+2Na-H]+	/resources/tools/chemdb_ontology?abbrev=TG 55:1
757.57277	757.5742	.0014	PA 40:2	C43H81O8P	[M+H]+	/resources/tools/chemdb_ontology?abbrev=PA 40:2
757.57277	757.5824	.0097	MGDG 34:1	C43H80O10	[M+H]+	/resources/tools/chemdb_ontology?abbrev=MGDG 34:1
757.57277	757.5742	.0014	PG O-37:2	C43H83O9P	[M+H-H2O]+	/resources/tools/chemdb_ontology?abbrev=PG O-37:2
757.57277	757.5717	.0010	DG 43:5	C46H80O5Na2	[M+2Na-H]+	/resources/tools/chemdb_ontology?abbrev=DG 43:5
885.63499	885.6328	.0022	PS 42:4	C48H86NO10P	[M+NH4]+	/resources/tools/chemdb_ontology?abbrev=PS 42:4
858.66482	858.6582	.0066	PS O-42:2	C48H92NO9P	[M+H]+	/resources/tools/chemdb_ontology?abbrev=PS O-42:2
858.66482	858.6582	.0066	PS 42:0	C48H94NO10P	[M+H-H2O]+	/resources/tools/chemdb_ontology?abbrev=PS 42:0
858.66482	858.6582	.0066	PG O-42:4	C48H89O9P	[M+NH4]+	/resources/tools/chemdb_ontology?abbrev=PG O-42:4
897.72795	897.7330	.0051	TG 57:9	C60H98O6	[M+H-H2O]+	/resources/tools/chemdb_ontology?abbrev=TG 57:9
778.67349	778.6684	.0051	PA O-41:0	C44H89O7P	[M+NH4]+	/resources/tools/chemdb_ontology?abbrev=PA O-41:0
778.67349	778.6796	.0062	SM 38:0;O2	C43H89N2O6P	[M+NH4]+	/resources/tools/chemdb_ontology?abbrev=SM 38:0;O2
741.59882	741.6028	.0039	TG 44:5	C47H80O6	[M+H]+	/resources/tools/chemdb_ontology?abbrev=TG 44:5
741.59882	741.5905	.0083	CerPE 40:3;O2	C42H81N2O6P	[M+H]+	/resources/tools/chemdb_ontology?abbrev=CerPE 40:3;O2
741.59882	741.5905	.0083	CerPE 40:2;O3	C42H83N2O7P	[M+H-H2O]+	/resources/tools/chemdb_ontology?abbrev=CerPE 40:2;O3
741.59882	741.6004	.0015	TG 42:2	C45H82O6Na	[M+Na]+	/resources/tools/chemdb_ontology?abbrev=TG 42:2
841.68775	841.6793	.0084	PC O-40:4	C48H90NO7P	[M+NH4]+	/resources/tools/chemdb_ontology?abbrev=PC O-40:4
857.66101	857.6654	.0044	TG 53:10	C56H88O6	[M+H]+	/resources/tools/chemdb_ontology?abbrev=TG 53:10
857.66101	857.6630	.0020	PG 43:1	C49H95O10P	[M+H-H2O]+	/resources/tools/chemdb_ontology?abbrev=PG 43:1
857.66101	857.6606	.0004	PG O-41:0	C47H95O9PNa	[M+Na]+	/resources/tools/chemdb_ontology?abbrev=PG O-41:0
857.66101	857.6630	.0019	TG 51:7	C54H90O6Na	[M+Na]+	/resources/tools/chemdb_ontology?abbrev=TG 51:7
857.66101	857.6606	.0005	TG 49:4	C52H92O6Na2	[M+2Na-H]+	/resources/tools/chemdb_ontology?abbrev=TG 49:4
901.75829	901.7643	.0061	TG 57:7	C60H102O6	[M+H-H2O]+	/resources/tools/chemdb_ontology?abbrev=TG 57:7
767.6145	767.6184	.0039	TG 46:6	C49H82O6	[M+H]+	/resources/tools/chemdb_ontology?abbrev=TG 46:6
767.6145	767.6160	.0015	TG 44:3	C47H84O6Na	[M+Na]+	/resources/tools/chemdb_ontology?abbrev=TG 44:3
767.6145	767.6136	.0009	TG 42:0	C45H86O6Na2	[M+2Na-H]+	/resources/tools/chemdb_ontology?abbrev=TG 42:0
736.64343	736.6450	.0015	TG 42:2	C45H82O6	[M+NH4]+	/resources/tools/chemdb_ontology?abbrev=TG 42:2
783.58852	783.5898	.0013	PA 42:3	C45H83O8P	[M+H]+	/resources/tools/chemdb_ontology?abbrev=PA 42:3
783.58852	783.5981	.0096	MGDG 36:2	C45H82O10	[M+H]+	/resources/tools/chemdb_ontology?abbrev=MGDG 36:2
783.58852	783.5874	.0011	PA 40:0	C43H85O8PNa	[M+Na]+	/resources/tools/chemdb_ontology?abbrev=PA 40:0
762.65892	762.6606	.0017	TG 44:3	C47H84O6	[M+NH4]+	/resources/tools/chemdb_ontology?abbrev=TG 44:3
699.59398	699.5922	.0018	DG 42:5	C45H78O5	[M+H]+	/resources/tools/chemdb_ontology?abbrev=DG 42:5
699.59398	699.5922	.0018	TG 42:3	C45H80O6	[M+H-H2O]+	/resources/tools/chemdb_ontology?abbrev=TG 42:3
699.59398	699.5898	.0042	DG 40:2	C43H80O5Na	[M+Na]+	/resources/tools/chemdb_ontology?abbrev=DG 40:2
737.55012	737.5480	.0022	PA O-40:5	C43H77O7P	[M+H]+	/resources/tools/chemdb_ontology?abbrev=PA O-40:5
737.55012	737.5480	.0022	PA 40:3	C43H79O8P	[M+H-H2O]+	/resources/tools/chemdb_ontology?abbrev=PA 40:3
737.55012	737.5562	.0061	MGDG 34:2	C43H78O10	[M+H-H2O]+	/resources/tools/chemdb_ontology?abbrev=MGDG 34:2
737.55012	737.5456	.0046	PA O-38:2	C41H79O7PNa	[M+Na]+	/resources/tools/chemdb_ontology?abbrev=PA O-38:2
737.55012	737.5568	.0067	CerPE 38:2;O2	C40H79N2O6PNa	[M+Na]+	/resources/tools/chemdb_ontology?abbrev=CerPE 38:2;O2
737.55012	737.5439	.0062	PS O-32:1	C38H74NO9P	[M+NH4]+	/resources/tools/chemdb_ontology?abbrev=PS O-32:1
883.67699	883.6810	.0040	TG 55:11	C58H90O6	[M+H]+	/resources/tools/chemdb_ontology?abbrev=TG 55:11
883.67699	883.6786	.0016	TG 53:8	C56H92O6Na	[M+Na]+	/resources/tools/chemdb_ontology?abbrev=TG 53:8
883.67699	883.6746	.0024	IPC 40:0;O2	C46H92NO11P	[M+NH4]+	/resources/tools/chemdb_ontology?abbrev=IPC 40:0;O2
883.67699	883.6762	.0008	TG 51:5	C54H94O6Na2	[M+2Na-H]+	/resources/tools/chemdb_ontology?abbrev=TG 51:5
868.70664	868.7154	.0087	PC 43:1	C51H100NO8P	[M+H-H2O]+	/resources/tools/chemdb_ontology?abbrev=PC 43:1
868.70664	868.7154	.0087	PE 46:1	C51H100NO8P	[M+H-H2O]+	/resources/tools/chemdb_ontology?abbrev=PE 46:1
868.70664	868.7130	.0063	PC O-41:0	C49H100NO7PNa	[M+Na]+	/resources/tools/chemdb_ontology?abbrev=PC O-41:0
758.65065	758.6504	.0002	HexCer 38:0;O2	C44H87NO8	[M+H]+	/resources/tools/chemdb_ontology?abbrev=HexCer 38:0;O2
758.65065	758.6422	.0085	CerP 44:1;O2	C44H88NO6P	[M+H]+	/resources/tools/chemdb_ontology?abbrev=CerP 44:1;O2
758.65065	758.6422	.0085	PC O-36:0	C44H90NO7P	[M+H-H2O]+	/resources/tools/chemdb_ontology?abbrev=PC O-36:0
758.65065	758.6422	.0085	PE O-39:0	C44H90NO7P	[M+H-H2O]+	/resources/tools/chemdb_ontology?abbrev=PE O-39:0
759.65145	759.6497	.0017	TG 45:3	C48H86O6	[M+H]+	/resources/tools/chemdb_ontology?abbrev=TG 45:3
759.65145	759.6473	.0041	TG 43:0	C46H88O6Na	[M+Na]+	/resources/tools/chemdb_ontology?abbrev=TG 43:0
759.65145	759.6457	.0058	HexCer 37:1;O2	C43H83NO8	[M+NH4]+	/resources/tools/chemdb_ontology?abbrev=HexCer 37:1;O2
875.74269	875.7487	.0060	TG 55:6	C58H100O6	[M+H-H2O]+	/resources/tools/chemdb_ontology?abbrev=TG 55:6
842.69157	842.6997	.0081	PC 41:0	C49H98NO8P	[M+H-H2O]+	/resources/tools/chemdb_ontology?abbrev=PC 41:0
842.69157	842.6997	.0081	PE 44:0	C49H98NO8P	[M+H-H2O]+	/resources/tools/chemdb_ontology?abbrev=PE 44:0
839.67201	839.6637	.0083	PC O-40:5	C48H88NO7P	[M+NH4]+	/resources/tools/chemdb_ontology?abbrev=PC O-40:5
785.59202	785.5873	.0047	CL 80:4	C89H166O17P2	[M+2H]2+	/resources/tools/chemdb_ontology?abbrev=CL 80:4
722.57464	722.5694	.0052	PA 36:0	C39H77O8P	[M+NH4]+	/resources/tools/chemdb_ontology?abbrev=PA 36:0
722.57464	722.5807	.0060	CerPE 36:1;O3	C38H77N2O7P	[M+NH4]+	/resources/tools/chemdb_ontology?abbrev=CerPE 36:1;O3
803.68538	803.6864	.0010	FAHFA 50:2;O	C50H94O4Na2	[M+2Na-H]+	/resources/tools/chemdb_ontology?abbrev=FAHFA 50:2;O
855.64551	855.6473	.0018	PG 43:2	C49H93O10P	[M+H-H2O]+	/resources/tools/chemdb_ontology?abbrev=PG 43:2
855.64551	855.6449	.0006	PG O-41:1	C47H93O9PNa	[M+Na]+	/resources/tools/chemdb_ontology?abbrev=PG O-41:1
855.64551	855.6473	.0018	TG 51:8	C54H88O6Na	[M+Na]+	/resources/tools/chemdb_ontology?abbrev=TG 51:8
855.64551	855.6433	.0022	IPC 38:0;O2	C44H88NO11P	[M+NH4]+	/resources/tools/chemdb_ontology?abbrev=IPC 38:0;O2
855.64551	855.6449	.0006	TG 49:5	C52H90O6Na2	[M+2Na-H]+	/resources/tools/chemdb_ontology?abbrev=TG 49:5
721.57089	721.5765	.0057	DG 44:8	C47H76O5	[M+H]+	/resources/tools/chemdb_ontology?abbrev=DG 44:8
721.57089	721.5741	.0033	DG 42:5	C45H78O5Na	[M+Na]+	/resources/tools/chemdb_ontology?abbrev=DG 42:5
721.57089	721.5717	.0008	DG 40:2	C43H80O5Na2	[M+2Na-H]+	/resources/tools/chemdb_ontology?abbrev=DG 40:2
859.61949	859.6171	.0024	PS 40:3	C46H84NO10P	[M+NH4]+	/resources/tools/chemdb_ontology?abbrev=PS 40:3
859.61949	859.6163	.0032	PA 44:1	C47H91O8PNa2	[M+2Na-H]+	/resources/tools/chemdb_ontology?abbrev=PA 44:1
804.6885	804.6841	.0044	PC O-38:0	C46H94NO7P	[M+H]+	/resources/tools/chemdb_ontology?abbrev=PC O-38:0
804.6885	804.6841	.0044	PE O-41:0	C46H94NO7P	[M+H]+	/resources/tools/chemdb_ontology?abbrev=PE O-41:0
804.6885	804.6953	.0068	SM 40:1;O2	C45H91N2O6P	[M+NH4]+	/resources/tools/chemdb_ontology?abbrev=SM 40:1;O2
867.70336	867.6950	.0084	PC O-42:5	C50H92NO7P	[M+NH4]+	/resources/tools/chemdb_ontology?abbrev=PC O-42:5
768.61777	768.6265	.0088	PC O-37:2	C45H88NO7P	[M+H-H2O]+	/resources/tools/chemdb_ontology?abbrev=PC O-37:2
768.61777	768.6265	.0088	PE O-40:2	C45H88NO7P	[M+H-H2O]+	/resources/tools/chemdb_ontology?abbrev=PE O-40:2
768.61777	768.6113	.0065	PG O-35:0	C41H83O9P	[M+NH4]+	/resources/tools/chemdb_ontology?abbrev=PG O-35:0
854.70376	854.6997	.0040	PC O-42:3	C50H96NO7P	[M+H]+	/resources/tools/chemdb_ontology?abbrev=PC O-42:3
854.70376	854.6997	.0040	PC 42:1	C50H98NO8P	[M+H-H2O]+	/resources/tools/chemdb_ontology?abbrev=PC 42:1
854.70376	854.7080	.0042	HexCer 44:1;O4	C50H97NO10	[M+H-H2O]+	/resources/tools/chemdb_ontology?abbrev=HexCer 44:1;O4
854.70376	854.6973	.0065	PC O-40:0	C48H98NO7PNa	[M+Na]+	/resources/tools/chemdb_ontology?abbrev=PC O-40:0
809.60416	809.6055	.0013	PA 44:4	C47H85O8P	[M+H]+	/resources/tools/chemdb_ontology?abbrev=PA 44:4
809.60416	809.6031	.0011	PA 42:1	C45H87O8PNa	[M+Na]+	/resources/tools/chemdb_ontology?abbrev=PA 42:1
809.60416	809.6015	.0027	PS 36:0	C42H82NO10P	[M+NH4]+	/resources/tools/chemdb_ontology?abbrev=PS 36:0
844.64883	844.6426	.0062	PS 41:0	C47H92NO10P	[M+H-H2O]+	/resources/tools/chemdb_ontology?abbrev=PS 41:0
886.69567	886.6895	.0061	PS 44:0	C50H98NO10P	[M+H-H2O]+	/resources/tools/chemdb_ontology?abbrev=PS 44:0
886.69567	886.6919	.0038	TG 54:11	C57H88O6	[M+NH4]+	/resources/tools/chemdb_ontology?abbrev=TG 54:11
879.71611	879.7161	.0000	PS O-42:0	C48H96NO9P	[M+NH4]+	/resources/tools/chemdb_ontology?abbrev=PS O-42:0
929.78927	929.7956	.0064	TG 59:7	C62H106O6	[M+H-H2O]+	/resources/tools/chemdb_ontology?abbrev=TG 59:7
843.64545	843.6473	.0019	PG O-42:3	C48H91O9P	[M+H]+	/resources/tools/chemdb_ontology?abbrev=PG O-42:3
843.64545	843.6497	.0043	TG 52:10	C55H86O6	[M+H]+	/resources/tools/chemdb_ontology?abbrev=TG 52:10
843.64545	843.6473	.0019	PG 42:1	C48H93O10P	[M+H-H2O]+	/resources/tools/chemdb_ontology?abbrev=PG 42:1
843.64545	843.6449	.0005	PG O-40:0	C46H93O9PNa	[M+Na]+	/resources/tools/chemdb_ontology?abbrev=PG O-40:0
843.64545	843.6473	.0019	TG 50:7	C53H88O6Na	[M+Na]+	/resources/tools/chemdb_ontology?abbrev=TG 50:7
843.64545	843.6449	.0006	TG 48:4	C51H90O6Na2	[M+2Na-H]+	/resources/tools/chemdb_ontology?abbrev=TG 48:4
817.62944	817.6317	.0023	PG O-40:2	C46H89O9P	[M+H]+	/resources/tools/chemdb_ontology?abbrev=PG O-40:2
817.62944	817.6341	.0046	TG 50:9	C53H84O6	[M+H]+	/resources/tools/chemdb_ontology?abbrev=TG 50:9
817.62944	817.6317	.0023	PG 40:0	C46H91O10P	[M+H-H2O]+	/resources/tools/chemdb_ontology?abbrev=PG 40:0
817.62944	817.6317	.0022	TG 48:6	C51H86O6Na	[M+Na]+	/resources/tools/chemdb_ontology?abbrev=TG 48:6
817.62944	817.6293	.0002	TG 46:3	C49H88O6Na2	[M+2Na-H]+	/resources/tools/chemdb_ontology?abbrev=TG 46:3
930.79266	930.7885	.0041	PC 46:0	C54H108NO8P	[M+H]+	/resources/tools/chemdb_ontology?abbrev=PC 46:0
792.61791	792.6113	.0066	PS O-37:0	C43H86NO9P	[M+H]+	/resources/tools/chemdb_ontology?abbrev=PS O-37:0
792.61791	792.6265	.0086	PE O-42:4	C47H88NO7P	[M+H-H2O]+	/resources/tools/chemdb_ontology?abbrev=PE O-42:4
792.61791	792.6113	.0066	PG O-37:2	C43H83O9P	[M+NH4]+	/resources/tools/chemdb_ontology?abbrev=PG O-37:2
828.68847	828.6923	.0038	HexCer 42:1;O3	C48H93NO9	[M+H]+	/resources/tools/chemdb_ontology?abbrev=HexCer 42:1;O3
828.68847	828.6841	.0044	PC O-40:2	C48H94NO7P	[M+H]+	/resources/tools/chemdb_ontology?abbrev=PC O-40:2
828.68847	828.6841	.0044	PC 40:0	C48H96NO8P	[M+H-H2O]+	/resources/tools/chemdb_ontology?abbrev=PC 40:0
828.68847	828.6841	.0044	PE 43:0	C48H96NO8P	[M+H-H2O]+	/resources/tools/chemdb_ontology?abbrev=PE 43:0
828.68847	828.6953	.0068	SM 42:3;O2	C47H91N2O6P	[M+NH4]+	/resources/tools/chemdb_ontology?abbrev=SM 42:3;O2
870.72174	870.7310	.0093	PC 43:0	C51H102NO8P	[M+H-H2O]+	/resources/tools/chemdb_ontology?abbrev=PC 43:0
761.62147	761.6167	.0048	CerPE 40:1;O3	C42H85N2O7P	[M+H]+	/resources/tools/chemdb_ontology?abbrev=CerPE 40:1;O3
761.62147	761.6250	.0035	HexCer 36:1;O3	C42H81NO9	[M+NH4]+	/resources/tools/chemdb_ontology?abbrev=HexCer 36:1;O3
761.62147	761.6167	.0048	PC O-34:2	C42H82NO7P	[M+NH4]+	/resources/tools/chemdb_ontology?abbrev=PC O-34:2
761.62147	761.6167	.0048	PE O-37:2	C42H82NO7P	[M+NH4]+	/resources/tools/chemdb_ontology?abbrev=PE O-37:2
833.60387	833.6031	.0008	PA 44:3	C47H87O8PNa	[M+Na]+	/resources/tools/chemdb_ontology?abbrev=PA 44:3
833.60387	833.6015	.0024	PS 38:2	C44H82NO10P	[M+NH4]+	/resources/tools/chemdb_ontology?abbrev=PS 38:2
833.60387	833.6007	.0032	PA 42:0	C45H89O8PNa2	[M+2Na-H]+	/resources/tools/chemdb_ontology?abbrev=PA 42:0
845.72144	845.7189	.0026	HexCer 42:1;O3	C48H93NO9	[M+NH4]+	/resources/tools/chemdb_ontology?abbrev=HexCer 42:1;O3
807.5876	807.5898	.0022	PA 44:5	C47H83O8P	[M+H]+	/resources/tools/chemdb_ontology?abbrev=PA 44:5
807.5876	807.5874	.0002	PA 42:2	C45H85O8PNa	[M+Na]+	/resources/tools/chemdb_ontology?abbrev=PA 42:2
807.5876	807.5858	.0018	PS 36:1	C42H80NO10P	[M+NH4]+	/resources/tools/chemdb_ontology?abbrev=PS 36:1
836.62204	836.6164	.0057	PC 40:5	C48H86NO8P	[M+H]+	/resources/tools/chemdb_ontology?abbrev=PC 40:5
836.62204	836.6164	.0057	PS O-42:4	C48H88NO9P	[M+H-H2O]+	/resources/tools/chemdb_ontology?abbrev=PS O-42:4
836.62204	836.6140	.0081	PC 38:2	C46H88NO8PNa	[M+Na]+	/resources/tools/chemdb_ontology?abbrev=PC 38:2
836.62204	836.6140	.0081	PE 41:2	C46H88NO8PNa	[M+Na]+	/resources/tools/chemdb_ontology?abbrev=PE 41:2
731.68594	731.6912	.0052	FAHFA 48:2;O	C48H90O4	[M+H]+	/resources/tools/chemdb_ontology?abbrev=FAHFA 48:2;O
791.61337	791.6160	.0027	PG O-38:1	C44H87O9P	[M+H]+	/resources/tools/chemdb_ontology?abbrev=PG O-38:1
791.61337	791.6184	.0050	TG 48:8	C51H82O6	[M+H]+	/resources/tools/chemdb_ontology?abbrev=TG 48:8
791.61337	791.6160	.0026	TG 46:5	C49H84O6Na	[M+Na]+	/resources/tools/chemdb_ontology?abbrev=TG 46:5
791.61337	791.6144	.0010	DGCC 36:5	C46H79NO8	[M+NH4]+	/resources/tools/chemdb_ontology?abbrev=DGCC 36:5
791.61337	791.6136	.0002	TG 44:2	C47H86O6Na2	[M+2Na-H]+	/resources/tools/chemdb_ontology?abbrev=TG 44:2
786.659	786.6606	.0016	TG 46:5	C49H84O6	[M+NH4]+	/resources/tools/chemdb_ontology?abbrev=TG 46:5
869.71801	869.7106	.0074	PC O-42:4	C50H94NO7P	[M+NH4]+	/resources/tools/chemdb_ontology?abbrev=PC O-42:4
835.61895	835.6187	.0002	PA 44:2	C47H89O8PNa	[M+Na]+	/resources/tools/chemdb_ontology?abbrev=PA 44:2
835.61895	835.6171	.0018	PS 38:1	C44H84NO10P	[M+NH4]+	/resources/tools/chemdb_ontology?abbrev=PS 38:1
885.69151	885.6967	.0052	TG 55:10	C58H92O6	[M+H]+	/resources/tools/chemdb_ontology?abbrev=TG 55:10
885.69151	885.6943	.0027	TG 53:7	C56H94O6Na	[M+Na]+	/resources/tools/chemdb_ontology?abbrev=TG 53:7
885.69151	885.6919	.0003	TG 51:4	C54H96O6Na2	[M+2Na-H]+	/resources/tools/chemdb_ontology?abbrev=TG 51:4
710.58382	710.5847	.0009	CerP 42:2;O2	C42H82NO6P	[M+H-H2O]+	/resources/tools/chemdb_ontology?abbrev=CerP 42:2;O2
710.58382	710.5929	.0091	DGCC 32:0	C42H81NO8	[M+H-H2O]+	/resources/tools/chemdb_ontology?abbrev=DGCC 32:0
710.58382	710.5929	.0091	HexCer 36:1;O2	C42H81NO8	[M+H-H2O]+	/resources/tools/chemdb_ontology?abbrev=HexCer 36:1;O2
905.7887	905.7956	.0069	TG 57:5	C60H106O6	[M+H-H2O]+	/resources/tools/chemdb_ontology?abbrev=TG 57:5
973.8153	973.8219	.0066	TG 61:8	C64H108O6	[M+H]+	/resources/tools/chemdb_ontology?abbrev=TG 61:8
973.8153	973.8195	.0042	TG 59:5	C62H110O6Na	[M+Na]+	/resources/tools/chemdb_ontology?abbrev=TG 59:5
973.8153	973.8171	.0018	TG 57:2	C60H112O6Na2	[M+2Na-H]+	/resources/tools/chemdb_ontology?abbrev=TG 57:2
894.72285	894.7158	.0071	PG 43:0	C49H97O10P	[M+NH4]+	/resources/tools/chemdb_ontology?abbrev=PG 43:0
694.61067	694.6085	.0022	Cer 42:1;O2	C42H83NO3Na2	[M+2Na-H]+	/resources/tools/chemdb_ontology?abbrev=Cer 42:1;O2
947.80067	947.8062	.0055	TG 59:7	C62H106O6	[M+H]+	/resources/tools/chemdb_ontology?abbrev=TG 59:7
947.80067	947.8038	.0031	TG 57:4	C60H108O6Na	[M+Na]+	/resources/tools/chemdb_ontology?abbrev=TG 57:4
947.80067	947.8014	.0007	TG 55:1	C58H110O6Na2	[M+2Na-H]+	/resources/tools/chemdb_ontology?abbrev=TG 55:1
871.73052	871.7263	.0043	PC O-42:3	C50H96NO7P	[M+NH4]+	/resources/tools/chemdb_ontology?abbrev=PC O-42:3
974.82038	974.8171	.0033	TG 60:9	C63H104O6	[M+NH4]+	/resources/tools/chemdb_ontology?abbrev=TG 60:9
696.62407	696.6241	.0000	Cer 42:0;O2	C42H85NO3Na2	[M+2Na-H]+	/resources/tools/chemdb_ontology?abbrev=Cer 42:0;O2
757.64748	757.6469	.0005	PA O-42:0	C45H91O7P	[M+H-H2O]+	/resources/tools/chemdb_ontology?abbrev=PA O-42:0
841.68797	841.6793	.0087	PC O-40:4	C48H90NO7P	[M+NH4]+	/resources/tools/chemdb_ontology?abbrev=PC O-40:4
958.82427	958.8198	.0044	PC 48:0	C56H112NO8P	[M+H]+	/resources/tools/chemdb_ontology?abbrev=PC 48:0
724.64241	724.6450	.0025	TG 41:1	C44H82O6	[M+NH4]+	/resources/tools/chemdb_ontology?abbrev=TG 41:1
903.77379	903.7800	.0062	TG 57:6	C60H104O6	[M+H-H2O]+	/resources/tools/chemdb_ontology?abbrev=TG 57:6
957.82046	957.8269	.0065	TG 61:7	C64H110O6	[M+H-H2O]+	/resources/tools/chemdb_ontology?abbrev=TG 61:7
1045.90911	1045.9158	.0067	TG 66:7	C69H120O6	[M+H]+	/resources/tools/chemdb_ontology?abbrev=TG 66:7
1045.90911	1045.9134	.0042	TG 64:4	C67H122O6Na	[M+Na]+	/resources/tools/chemdb_ontology?abbrev=TG 64:4
1045.90911	1045.9110	.0018	TG 62:1	C65H124O6Na2	[M+2Na-H]+	/resources/tools/chemdb_ontology?abbrev=TG 62:1
790.68093	790.6796	.0013	SM 39:1;O2	C44H89N2O6P	[M+NH4]+	/resources/tools/chemdb_ontology?abbrev=SM 39:1;O2
897.74677	897.7419	.0049	PC O-44:4	C52H98NO7P	[M+NH4]+	/resources/tools/chemdb_ontology?abbrev=PC O-44:4
788.6747	788.6763	.0016	TG 46:4	C49H86O6	[M+NH4]+	/resources/tools/chemdb_ontology?abbrev=TG 46:4
912.71191	912.7076	.0044	TG 56:12	C59H90O6	[M+NH4]+	/resources/tools/chemdb_ontology?abbrev=TG 56:12
794.63356	794.6422	.0086	PE O-42:3	C47H90NO7P	[M+H-H2O]+	/resources/tools/chemdb_ontology?abbrev=PE O-42:3
794.63356	794.6269	.0066	PG O-37:1	C43H85O9P	[M+NH4]+	/resources/tools/chemdb_ontology?abbrev=PG O-37:1
895.73413	895.7263	.0079	PC O-44:5	C52H96NO7P	[M+NH4]+	/resources/tools/chemdb_ontology?abbrev=PC O-44:5
913.71986	913.7280	.0081	TG 57:10	C60H96O6	[M+H]+	/resources/tools/chemdb_ontology?abbrev=TG 57:10
913.71986	913.7256	.0057	TG 55:7	C58H98O6Na	[M+Na]+	/resources/tools/chemdb_ontology?abbrev=TG 55:7
913.71986	913.7232	.0033	TG 53:4	C56H100O6Na2	[M+2Na-H]+	/resources/tools/chemdb_ontology?abbrev=TG 53:4
810.60751	810.6007	.0068	PC 38:4	C46H84NO8P	[M+H]+	/resources/tools/chemdb_ontology?abbrev=PC 38:4
810.60751	810.6007	.0068	PE 41:4	C46H84NO8P	[M+H]+	/resources/tools/chemdb_ontology?abbrev=PE 41:4
810.60751	810.6007	.0068	PS O-40:3	C46H86NO9P	[M+H-H2O]+	/resources/tools/chemdb_ontology?abbrev=PS O-40:3
810.60751	810.6066	.0009	HexCer 38:1;O4	C44H85NO10Na	[M+Na]+	/resources/tools/chemdb_ontology?abbrev=HexCer 38:1;O4
810.60751	810.5983	.0092	PC 36:1	C44H86NO8PNa	[M+Na]+	/resources/tools/chemdb_ontology?abbrev=PC 36:1
810.60751	810.5983	.0092	PE 39:1	C44H86NO8PNa	[M+Na]+	/resources/tools/chemdb_ontology?abbrev=PE 39:1
877.75819	877.7643	.0062	TG 55:5	C58H102O6	[M+H-H2O]+	/resources/tools/chemdb_ontology?abbrev=TG 55:5
793.63029	793.6317	.0014	PG O-38:0	C44H89O9P	[M+H]+	/resources/tools/chemdb_ontology?abbrev=PG O-38:0
793.63029	793.6341	.0038	TG 48:7	C51H84O6	[M+H]+	/resources/tools/chemdb_ontology?abbrev=TG 48:7
793.63029	793.6317	.0014	TG 46:4	C49H86O6Na	[M+Na]+	/resources/tools/chemdb_ontology?abbrev=TG 46:4
793.63029	793.6293	.0010	TG 44:1	C47H88O6Na2	[M+2Na-H]+	/resources/tools/chemdb_ontology?abbrev=TG 44:1
830.70456	830.6997	.0048	PC O-40:1	C48H96NO7P	[M+H]+	/resources/tools/chemdb_ontology?abbrev=PC O-40:1
830.70456	830.7109	.0064	SM 42:2;O2	C47H93N2O6P	[M+NH4]+	/resources/tools/chemdb_ontology?abbrev=SM 42:2;O2
804.68857	804.6841	.0045	PC O-38:0	C46H94NO7P	[M+H]+	/resources/tools/chemdb_ontology?abbrev=PC O-38:0
804.68857	804.6841	.0045	PE O-41:0	C46H94NO7P	[M+H]+	/resources/tools/chemdb_ontology?abbrev=PE O-41:0
804.68857	804.6953	.0067	SM 40:1;O2	C45H91N2O6P	[M+NH4]+	/resources/tools/chemdb_ontology?abbrev=SM 40:1;O2
931.80523	931.8113	.0061	TG 59:6	C62H108O6	[M+H-H2O]+	/resources/tools/chemdb_ontology?abbrev=TG 59:6
789.67789	789.6844	.0065	SM 40:0;O2	C45H93N2O6P	[M+H]+	/resources/tools/chemdb_ontology?abbrev=SM 40:0;O2
789.67789	789.6732	.0047	PG dO-40:0	C46H95O8P	[M+H-H2O]+	/resources/tools/chemdb_ontology?abbrev=PG dO-40:0
757.57216	757.5742	.0020	PA 40:2	C43H81O8P	[M+H]+	/resources/tools/chemdb_ontology?abbrev=PA 40:2
757.57216	757.5742	.0020	PG O-37:2	C43H83O9P	[M+H-H2O]+	/resources/tools/chemdb_ontology?abbrev=PG O-37:2
757.57216	757.5717	.0004	DG 43:5	C46H80O5Na2	[M+2Na-H]+	/resources/tools/chemdb_ontology?abbrev=DG 43:5
844.64875	844.6426	.0062	PS 41:0	C47H92NO10P	[M+H-H2O]+	/resources/tools/chemdb_ontology?abbrev=PS 41:0
803.68565	803.6864	.0007	FAHFA 50:2;O	C50H94O4Na2	[M+2Na-H]+	/resources/tools/chemdb_ontology?abbrev=FAHFA 50:2;O
1100.38241	1100.3916	.0092	CoA 20:0;O	C41H74N7O18P3SNa	[M+Na]+	/resources/tools/chemdb_ontology?abbrev=CoA 20:0;O
762.6589	762.6606	.0017	TG 44:3	C47H84O6	[M+NH4]+	/resources/tools/chemdb_ontology?abbrev=TG 44:3
741.59804	741.6028	.0047	TG 44:5	C47H80O6	[M+H]+	/resources/tools/chemdb_ontology?abbrev=TG 44:5
741.59804	741.5905	.0075	CerPE 40:3;O2	C42H81N2O6P	[M+H]+	/resources/tools/chemdb_ontology?abbrev=CerPE 40:3;O2
741.59804	741.5905	.0075	CerPE 40:2;O3	C42H83N2O7P	[M+H-H2O]+	/resources/tools/chemdb_ontology?abbrev=CerPE 40:2;O3
741.59804	741.6004	.0023	TG 42:2	C45H82O6Na	[M+Na]+	/resources/tools/chemdb_ontology?abbrev=TG 42:2
741.59804	741.5881	.0099	SM 35:0;O2	C40H83N2O6PNa	[M+Na]+	/resources/tools/chemdb_ontology?abbrev=SM 35:0;O2
914.72485	914.7232	.0016	TG 56:11	C59H92O6	[M+NH4]+	/resources/tools/chemdb_ontology?abbrev=TG 56:11
767.61447	767.6184	.0039	TG 46:6	C49H82O6	[M+H]+	/resources/tools/chemdb_ontology?abbrev=TG 46:6
767.61447	767.6160	.0015	TG 44:3	C47H84O6Na	[M+Na]+	/resources/tools/chemdb_ontology?abbrev=TG 44:3
767.61447	767.6136	.0009	TG 42:0	C45H86O6Na2	[M+2Na-H]+	/resources/tools/chemdb_ontology?abbrev=TG 42:0
783.58864	783.5898	.0012	PA 42:3	C45H83O8P	[M+H]+	/resources/tools/chemdb_ontology?abbrev=PA 42:3
783.58864	783.5981	.0094	MGDG 36:2	C45H82O10	[M+H]+	/resources/tools/chemdb_ontology?abbrev=MGDG 36:2
783.58864	783.5874	.0012	PA 40:0	C43H85O8PNa	[M+Na]+	/resources/tools/chemdb_ontology?abbrev=PA 40:0
869.66065	869.6654	.0047	TG 54:11	C57H88O6	[M+H]+	/resources/tools/chemdb_ontology?abbrev=TG 54:11
869.66065	869.6630	.0023	PG 44:2	C50H95O10P	[M+H-H2O]+	/resources/tools/chemdb_ontology?abbrev=PG 44:2
869.66065	869.6606	.0001	PG O-42:1	C48H95O9PNa	[M+Na]+	/resources/tools/chemdb_ontology?abbrev=PG O-42:1
869.66065	869.6630	.0023	TG 52:8	C55H90O6Na	[M+Na]+	/resources/tools/chemdb_ontology?abbrev=TG 52:8
869.66065	869.6606	.0001	TG 50:5	C53H92O6Na2	[M+2Na-H]+	/resources/tools/chemdb_ontology?abbrev=TG 50:5
795.63633	795.6350	.0013	SM 39:1;O2	C44H89N2O6PNa	[M+Na]+	/resources/tools/chemdb_ontology?abbrev=SM 39:1;O2
795.63633	795.6449	.0086	TG 44:0	C47H90O6Na2	[M+2Na-H]+	/resources/tools/chemdb_ontology?abbrev=TG 44:0
736.6429	736.6450	.0021	TG 42:2	C45H82O6	[M+NH4]+	/resources/tools/chemdb_ontology?abbrev=TG 42:2
1056.35654	1056.3654	.0089	CoA 18:0	C39H70N7O17P3SNa	[M+Na]+	/resources/tools/chemdb_ontology?abbrev=CoA 18:0
864.7057	864.7052	.0005	PG O-42:1	C48H95O9P	[M+NH4]+	/resources/tools/chemdb_ontology?abbrev=PG O-42:1
864.7057	864.7076	.0019	TG 52:8	C55H90O6	[M+NH4]+	/resources/tools/chemdb_ontology?abbrev=TG 52:8
1054.35768	1054.3522	.0055	CoA 20:4	C41H66N7O17P3S	[M+H]+	/resources/tools/chemdb_ontology?abbrev=CoA 20:4
1054.35768	1054.3522	.0055	CoA 20:3;O	C41H68N7O18P3S	[M+H-H2O]+	/resources/tools/chemdb_ontology?abbrev=CoA 20:3;O
1054.35768	1054.3497	.0079	CoA 18:1	C39H68N7O17P3SNa	[M+Na]+	/resources/tools/chemdb_ontology?abbrev=CoA 18:1
768.61784	768.6265	.0087	PC O-37:2	C45H88NO7P	[M+H-H2O]+	/resources/tools/chemdb_ontology?abbrev=PC O-37:2
768.61784	768.6265	.0087	PE O-40:2	C45H88NO7P	[M+H-H2O]+	/resources/tools/chemdb_ontology?abbrev=PE O-40:2
768.61784	768.6113	.0065	PG O-35:0	C41H83O9P	[M+NH4]+	/resources/tools/chemdb_ontology?abbrev=PG O-35:0
1098.32027	1098.3184	.0018	CoA 22:7	C43H64N7O17P3SNa	[M+Na]+	/resources/tools/chemdb_ontology?abbrev=CoA 22:7
1098.32027	1098.3160	.0042	CoA 20:4	C41H66N7O17P3SNa2	[M+2Na-H]+	/resources/tools/chemdb_ontology?abbrev=CoA 20:4
870.66446	870.6582	.0062	PS 43:1	C49H94NO10P	[M+H-H2O]+	/resources/tools/chemdb_ontology?abbrev=PS 43:1
870.66446	870.6558	.0086	PS O-41:0	C47H94NO9PNa	[M+Na]+	/resources/tools/chemdb_ontology?abbrev=PS O-41:0
778.67331	778.6684	.0049	PA O-41:0	C44H89O7P	[M+NH4]+	/resources/tools/chemdb_ontology?abbrev=PA O-41:0
778.67331	778.6796	.0063	SM 38:0;O2	C43H89N2O6P	[M+NH4]+	/resources/tools/chemdb_ontology?abbrev=SM 38:0;O2
1095.38442	1095.3787	.0057	CoA 22:6	C43H66N7O17P3S	[M+NH4]+	/resources/tools/chemdb_ontology?abbrev=CoA 22:6
1098.38238	1098.3760	.0064	CoA 20:1;O	C41H72N7O18P3SNa	[M+Na]+	/resources/tools/chemdb_ontology?abbrev=CoA 20:1;O
843.64494	843.6473	.0024	PG O-42:3	C48H91O9P	[M+H]+	/resources/tools/chemdb_ontology?abbrev=PG O-42:3
843.64494	843.6497	.0048	TG 52:10	C55H86O6	[M+H]+	/resources/tools/chemdb_ontology?abbrev=TG 52:10
843.64494	843.6473	.0024	PG 42:1	C48H93O10P	[M+H-H2O]+	/resources/tools/chemdb_ontology?abbrev=PG 42:1
843.64494	843.6449	.0000	PG O-40:0	C46H93O9PNa	[M+Na]+	/resources/tools/chemdb_ontology?abbrev=PG O-40:0
843.64494	843.6473	.0024	TG 50:7	C53H88O6Na	[M+Na]+	/resources/tools/chemdb_ontology?abbrev=TG 50:7
843.64494	843.6449	.0000	TG 48:4	C51H90O6Na2	[M+2Na-H]+	/resources/tools/chemdb_ontology?abbrev=TG 48:4
879.71598	879.7161	.0001	PS O-42:0	C48H96NO9P	[M+NH4]+	/resources/tools/chemdb_ontology?abbrev=PS O-42:0
880.7197	880.7154	.0043	PC O-44:4	C52H98NO7P	[M+H]+	/resources/tools/chemdb_ontology?abbrev=PC O-44:4
880.7197	880.7154	.0043	PC 44:2	C52H100NO8P	[M+H-H2O]+	/resources/tools/chemdb_ontology?abbrev=PC 44:2
880.7197	880.7130	.0067	PC O-42:1	C50H100NO7PNa	[M+Na]+	/resources/tools/chemdb_ontology?abbrev=PC O-42:1
838.69001	838.6895	.0005	PG O-40:0	C46H93O9P	[M+NH4]+	/resources/tools/chemdb_ontology?abbrev=PG O-40:0
838.69001	838.6919	.0019	TG 50:7	C53H88O6	[M+NH4]+	/resources/tools/chemdb_ontology?abbrev=TG 50:7
785.59195	785.5873	.0047	CL 80:4	C89H166O17P2	[M+2H]2+	/resources/tools/chemdb_ontology?abbrev=CL 80:4
901.75956	901.7643	.0048	TG 57:7	C60H102O6	[M+H-H2O]+	/resources/tools/chemdb_ontology?abbrev=TG 57:7
815.69252	815.7000	.0075	SM 42:1;O2	C47H95N2O6P	[M+H]+	/resources/tools/chemdb_ontology?abbrev=SM 42:1;O2
814.69019	814.6919	.0017	TG 48:5	C51H88O6	[M+NH4]+	/resources/tools/chemdb_ontology?abbrev=TG 48:5
836.62273	836.6164	.0064	PC 40:5	C48H86NO8P	[M+H]+	/resources/tools/chemdb_ontology?abbrev=PC 40:5
836.62273	836.6164	.0064	PS O-42:4	C48H88NO9P	[M+H-H2O]+	/resources/tools/chemdb_ontology?abbrev=PS O-42:4
836.62273	836.6140	.0088	PC 38:2	C46H88NO8PNa	[M+Na]+	/resources/tools/chemdb_ontology?abbrev=PC 38:2
836.62273	836.6140	.0088	PE 41:2	C46H88NO8PNa	[M+Na]+	/resources/tools/chemdb_ontology?abbrev=PE 41:2
819.64563	819.6473	.0017	PG O-40:1	C46H91O9P	[M+H]+	/resources/tools/chemdb_ontology?abbrev=PG O-40:1
819.64563	819.6497	.0041	TG 50:8	C53H86O6	[M+H]+	/resources/tools/chemdb_ontology?abbrev=TG 50:8
819.64563	819.6473	.0017	TG 48:5	C51H88O6Na	[M+Na]+	/resources/tools/chemdb_ontology?abbrev=TG 48:5
819.64563	819.6449	.0007	TG 46:2	C49H90O6Na2	[M+2Na-H]+	/resources/tools/chemdb_ontology?abbrev=TG 46:2
835.61952	835.6187	.0008	PA 44:2	C47H89O8PNa	[M+Na]+	/resources/tools/chemdb_ontology?abbrev=PA 44:2
835.61952	835.6171	.0024	PS 38:1	C44H84NO10P	[M+NH4]+	/resources/tools/chemdb_ontology?abbrev=PS 38:1
838.6385	838.6320	.0065	PC 40:4	C48H88NO8P	[M+H]+	/resources/tools/chemdb_ontology?abbrev=PC 40:4
838.6385	838.6320	.0065	PE 43:4	C48H88NO8P	[M+H]+	/resources/tools/chemdb_ontology?abbrev=PE 43:4
838.6385	838.6320	.0065	PS O-42:3	C48H90NO9P	[M+H-H2O]+	/resources/tools/chemdb_ontology?abbrev=PS O-42:3
838.6385	838.6379	.0006	HexCer 40:1;O4	C46H89NO10Na	[M+Na]+	/resources/tools/chemdb_ontology?abbrev=HexCer 40:1;O4
838.6385	838.6296	.0089	PC 38:1	C46H90NO8PNa	[M+Na]+	/resources/tools/chemdb_ontology?abbrev=PC 38:1
838.6385	838.6296	.0089	PE 41:1	C46H90NO8PNa	[M+Na]+	/resources/tools/chemdb_ontology?abbrev=PE 41:1
816.7041	816.7076	.0035	TG 48:4	C51H90O6	[M+NH4]+	/resources/tools/chemdb_ontology?abbrev=TG 48:4
816.7041	816.6953	.0088	SM 41:2;O2	C46H91N2O6P	[M+NH4]+	/resources/tools/chemdb_ontology?abbrev=SM 41:2;O2
822.66501	822.6606	.0044	TG 49:8	C52H84O6	[M+NH4]+	/resources/tools/chemdb_ontology?abbrev=TG 49:8
822.66501	822.6582	.0068	PG O-39:1	C45H89O9P	[M+NH4]+	/resources/tools/chemdb_ontology?abbrev=PG O-39:1
933.81824	933.8269	.0087	TG 59:5	C62H110O6	[M+H-H2O]+	/resources/tools/chemdb_ontology?abbrev=TG 59:5
911.7082	911.7123	.0041	TG 57:11	C60H94O6	[M+H]+	/resources/tools/chemdb_ontology?abbrev=TG 57:11
911.7082	911.7099	.0017	TG 55:8	C58H96O6Na	[M+Na]+	/resources/tools/chemdb_ontology?abbrev=TG 55:8
911.7082	911.7059	.0023	IPC 42:0;O2	C48H96NO11P	[M+NH4]+	/resources/tools/chemdb_ontology?abbrev=IPC 42:0;O2
911.7082	911.7075	.0007	TG 53:5	C56H98O6Na2	[M+2Na-H]+	/resources/tools/chemdb_ontology?abbrev=TG 53:5
771.58847	771.5898	.0014	PA 41:2	C44H83O8P	[M+H]+	/resources/tools/chemdb_ontology?abbrev=PA 41:2
771.58847	771.5898	.0014	PG O-38:2	C44H85O9P	[M+H-H2O]+	/resources/tools/chemdb_ontology?abbrev=PG O-38:2
771.58847	771.5874	.0011	DG 44:5	C47H82O5Na2	[M+2Na-H]+	/resources/tools/chemdb_ontology?abbrev=DG 44:5
870.72212	870.7310	.0089	PC 43:0	C51H102NO8P	[M+H-H2O]+	/resources/tools/chemdb_ontology?abbrev=PC 43:0
886.69588	886.6895	.0063	PS 44:0	C50H98NO10P	[M+H-H2O]+	/resources/tools/chemdb_ontology?abbrev=PS 44:0
886.69588	886.6919	.0040	TG 54:11	C57H88O6	[M+NH4]+	/resources/tools/chemdb_ontology?abbrev=TG 54:11
869.71868	869.7106	.0081	PC O-42:4	C50H94NO7P	[M+NH4]+	/resources/tools/chemdb_ontology?abbrev=PC O-42:4
889.65004	889.6528	.0028	PI O-40:1	C49H95O12P	[M+H-H2O]+	/resources/tools/chemdb_ontology?abbrev=PI O-40:1
871.73274	871.7263	.0065	PC O-42:3	C50H96NO7P	[M+NH4]+	/resources/tools/chemdb_ontology?abbrev=PC O-42:3
905.78962	905.7956	.0060	TG 57:5	C60H106O6	[M+H-H2O]+	/resources/tools/chemdb_ontology?abbrev=TG 57:5
873.6753	873.6691	.0062	PS O-42:3	C48H90NO9P	[M+NH4]+	/resources/tools/chemdb_ontology?abbrev=PS O-42:3
873.6753	873.6796	.0043	SM 43:1;O2	C48H97N2O6PNa2	[M+2Na-H]+	/resources/tools/chemdb_ontology?abbrev=SM 43:1;O2
858.73472	858.7310	.0037	PC O-42:1	C50H100NO7P	[M+H]+	/resources/tools/chemdb_ontology?abbrev=PC O-42:1
858.73472	858.7422	.0075	SM 44:2;O2	C49H97N2O6P	[M+NH4]+	/resources/tools/chemdb_ontology?abbrev=SM 44:2;O2
638.67344	638.6809	.0075	FA 42:0	C42H84O2	[M+NH4]+	/resources/tools/chemdb_ontology?abbrev=FA 42:0
638.67344	638.6809	.0075	WE 42:0	C42H84O2	[M+NH4]+	/resources/tools/chemdb_ontology?abbrev=WE 42:0
931.80516	931.8113	.0061	TG 59:6	C62H108O6	[M+H-H2O]+	/resources/tools/chemdb_ontology?abbrev=TG 59:6
885.69193	885.6967	.0047	TG 55:10	C58H92O6	[M+H]+	/resources/tools/chemdb_ontology?abbrev=TG 55:10
885.69193	885.6943	.0023	TG 53:7	C56H94O6Na	[M+Na]+	/resources/tools/chemdb_ontology?abbrev=TG 53:7
885.69193	885.6919	.0001	TG 51:4	C54H96O6Na2	[M+2Na-H]+	/resources/tools/chemdb_ontology?abbrev=TG 51:4
755.61398	755.6184	.0044	TG 45:5	C48H82O6	[M+H]+	/resources/tools/chemdb_ontology?abbrev=TG 45:5
755.61398	755.6061	.0078	SM 38:3;O2	C43H83N2O6P	[M+H]+	/resources/tools/chemdb_ontology?abbrev=SM 38:3;O2
755.61398	755.6160	.0020	TG 43:2	C46H84O6Na	[M+Na]+	/resources/tools/chemdb_ontology?abbrev=TG 43:2
821.6601	821.6630	.0029	PG O-40:0	C46H93O9P	[M+H]+	/resources/tools/chemdb_ontology?abbrev=PG O-40:0
821.6601	821.6654	.0053	TG 50:7	C53H88O6	[M+H]+	/resources/tools/chemdb_ontology?abbrev=TG 50:7
821.6601	821.6630	.0029	TG 48:4	C51H90O6Na	[M+Na]+	/resources/tools/chemdb_ontology?abbrev=TG 48:4
821.6601	821.6507	.0094	SM 41:2;O2	C46H91N2O6PNa	[M+Na]+	/resources/tools/chemdb_ontology?abbrev=SM 41:2;O2
821.6601	821.6606	.0005	TG 46:1	C49H92O6Na2	[M+2Na-H]+	/resources/tools/chemdb_ontology?abbrev=TG 46:1
837.63452	837.6344	.0001	PA 44:1	C47H91O8PNa	[M+Na]+	/resources/tools/chemdb_ontology?abbrev=PA 44:1
837.63452	837.6328	.0018	PS 38:0	C44H86NO10P	[M+NH4]+	/resources/tools/chemdb_ontology?abbrev=PS 38:0
862.63818	862.6320	.0062	PC 42:6	C50H88NO8P	[M+H]+	/resources/tools/chemdb_ontology?abbrev=PC 42:6
862.63818	862.6296	.0086	PC 40:3	C48H90NO8PNa	[M+Na]+	/resources/tools/chemdb_ontology?abbrev=PC 40:3
862.63818	862.6355	.0027	HexCer 40:0;O4	C46H91NO10Na2	[M+2Na-H]+	/resources/tools/chemdb_ontology?abbrev=HexCer 40:0;O4
579.61487	579.6075	.0074	FA 39:0	C39H78O2	[M+H]+	/resources/tools/chemdb_ontology?abbrev=FA 39:0
579.61487	579.6075	.0074	WE 39:0	C39H78O2	[M+H]+	/resources/tools/chemdb_ontology?abbrev=WE 39:0
894.72327	894.7158	.0075	PG 43:0	C49H97O10P	[M+NH4]+	/resources/tools/chemdb_ontology?abbrev=PG 43:0
841.70757	841.7157	.0081	SM 44:2;O2	C49H97N2O6P	[M+H]+	/resources/tools/chemdb_ontology?abbrev=SM 44:2;O2
909.69367	909.6967	.0030	TG 57:12	C60H92O6	[M+H]+	/resources/tools/chemdb_ontology?abbrev=TG 57:12
909.69367	909.6943	.0006	TG 55:9	C58H94O6Na	[M+Na]+	/resources/tools/chemdb_ontology?abbrev=TG 55:9
909.69367	909.6985	.0048	Hex2Cer 36:0;O2	C48H93NO13	[M+NH4]+	/resources/tools/chemdb_ontology?abbrev=Hex2Cer 36:0;O2
909.69367	909.6919	.0018	TG 53:6	C56H96O6Na2	[M+2Na-H]+	/resources/tools/chemdb_ontology?abbrev=TG 53:6
861.63507	861.6328	.0023	PS 40:2	C46H86NO10P	[M+NH4]+	/resources/tools/chemdb_ontology?abbrev=PS 40:2
861.63507	861.6320	.0031	PA 44:0	C47H93O8PNa2	[M+2Na-H]+	/resources/tools/chemdb_ontology?abbrev=PA 44:0
929.78959	929.7956	.0061	TG 59:7	C62H106O6	[M+H-H2O]+	/resources/tools/chemdb_ontology?abbrev=TG 59:7
883.67707	883.6810	.0039	TG 55:11	C58H90O6	[M+H]+	/resources/tools/chemdb_ontology?abbrev=TG 55:11
883.67707	883.6786	.0015	TG 53:8	C56H92O6Na	[M+Na]+	/resources/tools/chemdb_ontology?abbrev=TG 53:8
883.67707	883.6746	.0024	IPC 40:0;O2	C46H92NO11P	[M+NH4]+	/resources/tools/chemdb_ontology?abbrev=IPC 40:0;O2
883.67707	883.6762	.0009	TG 51:5	C54H94O6Na2	[M+2Na-H]+	/resources/tools/chemdb_ontology?abbrev=TG 51:5
867.70363	867.6950	.0087	PC O-42:5	C50H92NO7P	[M+NH4]+	/resources/tools/chemdb_ontology?abbrev=PC O-42:5
955.80559	955.8113	.0057	TG 61:8	C64H108O6	[M+H-H2O]+	/resources/tools/chemdb_ontology?abbrev=TG 61:8
842.69176	842.6997	.0080	PC 41:0	C49H98NO8P	[M+H-H2O]+	/resources/tools/chemdb_ontology?abbrev=PC 41:0
842.69176	842.6997	.0080	PE 44:0	C49H98NO8P	[M+H-H2O]+	/resources/tools/chemdb_ontology?abbrev=PE 44:0
930.79312	930.7885	.0046	PC 46:0	C54H108NO8P	[M+H]+	/resources/tools/chemdb_ontology?abbrev=PC 46:0
877.75846	877.7643	.0059	TG 55:5	C58H102O6	[M+H-H2O]+	/resources/tools/chemdb_ontology?abbrev=TG 55:5
951.75263	951.7436	.0090	TG 60:12	C63H98O6	[M+H]+	/resources/tools/chemdb_ontology?abbrev=TG 60:12
795.63708	795.6350	.0020	SM 39:1;O2	C44H89N2O6PNa	[M+Na]+	/resources/tools/chemdb_ontology?abbrev=SM 39:1;O2
795.63708	795.6449	.0078	TG 44:0	C47H90O6Na2	[M+2Na-H]+	/resources/tools/chemdb_ontology?abbrev=TG 44:0
903.77403	903.7800	.0060	TG 57:6	C60H104O6	[M+H-H2O]+	/resources/tools/chemdb_ontology?abbrev=TG 57:6
868.70819	868.7154	.0072	PC 43:1	C51H100NO8P	[M+H-H2O]+	/resources/tools/chemdb_ontology?abbrev=PC 43:1
868.70819	868.7154	.0072	PE 46:1	C51H100NO8P	[M+H-H2O]+	/resources/tools/chemdb_ontology?abbrev=PE 46:1
868.70819	868.7130	.0048	PC O-41:0	C49H100NO7PNa	[M+Na]+	/resources/tools/chemdb_ontology?abbrev=PC O-41:0
841.68798	841.6793	.0087	PC O-40:4	C48H90NO7P	[M+NH4]+	/resources/tools/chemdb_ontology?abbrev=PC O-40:4
957.82058	957.8269	.0064	TG 61:7	C64H110O6	[M+H-H2O]+	/resources/tools/chemdb_ontology?abbrev=TG 61:7
768.61763	768.6265	.0089	PC O-37:2	C45H88NO7P	[M+H-H2O]+	/resources/tools/chemdb_ontology?abbrev=PC O-37:2
768.61763	768.6265	.0089	PE O-40:2	C45H88NO7P	[M+H-H2O]+	/resources/tools/chemdb_ontology?abbrev=PE O-40:2
768.61763	768.6113	.0063	PG O-35:0	C41H83O9P	[M+NH4]+	/resources/tools/chemdb_ontology?abbrev=PG O-35:0
856.7199	856.7154	.0045	PC O-42:2	C50H98NO7P	[M+H]+	/resources/tools/chemdb_ontology?abbrev=PC O-42:2
856.7199	856.7154	.0045	PC 42:0	C50H100NO8P	[M+H-H2O]+	/resources/tools/chemdb_ontology?abbrev=PC 42:0
789.678	789.6844	.0064	SM 40:0;O2	C45H93N2O6P	[M+H]+	/resources/tools/chemdb_ontology?abbrev=SM 40:0;O2
789.678	789.6732	.0048	PG dO-40:0	C46H95O8P	[M+H-H2O]+	/resources/tools/chemdb_ontology?abbrev=PG dO-40:0
783.58785	783.5898	.0020	PA 42:3	C45H83O8P	[M+H]+	/resources/tools/chemdb_ontology?abbrev=PA 42:3
783.58785	783.5874	.0004	PA 40:0	C43H85O8PNa	[M+Na]+	/resources/tools/chemdb_ontology?abbrev=PA 40:0
809.60427	809.6055	.0012	PA 44:4	C47H85O8P	[M+H]+	/resources/tools/chemdb_ontology?abbrev=PA 44:4
809.60427	809.6031	.0012	PA 42:1	C45H87O8PNa	[M+Na]+	/resources/tools/chemdb_ontology?abbrev=PA 42:1
809.60427	809.6015	.0028	PS 36:0	C42H82NO10P	[M+NH4]+	/resources/tools/chemdb_ontology?abbrev=PS 36:0
830.70459	830.6997	.0049	PC O-40:1	C48H96NO7P	[M+H]+	/resources/tools/chemdb_ontology?abbrev=PC O-40:1
830.70459	830.7109	.0064	SM 42:2;O2	C47H93N2O6P	[M+NH4]+	/resources/tools/chemdb_ontology?abbrev=SM 42:2;O2
810.60732	810.6007	.0066	PC 38:4	C46H84NO8P	[M+H]+	/resources/tools/chemdb_ontology?abbrev=PC 38:4
810.60732	810.6007	.0066	PE 41:4	C46H84NO8P	[M+H]+	/resources/tools/chemdb_ontology?abbrev=PE 41:4
810.60732	810.6007	.0066	PS O-40:3	C46H86NO9P	[M+H-H2O]+	/resources/tools/chemdb_ontology?abbrev=PS O-40:3
810.60732	810.6066	.0008	HexCer 38:1;O4	C44H85NO10Na	[M+Na]+	/resources/tools/chemdb_ontology?abbrev=HexCer 38:1;O4
810.60732	810.5983	.0090	PC 36:1	C44H86NO8PNa	[M+Na]+	/resources/tools/chemdb_ontology?abbrev=PC 36:1
810.60732	810.5983	.0090	PE 39:1	C44H86NO8PNa	[M+Na]+	/resources/tools/chemdb_ontology?abbrev=PE 39:1
793.63026	793.6317	.0014	PG O-38:0	C44H89O9P	[M+H]+	/resources/tools/chemdb_ontology?abbrev=PG O-38:0
793.63026	793.6341	.0038	TG 48:7	C51H84O6	[M+H]+	/resources/tools/chemdb_ontology?abbrev=TG 48:7
793.63026	793.6317	.0014	TG 46:4	C49H86O6Na	[M+Na]+	/resources/tools/chemdb_ontology?abbrev=TG 46:4
793.63026	793.6293	.0010	TG 44:1	C47H88O6Na2	[M+2Na-H]+	/resources/tools/chemdb_ontology?abbrev=TG 44:1
879.77349	879.7800	.0065	TG 55:4	C58H104O6	[M+H-H2O]+	/resources/tools/chemdb_ontology?abbrev=TG 55:4
794.63351	794.6422	.0087	PE O-42:3	C47H90NO7P	[M+H-H2O]+	/resources/tools/chemdb_ontology?abbrev=PE O-42:3
794.63351	794.6269	.0066	PG O-37:1	C43H85O9P	[M+NH4]+	/resources/tools/chemdb_ontology?abbrev=PG O-37:1
788.67476	788.6763	.0015	TG 46:4	C49H86O6	[M+NH4]+	/resources/tools/chemdb_ontology?abbrev=TG 46:4
762.65877	762.6606	.0018	TG 44:3	C47H84O6	[M+NH4]+	/resources/tools/chemdb_ontology?abbrev=TG 44:3
767.61432	767.6184	.0041	TG 46:6	C49H82O6	[M+H]+	/resources/tools/chemdb_ontology?abbrev=TG 46:6
767.61432	767.6160	.0017	TG 44:3	C47H84O6Na	[M+Na]+	/resources/tools/chemdb_ontology?abbrev=TG 44:3
767.61432	767.6136	.0007	TG 42:0	C45H86O6Na2	[M+2Na-H]+	/resources/tools/chemdb_ontology?abbrev=TG 42:0
803.68595	803.6864	.0004	FAHFA 50:2;O	C50H94O4Na2	[M+2Na-H]+	/resources/tools/chemdb_ontology?abbrev=FAHFA 50:2;O
845.66099	845.6630	.0020	PG O-42:2	C48H93O9P	[M+H]+	/resources/tools/chemdb_ontology?abbrev=PG O-42:2
845.66099	845.6654	.0044	TG 52:9	C55H88O6	[M+H]+	/resources/tools/chemdb_ontology?abbrev=TG 52:9
845.66099	845.6630	.0020	PG 42:0	C48H95O10P	[M+H-H2O]+	/resources/tools/chemdb_ontology?abbrev=PG 42:0
845.66099	845.6630	.0020	TG 50:6	C53H90O6Na	[M+Na]+	/resources/tools/chemdb_ontology?abbrev=TG 50:6
845.66099	845.6606	.0004	TG 48:3	C51H92O6Na2	[M+2Na-H]+	/resources/tools/chemdb_ontology?abbrev=TG 48:3
914.72695	914.7232	.0037	TG 56:11	C59H92O6	[M+NH4]+	/resources/tools/chemdb_ontology?abbrev=TG 56:11
831.70941	831.7177	.0083	FAHFA 52:2;O	C52H98O4Na2	[M+2Na-H]+	/resources/tools/chemdb_ontology?abbrev=FAHFA 52:2;O
597.48558	597.4877	.0022	DG 36:5	C39H66O5	[M+H-H2O]+	/resources/tools/chemdb_ontology?abbrev=DG 36:5
597.48558	597.4853	.0003	FAHFA 37:3;O	C37H66O4Na	[M+Na]+	/resources/tools/chemdb_ontology?abbrev=FAHFA 37:3;O
804.68894	804.6841	.0049	PC O-38:0	C46H94NO7P	[M+H]+	/resources/tools/chemdb_ontology?abbrev=PC O-38:0
804.68894	804.6841	.0049	PE O-41:0	C46H94NO7P	[M+H]+	/resources/tools/chemdb_ontology?abbrev=PE O-41:0
804.68894	804.6953	.0064	SM 40:1;O2	C45H91N2O6P	[M+NH4]+	/resources/tools/chemdb_ontology?abbrev=SM 40:1;O2
573.48615	573.4877	.0016	DG 34:3	C37H66O5	[M+H-H2O]+	/resources/tools/chemdb_ontology?abbrev=DG 34:3
573.48615	573.4853	.0008	DG O-32:2	C35H66O4Na	[M+Na]+	/resources/tools/chemdb_ontology?abbrev=DG O-32:2
811.6088	811.6187	.0099	PA 42:0	C45H89O8PNa	[M+Na]+	/resources/tools/chemdb_ontology?abbrev=PA 42:0
882.73471	882.7310	.0037	PC O-44:3	C52H100NO7P	[M+H]+	/resources/tools/chemdb_ontology?abbrev=PC O-44:3
882.73471	882.7310	.0037	PC 44:1	C52H102NO8P	[M+H-H2O]+	/resources/tools/chemdb_ontology?abbrev=PC 44:1
882.73471	882.7286	.0061	PC O-42:0	C50H102NO7PNa	[M+Na]+	/resources/tools/chemdb_ontology?abbrev=PC O-42:0
755.61411	755.6184	.0043	TG 45:5	C48H82O6	[M+H]+	/resources/tools/chemdb_ontology?abbrev=TG 45:5
755.61411	755.6061	.0080	SM 38:3;O2	C43H83N2O6P	[M+H]+	/resources/tools/chemdb_ontology?abbrev=SM 38:3;O2
755.61411	755.6160	.0019	TG 43:2	C46H84O6Na	[M+Na]+	/resources/tools/chemdb_ontology?abbrev=TG 43:2
857.66189	857.6654	.0035	TG 53:10	C56H88O6	[M+H]+	/resources/tools/chemdb_ontology?abbrev=TG 53:10
857.66189	857.6630	.0011	PG 43:1	C49H95O10P	[M+H-H2O]+	/resources/tools/chemdb_ontology?abbrev=PG 43:1
857.66189	857.6630	.0011	TG 51:7	C54H90O6Na	[M+Na]+	/resources/tools/chemdb_ontology?abbrev=TG 51:7
857.66189	857.6606	.0013	PG O-41:0	C47H95O9PNa	[M+Na]+	/resources/tools/chemdb_ontology?abbrev=PG O-41:0
857.66189	857.6606	.0013	TG 49:4	C52H92O6Na2	[M+2Na-H]+	/resources/tools/chemdb_ontology?abbrev=TG 49:4
815.69328	815.7000	.0068	SM 42:1;O2	C47H95N2O6P	[M+H]+	/resources/tools/chemdb_ontology?abbrev=SM 42:1;O2
873.7407	873.7330	.0077	TG 55:7	C58H98O6	[M+H-H2O]+	/resources/tools/chemdb_ontology?abbrev=TG 55:7
873.7407	873.7419	.0012	PC O-42:2	C50H98NO7P	[M+NH4]+	/resources/tools/chemdb_ontology?abbrev=PC O-42:2
797.60425	797.6055	.0012	PG O-40:3	C46H87O9P	[M+H-H2O]+	/resources/tools/chemdb_ontology?abbrev=PG O-40:3
797.60425	797.6031	.0012	PA 41:0	C44H87O8PNa	[M+Na]+	/resources/tools/chemdb_ontology?abbrev=PA 41:0
840.70542	840.7076	.0021	TG 50:6	C53H90O6	[M+NH4]+	/resources/tools/chemdb_ontology?abbrev=TG 50:6
897.74924	897.7419	.0073	PC O-44:4	C52H98NO7P	[M+NH4]+	/resources/tools/chemdb_ontology?abbrev=PC O-44:4
820.64893	820.6426	.0063	PS O-39:0	C45H90NO9P	[M+H]+	/resources/tools/chemdb_ontology?abbrev=PS O-39:0
820.64893	820.6426	.0063	PG O-39:2	C45H87O9P	[M+NH4]+	/resources/tools/chemdb_ontology?abbrev=PG O-39:2
913.7232	913.7280	.0048	TG 57:10	C60H96O6	[M+H]+	/resources/tools/chemdb_ontology?abbrev=TG 57:10
913.7232	913.7256	.0024	TG 55:7	C58H98O6Na	[M+Na]+	/resources/tools/chemdb_ontology?abbrev=TG 55:7
913.7232	913.7232	.0001	TG 53:4	C56H100O6Na2	[M+2Na-H]+	/resources/tools/chemdb_ontology?abbrev=TG 53:4
781.62994	781.6341	.0041	TG 47:6	C50H84O6	[M+H]+	/resources/tools/chemdb_ontology?abbrev=TG 47:6
781.62994	781.6317	.0017	TG 45:3	C48H86O6Na	[M+Na]+	/resources/tools/chemdb_ontology?abbrev=TG 45:3
781.62994	781.6293	.0007	TG 43:0	C46H88O6Na2	[M+2Na-H]+	/resources/tools/chemdb_ontology?abbrev=TG 43:0
776.67417	776.6763	.0021	TG 45:3	C48H86O6	[M+NH4]+	/resources/tools/chemdb_ontology?abbrev=TG 45:3
887.70763	887.7123	.0047	TG 55:9	C58H94O6	[M+H]+	/resources/tools/chemdb_ontology?abbrev=TG 55:9
887.70763	887.7099	.0023	TG 53:6	C56H96O6Na	[M+Na]+	/resources/tools/chemdb_ontology?abbrev=TG 53:6
887.70763	887.7075	.0001	TG 51:3	C54H98O6Na2	[M+2Na-H]+	/resources/tools/chemdb_ontology?abbrev=TG 51:3
888.71146	888.7076	.0039	TG 54:10	C57H90O6	[M+NH4]+	/resources/tools/chemdb_ontology?abbrev=TG 54:10
575.50191	575.5034	.0015	FAHFA 37:3;O	C37H66O4	[M+H]+	/resources/tools/chemdb_ontology?abbrev=FAHFA 37:3;O
575.50191	575.5034	.0015	DG 34:2	C37H68O5	[M+H-H2O]+	/resources/tools/chemdb_ontology?abbrev=DG 34:2
846.66452	846.6582	.0063	PS O-41:1	C47H92NO9P	[M+H]+	/resources/tools/chemdb_ontology?abbrev=PS O-41:1
899.75943	899.7576	.0019	PC O-44:3	C52H100NO7P	[M+NH4]+	/resources/tools/chemdb_ontology?abbrev=PC O-44:3
818.70423	818.6997	.0045	PC O-39:0	C47H96NO7P	[M+H]+	/resources/tools/chemdb_ontology?abbrev=PC O-39:0
818.70423	818.6997	.0045	PE O-42:0	C47H96NO7P	[M+H]+	/resources/tools/chemdb_ontology?abbrev=PE O-42:0
818.70423	818.7109	.0067	SM 41:1;O2	C46H93N2O6P	[M+NH4]+	/resources/tools/chemdb_ontology?abbrev=SM 41:1;O2
750.65898	750.6606	.0016	TG 43:2	C46H84O6	[M+NH4]+	/resources/tools/chemdb_ontology?abbrev=TG 43:2
961.84854	961.8582	.0097	TG 61:5	C64H114O6	[M+H-H2O]+	/resources/tools/chemdb_ontology?abbrev=TG 61:5
959.83595	959.8426	.0066	TG 61:6	C64H112O6	[M+H-H2O]+	/resources/tools/chemdb_ontology?abbrev=TG 61:6
907.80255	907.8113	.0087	TG 57:4	C60H108O6	[M+H-H2O]+	/resources/tools/chemdb_ontology?abbrev=TG 57:4
933.81872	933.8269	.0082	TG 59:5	C62H110O6	[M+H-H2O]+	/resources/tools/chemdb_ontology?abbrev=TG 59:5
843.7048	843.7032	.0016	HexCer 36:1;O	C48H91NO9	[M+NH4]+	/resources/tools/chemdb_ontology?abbrev=HexCer 36:1;O
843.7048	843.7032	.0016	HexCer 42:2;O3	C48H91NO9	[M+NH4]+	/resources/tools/chemdb_ontology?abbrev=HexCer 42:2;O3
843.7048	843.6950	.0098	PC O-40:3	C48H92NO7P	[M+NH4]+	/resources/tools/chemdb_ontology?abbrev=PC O-40:3
889.65351	889.6528	.0007	PI O-40:1	C49H95O12P	[M+H-H2O]+	/resources/tools/chemdb_ontology?abbrev=PI O-40:1
891.78187	891.7800	.0019	TG 56:5	C59H104O6	[M+H-H2O]+	/resources/tools/chemdb_ontology?abbrev=TG 56:5
807.64622	807.6473	.0011	PG O-39:0	C45H91O9P	[M+H]+	/resources/tools/chemdb_ontology?abbrev=PG O-39:0
807.64622	807.6497	.0035	TG 49:7	C52H86O6	[M+H]+	/resources/tools/chemdb_ontology?abbrev=TG 49:7
807.64622	807.6473	.0011	TG 47:4	C50H88O6Na	[M+Na]+	/resources/tools/chemdb_ontology?abbrev=TG 47:4
807.64622	807.6449	.0013	TG 45:1	C48H90O6Na2	[M+2Na-H]+	/resources/tools/chemdb_ontology?abbrev=TG 45:1
873.68148	873.6796	.0019	SM 43:1;O2	C48H97N2O6PNa2	[M+2Na-H]+	/resources/tools/chemdb_ontology?abbrev=SM 43:1;O2
694.60981	694.6085	.0014	Cer 42:1;O2	C42H83NO3Na2	[M+2Na-H]+	/resources/tools/chemdb_ontology?abbrev=Cer 42:1;O2
710.58336	710.5847	.0013	CerP 42:2;O2	C42H82NO6P	[M+H-H2O]+	/resources/tools/chemdb_ontology?abbrev=CerP 42:2;O2
710.58336	710.5929	.0096	DGCC 32:0	C42H81NO8	[M+H-H2O]+	/resources/tools/chemdb_ontology?abbrev=DGCC 32:0
710.58336	710.5929	.0096	HexCer 36:1;O2	C42H81NO8	[M+H-H2O]+	/resources/tools/chemdb_ontology?abbrev=HexCer 36:1;O2
911.70811	911.7123	.0042	TG 57:11	C60H94O6	[M+H]+	/resources/tools/chemdb_ontology?abbrev=TG 57:11
911.70811	911.7099	.0018	TG 55:8	C58H96O6Na	[M+Na]+	/resources/tools/chemdb_ontology?abbrev=TG 55:8
911.70811	911.7059	.0022	IPC 42:0;O2	C48H96NO11P	[M+NH4]+	/resources/tools/chemdb_ontology?abbrev=IPC 42:0;O2
911.70811	911.7075	.0006	TG 53:5	C56H98O6Na2	[M+2Na-H]+	/resources/tools/chemdb_ontology?abbrev=TG 53:5
367.33486	367.3359	.0011	ST 27:2;O	C27H44O	[M+H-H2O]+	/resources/tools/chemdb_ontology?abbrev=ST 27:2;O
367.33486	367.3319	.0030	NAE 20:3	C22H39NO2	[M+NH4]+	/resources/tools/chemdb_ontology?abbrev=NAE 20:3
367.33486	367.3389	.0040	DG 44:2	C47H88O5	[M+2H]2+	/resources/tools/chemdb_ontology?abbrev=DG 44:2
886.69587	886.6895	.0063	PS 44:0	C50H98NO10P	[M+H-H2O]+	/resources/tools/chemdb_ontology?abbrev=PS 44:0
886.69587	886.6919	.0040	TG 54:11	C57H88O6	[M+NH4]+	/resources/tools/chemdb_ontology?abbrev=TG 54:11
931.80565	931.8113	.0056	TG 59:6	C62H108O6	[M+H-H2O]+	/resources/tools/chemdb_ontology?abbrev=TG 59:6
870.72261	870.7310	.0084	PC 43:0	C51H102NO8P	[M+H-H2O]+	/resources/tools/chemdb_ontology?abbrev=PC 43:0
869.71952	869.7106	.0089	PC O-42:4	C50H94NO7P	[M+NH4]+	/resources/tools/chemdb_ontology?abbrev=PC O-42:4
905.84901	905.8532	.0042	TG 55:0	C58H112O6	[M+H]+	/resources/tools/chemdb_ontology?abbrev=TG 55:0
905.79022	905.7956	.0054	TG 57:5	C60H106O6	[M+H-H2O]+	/resources/tools/chemdb_ontology?abbrev=TG 57:5
771.63681	771.6374	.0006	SM 39:2;O2	C44H87N2O6P	[M+H]+	/resources/tools/chemdb_ontology?abbrev=SM 39:2;O2
771.63681	771.6457	.0089	HexCer 38:2;O2	C44H83NO8	[M+NH4]+	/resources/tools/chemdb_ontology?abbrev=HexCer 38:2;O2
744.61794	744.6265	.0086	PC O-35:0	C43H88NO7P	[M+H-H2O]+	/resources/tools/chemdb_ontology?abbrev=PC O-35:0
744.61794	744.6265	.0086	PE O-38:0	C43H88NO7P	[M+H-H2O]+	/resources/tools/chemdb_ontology?abbrev=PE O-38:0
770.63386	770.6422	.0083	PC O-37:1	C45H90NO7P	[M+H-H2O]+	/resources/tools/chemdb_ontology?abbrev=PC O-37:1
770.63386	770.6422	.0083	PE O-40:1	C45H90NO7P	[M+H-H2O]+	/resources/tools/chemdb_ontology?abbrev=PE O-40:1
770.63386	770.6245	.0094	Cer 44:1;O5	C44H87NO6Na2	[M+2Na-H]+	/resources/tools/chemdb_ontology?abbrev=Cer 44:1;O5
837.61856	837.6116	.0069	PC 39:6	C47H82NO8P	[M+NH4]+	/resources/tools/chemdb_ontology?abbrev=PC 39:6
837.61856	837.6116	.0069	PE 42:6	C47H82NO8P	[M+NH4]+	/resources/tools/chemdb_ontology?abbrev=PE 42:6
724.64254	724.6450	.0024	TG 41:1	C44H82O6	[M+NH4]+	/resources/tools/chemdb_ontology?abbrev=TG 41:1
759.58846	759.5898	.0014	PA 40:1	C43H83O8P	[M+H]+	/resources/tools/chemdb_ontology?abbrev=PA 40:1
759.58846	759.5898	.0014	PG O-37:1	C43H85O9P	[M+H-H2O]+	/resources/tools/chemdb_ontology?abbrev=PG O-37:1
759.58846	759.5874	.0011	DG 43:4	C46H82O5Na2	[M+2Na-H]+	/resources/tools/chemdb_ontology?abbrev=DG 43:4
957.82086	957.8269	.0061	TG 61:7	C64H110O6	[M+H-H2O]+	/resources/tools/chemdb_ontology?abbrev=TG 61:7
519.43946	519.4408	.0013	FAHFA 33:3;O	C33H58O4	[M+H]+	/resources/tools/chemdb_ontology?abbrev=FAHFA 33:3;O
519.43946	519.4408	.0013	DG 30:2	C33H60O5	[M+H-H2O]+	/resources/tools/chemdb_ontology?abbrev=DG 30:2
871.73375	871.7263	.0075	PC O-42:3	C50H96NO7P	[M+NH4]+	/resources/tools/chemdb_ontology?abbrev=PC O-42:3
712.64409	712.6450	.0009	TG 40:0	C43H82O6	[M+NH4]+	/resources/tools/chemdb_ontology?abbrev=TG 40:0
753.67092	753.6731	.0022	FAHFA 48:2;O	C48H90O4Na	[M+Na]+	/resources/tools/chemdb_ontology?abbrev=FAHFA 48:2;O
860.76816	860.7702	.0020	TG 51:3	C54H98O6	[M+NH4]+	/resources/tools/chemdb_ontology?abbrev=TG 51:3
795.64616	795.6497	.0036	TG 48:6	C51H86O6	[M+H]+	/resources/tools/chemdb_ontology?abbrev=TG 48:6
795.64616	795.6473	.0011	TG 46:3	C49H88O6Na	[M+Na]+	/resources/tools/chemdb_ontology?abbrev=TG 46:3
795.64616	795.6449	.0013	TG 44:0	C47H90O6Na2	[M+2Na-H]+	/resources/tools/chemdb_ontology?abbrev=TG 44:0
796.64955	796.6450	.0046	DGTA 40:5	C50H87NO7	[M+H-H2O]+	/resources/tools/chemdb_ontology?abbrev=DGTA 40:5
796.64955	796.6578	.0083	PC O-39:2	C47H92NO7P	[M+H-H2O]+	/resources/tools/chemdb_ontology?abbrev=PC O-39:2
796.64955	796.6578	.0083	PE O-42:2	C47H92NO7P	[M+H-H2O]+	/resources/tools/chemdb_ontology?abbrev=PE O-42:2
796.64955	796.6426	.0070	PG O-37:0	C43H87O9P	[M+NH4]+	/resources/tools/chemdb_ontology?abbrev=PG O-37:0
811.61998	811.6211	.0011	PA 44:3	C47H87O8P	[M+H]+	/resources/tools/chemdb_ontology?abbrev=PA 44:3
811.61998	811.6187	.0013	PA 42:0	C45H89O8PNa	[M+Na]+	/resources/tools/chemdb_ontology?abbrev=PA 42:0
812.62334	812.6164	.0070	PC 38:3	C46H86NO8P	[M+H]+	/resources/tools/chemdb_ontology?abbrev=PC 38:3
812.62334	812.6164	.0070	PE 41:3	C46H86NO8P	[M+H]+	/resources/tools/chemdb_ontology?abbrev=PE 41:3
812.62334	812.6164	.0070	PS O-40:2	C46H88NO9P	[M+H-H2O]+	/resources/tools/chemdb_ontology?abbrev=PS O-40:2
812.62334	812.6222	.0011	HexCer 38:0;O4	C44H87NO10Na	[M+Na]+	/resources/tools/chemdb_ontology?abbrev=HexCer 38:0;O4
812.62334	812.6140	.0094	PC 36:0	C44H88NO8PNa	[M+Na]+	/resources/tools/chemdb_ontology?abbrev=PC 36:0
812.62334	812.6140	.0094	PE 39:0	C44H88NO8PNa	[M+Na]+	/resources/tools/chemdb_ontology?abbrev=PE 39:0
812.62334	812.6164	.0070	PA 43:4	C46H83O8P	[M+NH4]+	/resources/tools/chemdb_ontology?abbrev=PA 43:4
867.72446	867.7289	.0045	SM 44:0;O2	C49H101N2O6PNa	[M+Na]+	/resources/tools/chemdb_ontology?abbrev=SM 44:0;O2
866.72163	866.7208	.0008	PG O-42:0	C48H97O9P	[M+NH4]+	/resources/tools/chemdb_ontology?abbrev=PG O-42:0
866.72163	866.7232	.0016	TG 52:7	C55H92O6	[M+NH4]+	/resources/tools/chemdb_ontology?abbrev=TG 52:7
872.68048	872.6739	.0066	PS 43:0	C49H96NO10P	[M+H-H2O]+	/resources/tools/chemdb_ontology?abbrev=PS 43:0
888.65406	888.6477	.0064	PC 44:7	C52H90NO8P	[M+H]+	/resources/tools/chemdb_ontology?abbrev=PC 44:7
888.65406	888.6453	.0088	PC 42:4	C50H92NO8PNa	[M+Na]+	/resources/tools/chemdb_ontology?abbrev=PC 42:4
888.65406	888.6511	.0030	HexCer 42:1;O4	C48H93NO10Na2	[M+2Na-H]+	/resources/tools/chemdb_ontology?abbrev=HexCer 42:1;O4
908.75153	908.7467	.0049	PC 46:2	C54H104NO8P	[M+H-H2O]+	/resources/tools/chemdb_ontology?abbrev=PC 46:2
862.6385	862.6320	.0065	PC 42:6	C50H88NO8P	[M+H]+	/resources/tools/chemdb_ontology?abbrev=PC 42:6
862.6385	862.6296	.0089	PC 40:3	C48H90NO8PNa	[M+Na]+	/resources/tools/chemdb_ontology?abbrev=PC 40:3
862.6385	862.6355	.0030	HexCer 40:0;O4	C46H91NO10Na2	[M+2Na-H]+	/resources/tools/chemdb_ontology?abbrev=HexCer 40:0;O4
806.70493	806.7109	.0060	SM 40:0;O2	C45H93N2O6P	[M+NH4]+	/resources/tools/chemdb_ontology?abbrev=SM 40:0;O2
901.75859	901.7643	.0058	TG 57:7	C60H102O6	[M+H-H2O]+	/resources/tools/chemdb_ontology?abbrev=TG 57:7
887.65077	887.6484	.0024	PS 42:3	C48H88NO10P	[M+NH4]+	/resources/tools/chemdb_ontology?abbrev=PS 42:3
863.63433	863.6372	.0028	PI O-38:0	C47H93O12P	[M+H-H2O]+	/resources/tools/chemdb_ontology?abbrev=PI O-38:0
863.63433	863.6273	.0071	PC 41:7	C49H84NO8P	[M+NH4]+	/resources/tools/chemdb_ontology?abbrev=PC 41:7
863.63433	863.6273	.0071	PE 44:7	C49H84NO8P	[M+NH4]+	/resources/tools/chemdb_ontology?abbrev=PE 44:7
798.65543	798.6606	.0052	TG 47:6	C50H84O6	[M+NH4]+	/resources/tools/chemdb_ontology?abbrev=TG 47:6
840.70595	840.7076	.0016	TG 50:6	C53H90O6	[M+NH4]+	/resources/tools/chemdb_ontology?abbrev=TG 50:6
845.66126	845.6630	.0017	PG O-42:2	C48H93O9P	[M+H]+	/resources/tools/chemdb_ontology?abbrev=PG O-42:2
845.66126	845.6654	.0041	TG 52:9	C55H88O6	[M+H]+	/resources/tools/chemdb_ontology?abbrev=TG 52:9
845.66126	845.6630	.0017	PG 42:0	C48H95O10P	[M+H-H2O]+	/resources/tools/chemdb_ontology?abbrev=PG 42:0
845.66126	845.6630	.0017	TG 50:6	C53H90O6Na	[M+Na]+	/resources/tools/chemdb_ontology?abbrev=TG 50:6
845.66126	845.6606	.0007	TG 48:3	C51H92O6Na2	[M+2Na-H]+	/resources/tools/chemdb_ontology?abbrev=TG 48:3
841.70843	841.7157	.0073	SM 44:2;O2	C49H97N2O6P	[M+H]+	/resources/tools/chemdb_ontology?abbrev=SM 44:2;O2
846.66454	846.6582	.0063	PS O-41:1	C47H92NO9P	[M+H]+	/resources/tools/chemdb_ontology?abbrev=PS O-41:1
651.68531	651.6762	.0091	Cer 42:1;O	C42H83NO2	[M+NH4]+	/resources/tools/chemdb_ontology?abbrev=Cer 42:1;O
776.67435	776.6763	.0019	TG 45:3	C48H86O6	[M+NH4]+	/resources/tools/chemdb_ontology?abbrev=TG 45:3
882.73564	882.7310	.0046	PC O-44:3	C52H100NO7P	[M+H]+	/resources/tools/chemdb_ontology?abbrev=PC O-44:3
882.73564	882.7310	.0046	PC 44:1	C52H102NO8P	[M+H-H2O]+	/resources/tools/chemdb_ontology?abbrev=PC 44:1
882.73564	882.7286	.0070	PC O-42:0	C50H102NO7PNa	[M+Na]+	/resources/tools/chemdb_ontology?abbrev=PC O-42:0
861.63507	861.6328	.0023	PS 40:2	C46H86NO10P	[M+NH4]+	/resources/tools/chemdb_ontology?abbrev=PS 40:2
861.63507	861.6320	.0031	PA 44:0	C47H93O8PNa2	[M+2Na-H]+	/resources/tools/chemdb_ontology?abbrev=PA 44:0
942.75183	942.7545	.0027	TG 58:11	C61H96O6	[M+NH4]+	/resources/tools/chemdb_ontology?abbrev=TG 58:11
802.68944	802.6919	.0025	TG 47:4	C50H88O6	[M+NH4]+	/resources/tools/chemdb_ontology?abbrev=TG 47:4
802.68944	802.6796	.0098	SM 40:2;O2	C45H89N2O6P	[M+NH4]+	/resources/tools/chemdb_ontology?abbrev=SM 40:2;O2
1024.30211	1024.3052	.0031	CoA 18:4;O	C39H62N7O18P3S	[M+H-H2O]+	/resources/tools/chemdb_ontology?abbrev=CoA 18:4;O
934.87653	934.8797	.0032	TG 56:1	C59H112O6	[M+NH4]+	/resources/tools/chemdb_ontology?abbrev=TG 56:1
789.67721	789.6844	.0072	SM 40:0;O2	C45H93N2O6P	[M+H]+	/resources/tools/chemdb_ontology?abbrev=SM 40:0;O2
789.67721	789.6732	.0040	PG dO-40:0	C46H95O8P	[M+H-H2O]+	/resources/tools/chemdb_ontology?abbrev=PG dO-40:0
652.68836	652.6966	.0082	FA 43:0	C43H86O2	[M+NH4]+	/resources/tools/chemdb_ontology?abbrev=FA 43:0
842.7417	842.7443	.0026	HexCer 44:0;O2	C50H99NO8	[M+H]+	/resources/tools/chemdb_ontology?abbrev=HexCer 44:0;O2
842.7417	842.7361	.0056	PC O-42:0	C50H102NO7P	[M+H-H2O]+	/resources/tools/chemdb_ontology?abbrev=PC O-42:0
815.69352	815.7000	.0065	SM 42:1;O2	C47H95N2O6P	[M+H]+	/resources/tools/chemdb_ontology?abbrev=SM 42:1;O2
819.64573	819.6473	.0016	PG O-40:1	C46H91O9P	[M+H]+	/resources/tools/chemdb_ontology?abbrev=PG O-40:1
819.64573	819.6497	.0040	TG 50:8	C53H86O6	[M+H]+	/resources/tools/chemdb_ontology?abbrev=TG 50:8
819.64573	819.6473	.0016	TG 48:5	C51H88O6Na	[M+Na]+	/resources/tools/chemdb_ontology?abbrev=TG 48:5
819.64573	819.6449	.0008	TG 46:2	C49H90O6Na2	[M+2Na-H]+	/resources/tools/chemdb_ontology?abbrev=TG 46:2
814.69027	814.6919	.0016	TG 48:5	C51H88O6	[M+NH4]+	/resources/tools/chemdb_ontology?abbrev=TG 48:5
836.62281	836.6164	.0064	PC 40:5	C48H86NO8P	[M+H]+	/resources/tools/chemdb_ontology?abbrev=PC 40:5
836.62281	836.6164	.0064	PS O-42:4	C48H88NO9P	[M+H-H2O]+	/resources/tools/chemdb_ontology?abbrev=PS O-42:4
836.62281	836.6140	.0088	PC 38:2	C46H88NO8PNa	[M+Na]+	/resources/tools/chemdb_ontology?abbrev=PC 38:2
836.62281	836.6140	.0088	PE 41:2	C46H88NO8PNa	[M+Na]+	/resources/tools/chemdb_ontology?abbrev=PE 41:2
856.72024	856.7154	.0049	PC O-42:2	C50H98NO7P	[M+H]+	/resources/tools/chemdb_ontology?abbrev=PC O-42:2
856.72024	856.7154	.0049	PC 42:0	C50H100NO8P	[M+H-H2O]+	/resources/tools/chemdb_ontology?abbrev=PC 42:0
820.64902	820.6426	.0064	PS O-39:0	C45H90NO9P	[M+H]+	/resources/tools/chemdb_ontology?abbrev=PS O-39:0
820.64902	820.6426	.0064	PG O-39:2	C45H87O9P	[M+NH4]+	/resources/tools/chemdb_ontology?abbrev=PG O-39:2
835.61956	835.6187	.0008	PA 44:2	C47H89O8PNa	[M+Na]+	/resources/tools/chemdb_ontology?abbrev=PA 44:2
835.61956	835.6171	.0025	PS 38:1	C44H84NO10P	[M+NH4]+	/resources/tools/chemdb_ontology?abbrev=PS 38:1
793.62954	793.6317	.0022	PG O-38:0	C44H89O9P	[M+H]+	/resources/tools/chemdb_ontology?abbrev=PG O-38:0
793.62954	793.6341	.0045	TG 48:7	C51H84O6	[M+H]+	/resources/tools/chemdb_ontology?abbrev=TG 48:7
793.62954	793.6317	.0021	TG 46:4	C49H86O6Na	[M+Na]+	/resources/tools/chemdb_ontology?abbrev=TG 46:4
793.62954	793.6293	.0003	TG 44:1	C47H88O6Na2	[M+2Na-H]+	/resources/tools/chemdb_ontology?abbrev=TG 44:1
830.70381	830.6997	.0041	PC O-40:1	C48H96NO7P	[M+H]+	/resources/tools/chemdb_ontology?abbrev=PC O-40:1
830.70381	830.7109	.0071	SM 42:2;O2	C47H93N2O6P	[M+NH4]+	/resources/tools/chemdb_ontology?abbrev=SM 42:2;O2
788.67405	788.6763	.0022	TG 46:4	C49H86O6	[M+NH4]+	/resources/tools/chemdb_ontology?abbrev=TG 46:4
897.74898	897.7419	.0071	PC O-44:4	C52H98NO7P	[M+NH4]+	/resources/tools/chemdb_ontology?abbrev=PC O-44:4
885.69258	885.6967	.0041	TG 55:10	C58H92O6	[M+H]+	/resources/tools/chemdb_ontology?abbrev=TG 55:10
885.69258	885.6943	.0017	TG 53:7	C56H94O6Na	[M+Na]+	/resources/tools/chemdb_ontology?abbrev=TG 53:7
885.69258	885.6919	.0007	TG 51:4	C54H96O6Na2	[M+2Na-H]+	/resources/tools/chemdb_ontology?abbrev=TG 51:4
913.66592	913.6641	.0019	PS 44:4	C50H90NO10P	[M+NH4]+	/resources/tools/chemdb_ontology?abbrev=PS 44:4
865.76642	865.7643	.0021	TG 54:4	C57H102O6	[M+H-H2O]+	/resources/tools/chemdb_ontology?abbrev=TG 54:4
865.76642	865.7595	.0069	FA 53:1;O3	C53H104O5Na2	[M+2Na-H]+	/resources/tools/chemdb_ontology?abbrev=FA 53:1;O3
895.73455	895.7263	.0083	PC O-44:5	C52H96NO7P	[M+NH4]+	/resources/tools/chemdb_ontology?abbrev=PC O-44:5
817.70917	817.7157	.0065	SM 42:0;O2	C47H97N2O6P	[M+H]+	/resources/tools/chemdb_ontology?abbrev=SM 42:0;O2
837.63487	837.6344	.0005	PA 44:1	C47H91O8PNa	[M+Na]+	/resources/tools/chemdb_ontology?abbrev=PA 44:1
837.63487	837.6328	.0021	PS 38:0	C44H86NO10P	[M+NH4]+	/resources/tools/chemdb_ontology?abbrev=PS 38:0
858.73587	858.7310	.0049	PC O-42:1	C50H100NO7P	[M+H]+	/resources/tools/chemdb_ontology?abbrev=PC O-42:1
858.73587	858.7422	.0064	SM 44:2;O2	C49H97N2O6P	[M+NH4]+	/resources/tools/chemdb_ontology?abbrev=SM 44:2;O2
867.70413	867.6950	.0092	PC O-42:5	C50H92NO7P	[M+NH4]+	/resources/tools/chemdb_ontology?abbrev=PC O-42:5
831.77361	831.7800	.0064	TG 51:0	C54H104O6	[M+H-H2O]+	/resources/tools/chemdb_ontology?abbrev=TG 51:0
925.75857	925.7643	.0058	TG 59:9	C62H102O6	[M+H-H2O]+	/resources/tools/chemdb_ontology?abbrev=TG 59:9
879.77088	879.7800	.0091	TG 55:4	C58H104O6	[M+H-H2O]+	/resources/tools/chemdb_ontology?abbrev=TG 55:4
1174.40302	1174.4049	.0018	CoA 24:2;O	C45H78N7O18P3SNa2	[M+2Na-H]+	/resources/tools/chemdb_ontology?abbrev=CoA 24:2;O
764.67516	764.6763	.0011	TG 44:2	C47H86O6	[M+NH4]+	/resources/tools/chemdb_ontology?abbrev=TG 44:2
822.66493	822.6606	.0043	TG 49:8	C52H84O6	[M+NH4]+	/resources/tools/chemdb_ontology?abbrev=TG 49:8
822.66493	822.6582	.0067	PG O-39:1	C45H89O9P	[M+NH4]+	/resources/tools/chemdb_ontology?abbrev=PG O-39:1
929.78952	929.7956	.0061	TG 59:7	C62H106O6	[M+H-H2O]+	/resources/tools/chemdb_ontology?abbrev=TG 59:7
651.6495	651.6398	.0097	Cer 41:2;O2	C41H79NO3	[M+NH4]+	/resources/tools/chemdb_ontology?abbrev=Cer 41:2;O2
958.82423	958.8198	.0044	PC 48:0	C56H112NO8P	[M+H]+	/resources/tools/chemdb_ontology?abbrev=PC 48:0
930.79299	930.7885	.0045	PC 46:0	C54H108NO8P	[M+H]+	/resources/tools/chemdb_ontology?abbrev=PC 46:0
903.77432	903.7800	.0057	TG 57:6	C60H104O6	[M+H-H2O]+	/resources/tools/chemdb_ontology?abbrev=TG 57:6
911.70821	911.7123	.0041	TG 57:11	C60H94O6	[M+H]+	/resources/tools/chemdb_ontology?abbrev=TG 57:11
911.70821	911.7099	.0017	TG 55:8	C58H96O6Na	[M+Na]+	/resources/tools/chemdb_ontology?abbrev=TG 55:8
911.70821	911.7059	.0023	IPC 42:0;O2	C48H96NO11P	[M+NH4]+	/resources/tools/chemdb_ontology?abbrev=IPC 42:0;O2
911.70821	911.7075	.0007	TG 53:5	C56H98O6Na2	[M+2Na-H]+	/resources/tools/chemdb_ontology?abbrev=TG 53:5
785.60438	785.6055	.0011	PA 42:2	C45H85O8P	[M+H]+	/resources/tools/chemdb_ontology?abbrev=PA 42:2
785.60438	785.6055	.0011	PG O-39:2	C45H87O9P	[M+H-H2O]+	/resources/tools/chemdb_ontology?abbrev=PG O-39:2
1130.37668	1130.3810	.0044	CoA 24:5	C45H72N7O17P3SNa	[M+Na]+	/resources/tools/chemdb_ontology?abbrev=CoA 24:5
1130.37668	1130.3786	.0020	CoA 22:2	C43H74N7O17P3SNa2	[M+2Na-H]+	/resources/tools/chemdb_ontology?abbrev=CoA 22:2
831.71731	831.7177	.0004	FAHFA 52:2;O	C52H98O4Na2	[M+2Na-H]+	/resources/tools/chemdb_ontology?abbrev=FAHFA 52:2;O
869.72041	869.7106	.0098	PC O-42:4	C50H94NO7P	[M+NH4]+	/resources/tools/chemdb_ontology?abbrev=PC O-42:4
790.69079	790.6919	.0011	TG 46:3	C49H88O6	[M+NH4]+	/resources/tools/chemdb_ontology?abbrev=TG 46:3
769.63053	769.6341	.0035	TG 46:5	C49H84O6	[M+H]+	/resources/tools/chemdb_ontology?abbrev=TG 46:5
769.63053	769.6317	.0011	TG 44:2	C47H86O6Na	[M+Na]+	/resources/tools/chemdb_ontology?abbrev=TG 44:2
769.63053	769.6300	.0005	HexCer 38:3;O2	C44H81NO8	[M+NH4]+	/resources/tools/chemdb_ontology?abbrev=HexCer 38:3;O2
663.53172	663.5323	.0006	PA O-34:0	C37H75O7P	[M+H]+	/resources/tools/chemdb_ontology?abbrev=PA O-34:0
663.53172	663.5347	.0030	DG 41:7	C44H72O5	[M+H-H2O]+	/resources/tools/chemdb_ontology?abbrev=DG 41:7
871.67711	871.6810	.0039	TG 54:10	C57H90O6	[M+H]+	/resources/tools/chemdb_ontology?abbrev=TG 54:10
871.67711	871.6786	.0015	PG 44:1	C50H97O10P	[M+H-H2O]+	/resources/tools/chemdb_ontology?abbrev=PG 44:1
871.67711	871.6762	.0009	PG O-42:0	C48H97O9PNa	[M+Na]+	/resources/tools/chemdb_ontology?abbrev=PG O-42:0
871.67711	871.6786	.0015	TG 52:7	C55H92O6Na	[M+Na]+	/resources/tools/chemdb_ontology?abbrev=TG 52:7
871.67711	871.6762	.0009	TG 50:4	C53H94O6Na2	[M+2Na-H]+	/resources/tools/chemdb_ontology?abbrev=TG 50:4
841.68756	841.6793	.0082	PC O-40:4	C48H90NO7P	[M+NH4]+	/resources/tools/chemdb_ontology?abbrev=PC O-40:4
743.61468	743.6184	.0037	TG 44:4	C47H82O6	[M+H]+	/resources/tools/chemdb_ontology?abbrev=TG 44:4
743.61468	743.6061	.0085	CerPE 40:2;O2	C42H83N2O6P	[M+H]+	/resources/tools/chemdb_ontology?abbrev=CerPE 40:2;O2
743.61468	743.6061	.0085	CerPE 40:1;O3	C42H85N2O7P	[M+H-H2O]+	/resources/tools/chemdb_ontology?abbrev=CerPE 40:1;O3
743.61468	743.6160	.0013	TG 42:1	C45H84O6Na	[M+Na]+	/resources/tools/chemdb_ontology?abbrev=TG 42:1
743.61468	743.6144	.0003	HexCer 36:2;O2	C42H79NO8	[M+NH4]+	/resources/tools/chemdb_ontology?abbrev=HexCer 36:2;O2
647.55794	647.5609	.0030	DG 38:3	C41H74O5	[M+H]+	/resources/tools/chemdb_ontology?abbrev=DG 38:3
647.55794	647.5609	.0030	TG 38:1	C41H76O6	[M+H-H2O]+	/resources/tools/chemdb_ontology?abbrev=TG 38:1
647.55794	647.5585	.0006	DG 36:0	C39H76O5Na	[M+Na]+	/resources/tools/chemdb_ontology?abbrev=DG 36:0
738.65946	738.6606	.0011	TG 42:1	C45H84O6	[M+NH4]+	/resources/tools/chemdb_ontology?abbrev=TG 42:1
957.82062	957.8269	.0063	TG 61:7	C64H110O6	[M+H-H2O]+	/resources/tools/chemdb_ontology?abbrev=TG 61:7
784.64882	784.6578	.0090	PC O-38:1	C46H92NO7P	[M+H-H2O]+	/resources/tools/chemdb_ontology?abbrev=PC O-38:1
784.64882	784.6578	.0090	PE O-41:1	C46H92NO7P	[M+H-H2O]+	/resources/tools/chemdb_ontology?abbrev=PE O-41:1
784.64882	784.6450	.0039	TG 46:6	C49H82O6	[M+NH4]+	/resources/tools/chemdb_ontology?abbrev=TG 46:6
844.72545	844.7266	.0011	SM 43:2;O2	C48H95N2O6P	[M+NH4]+	/resources/tools/chemdb_ontology?abbrev=SM 43:2;O2
848.68012	848.6739	.0062	PS O-41:0	C47H94NO9P	[M+H]+	/resources/tools/chemdb_ontology?abbrev=PS O-41:0
848.68012	848.6763	.0039	TG 51:9	C54H86O6	[M+NH4]+	/resources/tools/chemdb_ontology?abbrev=TG 51:9
843.72293	843.7313	.0084	SM 44:1;O2	C49H99N2O6P	[M+H]+	/resources/tools/chemdb_ontology?abbrev=SM 44:1;O2
933.82064	933.8269	.0063	TG 59:5	C62H110O6	[M+H-H2O]+	/resources/tools/chemdb_ontology?abbrev=TG 59:5
778.69031	778.6919	.0016	TG 45:2	C48H88O6	[M+NH4]+	/resources/tools/chemdb_ontology?abbrev=TG 45:2
1075.95252	1075.9603	.0078	TG 66:3	C69H128O6Na	[M+Na]+	/resources/tools/chemdb_ontology?abbrev=TG 66:3
1075.95252	1075.9579	.0054	TG 64:0	C67H130O6Na2	[M+2Na-H]+	/resources/tools/chemdb_ontology?abbrev=TG 64:0
1073.94025	1073.9447	.0044	TG 66:4	C69H126O6Na	[M+Na]+	/resources/tools/chemdb_ontology?abbrev=TG 66:4
1073.94025	1073.9423	.0020	TG 64:1	C67H128O6Na2	[M+2Na-H]+	/resources/tools/chemdb_ontology?abbrev=TG 64:1
623.65431	623.6449	.0094	Cer 40:1;O	C40H79NO2	[M+NH4]+	/resources/tools/chemdb_ontology?abbrev=Cer 40:1;O
847.67662	847.6786	.0020	PG O-42:1	C48H95O9P	[M+H]+	/resources/tools/chemdb_ontology?abbrev=PG O-42:1
847.67662	847.6810	.0044	TG 52:8	C55H90O6	[M+H]+	/resources/tools/chemdb_ontology?abbrev=TG 52:8
847.67662	847.6786	.0020	TG 50:5	C53H92O6Na	[M+Na]+	/resources/tools/chemdb_ontology?abbrev=TG 50:5
847.67662	847.6762	.0004	TG 48:2	C51H94O6Na2	[M+2Na-H]+	/resources/tools/chemdb_ontology?abbrev=TG 48:2
931.8049	931.8113	.0064	TG 59:6	C62H108O6	[M+H-H2O]+	/resources/tools/chemdb_ontology?abbrev=TG 59:6
842.72131	842.7232	.0019	TG 50:5	C53H92O6	[M+NH4]+	/resources/tools/chemdb_ontology?abbrev=TG 50:5
905.78932	905.7956	.0063	TG 57:5	C60H106O6	[M+H-H2O]+	/resources/tools/chemdb_ontology?abbrev=TG 57:5
884.75107	884.7467	.0044	PC 44:0	C52H104NO8P	[M+H-H2O]+	/resources/tools/chemdb_ontology?abbrev=PC 44:0
597.47639	597.4725	.0039	FOH 35:4;O6	C35H64O7	[M+H]+	/resources/tools/chemdb_ontology?abbrev=FOH 35:4;O6
597.47639	597.4853	.0089	FAHFA 37:3;O	C37H66O4Na	[M+Na]+	/resources/tools/chemdb_ontology?abbrev=FAHFA 37:3;O
863.64941	863.6484	.0010	PS 40:1	C46H88NO10P	[M+NH4]+	/resources/tools/chemdb_ontology?abbrev=PS 40:1
883.67693	883.6810	.0041	TG 55:11	C58H90O6	[M+H]+	/resources/tools/chemdb_ontology?abbrev=TG 55:11
883.67693	883.6786	.0017	TG 53:8	C56H92O6Na	[M+Na]+	/resources/tools/chemdb_ontology?abbrev=TG 53:8
883.67693	883.6746	.0023	IPC 40:0;O2	C46H92NO11P	[M+NH4]+	/resources/tools/chemdb_ontology?abbrev=IPC 40:0;O2
883.67693	883.6762	.0007	TG 51:5	C54H94O6Na2	[M+2Na-H]+	/resources/tools/chemdb_ontology?abbrev=TG 51:5
877.75851	877.7643	.0058	TG 55:5	C58H102O6	[M+H-H2O]+	/resources/tools/chemdb_ontology?abbrev=TG 55:5
959.83627	959.8426	.0063	TG 61:6	C64H112O6	[M+H-H2O]+	/resources/tools/chemdb_ontology?abbrev=TG 61:6
783.6457	783.6497	.0040	TG 47:5	C50H86O6	[M+H]+	/resources/tools/chemdb_ontology?abbrev=TG 47:5
783.6457	783.6374	.0083	SM 40:3;O2	C45H87N2O6P	[M+H]+	/resources/tools/chemdb_ontology?abbrev=SM 40:3;O2
783.6457	783.6473	.0016	TG 45:2	C48H88O6Na	[M+Na]+	/resources/tools/chemdb_ontology?abbrev=TG 45:2
574.49015	574.4806	.0096	Cer 34:2;O3	C34H65NO4Na	[M+Na]+	/resources/tools/chemdb_ontology?abbrev=Cer 34:2;O3
573.48682	573.4877	.0009	DG 34:3	C37H66O5	[M+H-H2O]+	/resources/tools/chemdb_ontology?abbrev=DG 34:3
573.48682	573.4853	.0015	DG O-32:2	C35H66O4Na	[M+Na]+	/resources/tools/chemdb_ontology?abbrev=DG O-32:2
583.46071	583.4697	.0090	FAHFA 36:3;O	C36H64O4Na	[M+Na]+	/resources/tools/chemdb_ontology?abbrev=FAHFA 36:3;O
583.46071	583.4673	.0066	FAHFA 34:0;O	C34H66O4Na2	[M+2Na-H]+	/resources/tools/chemdb_ontology?abbrev=FAHFA 34:0;O
854.72067	854.7232	.0025	TG 51:6	C54H92O6	[M+NH4]+	/resources/tools/chemdb_ontology?abbrev=TG 51:6
1397.94521	1397.9434	.0018	CL 64:0	C73H142O17P2Na2	[M+2Na-H]+	/resources/tools/chemdb_ontology?abbrev=CL 64:0
595.62138	595.6136	.0078	Cer 38:1;O	C38H75NO2	[M+NH4]+	/resources/tools/chemdb_ontology?abbrev=Cer 38:1;O
892.73672	892.7389	.0021	TG 54:8	C57H94O6	[M+NH4]+	/resources/tools/chemdb_ontology?abbrev=TG 54:8
875.74262	875.7487	.0061	TG 55:6	C58H100O6	[M+H-H2O]+	/resources/tools/chemdb_ontology?abbrev=TG 55:6
897.69223	897.6967	.0044	TG 56:11	C59H92O6	[M+H]+	/resources/tools/chemdb_ontology?abbrev=TG 56:11
897.69223	897.6943	.0020	TG 54:8	C57H94O6Na	[M+Na]+	/resources/tools/chemdb_ontology?abbrev=TG 54:8
897.69223	897.6919	.0004	TG 52:5	C55H96O6Na2	[M+2Na-H]+	/resources/tools/chemdb_ontology?abbrev=TG 52:5
623.61782	623.6085	.0093	Cer 39:2;O2	C39H75NO3	[M+NH4]+	/resources/tools/chemdb_ontology?abbrev=Cer 39:2;O2
857.79013	857.7956	.0055	TG 53:1	C56H106O6	[M+H-H2O]+	/resources/tools/chemdb_ontology?abbrev=TG 53:1
828.70539	828.7076	.0022	TG 49:5	C52H90O6	[M+NH4]+	/resources/tools/chemdb_ontology?abbrev=TG 49:5
600.50552	600.4962	.0093	Cer 36:3;O3	C36H67NO4Na	[M+Na]+	/resources/tools/chemdb_ontology?abbrev=Cer 36:3;O3
802.68957	802.6919	.0023	TG 47:4	C50H88O6	[M+NH4]+	/resources/tools/chemdb_ontology?abbrev=TG 47:4
802.68957	802.6796	.0099	SM 40:2;O2	C45H89N2O6P	[M+NH4]+	/resources/tools/chemdb_ontology?abbrev=SM 40:2;O2
599.50222	599.5034	.0012	DG 36:4	C39H68O5	[M+H-H2O]+	/resources/tools/chemdb_ontology?abbrev=DG 36:4
838.63868	838.6320	.0067	PC 40:4	C48H88NO8P	[M+H]+	/resources/tools/chemdb_ontology?abbrev=PC 40:4
838.63868	838.6320	.0067	PE 43:4	C48H88NO8P	[M+H]+	/resources/tools/chemdb_ontology?abbrev=PE 43:4
838.63868	838.6320	.0067	PS O-42:3	C48H90NO9P	[M+H-H2O]+	/resources/tools/chemdb_ontology?abbrev=PS O-42:3
838.63868	838.6379	.0008	HexCer 40:1;O4	C46H89NO10Na	[M+Na]+	/resources/tools/chemdb_ontology?abbrev=HexCer 40:1;O4
838.63868	838.6296	.0091	PC 38:1	C46H90NO8PNa	[M+Na]+	/resources/tools/chemdb_ontology?abbrev=PC 38:1
838.63868	838.6296	.0091	PE 41:1	C46H90NO8PNa	[M+Na]+	/resources/tools/chemdb_ontology?abbrev=PE 41:1
1423.95984	1423.9614	.0016	CL 68:4	C77H142O17P2Na	[M+Na]+	/resources/tools/chemdb_ontology?abbrev=CL 68:4
1423.95984	1423.9590	.0008	CL 66:1	C75H144O17P2Na2	[M+2Na-H]+	/resources/tools/chemdb_ontology?abbrev=CL 66:1
1445.94192	1445.9434	.0015	CL 68:4	C77H142O17P2Na2	[M+2Na-H]+	/resources/tools/chemdb_ontology?abbrev=CL 68:4
831.77374	831.7800	.0063	TG 51:0	C54H104O6	[M+H-H2O]+	/resources/tools/chemdb_ontology?abbrev=TG 51:0
832.72059	832.7154	.0052	PC O-40:0	C48H98NO7P	[M+H]+	/resources/tools/chemdb_ontology?abbrev=PC O-40:0
832.72059	832.7266	.0060	SM 42:1;O2	C47H95N2O6P	[M+NH4]+	/resources/tools/chemdb_ontology?abbrev=SM 42:1;O2
816.70597	816.7076	.0016	TG 48:4	C51H90O6	[M+NH4]+	/resources/tools/chemdb_ontology?abbrev=TG 48:4
812.62305	812.6164	.0067	PC 38:3	C46H86NO8P	[M+H]+	/resources/tools/chemdb_ontology?abbrev=PC 38:3
812.62305	812.6164	.0067	PE 41:3	C46H86NO8P	[M+H]+	/resources/tools/chemdb_ontology?abbrev=PE 41:3
812.62305	812.6164	.0067	PS O-40:2	C46H88NO9P	[M+H-H2O]+	/resources/tools/chemdb_ontology?abbrev=PS O-40:2
812.62305	812.6222	.0008	HexCer 38:0;O4	C44H87NO10Na	[M+Na]+	/resources/tools/chemdb_ontology?abbrev=HexCer 38:0;O4
812.62305	812.6140	.0091	PC 36:0	C44H88NO8PNa	[M+Na]+	/resources/tools/chemdb_ontology?abbrev=PC 36:0
812.62305	812.6140	.0091	PE 39:0	C44H88NO8PNa	[M+Na]+	/resources/tools/chemdb_ontology?abbrev=PE 39:0
812.62305	812.6164	.0067	PA 43:4	C46H83O8P	[M+NH4]+	/resources/tools/chemdb_ontology?abbrev=PA 43:4
839.65127	839.6548	.0035	TG 53:10	C56H88O6	[M+H-H2O]+	/resources/tools/chemdb_ontology?abbrev=TG 53:10
839.65127	839.6500	.0012	PA 44:0	C47H93O8PNa	[M+Na]+	/resources/tools/chemdb_ontology?abbrev=PA 44:0
831.71712	831.7177	.0006	FAHFA 52:2;O	C52H98O4Na2	[M+2Na-H]+	/resources/tools/chemdb_ontology?abbrev=FAHFA 52:2;O
811.61972	811.6211	.0014	PA 44:3	C47H87O8P	[M+H]+	/resources/tools/chemdb_ontology?abbrev=PA 44:3
811.61972	811.6187	.0010	PA 42:0	C45H89O8PNa	[M+Na]+	/resources/tools/chemdb_ontology?abbrev=PA 42:0
790.69047	790.6919	.0014	TG 46:3	C49H88O6	[M+NH4]+	/resources/tools/chemdb_ontology?abbrev=TG 46:3
795.64589	795.6497	.0038	TG 48:6	C51H86O6	[M+H]+	/resources/tools/chemdb_ontology?abbrev=TG 48:6
795.64589	795.6473	.0014	TG 46:3	C49H88O6Na	[M+Na]+	/resources/tools/chemdb_ontology?abbrev=TG 46:3
795.64589	795.6449	.0010	TG 44:0	C47H90O6Na2	[M+2Na-H]+	/resources/tools/chemdb_ontology?abbrev=TG 44:0
796.64931	796.6450	.0044	DGTA 40:5	C50H87NO7	[M+H-H2O]+	/resources/tools/chemdb_ontology?abbrev=DGTA 40:5
796.64931	796.6578	.0085	PC O-39:2	C47H92NO7P	[M+H-H2O]+	/resources/tools/chemdb_ontology?abbrev=PC O-39:2
796.64931	796.6578	.0085	PE O-42:2	C47H92NO7P	[M+H-H2O]+	/resources/tools/chemdb_ontology?abbrev=PE O-42:2
796.64931	796.6426	.0067	PG O-37:0	C43H87O9P	[M+NH4]+	/resources/tools/chemdb_ontology?abbrev=PG O-37:0
806.70472	806.7109	.0062	SM 40:0;O2	C45H93N2O6P	[M+NH4]+	/resources/tools/chemdb_ontology?abbrev=SM 40:0;O2
752.67451	752.6763	.0017	TG 43:1	C46H86O6	[M+NH4]+	/resources/tools/chemdb_ontology?abbrev=TG 43:1
547.47122	547.4721	.0009	FAHFA 35:3;O	C35H62O4	[M+H]+	/resources/tools/chemdb_ontology?abbrev=FAHFA 35:3;O
547.47122	547.4721	.0009	DG 32:2	C35H64O5	[M+H-H2O]+	/resources/tools/chemdb_ontology?abbrev=DG 32:2
879.7516	879.7436	.0080	TG 54:6	C57H98O6	[M+H]+	/resources/tools/chemdb_ontology?abbrev=TG 54:6
821.66136	821.6630	.0016	PG O-40:0	C46H93O9P	[M+H]+	/resources/tools/chemdb_ontology?abbrev=PG O-40:0
821.66136	821.6654	.0040	TG 50:7	C53H88O6	[M+H]+	/resources/tools/chemdb_ontology?abbrev=TG 50:7
821.66136	821.6630	.0016	TG 48:4	C51H90O6Na	[M+Na]+	/resources/tools/chemdb_ontology?abbrev=TG 48:4
821.66136	821.6606	.0008	TG 46:1	C49H92O6Na2	[M+2Na-H]+	/resources/tools/chemdb_ontology?abbrev=TG 46:1
770.63359	770.6422	.0086	PC O-37:1	C45H90NO7P	[M+H-H2O]+	/resources/tools/chemdb_ontology?abbrev=PC O-37:1
770.63359	770.6422	.0086	PE O-40:1	C45H90NO7P	[M+H-H2O]+	/resources/tools/chemdb_ontology?abbrev=PE O-40:1
770.63359	770.6245	.0091	Cer 44:1;O5	C44H87NO6Na2	[M+2Na-H]+	/resources/tools/chemdb_ontology?abbrev=Cer 44:1;O5
764.67463	764.6763	.0016	TG 44:2	C47H86O6	[M+NH4]+	/resources/tools/chemdb_ontology?abbrev=TG 44:2
785.60357	785.6055	.0019	PA 42:2	C45H85O8P	[M+H]+	/resources/tools/chemdb_ontology?abbrev=PA 42:2
785.60357	785.6055	.0019	PG O-39:2	C45H87O9P	[M+H-H2O]+	/resources/tools/chemdb_ontology?abbrev=PG O-39:2
769.62984	769.6341	.0042	TG 46:5	C49H84O6	[M+H]+	/resources/tools/chemdb_ontology?abbrev=TG 46:5
769.62984	769.6317	.0018	TG 44:2	C47H86O6Na	[M+Na]+	/resources/tools/chemdb_ontology?abbrev=TG 44:2
769.62984	769.6300	.0002	HexCer 38:3;O2	C44H81NO8	[M+NH4]+	/resources/tools/chemdb_ontology?abbrev=HexCer 38:3;O2
197.08079	197.0784	.0024	FA 8:1;O2	C8H14O4Na	[M+Na]+	/resources/tools/chemdb_ontology?abbrev=FA 8:1;O2
897.75165	897.7419	.0097	PC O-44:4	C52H98NO7P	[M+NH4]+	/resources/tools/chemdb_ontology?abbrev=PC O-44:4
883.80621	883.8113	.0051	TG 55:2	C58H108O6	[M+H-H2O]+	/resources/tools/chemdb_ontology?abbrev=TG 55:2
882.72295	882.7310	.0081	PC O-44:3	C52H100NO7P	[M+H]+	/resources/tools/chemdb_ontology?abbrev=PC O-44:3
882.72295	882.7310	.0081	PC 44:1	C52H102NO8P	[M+H-H2O]+	/resources/tools/chemdb_ontology?abbrev=PC 44:1
882.72295	882.7286	.0057	PC O-42:0	C50H102NO7PNa	[M+Na]+	/resources/tools/chemdb_ontology?abbrev=PC O-42:0
923.74985	923.7487	.0012	TG 59:10	C62H100O6	[M+H-H2O]+	/resources/tools/chemdb_ontology?abbrev=TG 59:10
923.80997	923.8062	.0038	TG 57:5	C60H106O6	[M+H]+	/resources/tools/chemdb_ontology?abbrev=TG 57:5
923.80997	923.8038	.0062	TG 55:2	C58H108O6Na	[M+Na]+	/resources/tools/chemdb_ontology?abbrev=TG 55:2
907.80352	907.8113	.0078	TG 57:4	C60H108O6	[M+H-H2O]+	/resources/tools/chemdb_ontology?abbrev=TG 57:4
844.73539	844.7389	.0035	TG 50:4	C53H94O6	[M+NH4]+	/resources/tools/chemdb_ontology?abbrev=TG 50:4
844.73539	844.7266	.0088	SM 43:2;O2	C48H95N2O6P	[M+NH4]+	/resources/tools/chemdb_ontology?abbrev=SM 43:2;O2
887.67842	887.6736	.0049	PG 44:2	C50H95O10P	[M+H]+	/resources/tools/chemdb_ontology?abbrev=PG 44:2
917.68249	917.6841	.0016	PI O-42:1	C51H99O12P	[M+H-H2O]+	/resources/tools/chemdb_ontology?abbrev=PI O-42:1
863.68981	863.6976	.0078	SM 44:2;O2	C49H97N2O6PNa	[M+Na]+	/resources/tools/chemdb_ontology?abbrev=SM 44:2;O2
863.68981	863.6848	.0050	PS O-41:1	C47H92NO9P	[M+NH4]+	/resources/tools/chemdb_ontology?abbrev=PS O-41:1
880.71648	880.7154	.0011	PC O-44:4	C52H98NO7P	[M+H]+	/resources/tools/chemdb_ontology?abbrev=PC O-44:4
880.71648	880.7154	.0011	PC 44:2	C52H100NO8P	[M+H-H2O]+	/resources/tools/chemdb_ontology?abbrev=PC 44:2
880.71648	880.7130	.0035	PC O-42:1	C50H100NO7PNa	[M+Na]+	/resources/tools/chemdb_ontology?abbrev=PC O-42:1
902.6491	902.6585	.0094	PC 41:1	C49H96NO8PNa2	[M+2Na-H]+	/resources/tools/chemdb_ontology?abbrev=PC 41:1
902.6491	902.6585	.0094	PE 44:1	C49H96NO8PNa2	[M+2Na-H]+	/resources/tools/chemdb_ontology?abbrev=PE 44:1
865.69509	865.7004	.0054	PS O-41:0	C47H94NO9P	[M+NH4]+	/resources/tools/chemdb_ontology?abbrev=PS O-41:0
885.67203	885.6796	.0076	SM 44:2;O2	C49H97N2O6PNa2	[M+2Na-H]+	/resources/tools/chemdb_ontology?abbrev=SM 44:2;O2
901.64577	901.6552	.0094	TG 54:11;O2	C57H88O8	[M+H]+	/resources/tools/chemdb_ontology?abbrev=TG 54:11;O2
903.65022	903.6586	.0084	PC 44:8	C52H88NO8P	[M+NH4]+	/resources/tools/chemdb_ontology?abbrev=PC 44:8
903.65022	903.6449	.0053	TG 53:9	C56H90O6Na2	[M+2Na-H]+	/resources/tools/chemdb_ontology?abbrev=TG 53:9
783.64584	783.6497	.0039	TG 47:5	C50H86O6	[M+H]+	/resources/tools/chemdb_ontology?abbrev=TG 47:5
783.64584	783.6374	.0084	SM 40:3;O2	C45H87N2O6P	[M+H]+	/resources/tools/chemdb_ontology?abbrev=SM 40:3;O2
783.64584	783.6473	.0015	TG 45:2	C48H88O6Na	[M+Na]+	/resources/tools/chemdb_ontology?abbrev=TG 45:2
623.65436	623.6449	.0095	Cer 40:1;O	C40H79NO2	[M+NH4]+	/resources/tools/chemdb_ontology?abbrev=Cer 40:1;O
843.7236	843.7313	.0077	SM 44:1;O2	C49H99N2O6P	[M+H]+	/resources/tools/chemdb_ontology?abbrev=SM 44:1;O2
925.75603	925.7643	.0083	TG 59:9	C62H102O6	[M+H-H2O]+	/resources/tools/chemdb_ontology?abbrev=TG 59:9
737.55031	737.5480	.0023	PA O-40:5	C43H77O7P	[M+H]+	/resources/tools/chemdb_ontology?abbrev=PA O-40:5
737.55031	737.5480	.0023	PA 40:3	C43H79O8P	[M+H-H2O]+	/resources/tools/chemdb_ontology?abbrev=PA 40:3
737.55031	737.5562	.0059	MGDG 34:2	C43H78O10	[M+H-H2O]+	/resources/tools/chemdb_ontology?abbrev=MGDG 34:2
737.55031	737.5456	.0048	PA O-38:2	C41H79O7PNa	[M+Na]+	/resources/tools/chemdb_ontology?abbrev=PA O-38:2
737.55031	737.5568	.0065	CerPE 38:2;O2	C40H79N2O6PNa	[M+Na]+	/resources/tools/chemdb_ontology?abbrev=CerPE 38:2;O2
737.55031	737.5439	.0064	PS O-32:1	C38H74NO9P	[M+NH4]+	/resources/tools/chemdb_ontology?abbrev=PS O-32:1
850.69558	850.6919	.0037	TG 51:8	C54H88O6	[M+NH4]+	/resources/tools/chemdb_ontology?abbrev=TG 51:8
850.69558	850.6895	.0060	PG O-41:1	C47H93O9P	[M+NH4]+	/resources/tools/chemdb_ontology?abbrev=PG O-41:1
951.75181	951.7436	.0082	TG 60:12	C63H98O6	[M+H]+	/resources/tools/chemdb_ontology?abbrev=TG 60:12
824.67986	824.6763	.0036	TG 49:7	C52H86O6	[M+NH4]+	/resources/tools/chemdb_ontology?abbrev=TG 49:7
824.67986	824.6739	.0060	PG O-39:0	C45H91O9P	[M+NH4]+	/resources/tools/chemdb_ontology?abbrev=PG O-39:0
958.82444	958.8198	.0046	PC 48:0	C56H112NO8P	[M+H]+	/resources/tools/chemdb_ontology?abbrev=PC 48:0
957.82111	957.8269	.0058	TG 61:7	C64H110O6	[M+H-H2O]+	/resources/tools/chemdb_ontology?abbrev=TG 61:7
757.64803	757.6469	.0011	PA O-42:0	C45H91O7P	[M+H-H2O]+	/resources/tools/chemdb_ontology?abbrev=PA O-42:0
866.66951	866.6633	.0062	PC 42:4	C50H92NO8P	[M+H]+	/resources/tools/chemdb_ontology?abbrev=PC 42:4
866.66951	866.6692	.0003	HexCer 42:1;O4	C48H93NO10Na	[M+Na]+	/resources/tools/chemdb_ontology?abbrev=HexCer 42:1;O4
866.66951	866.6609	.0086	PC 40:1	C48H94NO8PNa	[M+Na]+	/resources/tools/chemdb_ontology?abbrev=PC 40:1
866.66951	866.6609	.0086	PE 43:1	C48H94NO8PNa	[M+Na]+	/resources/tools/chemdb_ontology?abbrev=PE 43:1
849.69123	849.6943	.0031	PG O-42:0	C48H97O9P	[M+H]+	/resources/tools/chemdb_ontology?abbrev=PG O-42:0
849.69123	849.6967	.0054	TG 52:7	C55H92O6	[M+H]+	/resources/tools/chemdb_ontology?abbrev=TG 52:7
849.69123	849.6943	.0030	TG 50:4	C53H94O6Na	[M+Na]+	/resources/tools/chemdb_ontology?abbrev=TG 50:4
849.69123	849.6820	.0092	SM 43:2;O2	C48H95N2O6PNa	[M+Na]+	/resources/tools/chemdb_ontology?abbrev=SM 43:2;O2
849.69123	849.6919	.0006	TG 48:1	C51H96O6Na2	[M+2Na-H]+	/resources/tools/chemdb_ontology?abbrev=TG 48:1
911.7096	911.7123	.0027	TG 57:11	C60H94O6	[M+H]+	/resources/tools/chemdb_ontology?abbrev=TG 57:11
911.7096	911.7099	.0003	TG 55:8	C58H96O6Na	[M+Na]+	/resources/tools/chemdb_ontology?abbrev=TG 55:8
911.7096	911.7059	.0037	IPC 42:0;O2	C48H96NO11P	[M+NH4]+	/resources/tools/chemdb_ontology?abbrev=IPC 42:0;O2
911.7096	911.7075	.0021	TG 53:5	C56H98O6Na2	[M+2Na-H]+	/resources/tools/chemdb_ontology?abbrev=TG 53:5
778.69035	778.6919	.0016	TG 45:2	C48H88O6	[M+NH4]+	/resources/tools/chemdb_ontology?abbrev=TG 45:2
931.8052	931.8113	.0061	TG 59:6	C62H108O6	[M+H-H2O]+	/resources/tools/chemdb_ontology?abbrev=TG 59:6
959.83668	959.8426	.0059	TG 61:6	C64H112O6	[M+H-H2O]+	/resources/tools/chemdb_ontology?abbrev=TG 61:6
870.73844	870.7310	.0074	PC 43:0	C51H102NO8P	[M+H-H2O]+	/resources/tools/chemdb_ontology?abbrev=PC 43:0
901.77126	901.7643	.0069	TG 57:7	C60H102O6	[M+H-H2O]+	/resources/tools/chemdb_ontology?abbrev=TG 57:7
871.7118	871.7174	.0056	TG 55:8	C58H96O6	[M+H-H2O]+	/resources/tools/chemdb_ontology?abbrev=TG 55:8
809.62598	809.6167	.0093	PC O-38:6	C46H82NO7P	[M+NH4]+	/resources/tools/chemdb_ontology?abbrev=PC O-38:6
845.69622	845.7017	.0055	TG 53:7	C56H94O6	[M+H-H2O]+	/resources/tools/chemdb_ontology?abbrev=TG 53:7
846.69871	846.6946	.0041	PC 40:0	C48H96NO8P	[M+H]+	/resources/tools/chemdb_ontology?abbrev=PC 40:0
846.69871	846.6946	.0041	PE 43:0	C48H96NO8P	[M+H]+	/resources/tools/chemdb_ontology?abbrev=PE 43:0
902.76163	902.7572	.0044	PC 44:0	C52H104NO8P	[M+H]+	/resources/tools/chemdb_ontology?abbrev=PC 44:0
648.46041	648.4599	.0005	PC 26:1	C34H66NO8P	[M+H]+	/resources/tools/chemdb_ontology?abbrev=PC 26:1
648.46041	648.4599	.0005	PE 29:1	C34H66NO8P	[M+H]+	/resources/tools/chemdb_ontology?abbrev=PE 29:1
648.46041	648.4599	.0005	LPS O-28:1;O	C34H68NO9P	[M+H-H2O]+	/resources/tools/chemdb_ontology?abbrev=LPS O-28:1;O
648.46041	648.4599	.0005	PS O-28:0	C34H68NO9P	[M+H-H2O]+	/resources/tools/chemdb_ontology?abbrev=PS O-28:0
648.46041	648.4599	.0005	PA 31:2	C34H63O8P	[M+NH4]+	/resources/tools/chemdb_ontology?abbrev=PA 31:2
737.56718	737.5691	.0019	PG O-34:0	C40H81O9P	[M+H]+	/resources/tools/chemdb_ontology?abbrev=PG O-34:0
737.56718	737.5691	.0019	TG 42:4	C45H78O6Na	[M+Na]+	/resources/tools/chemdb_ontology?abbrev=TG 42:4
737.56718	737.5667	.0005	TG 40:1	C43H80O6Na2	[M+2Na-H]+	/resources/tools/chemdb_ontology?abbrev=TG 40:1
667.64252	667.6388	.0038	CE 19:0	C46H82O2	[M+H]+	/resources/tools/chemdb_ontology?abbrev=CE 19:0
1154.21941	1154.2127	.0067	FA 79:0;O2	C79H158O4	[M+H-H2O]+	/resources/tools/chemdb_ontology?abbrev=FA 79:0;O2
652.70463	652.6966	.0080	FA 43:0	C43H86O2	[M+NH4]+	/resources/tools/chemdb_ontology?abbrev=FA 43:0
668.64559	668.6551	.0095	Cer 42:0;O3	C42H85NO4	[M+H]+	/resources/tools/chemdb_ontology?abbrev=Cer 42:0;O3
668.64559	668.6551	.0095	WD 42:0	C42H82O4	[M+NH4]+	/resources/tools/chemdb_ontology?abbrev=WD 42:0
652.6534	652.6602	.0068	Cer 42:0;O2	C42H85NO3	[M+H]+	/resources/tools/chemdb_ontology?abbrev=Cer 42:0;O2
653.65643	653.6555	.0010	Cer 41:1;O2	C41H81NO3	[M+NH4]+	/resources/tools/chemdb_ontology?abbrev=Cer 41:1;O2
632.55625	632.5588	.0026	Cer 38:1;O3	C38H75NO4Na	[M+Na]+	/resources/tools/chemdb_ontology?abbrev=Cer 38:1;O3
969.78596	969.7906	.0046	TG 61:10	C64H104O6	[M+H]+	/resources/tools/chemdb_ontology?abbrev=TG 61:10
969.78596	969.7882	.0022	TG 59:7	C62H106O6Na	[M+Na]+	/resources/tools/chemdb_ontology?abbrev=TG 59:7
969.78596	969.7858	.0002	TG 57:4	C60H108O6Na2	[M+2Na-H]+	/resources/tools/chemdb_ontology?abbrev=TG 57:4
936.26645	936.2739	.0075	CoA 11:0	C32H56N7O17P3S	[M+H]+	/resources/tools/chemdb_ontology?abbrev=CoA 11:0
827.69884	827.7000	.0012	SM 43:2;O2	C48H95N2O6P	[M+H]+	/resources/tools/chemdb_ontology?abbrev=SM 43:2;O2
827.69884	827.7083	.0094	HexCer 42:2;O2	C48H91NO8	[M+NH4]+	/resources/tools/chemdb_ontology?abbrev=HexCer 42:2;O2
1210.17471	1210.1766	.0019	FA 80:2;O	C80H156O3Na2	[M+2Na-H]+	/resources/tools/chemdb_ontology?abbrev=FA 80:2;O
828.70204	828.6923	.0097	HexCer 42:1;O3	C48H93NO9	[M+H]+	/resources/tools/chemdb_ontology?abbrev=HexCer 42:1;O3
828.70204	828.7076	.0055	TG 49:5	C52H90O6	[M+NH4]+	/resources/tools/chemdb_ontology?abbrev=TG 49:5
828.70204	828.6953	.0067	SM 42:3;O2	C47H91N2O6P	[M+NH4]+	/resources/tools/chemdb_ontology?abbrev=SM 42:3;O2
625.62535	625.6242	.0012	Cer 39:1;O2	C39H77NO3	[M+NH4]+	/resources/tools/chemdb_ontology?abbrev=Cer 39:1;O2
937.73743	937.7280	.0095	TG 59:12	C62H96O6	[M+H]+	/resources/tools/chemdb_ontology?abbrev=TG 59:12
937.73743	937.7298	.0076	Hex2Cer 38:0;O2	C50H97NO13	[M+NH4]+	/resources/tools/chemdb_ontology?abbrev=Hex2Cer 38:0;O2
568.60254	568.6027	.0002	FA 37:0	C37H74O2	[M+NH4]+	/resources/tools/chemdb_ontology?abbrev=FA 37:0
855.64595	855.6473	.0014	PG 43:2	C49H93O10P	[M+H-H2O]+	/resources/tools/chemdb_ontology?abbrev=PG 43:2
855.64595	855.6449	.0010	PG O-41:1	C47H93O9PNa	[M+Na]+	/resources/tools/chemdb_ontology?abbrev=PG O-41:1
855.64595	855.6473	.0014	TG 51:8	C54H88O6Na	[M+Na]+	/resources/tools/chemdb_ontology?abbrev=TG 51:8
855.64595	855.6433	.0026	IPC 38:0;O2	C44H88NO11P	[M+NH4]+	/resources/tools/chemdb_ontology?abbrev=IPC 38:0;O2
855.64595	855.6449	.0011	TG 49:5	C52H90O6Na2	[M+2Na-H]+	/resources/tools/chemdb_ontology?abbrev=TG 49:5
916.74203	916.7389	.0032	TG 56:10	C59H94O6	[M+NH4]+	/resources/tools/chemdb_ontology?abbrev=TG 56:10
890.72692	890.7232	.0037	TG 54:9	C57H92O6	[M+NH4]+	/resources/tools/chemdb_ontology?abbrev=TG 54:9
915.7382	915.7436	.0054	TG 57:9	C60H98O6	[M+H]+	/resources/tools/chemdb_ontology?abbrev=TG 57:9
915.7382	915.7412	.0030	TG 55:6	C58H100O6Na	[M+Na]+	/resources/tools/chemdb_ontology?abbrev=TG 55:6
915.7382	915.7388	.0006	TG 53:3	C56H102O6Na2	[M+2Na-H]+	/resources/tools/chemdb_ontology?abbrev=TG 53:3
753.54154	753.5429	.0013	PA 40:4	C43H77O8P	[M+H]+	/resources/tools/chemdb_ontology?abbrev=PA 40:4
753.54154	753.5405	.0011	PA 38:1	C41H79O8PNa	[M+Na]+	/resources/tools/chemdb_ontology?abbrev=PA 38:1
753.54154	753.5389	.0027	PS 32:0	C38H74NO10P	[M+NH4]+	/resources/tools/chemdb_ontology?abbrev=PS 32:0
897.72761	897.7330	.0054	TG 57:9	C60H98O6	[M+H-H2O]+	/resources/tools/chemdb_ontology?abbrev=TG 57:9
889.72306	889.7280	.0049	TG 55:8	C58H96O6	[M+H]+	/resources/tools/chemdb_ontology?abbrev=TG 55:8
889.72306	889.7256	.0025	TG 53:5	C56H98O6Na	[M+Na]+	/resources/tools/chemdb_ontology?abbrev=TG 53:5
889.72306	889.7232	.0001	TG 51:2	C54H100O6Na2	[M+2Na-H]+	/resources/tools/chemdb_ontology?abbrev=TG 51:2
900.74669	900.7416	.0051	PC 44:1	C52H102NO8P	[M+H]+	/resources/tools/chemdb_ontology?abbrev=PC 44:1
773.63818	773.6419	.0037	PA O-42:1	C45H89O7P	[M+H]+	/resources/tools/chemdb_ontology?abbrev=PA O-42:1
647.45873	647.4646	.0059	PA 32:1	C35H67O8P	[M+H]+	/resources/tools/chemdb_ontology?abbrev=PA 32:1
647.45873	647.4646	.0059	PG O-29:1	C35H69O9P	[M+H-H2O]+	/resources/tools/chemdb_ontology?abbrev=PG O-29:1
647.45873	647.4646	.0059	DG 37:7	C40H64O5Na	[M+Na]+	/resources/tools/chemdb_ontology?abbrev=DG 37:7
647.45873	647.4622	.0035	DG 35:4	C38H66O5Na2	[M+2Na-H]+	/resources/tools/chemdb_ontology?abbrev=DG 35:4
732.61216	732.6137	.0015	TG 42:4	C45H78O6	[M+NH4]+	/resources/tools/chemdb_ontology?abbrev=TG 42:4
1074.32247	1074.3184	.0040	CoA 20:5	C41H64N7O17P3SNa	[M+Na]+	/resources/tools/chemdb_ontology?abbrev=CoA 20:5
1074.32247	1074.3160	.0064	CoA 18:2	C39H66N7O17P3SNa2	[M+2Na-H]+	/resources/tools/chemdb_ontology?abbrev=CoA 18:2
712.60513	712.6086	.0034	DGTS 32:0	C42H81NO7	[M+H]+	/resources/tools/chemdb_ontology?abbrev=DGTS 32:0
712.60513	712.6086	.0034	HexCer 36:0;O2	C42H83NO8	[M+H-H2O]+	/resources/tools/chemdb_ontology?abbrev=HexCer 36:0;O2
712.60513	712.6003	.0048	CerP 42:1;O2	C42H84NO6P	[M+H-H2O]+	/resources/tools/chemdb_ontology?abbrev=CerP 42:1;O2
823.67769	823.6810	.0033	TG 50:6	C53H90O6	[M+H]+	/resources/tools/chemdb_ontology?abbrev=TG 50:6
823.67769	823.6786	.0009	TG 48:3	C51H92O6Na	[M+Na]+	/resources/tools/chemdb_ontology?abbrev=TG 48:3
823.67769	823.6762	.0015	TG 46:0	C49H94O6Na2	[M+2Na-H]+	/resources/tools/chemdb_ontology?abbrev=TG 46:0
917.79178	917.7956	.0039	TG 58:6	C61H106O6	[M+H-H2O]+	/resources/tools/chemdb_ontology?abbrev=TG 58:6
848.68042	848.6739	.0065	PS O-41:0	C47H94NO9P	[M+H]+	/resources/tools/chemdb_ontology?abbrev=PS O-41:0
848.68042	848.6763	.0042	TG 51:9	C54H86O6	[M+NH4]+	/resources/tools/chemdb_ontology?abbrev=TG 51:9
842.72161	842.7232	.0016	TG 50:5	C53H92O6	[M+NH4]+	/resources/tools/chemdb_ontology?abbrev=TG 50:5
961.85015	961.8582	.0081	TG 61:5	C64H114O6	[M+H-H2O]+	/resources/tools/chemdb_ontology?abbrev=TG 61:5
577.51775	577.5190	.0013	DG 34:1	C37H70O5	[M+H-H2O]+	/resources/tools/chemdb_ontology?abbrev=DG 34:1
899.7651	899.7576	.0075	PC O-44:3	C52H100NO7P	[M+NH4]+	/resources/tools/chemdb_ontology?abbrev=PC O-44:3
603.53285	603.5347	.0018	DG 36:2	C39H72O5	[M+H-H2O]+	/resources/tools/chemdb_ontology?abbrev=DG 36:2
603.53285	603.5323	.0006	DG O-34:1	C37H72O4Na	[M+Na]+	/resources/tools/chemdb_ontology?abbrev=DG O-34:1
916.74275	916.7389	.0039	TG 56:10	C59H94O6	[M+NH4]+	/resources/tools/chemdb_ontology?abbrev=TG 56:10
915.73887	915.7436	.0047	TG 57:9	C60H98O6	[M+H]+	/resources/tools/chemdb_ontology?abbrev=TG 57:9
915.73887	915.7412	.0023	TG 55:6	C58H100O6Na	[M+Na]+	/resources/tools/chemdb_ontology?abbrev=TG 55:6
915.73887	915.7388	.0001	TG 53:3	C56H102O6Na2	[M+2Na-H]+	/resources/tools/chemdb_ontology?abbrev=TG 53:3
912.76987	912.7780	.0081	PC 46:0	C54H108NO8P	[M+H-H2O]+	/resources/tools/chemdb_ontology?abbrev=PC 46:0
884.75128	884.7467	.0046	PC 44:0	C52H104NO8P	[M+H-H2O]+	/resources/tools/chemdb_ontology?abbrev=PC 44:0
847.67699	847.6786	.0017	PG O-42:1	C48H95O9P	[M+H]+	/resources/tools/chemdb_ontology?abbrev=PG O-42:1
847.67699	847.6810	.0040	TG 52:8	C55H90O6	[M+H]+	/resources/tools/chemdb_ontology?abbrev=TG 52:8
847.67699	847.6786	.0016	TG 50:5	C53H92O6Na	[M+Na]+	/resources/tools/chemdb_ontology?abbrev=TG 50:5
847.67699	847.6762	.0008	TG 48:2	C51H94O6Na2	[M+2Na-H]+	/resources/tools/chemdb_ontology?abbrev=TG 48:2
890.66973	890.6633	.0064	PC 44:6	C52H92NO8P	[M+H]+	/resources/tools/chemdb_ontology?abbrev=PC 44:6
890.66973	890.6609	.0088	PC 42:3	C50H94NO8PNa	[M+Na]+	/resources/tools/chemdb_ontology?abbrev=PC 42:3
889.66652	889.6641	.0025	PS 42:2	C48H90NO10P	[M+NH4]+	/resources/tools/chemdb_ontology?abbrev=PS 42:2
1098.32193	1098.3184	.0035	CoA 22:7	C43H64N7O17P3SNa	[M+Na]+	/resources/tools/chemdb_ontology?abbrev=CoA 22:7
1098.32193	1098.3160	.0059	CoA 20:4	C41H66N7O17P3SNa2	[M+2Na-H]+	/resources/tools/chemdb_ontology?abbrev=CoA 20:4
868.73761	868.7389	.0012	TG 52:6	C55H94O6	[M+NH4]+	/resources/tools/chemdb_ontology?abbrev=TG 52:6
873.69293	873.6967	.0037	TG 54:9	C57H92O6	[M+H]+	/resources/tools/chemdb_ontology?abbrev=TG 54:9
873.69293	873.6943	.0014	PG 44:0	C50H99O10P	[M+H-H2O]+	/resources/tools/chemdb_ontology?abbrev=PG 44:0
873.69293	873.6943	.0013	TG 52:6	C55H94O6Na	[M+Na]+	/resources/tools/chemdb_ontology?abbrev=TG 52:6
873.69293	873.6919	.0011	TG 50:3	C53H96O6Na2	[M+2Na-H]+	/resources/tools/chemdb_ontology?abbrev=TG 50:3
879.77384	879.7800	.0062	TG 55:4	C58H104O6	[M+H-H2O]+	/resources/tools/chemdb_ontology?abbrev=TG 55:4
858.73591	858.7310	.0049	PC O-42:1	C50H100NO7P	[M+H]+	/resources/tools/chemdb_ontology?abbrev=PC O-42:1
858.73591	858.7422	.0063	SM 44:2;O2	C49H97N2O6P	[M+NH4]+	/resources/tools/chemdb_ontology?abbrev=SM 44:2;O2
842.72138	842.7232	.0018	TG 50:5	C53H92O6	[M+NH4]+	/resources/tools/chemdb_ontology?abbrev=TG 50:5
816.70596	816.7076	.0016	TG 48:4	C51H90O6	[M+NH4]+	/resources/tools/chemdb_ontology?abbrev=TG 48:4
837.63531	837.6344	.0009	PA 44:1	C47H91O8PNa	[M+Na]+	/resources/tools/chemdb_ontology?abbrev=PA 44:1
837.63531	837.6328	.0026	PS 38:0	C44H86NO10P	[M+NH4]+	/resources/tools/chemdb_ontology?abbrev=PS 38:0
825.63543	825.6368	.0013	PG O-42:3	C48H91O9P	[M+H-H2O]+	/resources/tools/chemdb_ontology?abbrev=PG O-42:3
825.63543	825.6391	.0037	TG 52:10	C55H86O6	[M+H-H2O]+	/resources/tools/chemdb_ontology?abbrev=TG 52:10
825.63543	825.6344	.0011	PA 43:0	C46H91O8PNa	[M+Na]+	/resources/tools/chemdb_ontology?abbrev=PA 43:0
809.66138	809.6654	.0040	TG 49:6	C52H88O6	[M+H]+	/resources/tools/chemdb_ontology?abbrev=TG 49:6
809.66138	809.6630	.0016	TG 47:3	C50H90O6Na	[M+Na]+	/resources/tools/chemdb_ontology?abbrev=TG 47:3
809.66138	809.6606	.0008	TG 45:0	C48H92O6Na2	[M+2Na-H]+	/resources/tools/chemdb_ontology?abbrev=TG 45:0
914.72735	914.7232	.0041	TG 56:11	C59H92O6	[M+NH4]+	/resources/tools/chemdb_ontology?abbrev=TG 56:11
811.6196	811.6211	.0015	PA 44:3	C47H87O8P	[M+H]+	/resources/tools/chemdb_ontology?abbrev=PA 44:3
811.6196	811.6187	.0009	PA 42:0	C45H89O8PNa	[M+Na]+	/resources/tools/chemdb_ontology?abbrev=PA 42:0
831.71788	831.7177	.0002	FAHFA 52:2;O	C52H98O4Na2	[M+2Na-H]+	/resources/tools/chemdb_ontology?abbrev=FAHFA 52:2;O
822.66492	822.6606	.0043	TG 49:8	C52H84O6	[M+NH4]+	/resources/tools/chemdb_ontology?abbrev=TG 49:8
822.66492	822.6582	.0067	PG O-39:1	C45H89O9P	[M+NH4]+	/resources/tools/chemdb_ontology?abbrev=PG O-39:1
799.61963	799.6211	.0015	PA 43:2	C46H87O8P	[M+H]+	/resources/tools/chemdb_ontology?abbrev=PA 43:2
799.61963	799.6211	.0015	PG O-40:2	C46H89O9P	[M+H-H2O]+	/resources/tools/chemdb_ontology?abbrev=PG O-40:2
799.61963	799.6235	.0039	TG 50:9	C53H84O6	[M+H-H2O]+	/resources/tools/chemdb_ontology?abbrev=TG 50:9
790.69011	790.6919	.0018	TG 46:3	C49H88O6	[M+NH4]+	/resources/tools/chemdb_ontology?abbrev=TG 46:3
795.64592	795.6497	.0038	TG 48:6	C51H86O6	[M+H]+	/resources/tools/chemdb_ontology?abbrev=TG 48:6
795.64592	795.6473	.0014	TG 46:3	C49H88O6Na	[M+Na]+	/resources/tools/chemdb_ontology?abbrev=TG 46:3
795.64592	795.6449	.0010	TG 44:0	C47H90O6Na2	[M+2Na-H]+	/resources/tools/chemdb_ontology?abbrev=TG 44:0
832.72058	832.7154	.0052	PC O-40:0	C48H98NO7P	[M+H]+	/resources/tools/chemdb_ontology?abbrev=PC O-40:0
832.72058	832.7266	.0060	SM 42:1;O2	C47H95N2O6P	[M+NH4]+	/resources/tools/chemdb_ontology?abbrev=SM 42:1;O2
810.6648	810.6735	.0087	PC O-40:2	C48H94NO7P	[M+H-H2O]+	/resources/tools/chemdb_ontology?abbrev=PC O-40:2
810.6648	810.6606	.0042	TG 48:7	C51H84O6	[M+NH4]+	/resources/tools/chemdb_ontology?abbrev=TG 48:7
810.6648	810.6582	.0066	PG O-38:0	C44H89O9P	[M+NH4]+	/resources/tools/chemdb_ontology?abbrev=PG O-38:0
796.64903	796.6450	.0041	DGTA 40:5	C50H87NO7	[M+H-H2O]+	/resources/tools/chemdb_ontology?abbrev=DGTA 40:5
796.64903	796.6578	.0088	PC O-39:2	C47H92NO7P	[M+H-H2O]+	/resources/tools/chemdb_ontology?abbrev=PC O-39:2
796.64903	796.6578	.0088	PE O-42:2	C47H92NO7P	[M+H-H2O]+	/resources/tools/chemdb_ontology?abbrev=PE O-42:2
796.64903	796.6426	.0064	PG O-37:0	C43H87O9P	[M+NH4]+	/resources/tools/chemdb_ontology?abbrev=PG O-37:0
939.73963	939.7436	.0040	TG 59:11	C62H98O6	[M+H]+	/resources/tools/chemdb_ontology?abbrev=TG 59:11
939.73963	939.7412	.0016	TG 57:8	C60H100O6Na	[M+Na]+	/resources/tools/chemdb_ontology?abbrev=TG 57:8
939.73963	939.7372	.0024	IPC 44:0;O2	C50H100NO11P	[M+NH4]+	/resources/tools/chemdb_ontology?abbrev=IPC 44:0;O2
939.73963	939.7388	.0008	TG 55:5	C58H102O6Na2	[M+2Na-H]+	/resources/tools/chemdb_ontology?abbrev=TG 55:5
910.76733	910.7623	.0050	PC 46:1	C54H106NO8P	[M+H-H2O]+	/resources/tools/chemdb_ontology?abbrev=PC 46:1
804.70597	804.7076	.0016	TG 47:3	C50H90O6	[M+NH4]+	/resources/tools/chemdb_ontology?abbrev=TG 47:3
846.74244	846.7422	.0002	SM 43:1;O2	C48H97N2O6P	[M+NH4]+	/resources/tools/chemdb_ontology?abbrev=SM 43:1;O2
913.72382	913.7280	.0041	TG 57:10	C60H96O6	[M+H]+	/resources/tools/chemdb_ontology?abbrev=TG 57:10
913.72382	913.7256	.0017	TG 55:7	C58H98O6Na	[M+Na]+	/resources/tools/chemdb_ontology?abbrev=TG 55:7
913.72382	913.7232	.0007	TG 53:4	C56H100O6Na2	[M+2Na-H]+	/resources/tools/chemdb_ontology?abbrev=TG 53:4
933.88241	933.8845	.0021	TG 57:0	C60H116O6	[M+H]+	/resources/tools/chemdb_ontology?abbrev=TG 57:0
933.82138	933.8269	.0056	TG 59:5	C62H110O6	[M+H-H2O]+	/resources/tools/chemdb_ontology?abbrev=TG 59:5
651.64867	651.6398	.0089	Cer 41:2;O2	C41H79NO3	[M+NH4]+	/resources/tools/chemdb_ontology?abbrev=Cer 41:2;O2
962.9067	962.9110	.0043	TG 58:1	C61H116O6	[M+NH4]+	/resources/tools/chemdb_ontology?abbrev=TG 58:1
917.75995	917.7593	.0007	TG 57:8	C60H100O6	[M+H]+	/resources/tools/chemdb_ontology?abbrev=TG 57:8
917.75995	917.7569	.0031	TG 55:5	C58H102O6Na	[M+Na]+	/resources/tools/chemdb_ontology?abbrev=TG 55:5
917.75995	917.7681	.0082	PC 44:1	C52H102NO8P	[M+NH4]+	/resources/tools/chemdb_ontology?abbrev=PC 44:1
917.75995	917.7545	.0055	TG 53:2	C56H104O6Na2	[M+2Na-H]+	/resources/tools/chemdb_ontology?abbrev=TG 53:2
915.76102	915.7525	.0085	PC 44:2	C52H100NO8P	[M+NH4]+	/resources/tools/chemdb_ontology?abbrev=PC 44:2
835.67665	835.6786	.0020	PG O-41:0	C47H95O9P	[M+H]+	/resources/tools/chemdb_ontology?abbrev=PG O-41:0
835.67665	835.6810	.0044	TG 51:7	C54H90O6	[M+H]+	/resources/tools/chemdb_ontology?abbrev=TG 51:7
835.67665	835.6786	.0020	TG 49:4	C52H92O6Na	[M+Na]+	/resources/tools/chemdb_ontology?abbrev=TG 49:4
835.67665	835.6762	.0005	TG 47:1	C50H94O6Na2	[M+2Na-H]+	/resources/tools/chemdb_ontology?abbrev=TG 47:1
918.25953	918.2633	.0038	CoA 11:0	C32H56N7O17P3S	[M+H-H2O]+	/resources/tools/chemdb_ontology?abbrev=CoA 11:0
595.58656	595.5772	.0093	Cer 37:2;O2	C37H71NO3	[M+NH4]+	/resources/tools/chemdb_ontology?abbrev=Cer 37:2;O2
839.70937	839.7123	.0029	TG 51:5	C54H94O6	[M+H]+	/resources/tools/chemdb_ontology?abbrev=TG 51:5
839.70937	839.7099	.0005	TG 49:2	C52H96O6Na	[M+Na]+	/resources/tools/chemdb_ontology?abbrev=TG 49:2
909.81883	909.8269	.0081	TG 57:3	C60H110O6	[M+H-H2O]+	/resources/tools/chemdb_ontology?abbrev=TG 57:3
918.75801	918.7545	.0035	TG 56:9	C59H96O6	[M+NH4]+	/resources/tools/chemdb_ontology?abbrev=TG 56:9
824.68101	824.6763	.0048	TG 49:7	C52H86O6	[M+NH4]+	/resources/tools/chemdb_ontology?abbrev=TG 49:7
824.68101	824.6739	.0071	PG O-39:0	C45H91O9P	[M+NH4]+	/resources/tools/chemdb_ontology?abbrev=PG O-39:0
893.79762	893.7956	.0020	TG 56:4	C59H106O6	[M+H-H2O]+	/resources/tools/chemdb_ontology?abbrev=TG 56:4
893.79762	893.7908	.0068	FA 55:1;O3	C55H108O5Na2	[M+2Na-H]+	/resources/tools/chemdb_ontology?abbrev=FA 55:1;O3
820.50768	820.5123	.0046	PS 39:7	C45H74NO10P	[M+H]+	/resources/tools/chemdb_ontology?abbrev=PS 39:7
820.50768	820.5099	.0022	PS 37:4	C43H76NO10PNa	[M+Na]+	/resources/tools/chemdb_ontology?abbrev=PS 37:4
820.50768	820.5075	.0002	PS 35:1	C41H78NO10PNa2	[M+2Na-H]+	/resources/tools/chemdb_ontology?abbrev=PS 35:1
825.7422	825.7330	.0092	TG 51:3	C54H98O6	[M+H-H2O]+	/resources/tools/chemdb_ontology?abbrev=TG 51:3
881.63536	881.6266	.0088	PG 44:5	C50H89O10P	[M+H]+	/resources/tools/chemdb_ontology?abbrev=PG 44:5
820.41529	820.4136	.0017	PS 36:8	C42H66NO10PNa2	[M+2Na-H]+	/resources/tools/chemdb_ontology?abbrev=PS 36:8
819.39852	819.3902	.0083	PI 28:3;O3	C37H65O16PNa	[M+Na]+	/resources/tools/chemdb_ontology?abbrev=PI 28:3;O3
819.39852	819.4031	.0046	PI 30:4	C39H67O13PNa2	[M+2Na-H]+	/resources/tools/chemdb_ontology?abbrev=PI 30:4
860.75229	860.7467	.0056	PC O-42:0	C50H102NO7P	[M+H]+	/resources/tools/chemdb_ontology?abbrev=PC O-42:0
860.75229	860.7579	.0056	SM 44:1;O2	C49H99N2O6P	[M+NH4]+	/resources/tools/chemdb_ontology?abbrev=SM 44:1;O2
819.51857	819.5171	.0015	PG 40:8	C46H75O10P	[M+H]+	/resources/tools/chemdb_ontology?abbrev=PG 40:8
819.51857	819.5147	.0039	PG 38:5	C44H77O10PNa	[M+Na]+	/resources/tools/chemdb_ontology?abbrev=PG 38:5
819.51857	819.5122	.0063	PG 36:2	C42H79O10PNa2	[M+2Na-H]+	/resources/tools/chemdb_ontology?abbrev=PG 36:2
842.65624	842.6633	.0071	PC 40:2	C48H92NO8P	[M+H]+	/resources/tools/chemdb_ontology?abbrev=PC 40:2
842.65624	842.6633	.0071	PE 43:2	C48H92NO8P	[M+H]+	/resources/tools/chemdb_ontology?abbrev=PE 43:2
842.65624	842.6633	.0071	PS O-42:1	C48H94NO9P	[M+H-H2O]+	/resources/tools/chemdb_ontology?abbrev=PS O-42:1
830.72153	830.7232	.0017	TG 49:4	C52H92O6	[M+NH4]+	/resources/tools/chemdb_ontology?abbrev=TG 49:4
623.65372	623.6449	.0088	Cer 40:1;O	C40H79NO2	[M+NH4]+	/resources/tools/chemdb_ontology?abbrev=Cer 40:1;O
819.5412	819.5382	.0030	PI O-34:3	C43H79O12P	[M+H]+	/resources/tools/chemdb_ontology?abbrev=PI O-34:3
819.5412	819.5382	.0030	PI 34:1	C43H81O13P	[M+H-H2O]+	/resources/tools/chemdb_ontology?abbrev=PI 34:1
819.5412	819.5358	.0054	PI O-32:0	C41H81O12PNa	[M+Na]+	/resources/tools/chemdb_ontology?abbrev=PI O-32:0
819.5412	819.5486	.0074	PG O-37:2	C43H83O9PNa2	[M+2Na-H]+	/resources/tools/chemdb_ontology?abbrev=PG O-37:2
891.66557	891.6685	.0029	PI O-40:0	C49H97O12P	[M+H-H2O]+	/resources/tools/chemdb_ontology?abbrev=PI O-40:0
819.41195	819.4031	.0089	PI 30:4	C39H67O13PNa2	[M+2Na-H]+	/resources/tools/chemdb_ontology?abbrev=PI 30:4
819.57536	819.5828	.0075	FA 44:3;O11	C44H82O13	[M+H]+	/resources/tools/chemdb_ontology?abbrev=FA 44:3;O11
819.57536	819.5746	.0008	PI O-35:1	C44H85O12P	[M+H-H2O]+	/resources/tools/chemdb_ontology?abbrev=PI O-35:1
819.57536	819.5850	.0097	PA 41:0	C44H87O8PNa2	[M+2Na-H]+	/resources/tools/chemdb_ontology?abbrev=PA 41:0
788.62352	788.6246	.0011	HexCer 38:1;O4	C44H85NO10	[M+H]+	/resources/tools/chemdb_ontology?abbrev=HexCer 38:1;O4
788.62352	788.6164	.0071	PC 36:1	C44H86NO8P	[M+H]+	/resources/tools/chemdb_ontology?abbrev=PC 36:1
788.62352	788.6164	.0071	PE 39:1	C44H86NO8P	[M+H]+	/resources/tools/chemdb_ontology?abbrev=PE 39:1
788.62352	788.6164	.0071	PS O-38:0	C44H88NO9P	[M+H-H2O]+	/resources/tools/chemdb_ontology?abbrev=PS O-38:0
788.62352	788.6164	.0071	PA 41:2	C44H83O8P	[M+NH4]+	/resources/tools/chemdb_ontology?abbrev=PA 41:2
892.66815	892.6720	.0038	Hex2Cer 36:0;O2	C48H93NO13	[M+H]+	/resources/tools/chemdb_ontology?abbrev=Hex2Cer 36:0;O2
892.66815	892.6637	.0044	IPC 42:0;O3	C48H96NO12P	[M+H-H2O]+	/resources/tools/chemdb_ontology?abbrev=IPC 42:0;O3
892.66815	892.6766	.0084	PC 42:2	C50H96NO8PNa	[M+Na]+	/resources/tools/chemdb_ontology?abbrev=PC 42:2
819.59176	819.5828	.0089	FA 44:3;O11	C44H82O13	[M+H]+	/resources/tools/chemdb_ontology?abbrev=FA 44:3;O11
819.59176	819.5898	.0019	PG O-42:6	C48H85O9P	[M+H-H2O]+	/resources/tools/chemdb_ontology?abbrev=PG O-42:6
819.59176	819.5858	.0060	PS 37:2	C43H80NO10P	[M+NH4]+	/resources/tools/chemdb_ontology?abbrev=PS 37:2
819.59176	819.5850	.0067	PA 41:0	C44H87O8PNa2	[M+2Na-H]+	/resources/tools/chemdb_ontology?abbrev=PA 41:0
826.68705	826.6919	.0049	TG 49:6	C52H88O6	[M+NH4]+	/resources/tools/chemdb_ontology?abbrev=TG 49:6
908.65428	908.6491	.0052	SHexCer 42:1;O3	C48H93NO12S	[M+H]+	/resources/tools/chemdb_ontology?abbrev=SHexCer 42:1;O3
908.65428	908.6586	.0044	IPC 42:0;O4	C48H96NO13P	[M+H-H2O]+	/resources/tools/chemdb_ontology?abbrev=IPC 42:0;O4
908.65428	908.6586	.0044	PI O-39:2	C48H91O12P	[M+NH4]+	/resources/tools/chemdb_ontology?abbrev=PI O-39:2
801.69415	801.6967	.0025	TG 48:3	C51H92O6	[M+H]+	/resources/tools/chemdb_ontology?abbrev=TG 48:3
801.69415	801.6844	.0098	SM 41:1;O2	C46H93N2O6P	[M+H]+	/resources/tools/chemdb_ontology?abbrev=SM 41:1;O2
801.69415	801.6943	.0001	TG 46:0	C49H94O6Na	[M+Na]+	/resources/tools/chemdb_ontology?abbrev=TG 46:0
801.69415	801.6926	.0015	HexCer 40:1;O2	C46H89NO8	[M+NH4]+	/resources/tools/chemdb_ontology?abbrev=HexCer 40:1;O2
802.69812	802.6919	.0062	TG 47:4	C50H88O6	[M+NH4]+	/resources/tools/chemdb_ontology?abbrev=TG 47:4
840.65465	840.6477	.0070	PC 40:3	C48H90NO8P	[M+H]+	/resources/tools/chemdb_ontology?abbrev=PC 40:3
840.65465	840.6477	.0070	PS O-42:2	C48H92NO9P	[M+H-H2O]+	/resources/tools/chemdb_ontology?abbrev=PS O-42:2
840.65465	840.6535	.0011	HexCer 40:0;O4	C46H91NO10Na	[M+Na]+	/resources/tools/chemdb_ontology?abbrev=HexCer 40:0;O4
840.65465	840.6453	.0094	PC 38:0	C46H92NO8PNa	[M+Na]+	/resources/tools/chemdb_ontology?abbrev=PC 38:0
840.65465	840.6453	.0094	PE 41:0	C46H92NO8PNa	[M+Na]+	/resources/tools/chemdb_ontology?abbrev=PE 41:0
882.63864	882.6430	.0043	IPC 40:0;O3	C46H92NO12P	[M+H]+	/resources/tools/chemdb_ontology?abbrev=IPC 40:0;O3
882.63864	882.6430	.0043	PI O-37:1	C46H89O12P	[M+NH4]+	/resources/tools/chemdb_ontology?abbrev=PI O-37:1
547.4712	547.4721	.0009	FAHFA 35:3;O	C35H62O4	[M+H]+	/resources/tools/chemdb_ontology?abbrev=FAHFA 35:3;O
547.4712	547.4721	.0009	DG 32:2	C35H64O5	[M+H-H2O]+	/resources/tools/chemdb_ontology?abbrev=DG 32:2
888.79959	888.8015	.0019	TG 53:3	C56H102O6	[M+NH4]+	/resources/tools/chemdb_ontology?abbrev=TG 53:3
752.56413	752.5589	.0053	PE O-38:5	C43H78NO7P	[M+H]+	/resources/tools/chemdb_ontology?abbrev=PE O-38:5
752.56413	752.5589	.0053	PC 35:3	C43H80NO8P	[M+H-H2O]+	/resources/tools/chemdb_ontology?abbrev=PC 35:3
752.56413	752.5589	.0053	PE 38:3	C43H80NO8P	[M+H-H2O]+	/resources/tools/chemdb_ontology?abbrev=PE 38:3
752.56413	752.5565	.0077	PC O-33:2	C41H80NO7PNa	[M+Na]+	/resources/tools/chemdb_ontology?abbrev=PC O-33:2
752.56413	752.5565	.0077	PE O-36:2	C41H80NO7PNa	[M+Na]+	/resources/tools/chemdb_ontology?abbrev=PE O-36:2
752.56413	752.5589	.0053	PA O-40:6	C43H75O7P	[M+NH4]+	/resources/tools/chemdb_ontology?abbrev=PA O-40:6
818.7228	818.7232	.0004	TG 48:3	C51H92O6	[M+NH4]+	/resources/tools/chemdb_ontology?abbrev=TG 48:3
664.45633	664.4548	.0015	PS O-28:1	C34H66NO9P	[M+H]+	/resources/tools/chemdb_ontology?abbrev=PS O-28:1
664.45633	664.4652	.0089	CerP 34:0;O2	C34H70NO6PNa2	[M+2Na-H]+	/resources/tools/chemdb_ontology?abbrev=CerP 34:0;O2
663.4527	663.4595	.0068	PG 29:0	C35H69O10P	[M+H-H2O]+	/resources/tools/chemdb_ontology?abbrev=PG 29:0
565.5997	565.5918	.0079	FA 38:0	C38H76O2	[M+H]+	/resources/tools/chemdb_ontology?abbrev=FA 38:0
565.5997	565.5918	.0079	WE 38:0	C38H76O2	[M+H]+	/resources/tools/chemdb_ontology?abbrev=WE 38:0
765.57641	765.5793	.0029	PA O-42:5	C45H81O7P	[M+H]+	/resources/tools/chemdb_ontology?abbrev=PA O-42:5
765.57641	765.5793	.0029	PA 42:3	C45H83O8P	[M+H-H2O]+	/resources/tools/chemdb_ontology?abbrev=PA 42:3
765.57641	765.5769	.0004	PA O-40:2	C43H83O7PNa	[M+Na]+	/resources/tools/chemdb_ontology?abbrev=PA O-40:2
765.57641	765.5752	.0012	PS O-34:1	C40H78NO9P	[M+NH4]+	/resources/tools/chemdb_ontology?abbrev=PS O-34:1
575.502	575.5034	.0014	FAHFA 37:3;O	C37H66O4	[M+H]+	/resources/tools/chemdb_ontology?abbrev=FAHFA 37:3;O
575.502	575.5034	.0014	DG 34:2	C37H68O5	[M+H-H2O]+	/resources/tools/chemdb_ontology?abbrev=DG 34:2
521.45546	521.4564	.0010	DG 30:1	C33H62O5	[M+H-H2O]+	/resources/tools/chemdb_ontology?abbrev=DG 30:1
775.67906	775.6810	.0020	TG 46:2	C49H90O6	[M+H]+	/resources/tools/chemdb_ontology?abbrev=TG 46:2
775.67906	775.6770	.0021	HexCer 38:0;O2	C44H87NO8	[M+NH4]+	/resources/tools/chemdb_ontology?abbrev=HexCer 38:0;O2
493.42423	493.4251	.0009	DG 28:1	C31H58O5	[M+H-H2O]+	/resources/tools/chemdb_ontology?abbrev=DG 28:1
824.73626	824.7338	.0025	HexCer 44:0;O2	C50H99NO8	[M+H-H2O]+	/resources/tools/chemdb_ontology?abbrev=HexCer 44:0;O2
764.5734	764.5800	.0066	PS O-35:0	C41H82NO9P	[M+H]+	/resources/tools/chemdb_ontology?abbrev=PS O-35:0
764.5734	764.5647	.0087	HexCer 36:2;O3	C42H79NO9Na	[M+Na]+	/resources/tools/chemdb_ontology?abbrev=HexCer 36:2;O3
764.5734	764.5800	.0066	PG O-35:2	C41H79O9P	[M+NH4]+	/resources/tools/chemdb_ontology?abbrev=PG O-35:2
522.45888	522.4517	.0072	Cer 32:3;O3	C32H59NO4	[M+H]+	/resources/tools/chemdb_ontology?abbrev=Cer 32:3;O3
522.45888	522.4517	.0072	FAHFA 32:3;O	C32H56O4	[M+NH4]+	/resources/tools/chemdb_ontology?abbrev=FAHFA 32:3;O
798.72179	798.7310	.0092	ACer 50:1;O2	C50H97NO4Na	[M+Na]+	/resources/tools/chemdb_ontology?abbrev=ACer 50:1;O2
900.71177	900.7076	.0042	TG 55:11	C58H90O6	[M+NH4]+	/resources/tools/chemdb_ontology?abbrev=TG 55:11
798.66533	798.6735	.0082	PC O-39:1	C47H94NO7P	[M+H-H2O]+	/resources/tools/chemdb_ontology?abbrev=PC O-39:1
798.66533	798.6735	.0082	PE O-42:1	C47H94NO7P	[M+H-H2O]+	/resources/tools/chemdb_ontology?abbrev=PE O-42:1
798.66533	798.6606	.0047	TG 47:6	C50H84O6	[M+NH4]+	/resources/tools/chemdb_ontology?abbrev=TG 47:6
799.66846	799.6687	.0003	SM 41:2;O2	C46H91N2O6P	[M+H]+	/resources/tools/chemdb_ontology?abbrev=SM 41:2;O2
799.66846	799.6770	.0085	HexCer 40:2;O2	C46H87NO8	[M+NH4]+	/resources/tools/chemdb_ontology?abbrev=HexCer 40:2;O2
792.70699	792.7076	.0006	TG 46:2	C49H90O6	[M+NH4]+	/resources/tools/chemdb_ontology?abbrev=TG 46:2
751.56068	751.5636	.0029	PA 41:3	C44H81O8P	[M+H-H2O]+	/resources/tools/chemdb_ontology?abbrev=PA 41:3
751.56068	751.5612	.0005	PA O-39:2	C42H81O7PNa	[M+Na]+	/resources/tools/chemdb_ontology?abbrev=PA O-39:2
751.56068	751.5596	.0011	PS O-33:1	C39H76NO9P	[M+NH4]+	/resources/tools/chemdb_ontology?abbrev=PS O-33:1
548.50289	548.5037	.0008	Cer 35:2;O3	C35H67NO4	[M+H-H2O]+	/resources/tools/chemdb_ontology?abbrev=Cer 35:2;O3
548.50289	548.5013	.0016	Cer 33:0;O2	C33H67NO3Na	[M+Na]+	/resources/tools/chemdb_ontology?abbrev=Cer 33:0;O2
894.75315	894.7545	.0014	TG 54:7	C57H96O6	[M+NH4]+	/resources/tools/chemdb_ontology?abbrev=TG 54:7
800.67123	800.6763	.0050	TG 47:5	C50H86O6	[M+NH4]+	/resources/tools/chemdb_ontology?abbrev=TG 47:5
800.67123	800.6640	.0072	SM 40:3;O2	C45H87N2O6P	[M+NH4]+	/resources/tools/chemdb_ontology?abbrev=SM 40:3;O2
899.70843	899.7123	.0039	TG 56:10	C59H94O6	[M+H]+	/resources/tools/chemdb_ontology?abbrev=TG 56:10
899.70843	899.7099	.0015	TG 54:7	C57H96O6Na	[M+Na]+	/resources/tools/chemdb_ontology?abbrev=TG 54:7
899.70843	899.7075	.0009	TG 52:4	C55H98O6Na2	[M+2Na-H]+	/resources/tools/chemdb_ontology?abbrev=TG 52:4
936.78283	936.7780	.0049	PC 48:2	C56H108NO8P	[M+H-H2O]+	/resources/tools/chemdb_ontology?abbrev=PC 48:2
797.66196	797.6654	.0034	TG 48:5	C51H88O6	[M+H]+	/resources/tools/chemdb_ontology?abbrev=TG 48:5
797.66196	797.6630	.0010	TG 46:2	C49H90O6Na	[M+Na]+	/resources/tools/chemdb_ontology?abbrev=TG 46:2
870.74982	870.7545	.0047	TG 52:5	C55H96O6	[M+NH4]+	/resources/tools/chemdb_ontology?abbrev=TG 52:5
773.65245	773.6531	.0006	SM 39:1;O2	C44H89N2O6P	[M+H]+	/resources/tools/chemdb_ontology?abbrev=SM 39:1;O2
773.65245	773.6531	.0006	CerP 44:2;O2	C44H86NO6P	[M+NH4]+	/resources/tools/chemdb_ontology?abbrev=CerP 44:2;O2
773.65245	773.6613	.0089	HexCer 38:1;O2	C44H85NO8	[M+NH4]+	/resources/tools/chemdb_ontology?abbrev=HexCer 38:1;O2
935.83439	935.8426	.0082	TG 59:4	C62H112O6	[M+H-H2O]+	/resources/tools/chemdb_ontology?abbrev=TG 59:4
916.68488	916.6766	.0083	PC 44:4	C52H96NO8PNa	[M+Na]+	/resources/tools/chemdb_ontology?abbrev=PC 44:4
916.68488	916.6824	.0025	HexCer 44:1;O4	C50H97NO10Na2	[M+2Na-H]+	/resources/tools/chemdb_ontology?abbrev=HexCer 44:1;O4
772.64957	772.6578	.0083	PC O-37:0	C45H92NO7P	[M+H-H2O]+	/resources/tools/chemdb_ontology?abbrev=PC O-37:0
772.64957	772.6578	.0083	PE O-40:0	C45H92NO7P	[M+H-H2O]+	/resources/tools/chemdb_ontology?abbrev=PE O-40:0
772.64957	772.6450	.0046	TG 45:5	C48H82O6	[M+NH4]+	/resources/tools/chemdb_ontology?abbrev=TG 45:5
792.67193	792.6712	.0008	HexCer 42:2;O2	C48H91NO8	[M+H-H2O]+	/resources/tools/chemdb_ontology?abbrev=HexCer 42:2;O2
792.67193	792.6816	.0097	ACer 48:1;O2	C48H93NO4Na2	[M+2Na-H]+	/resources/tools/chemdb_ontology?abbrev=ACer 48:1;O2
793.76465	793.7643	.0003	FA 51:1;O3	C51H100O5	[M+H]+	/resources/tools/chemdb_ontology?abbrev=FA 51:1;O3
862.78021	862.7858	.0056	TG 51:2	C54H100O6	[M+NH4]+	/resources/tools/chemdb_ontology?abbrev=TG 51:2
862.78021	862.7735	.0067	SM 44:0;O2	C49H101N2O6P	[M+NH4]+	/resources/tools/chemdb_ontology?abbrev=SM 44:0;O2
787.61993	787.6211	.0012	PA 42:1	C45H87O8P	[M+H]+	/resources/tools/chemdb_ontology?abbrev=PA 42:1
787.61993	787.6211	.0012	PG O-39:1	C45H89O9P	[M+H-H2O]+	/resources/tools/chemdb_ontology?abbrev=PG O-39:1
787.61993	787.6235	.0036	TG 49:8	C52H84O6	[M+H-H2O]+	/resources/tools/chemdb_ontology?abbrev=TG 49:8
834.73653	834.7422	.0057	SM 42:0;O2	C47H97N2O6P	[M+NH4]+	/resources/tools/chemdb_ontology?abbrev=SM 42:0;O2
519.43972	519.4408	.0011	FAHFA 33:3;O	C33H58O4	[M+H]+	/resources/tools/chemdb_ontology?abbrev=FAHFA 33:3;O
519.43972	519.4408	.0011	DG 30:2	C33H60O5	[M+H-H2O]+	/resources/tools/chemdb_ontology?abbrev=DG 30:2
905.78942	905.7956	.0062	TG 57:5	C60H106O6	[M+H-H2O]+	/resources/tools/chemdb_ontology?abbrev=TG 57:5
915.68177	915.6797	.0021	PS 44:3	C50H92NO10P	[M+NH4]+	/resources/tools/chemdb_ontology?abbrev=PS 44:3
740.67453	740.6763	.0017	TG 42:0	C45H86O6	[M+NH4]+	/resources/tools/chemdb_ontology?abbrev=TG 42:0
781.70986	781.7044	.0054	FAHFA 50:2;O	C50H94O4Na	[M+Na]+	/resources/tools/chemdb_ontology?abbrev=FAHFA 50:2;O
869.79737	869.7956	.0017	TG 54:2	C57H106O6	[M+H-H2O]+	/resources/tools/chemdb_ontology?abbrev=TG 54:2
819.48475	819.4935	.0088	PA 44:10	C47H73O8PNa	[M+Na]+	/resources/tools/chemdb_ontology?abbrev=PA 44:10
819.48475	819.4919	.0072	PS 38:9	C44H68NO10P	[M+NH4]+	/resources/tools/chemdb_ontology?abbrev=PS 38:9
819.48475	819.4911	.0064	PA 42:7	C45H75O8PNa2	[M+2Na-H]+	/resources/tools/chemdb_ontology?abbrev=PA 42:7
843.72459	843.7313	.0068	SM 44:1;O2	C49H99N2O6P	[M+H]+	/resources/tools/chemdb_ontology?abbrev=SM 44:1;O2
549.48591	549.4877	.0018	DG 32:1	C35H66O5	[M+H-H2O]+	/resources/tools/chemdb_ontology?abbrev=DG 32:1
816.64016	816.6477	.0075	PC 38:1	C46H90NO8P	[M+H]+	/resources/tools/chemdb_ontology?abbrev=PC 38:1
816.64016	816.6477	.0075	PE 41:1	C46H90NO8P	[M+H]+	/resources/tools/chemdb_ontology?abbrev=PE 41:1
816.64016	816.6477	.0075	PS O-40:0	C46H92NO9P	[M+H-H2O]+	/resources/tools/chemdb_ontology?abbrev=PS O-40:0
816.64016	816.6477	.0075	PA 43:2	C46H87O8P	[M+NH4]+	/resources/tools/chemdb_ontology?abbrev=PA 43:2
495.43902	495.4408	.0018	DG 28:0	C31H60O5	[M+H-H2O]+	/resources/tools/chemdb_ontology?abbrev=DG 28:0
874.69623	874.6919	.0043	TG 53:10	C56H88O6	[M+NH4]+	/resources/tools/chemdb_ontology?abbrev=TG 53:10
550.49003	550.4830	.0071	Cer 34:3;O3	C34H63NO4	[M+H]+	/resources/tools/chemdb_ontology?abbrev=Cer 34:3;O3
550.49003	550.4830	.0071	FAHFA 34:3;O	C34H60O4	[M+NH4]+	/resources/tools/chemdb_ontology?abbrev=FAHFA 34:3;O
573.48643	573.4877	.0013	DG 34:3	C37H66O5	[M+H-H2O]+	/resources/tools/chemdb_ontology?abbrev=DG 34:3
573.48643	573.4853	.0011	DG O-32:2	C35H66O4Na	[M+Na]+	/resources/tools/chemdb_ontology?abbrev=DG O-32:2
821.66147	821.6630	.0015	PG O-40:0	C46H93O9P	[M+H]+	/resources/tools/chemdb_ontology?abbrev=PG O-40:0
821.66147	821.6654	.0039	TG 50:7	C53H88O6	[M+H]+	/resources/tools/chemdb_ontology?abbrev=TG 50:7
821.66147	821.6630	.0015	TG 48:4	C51H90O6Na	[M+Na]+	/resources/tools/chemdb_ontology?abbrev=TG 48:4
821.66147	821.6606	.0009	TG 46:1	C49H92O6Na2	[M+2Na-H]+	/resources/tools/chemdb_ontology?abbrev=TG 46:1
863.65075	863.6484	.0023	PS 40:1	C46H88NO10P	[M+NH4]+	/resources/tools/chemdb_ontology?abbrev=PS 40:1
856.73691	856.7389	.0019	TG 51:5	C54H94O6	[M+NH4]+	/resources/tools/chemdb_ontology?abbrev=TG 51:5
895.81676	895.8113	.0055	TG 56:3	C59H108O6	[M+H-H2O]+	/resources/tools/chemdb_ontology?abbrev=TG 56:3
864.65408	864.6477	.0064	PC 42:5	C50H90NO8P	[M+H]+	/resources/tools/chemdb_ontology?abbrev=PC 42:5
864.65408	864.6453	.0088	PC 40:2	C48H92NO8PNa	[M+Na]+	/resources/tools/chemdb_ontology?abbrev=PC 40:2
864.65408	864.6453	.0088	PE 43:2	C48H92NO8PNa	[M+Na]+	/resources/tools/chemdb_ontology?abbrev=PE 43:2
848.68031	848.6739	.0064	PS O-41:0	C47H94NO9P	[M+H]+	/resources/tools/chemdb_ontology?abbrev=PS O-41:0
848.68031	848.6763	.0041	TG 51:9	C54H86O6	[M+NH4]+	/resources/tools/chemdb_ontology?abbrev=TG 51:9
847.67684	847.6786	.0018	PG O-42:1	C48H95O9P	[M+H]+	/resources/tools/chemdb_ontology?abbrev=PG O-42:1
847.67684	847.6810	.0042	TG 52:8	C55H90O6	[M+H]+	/resources/tools/chemdb_ontology?abbrev=TG 52:8
847.67684	847.6786	.0018	TG 50:5	C53H92O6Na	[M+Na]+	/resources/tools/chemdb_ontology?abbrev=TG 50:5
847.67684	847.6762	.0006	TG 48:2	C51H94O6Na2	[M+2Na-H]+	/resources/tools/chemdb_ontology?abbrev=TG 48:2
844.7375	844.7389	.0014	TG 50:4	C53H94O6	[M+NH4]+	/resources/tools/chemdb_ontology?abbrev=TG 50:4
845.74023	845.7470	.0068	SM 44:0;O2	C49H101N2O6P	[M+H]+	/resources/tools/chemdb_ontology?abbrev=SM 44:0;O2
920.76826	920.7702	.0019	TG 56:8	C59H98O6	[M+NH4]+	/resources/tools/chemdb_ontology?abbrev=TG 56:8
885.82184	885.8269	.0051	TG 55:1	C58H110O6	[M+H-H2O]+	/resources/tools/chemdb_ontology?abbrev=TG 55:1
925.72355	925.7280	.0044	TG 58:11	C61H96O6	[M+H]+	/resources/tools/chemdb_ontology?abbrev=TG 58:11
925.72355	925.7256	.0020	TG 56:8	C59H98O6Na	[M+Na]+	/resources/tools/chemdb_ontology?abbrev=TG 56:8
925.72355	925.7232	.0004	TG 54:5	C57H100O6Na2	[M+2Na-H]+	/resources/tools/chemdb_ontology?abbrev=TG 54:5
914.81013	914.8171	.0070	TG 55:4	C58H104O6	[M+NH4]+	/resources/tools/chemdb_ontology?abbrev=TG 55:4
816.70579	816.7076	.0018	TG 48:4	C51H90O6	[M+NH4]+	/resources/tools/chemdb_ontology?abbrev=TG 48:4
931.80525	931.8113	.0060	TG 59:6	C62H108O6	[M+H-H2O]+	/resources/tools/chemdb_ontology?abbrev=TG 59:6
926.72714	926.7232	.0039	TG 57:12	C60H92O6	[M+NH4]+	/resources/tools/chemdb_ontology?abbrev=TG 57:12
865.66174	865.6704	.0087	TG 55:11	C58H90O6	[M+H-H2O]+	/resources/tools/chemdb_ontology?abbrev=TG 55:11
865.66174	865.6641	.0023	PS 40:0	C46H90NO10P	[M+NH4]+	/resources/tools/chemdb_ontology?abbrev=PS 40:0
601.51751	601.5190	.0015	DG 36:3	C39H70O5	[M+H-H2O]+	/resources/tools/chemdb_ontology?abbrev=DG 36:3
961.8486	961.8582	.0096	TG 61:5	C64H114O6	[M+H-H2O]+	/resources/tools/chemdb_ontology?abbrev=TG 61:5
858.73637	858.7310	.0054	PC O-42:1	C50H100NO7P	[M+H]+	/resources/tools/chemdb_ontology?abbrev=PC O-42:1
858.73637	858.7422	.0059	SM 44:2;O2	C49H97N2O6P	[M+NH4]+	/resources/tools/chemdb_ontology?abbrev=SM 44:2;O2
822.6641	822.6606	.0035	TG 49:8	C52H84O6	[M+NH4]+	/resources/tools/chemdb_ontology?abbrev=TG 49:8
822.6641	822.6582	.0059	PG O-39:1	C45H89O9P	[M+NH4]+	/resources/tools/chemdb_ontology?abbrev=PG O-39:1
850.69623	850.6919	.0043	TG 51:8	C54H88O6	[M+NH4]+	/resources/tools/chemdb_ontology?abbrev=TG 51:8
850.69623	850.6895	.0067	PG O-41:1	C47H93O9P	[M+NH4]+	/resources/tools/chemdb_ontology?abbrev=PG O-41:1
576.50543	576.4962	.0092	Cer 34:1;O3	C34H67NO4Na	[M+Na]+	/resources/tools/chemdb_ontology?abbrev=Cer 34:1;O3
866.66809	866.6633	.0048	PC 42:4	C50H92NO8P	[M+H]+	/resources/tools/chemdb_ontology?abbrev=PC 42:4
866.66809	866.6692	.0011	HexCer 42:1;O4	C48H93NO10Na	[M+Na]+	/resources/tools/chemdb_ontology?abbrev=HexCer 42:1;O4
866.66809	866.6609	.0072	PC 40:1	C48H94NO8PNa	[M+Na]+	/resources/tools/chemdb_ontology?abbrev=PC 40:1
866.66809	866.6609	.0072	PE 43:1	C48H94NO8PNa	[M+Na]+	/resources/tools/chemdb_ontology?abbrev=PE 43:1
955.76818	955.7749	.0067	TG 60:10	C63H102O6	[M+H]+	/resources/tools/chemdb_ontology?abbrev=TG 60:10
955.76818	955.7725	.0043	TG 58:7	C61H104O6Na	[M+Na]+	/resources/tools/chemdb_ontology?abbrev=TG 58:7
955.76818	955.7701	.0019	TG 56:4	C59H106O6Na2	[M+2Na-H]+	/resources/tools/chemdb_ontology?abbrev=TG 56:4
814.4448	814.4348	.0100	PI 28:3;O3	C37H65O16P	[M+NH4]+	/resources/tools/chemdb_ontology?abbrev=PI 28:3;O3
952.7709	952.7705	.0004	PC 46:0	C54H108NO8PNa	[M+Na]+	/resources/tools/chemdb_ontology?abbrev=PC 46:0
953.27062	953.2641	.0066	CoA 10:1;O	C31H52N7O18P3S	[M+NH4]+	/resources/tools/chemdb_ontology?abbrev=CoA 10:1;O
845.79676	845.7956	.0011	TG 52:0	C55H106O6	[M+H-H2O]+	/resources/tools/chemdb_ontology?abbrev=TG 52:0
933.82029	933.8269	.0067	TG 59:5	C62H110O6	[M+H-H2O]+	/resources/tools/chemdb_ontology?abbrev=TG 59:5
872.76521	872.7702	.0049	TG 52:4	C55H98O6	[M+NH4]+	/resources/tools/chemdb_ontology?abbrev=TG 52:4
623.61839	623.6085	.0099	Cer 39:2;O2	C39H75NO3	[M+NH4]+	/resources/tools/chemdb_ontology?abbrev=Cer 39:2;O2
876.71145	876.7076	.0039	TG 53:9	C56H90O6	[M+NH4]+	/resources/tools/chemdb_ontology?abbrev=TG 53:9
892.68277	892.6790	.0038	PC 44:5	C52H94NO8P	[M+H]+	/resources/tools/chemdb_ontology?abbrev=PC 44:5
892.68277	892.6766	.0062	PC 42:2	C50H96NO8PNa	[M+Na]+	/resources/tools/chemdb_ontology?abbrev=PC 42:2
875.7076	875.7123	.0047	TG 54:8	C57H94O6	[M+H]+	/resources/tools/chemdb_ontology?abbrev=TG 54:8
875.7076	875.7099	.0023	TG 52:5	C55H96O6Na	[M+Na]+	/resources/tools/chemdb_ontology?abbrev=TG 52:5
875.7076	875.7075	.0001	TG 50:2	C53H98O6Na2	[M+2Na-H]+	/resources/tools/chemdb_ontology?abbrev=TG 50:2
891.67959	891.6861	.0065	TG 57:12	C60H92O6	[M+H-H2O]+	/resources/tools/chemdb_ontology?abbrev=TG 57:12
891.67959	891.6797	.0001	PS 42:1	C48H92NO10P	[M+NH4]+	/resources/tools/chemdb_ontology?abbrev=PS 42:1
912.78238	912.7780	.0044	PC 46:0	C54H108NO8P	[M+H-H2O]+	/resources/tools/chemdb_ontology?abbrev=PC 46:0
750.55729	750.5643	.0071	PS O-34:0	C40H80NO9P	[M+H]+	/resources/tools/chemdb_ontology?abbrev=PS O-34:0
750.55729	750.5490	.0082	HexCer 35:2;O3	C41H77NO9Na	[M+Na]+	/resources/tools/chemdb_ontology?abbrev=HexCer 35:2;O3
750.55729	750.5643	.0071	PG O-34:2	C40H77O9P	[M+NH4]+	/resources/tools/chemdb_ontology?abbrev=PG O-34:2
766.69115	766.6919	.0008	TG 44:1	C47H88O6	[M+NH4]+	/resources/tools/chemdb_ontology?abbrev=TG 44:1
848.75193	848.7442	.0077	ACer 52:1;O2	C52H101NO4Na2	[M+2Na-H]+	/resources/tools/chemdb_ontology?abbrev=ACer 52:1;O2
802.63873	802.6320	.0067	PC 37:1	C45H88NO8P	[M+H]+	/resources/tools/chemdb_ontology?abbrev=PC 37:1
802.63873	802.6320	.0067	PE 40:1	C45H88NO8P	[M+H]+	/resources/tools/chemdb_ontology?abbrev=PE 40:1
802.63873	802.6320	.0067	PS O-39:0	C45H90NO9P	[M+H-H2O]+	/resources/tools/chemdb_ontology?abbrev=PS O-39:0
802.63873	802.6320	.0067	PA 42:2	C45H85O8P	[M+NH4]+	/resources/tools/chemdb_ontology?abbrev=PA 42:2
887.70778	887.7123	.0045	TG 55:9	C58H94O6	[M+H]+	/resources/tools/chemdb_ontology?abbrev=TG 55:9
887.70778	887.7099	.0021	TG 53:6	C56H96O6Na	[M+Na]+	/resources/tools/chemdb_ontology?abbrev=TG 53:6
887.70778	887.7075	.0003	TG 51:3	C54H98O6Na2	[M+2Na-H]+	/resources/tools/chemdb_ontology?abbrev=TG 51:3
882.75243	882.7545	.0021	TG 53:6	C56H96O6	[M+NH4]+	/resources/tools/chemdb_ontology?abbrev=TG 53:6
771.6462	771.6497	.0035	TG 46:4	C49H86O6	[M+H]+	/resources/tools/chemdb_ontology?abbrev=TG 46:4
771.6462	771.6374	.0088	SM 39:2;O2	C44H87N2O6P	[M+H]+	/resources/tools/chemdb_ontology?abbrev=SM 39:2;O2
771.6462	771.6473	.0011	TG 44:1	C47H88O6Na	[M+Na]+	/resources/tools/chemdb_ontology?abbrev=TG 44:1
771.6462	771.6457	.0005	HexCer 38:2;O2	C44H83NO8	[M+NH4]+	/resources/tools/chemdb_ontology?abbrev=HexCer 38:2;O2
754.69	754.6919	.0019	TG 43:0	C46H88O6	[M+NH4]+	/resources/tools/chemdb_ontology?abbrev=TG 43:0
861.69228	861.6967	.0044	TG 53:8	C56H92O6	[M+H]+	/resources/tools/chemdb_ontology?abbrev=TG 53:8
861.69228	861.6943	.0020	TG 51:5	C54H94O6Na	[M+Na]+	/resources/tools/chemdb_ontology?abbrev=TG 51:5
861.69228	861.6919	.0004	TG 49:2	C52H96O6Na2	[M+2Na-H]+	/resources/tools/chemdb_ontology?abbrev=TG 49:2
785.66146	785.6654	.0039	TG 47:4	C50H88O6	[M+H]+	/resources/tools/chemdb_ontology?abbrev=TG 47:4
785.66146	785.6531	.0084	SM 40:2;O2	C45H89N2O6P	[M+H]+	/resources/tools/chemdb_ontology?abbrev=SM 40:2;O2
785.66146	785.6630	.0015	TG 45:1	C48H90O6Na	[M+Na]+	/resources/tools/chemdb_ontology?abbrev=TG 45:1
785.66146	785.6613	.0001	HexCer 39:2;O2	C45H85NO8	[M+NH4]+	/resources/tools/chemdb_ontology?abbrev=HexCer 39:2;O2
786.66485	786.6735	.0086	PC O-38:0	C46H94NO7P	[M+H-H2O]+	/resources/tools/chemdb_ontology?abbrev=PC O-38:0
786.66485	786.6735	.0086	PE O-41:0	C46H94NO7P	[M+H-H2O]+	/resources/tools/chemdb_ontology?abbrev=PE O-41:0
786.66485	786.6606	.0042	TG 46:5	C49H84O6	[M+NH4]+	/resources/tools/chemdb_ontology?abbrev=TG 46:5
801.63529	801.6368	.0015	PA 43:1	C46H89O8P	[M+H]+	/resources/tools/chemdb_ontology?abbrev=PA 43:1
801.63529	801.6368	.0015	PG O-40:1	C46H91O9P	[M+H-H2O]+	/resources/tools/chemdb_ontology?abbrev=PG O-40:1
801.63529	801.6391	.0039	TG 50:8	C53H86O6	[M+H-H2O]+	/resources/tools/chemdb_ontology?abbrev=TG 50:8
812.68048	812.6891	.0087	PC O-40:1	C48H96NO7P	[M+H-H2O]+	/resources/tools/chemdb_ontology?abbrev=PC O-40:1
812.68048	812.6763	.0042	TG 48:6	C51H86O6	[M+NH4]+	/resources/tools/chemdb_ontology?abbrev=TG 48:6
1285.34323	1285.3437	.0005	FA 86:1;O2	C86H170O4	[M+NH4]+	/resources/tools/chemdb_ontology?abbrev=FA 86:1;O2
859.80664	859.8113	.0047	TG 53:0	C56H108O6	[M+H-H2O]+	/resources/tools/chemdb_ontology?abbrev=TG 53:0
961.85196	961.8582	.0063	TG 61:5	C64H114O6	[M+H-H2O]+	/resources/tools/chemdb_ontology?abbrev=TG 61:5
827.65089	827.6524	.0015	PG O-42:2	C48H93O9P	[M+H-H2O]+	/resources/tools/chemdb_ontology?abbrev=PG O-42:2
827.65089	827.6548	.0039	TG 52:9	C55H88O6	[M+H-H2O]+	/resources/tools/chemdb_ontology?abbrev=TG 52:9
577.51736	577.5190	.0017	DG 34:1	C37H70O5	[M+H-H2O]+	/resources/tools/chemdb_ontology?abbrev=DG 34:1
903.7294	903.7388	.0094	TG 52:2	C55H102O6Na2	[M+2Na-H]+	/resources/tools/chemdb_ontology?abbrev=TG 52:2
896.76883	896.7702	.0013	TG 54:6	C57H98O6	[M+NH4]+	/resources/tools/chemdb_ontology?abbrev=TG 54:6
818.72195	818.7232	.0013	TG 48:3	C51H92O6	[M+NH4]+	/resources/tools/chemdb_ontology?abbrev=TG 48:3
823.67728	823.6810	.0037	TG 50:6	C53H90O6	[M+H]+	/resources/tools/chemdb_ontology?abbrev=TG 50:6
823.67728	823.6786	.0013	TG 48:3	C51H92O6Na	[M+Na]+	/resources/tools/chemdb_ontology?abbrev=TG 48:3
823.67728	823.6762	.0011	TG 46:0	C49H94O6Na2	[M+2Na-H]+	/resources/tools/chemdb_ontology?abbrev=TG 46:0
908.76848	908.7702	.0017	TG 55:7	C58H98O6	[M+NH4]+	/resources/tools/chemdb_ontology?abbrev=TG 55:7
814.63906	814.6320	.0070	PC 38:2	C46H88NO8P	[M+H]+	/resources/tools/chemdb_ontology?abbrev=PC 38:2
814.63906	814.6320	.0070	PE 41:2	C46H88NO8P	[M+H]+	/resources/tools/chemdb_ontology?abbrev=PE 41:2
814.63906	814.6320	.0070	PS O-40:1	C46H90NO9P	[M+H-H2O]+	/resources/tools/chemdb_ontology?abbrev=PS O-40:1
837.69266	837.6967	.0040	TG 51:6	C54H92O6	[M+H]+	/resources/tools/chemdb_ontology?abbrev=TG 51:6
837.69266	837.6943	.0016	TG 49:3	C52H94O6Na	[M+Na]+	/resources/tools/chemdb_ontology?abbrev=TG 49:3
837.69266	837.6919	.0008	TG 47:0	C50H96O6Na2	[M+2Na-H]+	/resources/tools/chemdb_ontology?abbrev=TG 47:0
839.65114	839.6548	.0037	TG 53:10	C56H88O6	[M+H-H2O]+	/resources/tools/chemdb_ontology?abbrev=TG 53:10
839.65114	839.6500	.0011	PA 44:0	C47H93O8PNa	[M+Na]+	/resources/tools/chemdb_ontology?abbrev=PA 44:0
853.66616	853.6704	.0043	TG 54:10	C57H90O6	[M+H-H2O]+	/resources/tools/chemdb_ontology?abbrev=TG 54:10
705.58108	705.5793	.0018	PA O-37:0	C40H81O7P	[M+H]+	/resources/tools/chemdb_ontology?abbrev=PA O-37:0
705.58108	705.5905	.0094	SM 34:0;O2	C39H81N2O6P	[M+H]+	/resources/tools/chemdb_ontology?abbrev=SM 34:0;O2
705.58108	705.5816	.0006	DG 44:7	C47H78O5	[M+H-H2O]+	/resources/tools/chemdb_ontology?abbrev=DG 44:7
991.77887	991.7749	.0040	TG 63:13	C66H102O6	[M+H]+	/resources/tools/chemdb_ontology?abbrev=TG 63:13
991.77887	991.7725	.0064	TG 61:10	C64H104O6Na	[M+Na]+	/resources/tools/chemdb_ontology?abbrev=TG 61:10
991.77887	991.7768	.0021	Hex2Cer 42:1;O2	C54H103NO13	[M+NH4]+	/resources/tools/chemdb_ontology?abbrev=Hex2Cer 42:1;O2
991.77887	991.7701	.0088	TG 59:7	C62H106O6Na2	[M+2Na-H]+	/resources/tools/chemdb_ontology?abbrev=TG 59:7
838.69599	838.7048	.0088	PC O-42:2	C50H98NO7P	[M+H-H2O]+	/resources/tools/chemdb_ontology?abbrev=PC O-42:2
838.69599	838.6919	.0041	TG 50:7	C53H88O6	[M+NH4]+	/resources/tools/chemdb_ontology?abbrev=TG 50:7
838.69599	838.6895	.0064	PG O-40:0	C46H93O9P	[M+NH4]+	/resources/tools/chemdb_ontology?abbrev=PG O-40:0
992.77742	992.7702	.0073	TG 62:14	C65H98O6	[M+NH4]+	/resources/tools/chemdb_ontology?abbrev=TG 62:14
813.63571	813.6368	.0011	PA 44:2	C47H89O8P	[M+H]+	/resources/tools/chemdb_ontology?abbrev=PA 44:2
813.63571	813.6391	.0034	TG 51:9	C54H86O6	[M+H-H2O]+	/resources/tools/chemdb_ontology?abbrev=TG 51:9
959.83598	959.8426	.0066	TG 61:6	C64H112O6	[M+H-H2O]+	/resources/tools/chemdb_ontology?abbrev=TG 61:6
894.70054	894.6946	.0059	PC 44:4	C52H96NO8P	[M+H]+	/resources/tools/chemdb_ontology?abbrev=PC 44:4
894.70054	894.7005	.0001	HexCer 44:1;O4	C50H97NO10Na	[M+Na]+	/resources/tools/chemdb_ontology?abbrev=HexCer 44:1;O4
894.70054	894.6922	.0083	PC 42:1	C50H98NO8PNa	[M+Na]+	/resources/tools/chemdb_ontology?abbrev=PC 42:1
893.69622	893.7017	.0055	TG 57:11	C60H94O6	[M+H-H2O]+	/resources/tools/chemdb_ontology?abbrev=TG 57:11
893.69622	893.6954	.0009	PS 42:0	C48H94NO10P	[M+NH4]+	/resources/tools/chemdb_ontology?abbrev=PS 42:0
878.72677	878.7232	.0036	TG 53:8	C56H92O6	[M+NH4]+	/resources/tools/chemdb_ontology?abbrev=TG 53:8
877.72218	877.7280	.0058	TG 54:7	C57H96O6	[M+H]+	/resources/tools/chemdb_ontology?abbrev=TG 54:7
877.72218	877.7256	.0034	TG 52:4	C55H98O6Na	[M+Na]+	/resources/tools/chemdb_ontology?abbrev=TG 52:4
877.72218	877.7232	.0010	TG 50:1	C53H100O6Na2	[M+2Na-H]+	/resources/tools/chemdb_ontology?abbrev=TG 50:1
945.82091	945.8269	.0060	TG 60:6	C63H110O6	[M+H-H2O]+	/resources/tools/chemdb_ontology?abbrev=TG 60:6
854.6696	854.6633	.0063	PC 41:3	C49H92NO8P	[M+H]+	/resources/tools/chemdb_ontology?abbrev=PC 41:3
854.6696	854.6633	.0063	PE 44:3	C49H92NO8P	[M+H]+	/resources/tools/chemdb_ontology?abbrev=PE 44:3
854.6696	854.6692	.0004	HexCer 41:0;O4	C47H93NO10Na	[M+Na]+	/resources/tools/chemdb_ontology?abbrev=HexCer 41:0;O4
854.6696	854.6609	.0087	PC 39:0	C47H94NO8PNa	[M+Na]+	/resources/tools/chemdb_ontology?abbrev=PC 39:0
854.6696	854.6609	.0087	PE 42:0	C47H94NO8PNa	[M+Na]+	/resources/tools/chemdb_ontology?abbrev=PE 42:0
851.70898	851.7123	.0033	TG 52:6	C55H94O6	[M+H]+	/resources/tools/chemdb_ontology?abbrev=TG 52:6
851.70898	851.7099	.0009	TG 50:3	C53H96O6Na	[M+Na]+	/resources/tools/chemdb_ontology?abbrev=TG 50:3
851.70898	851.7075	.0015	TG 48:0	C51H98O6Na2	[M+2Na-H]+	/resources/tools/chemdb_ontology?abbrev=TG 48:0
919.80565	919.8113	.0056	TG 58:5	C61H108O6	[M+H-H2O]+	/resources/tools/chemdb_ontology?abbrev=TG 58:5
867.6825	867.6861	.0036	TG 55:10	C58H92O6	[M+H-H2O]+	/resources/tools/chemdb_ontology?abbrev=TG 55:10
963.86432	963.8739	.0096	TG 61:4	C64H116O6	[M+H-H2O]+	/resources/tools/chemdb_ontology?abbrev=TG 61:4
864.71138	864.7204	.0091	PC O-44:3	C52H100NO7P	[M+H-H2O]+	/resources/tools/chemdb_ontology?abbrev=PC O-44:3
864.71138	864.7076	.0038	TG 52:8	C55H90O6	[M+NH4]+	/resources/tools/chemdb_ontology?abbrev=TG 52:8
864.71138	864.7052	.0062	PG O-42:1	C48H95O9P	[M+NH4]+	/resources/tools/chemdb_ontology?abbrev=PG O-42:1
887.83925	887.8426	.0033	TG 55:0	C58H112O6	[M+H-H2O]+	/resources/tools/chemdb_ontology?abbrev=TG 55:0
863.70827	863.7123	.0040	TG 53:7	C56H94O6	[M+H]+	/resources/tools/chemdb_ontology?abbrev=TG 53:7
863.70827	863.7099	.0016	TG 51:4	C54H96O6Na	[M+Na]+	/resources/tools/chemdb_ontology?abbrev=TG 51:4
863.70827	863.7075	.0008	TG 49:1	C52H98O6Na2	[M+2Na-H]+	/resources/tools/chemdb_ontology?abbrev=TG 49:1
852.71223	852.7076	.0047	TG 51:7	C54H90O6	[M+NH4]+	/resources/tools/chemdb_ontology?abbrev=TG 51:7
852.71223	852.7052	.0070	PG O-41:0	C47H95O9P	[M+NH4]+	/resources/tools/chemdb_ontology?abbrev=PG O-41:0
940.80185	940.8093	.0074	PC 48:0	C56H112NO8P	[M+H-H2O]+	/resources/tools/chemdb_ontology?abbrev=PC 48:0
907.80458	907.8113	.0067	TG 57:4	C60H108O6	[M+H-H2O]+	/resources/tools/chemdb_ontology?abbrev=TG 57:4
911.83867	911.8426	.0039	TG 57:2	C60H112O6	[M+H-H2O]+	/resources/tools/chemdb_ontology?abbrev=TG 57:2
918.70092	918.6922	.0087	PC 44:3	C52H98NO8PNa	[M+Na]+	/resources/tools/chemdb_ontology?abbrev=PC 44:3
901.72405	901.7280	.0039	TG 56:9	C59H96O6	[M+H]+	/resources/tools/chemdb_ontology?abbrev=TG 56:9
901.72405	901.7256	.0015	TG 54:6	C57H98O6Na	[M+Na]+	/resources/tools/chemdb_ontology?abbrev=TG 54:6
901.72405	901.7232	.0009	TG 52:3	C55H100O6Na2	[M+2Na-H]+	/resources/tools/chemdb_ontology?abbrev=TG 52:3
651.64922	651.6398	.0094	Cer 41:2;O2	C41H79NO3	[M+NH4]+	/resources/tools/chemdb_ontology?abbrev=Cer 41:2;O2
917.69759	917.7017	.0042	TG 59:13	C62H94O6	[M+H-H2O]+	/resources/tools/chemdb_ontology?abbrev=TG 59:13
917.69759	917.6954	.0022	PS 44:2	C50H94NO10P	[M+NH4]+	/resources/tools/chemdb_ontology?abbrev=PS 44:2
849.69282	849.6943	.0015	PG O-42:0	C48H97O9P	[M+H]+	/resources/tools/chemdb_ontology?abbrev=PG O-42:0
849.69282	849.6967	.0038	TG 52:7	C55H92O6	[M+H]+	/resources/tools/chemdb_ontology?abbrev=TG 52:7
849.69282	849.6943	.0014	TG 50:4	C53H94O6Na	[M+Na]+	/resources/tools/chemdb_ontology?abbrev=TG 50:4
849.69282	849.6919	.0010	TG 48:1	C51H96O6Na2	[M+2Na-H]+	/resources/tools/chemdb_ontology?abbrev=TG 48:1
902.72728	902.7232	.0041	TG 55:10	C58H92O6	[M+NH4]+	/resources/tools/chemdb_ontology?abbrev=TG 55:10
891.68213	891.6861	.0040	TG 57:12	C60H92O6	[M+H-H2O]+	/resources/tools/chemdb_ontology?abbrev=TG 57:12
891.68213	891.6797	.0024	PS 42:1	C48H92NO10P	[M+NH4]+	/resources/tools/chemdb_ontology?abbrev=PS 42:1
828.65416	828.6477	.0065	PC 39:2	C47H90NO8P	[M+H]+	/resources/tools/chemdb_ontology?abbrev=PC 39:2
828.65416	828.6477	.0065	PE 42:2	C47H90NO8P	[M+H]+	/resources/tools/chemdb_ontology?abbrev=PE 42:2
828.65416	828.6477	.0065	PS O-41:1	C47H92NO9P	[M+H-H2O]+	/resources/tools/chemdb_ontology?abbrev=PS O-41:1
828.65416	828.6477	.0065	PA 44:3	C47H87O8P	[M+NH4]+	/resources/tools/chemdb_ontology?abbrev=PA 44:3
892.68545	892.6790	.0065	PC 44:5	C52H94NO8P	[M+H]+	/resources/tools/chemdb_ontology?abbrev=PC 44:5
892.68545	892.6766	.0089	PC 42:2	C50H96NO8PNa	[M+Na]+	/resources/tools/chemdb_ontology?abbrev=PC 42:2
955.8065	955.8113	.0048	TG 61:8	C64H108O6	[M+H-H2O]+	/resources/tools/chemdb_ontology?abbrev=TG 61:8
876.71181	876.7076	.0043	TG 53:9	C56H90O6	[M+NH4]+	/resources/tools/chemdb_ontology?abbrev=TG 53:9
929.79005	929.7956	.0056	TG 59:7	C62H106O6	[M+H-H2O]+	/resources/tools/chemdb_ontology?abbrev=TG 59:7
935.83546	935.8426	.0071	TG 59:4	C62H112O6	[M+H-H2O]+	/resources/tools/chemdb_ontology?abbrev=TG 59:4
645.68883	645.6908	.0020	FA 45:0	C45H90O2	[M+H-H2O]+	/resources/tools/chemdb_ontology?abbrev=FA 45:0
721.74812	721.7432	.0049	FA 48:0;O	C48H96O3	[M+H]+	/resources/tools/chemdb_ontology?abbrev=FA 48:0;O
811.67716	811.6810	.0039	TG 49:5	C52H90O6	[M+H]+	/resources/tools/chemdb_ontology?abbrev=TG 49:5
811.67716	811.6687	.0084	SM 42:3;O2	C47H91N2O6P	[M+H]+	/resources/tools/chemdb_ontology?abbrev=SM 42:3;O2
811.67716	811.6786	.0014	TG 47:2	C50H92O6Na	[M+Na]+	/resources/tools/chemdb_ontology?abbrev=TG 47:2
1029.78698	1029.7906	.0036	TG 66:15	C69H104O6	[M+H]+	/resources/tools/chemdb_ontology?abbrev=TG 66:15
1029.78698	1029.7882	.0012	TG 64:12	C67H106O6Na	[M+Na]+	/resources/tools/chemdb_ontology?abbrev=TG 64:12
1029.78698	1029.7858	.0012	TG 62:9	C65H108O6Na2	[M+2Na-H]+	/resources/tools/chemdb_ontology?abbrev=TG 62:9
832.73729	832.7389	.0016	TG 49:3	C52H94O6	[M+NH4]+	/resources/tools/chemdb_ontology?abbrev=TG 49:3
1028.28839	1028.2977	.0093	CoA 15:1;O	C36H62N7O18P3SNa	[M+Na]+	/resources/tools/chemdb_ontology?abbrev=CoA 15:1;O
768.70644	768.7076	.0011	TG 44:0	C47H90O6	[M+NH4]+	/resources/tools/chemdb_ontology?abbrev=TG 44:0
751.5611	751.5636	.0025	PA 41:3	C44H81O8P	[M+H-H2O]+	/resources/tools/chemdb_ontology?abbrev=PA 41:3
751.5611	751.5612	.0001	PA O-39:2	C42H81O7PNa	[M+Na]+	/resources/tools/chemdb_ontology?abbrev=PA O-39:2
751.5611	751.5596	.0015	PS O-33:1	C39H76NO9P	[M+NH4]+	/resources/tools/chemdb_ontology?abbrev=PS O-33:1
808.73756	808.7389	.0013	TG 47:1	C50H94O6	[M+NH4]+	/resources/tools/chemdb_ontology?abbrev=TG 47:1
858.7525	858.7545	.0020	TG 51:4	C54H96O6	[M+NH4]+	/resources/tools/chemdb_ontology?abbrev=TG 51:4
806.72178	806.7232	.0014	TG 47:2	C50H92O6	[M+NH4]+	/resources/tools/chemdb_ontology?abbrev=TG 47:2
870.68746	870.6946	.0072	PC 42:2	C50H96NO8P	[M+H]+	/resources/tools/chemdb_ontology?abbrev=PC 42:2
847.5851	847.5847	.0004	PG 43:6	C49H85O10P	[M+H-H2O]+	/resources/tools/chemdb_ontology?abbrev=PG 43:6
847.5851	847.5807	.0044	PC 36:4;O3	C44H80NO11P	[M+NH4]+	/resources/tools/chemdb_ontology?abbrev=PC 36:4;O3
847.5851	847.5799	.0052	PG O-39:2	C45H87O9PNa2	[M+2Na-H]+	/resources/tools/chemdb_ontology?abbrev=PG O-39:2
780.70617	780.7076	.0014	TG 45:1	C48H90O6	[M+NH4]+	/resources/tools/chemdb_ontology?abbrev=TG 45:1
933.82083	933.8269	.0061	TG 59:5	C62H110O6	[M+H-H2O]+	/resources/tools/chemdb_ontology?abbrev=TG 59:5
847.43828	847.4344	.0039	PI 32:4	C41H71O13PNa2	[M+2Na-H]+	/resources/tools/chemdb_ontology?abbrev=PI 32:4
847.54846	847.5484	.0001	PG 42:8	C48H79O10P	[M+H]+	/resources/tools/chemdb_ontology?abbrev=PG 42:8
847.54846	847.5460	.0025	PG 40:5	C46H81O10PNa	[M+Na]+	/resources/tools/chemdb_ontology?abbrev=PG 40:5
847.54846	847.5435	.0049	PG 38:2	C44H83O10PNa2	[M+2Na-H]+	/resources/tools/chemdb_ontology?abbrev=PG 38:2
854.71849	854.7232	.0047	TG 51:6	C54H92O6	[M+NH4]+	/resources/tools/chemdb_ontology?abbrev=TG 51:6
849.71756	849.7138	.0038	HexCer 41:0;O4	C47H93NO10	[M+NH4]+	/resources/tools/chemdb_ontology?abbrev=HexCer 41:0;O4
930.84645	930.8484	.0020	TG 56:3	C59H108O6	[M+NH4]+	/resources/tools/chemdb_ontology?abbrev=TG 56:3
912.78283	912.7780	.0049	PC 46:0	C54H108NO8P	[M+H-H2O]+	/resources/tools/chemdb_ontology?abbrev=PC 46:0
847.42162	847.4215	.0001	PI 30:3;O3	C39H69O16PNa	[M+Na]+	/resources/tools/chemdb_ontology?abbrev=PI 30:3;O3
847.52154	847.5307	.0092	PI 33:0	C42H81O13PNa	[M+Na]+	/resources/tools/chemdb_ontology?abbrev=PI 33:0
847.52154	847.5119	.0096	TG 49:14;O2	C52H72O8Na	[M+Na]+	/resources/tools/chemdb_ontology?abbrev=TG 49:14;O2
847.52154	847.5232	.0017	PS 40:9	C46H72NO10P	[M+NH4]+	/resources/tools/chemdb_ontology?abbrev=PS 40:9
847.52154	847.5224	.0009	PA 44:7	C47H79O8PNa2	[M+2Na-H]+	/resources/tools/chemdb_ontology?abbrev=PA 44:7
847.57176	847.5695	.0023	PI O-36:3	C45H83O12P	[M+H]+	/resources/tools/chemdb_ontology?abbrev=PI O-36:3
847.57176	847.5695	.0023	PI 36:1	C45H85O13P	[M+H-H2O]+	/resources/tools/chemdb_ontology?abbrev=PI 36:1
847.57176	847.5671	.0047	PI O-34:0	C43H85O12PNa	[M+Na]+	/resources/tools/chemdb_ontology?abbrev=PI O-34:0
847.57176	847.5807	.0090	PC 36:4;O3	C44H80NO11P	[M+NH4]+	/resources/tools/chemdb_ontology?abbrev=PC 36:4;O3
847.57176	847.5799	.0082	PG O-39:2	C45H87O9PNa2	[M+2Na-H]+	/resources/tools/chemdb_ontology?abbrev=PG O-39:2
848.63059	848.6375	.0069	PS 40:0	C46H90NO10P	[M+H]+	/resources/tools/chemdb_ontology?abbrev=PS 40:0
848.63059	848.6375	.0069	IPC 40:0;O2	C46H92NO11P	[M+H-H2O]+	/resources/tools/chemdb_ontology?abbrev=IPC 40:0;O2
848.63059	848.6375	.0069	PG 40:2	C46H87O10P	[M+NH4]+	/resources/tools/chemdb_ontology?abbrev=PG 40:2
916.83064	916.8328	.0021	TG 55:3	C58H106O6	[M+NH4]+	/resources/tools/chemdb_ontology?abbrev=TG 55:3
936.6858	936.6899	.0041	IPC 44:0;O4	C50H100NO13P	[M+H-H2O]+	/resources/tools/chemdb_ontology?abbrev=IPC 44:0;O4
847.56281	847.5695	.0067	PI O-36:3	C45H83O12P	[M+H]+	/resources/tools/chemdb_ontology?abbrev=PI O-36:3
847.56281	847.5695	.0067	PI 36:1	C45H85O13P	[M+H-H2O]+	/resources/tools/chemdb_ontology?abbrev=PI 36:1
847.56281	847.5671	.0043	PI O-34:0	C43H85O12PNa	[M+Na]+	/resources/tools/chemdb_ontology?abbrev=PI O-34:0
847.53258	847.5331	.0005	PI 35:3	C44H79O13P	[M+H]+	/resources/tools/chemdb_ontology?abbrev=PI 35:3
847.53258	847.5307	.0019	PI 33:0	C42H81O13PNa	[M+Na]+	/resources/tools/chemdb_ontology?abbrev=PI 33:0
847.53258	847.5232	.0094	PS 40:9	C46H72NO10P	[M+NH4]+	/resources/tools/chemdb_ontology?abbrev=PS 40:9
848.63933	848.6375	.0018	PS 40:0	C46H90NO10P	[M+H]+	/resources/tools/chemdb_ontology?abbrev=PS 40:0
848.63933	848.6375	.0018	IPC 40:0;O2	C46H92NO11P	[M+H-H2O]+	/resources/tools/chemdb_ontology?abbrev=IPC 40:0;O2
848.63933	848.6375	.0018	PG 40:2	C46H87O10P	[M+NH4]+	/resources/tools/chemdb_ontology?abbrev=PG 40:2
848.63933	848.6480	.0086	PC O-38:0	C46H94NO7PNa2	[M+2Na-H]+	/resources/tools/chemdb_ontology?abbrev=PC O-38:0
848.63933	848.6480	.0086	PE O-41:0	C46H94NO7PNa2	[M+2Na-H]+	/resources/tools/chemdb_ontology?abbrev=PE O-41:0
847.5998	847.6059	.0061	PI O-37:1	C46H89O12P	[M+H-H2O]+	/resources/tools/chemdb_ontology?abbrev=PI O-37:1
847.5998	847.5960	.0038	PC 40:8	C48H80NO8P	[M+NH4]+	/resources/tools/chemdb_ontology?abbrev=PC 40:8
847.63813	847.6423	.0041	PG 41:1	C47H91O10P	[M+H]+	/resources/tools/chemdb_ontology?abbrev=PG 41:1
847.50491	847.5119	.0070	TG 49:14;O2	C52H72O8Na	[M+Na]+	/resources/tools/chemdb_ontology?abbrev=TG 49:14;O2
848.66836	848.6739	.0055	PS O-41:0	C47H94NO9P	[M+H]+	/resources/tools/chemdb_ontology?abbrev=PS O-41:0
848.66836	848.6586	.0098	HexCer 36:1;O	C48H91NO9Na	[M+Na]+	/resources/tools/chemdb_ontology?abbrev=HexCer 36:1;O
848.66836	848.6586	.0098	HexCer 42:2;O3	C48H91NO9Na	[M+Na]+	/resources/tools/chemdb_ontology?abbrev=HexCer 42:2;O3
848.66836	848.6763	.0079	TG 51:9	C54H86O6	[M+NH4]+	/resources/tools/chemdb_ontology?abbrev=TG 51:9
829.72473	829.7280	.0032	TG 50:3	C53H96O6	[M+H]+	/resources/tools/chemdb_ontology?abbrev=TG 50:3
829.72473	829.7157	.0090	SM 43:1;O2	C48H97N2O6P	[M+H]+	/resources/tools/chemdb_ontology?abbrev=SM 43:1;O2
829.72473	829.7256	.0008	TG 48:0	C51H98O6Na	[M+Na]+	/resources/tools/chemdb_ontology?abbrev=TG 48:0
829.72473	829.7239	.0008	HexCer 42:1;O2	C48H93NO8	[M+NH4]+	/resources/tools/chemdb_ontology?abbrev=HexCer 42:1;O2
830.72941	830.7232	.0062	TG 49:4	C52H92O6	[M+NH4]+	/resources/tools/chemdb_ontology?abbrev=TG 49:4
848.53584	848.5436	.0078	PS 41:7	C47H78NO10P	[M+H]+	/resources/tools/chemdb_ontology?abbrev=PS 41:7
848.53584	848.5412	.0054	PS 39:4	C45H80NO10PNa	[M+Na]+	/resources/tools/chemdb_ontology?abbrev=PS 39:4
848.53584	848.5284	.0075	PI 34:4	C43H75O13P	[M+NH4]+	/resources/tools/chemdb_ontology?abbrev=PI 34:4
848.53584	848.5388	.0030	PS 37:1	C43H82NO10PNa2	[M+2Na-H]+	/resources/tools/chemdb_ontology?abbrev=PS 37:1
847.62625	847.6171	.0091	PS 39:2	C45H84NO10P	[M+NH4]+	/resources/tools/chemdb_ontology?abbrev=PS 39:2
847.62625	847.6163	.0099	PA 43:0	C46H91O8PNa2	[M+2Na-H]+	/resources/tools/chemdb_ontology?abbrev=PA 43:0
823.54776	823.5484	.0006	PG 40:6	C46H79O10P	[M+H]+	/resources/tools/chemdb_ontology?abbrev=PG 40:6
823.54776	823.5460	.0018	PG 38:3	C44H81O10PNa	[M+Na]+	/resources/tools/chemdb_ontology?abbrev=PG 38:3
823.54776	823.5435	.0042	PG 36:0	C42H83O10PNa2	[M+2Na-H]+	/resources/tools/chemdb_ontology?abbrev=PG 36:0
575.50248	575.5034	.0009	FAHFA 37:3;O	C37H66O4	[M+H]+	/resources/tools/chemdb_ontology?abbrev=FAHFA 37:3;O
575.50248	575.5034	.0009	DG 34:2	C37H68O5	[M+H-H2O]+	/resources/tools/chemdb_ontology?abbrev=DG 34:2
576.50585	576.4962	.0096	Cer 34:1;O3	C34H67NO4Na	[M+Na]+	/resources/tools/chemdb_ontology?abbrev=Cer 34:1;O3
848.61057	848.6164	.0058	PC 41:6	C49H86NO8P	[M+H]+	/resources/tools/chemdb_ontology?abbrev=PC 41:6
848.61057	848.6164	.0058	PE 44:6	C49H86NO8P	[M+H]+	/resources/tools/chemdb_ontology?abbrev=PE 44:6
848.61057	848.6140	.0034	PC 39:3	C47H88NO8PNa	[M+Na]+	/resources/tools/chemdb_ontology?abbrev=PC 39:3
848.61057	848.6140	.0034	PE 42:3	C47H88NO8PNa	[M+Na]+	/resources/tools/chemdb_ontology?abbrev=PE 42:3
848.61057	848.6116	.0010	PC 37:0	C45H90NO8PNa2	[M+2Na-H]+	/resources/tools/chemdb_ontology?abbrev=PC 37:0
848.61057	848.6116	.0010	PE 40:0	C45H90NO8PNa2	[M+2Na-H]+	/resources/tools/chemdb_ontology?abbrev=PE 40:0
848.61057	848.6198	.0092	HexCer 39:0;O4	C45H89NO10Na2	[M+2Na-H]+	/resources/tools/chemdb_ontology?abbrev=HexCer 39:0;O4
846.75441	846.7545	.0001	TG 50:3	C53H96O6	[M+NH4]+	/resources/tools/chemdb_ontology?abbrev=TG 50:3
894.69085	894.6946	.0038	PC 44:4	C52H96NO8P	[M+H]+	/resources/tools/chemdb_ontology?abbrev=PC 44:4
894.69085	894.6922	.0014	PC 42:1	C50H98NO8PNa	[M+Na]+	/resources/tools/chemdb_ontology?abbrev=PC 42:1
894.69085	894.7005	.0096	HexCer 44:1;O4	C50H97NO10Na	[M+Na]+	/resources/tools/chemdb_ontology?abbrev=HexCer 44:1;O4
824.51392	824.5201	.0062	PC 38:8	C46H76NO8PNa	[M+Na]+	/resources/tools/chemdb_ontology?abbrev=PC 38:8
824.51392	824.5177	.0037	PC 36:5	C44H78NO8PNa2	[M+2Na-H]+	/resources/tools/chemdb_ontology?abbrev=PC 36:5
824.51392	824.5177	.0037	PE 39:5	C44H78NO8PNa2	[M+2Na-H]+	/resources/tools/chemdb_ontology?abbrev=PE 39:5
848.76026	848.7702	.0099	TG 50:2	C53H98O6	[M+NH4]+	/resources/tools/chemdb_ontology?abbrev=TG 50:2
823.62511	823.6211	.0040	PG O-42:4	C48H89O9P	[M+H-H2O]+	/resources/tools/chemdb_ontology?abbrev=PG O-42:4
823.62511	823.6187	.0064	PA 43:1	C46H89O8PNa	[M+Na]+	/resources/tools/chemdb_ontology?abbrev=PA 43:1
823.62511	823.6324	.0073	PE O-42:6	C47H84NO7P	[M+NH4]+	/resources/tools/chemdb_ontology?abbrev=PE O-42:6
823.62511	823.6171	.0080	PS 37:0	C43H84NO10P	[M+NH4]+	/resources/tools/chemdb_ontology?abbrev=PS 37:0
890.80938	890.8171	.0077	TG 53:2	C56H104O6	[M+NH4]+	/resources/tools/chemdb_ontology?abbrev=TG 53:2
848.56943	848.5623	.0071	IPC 36:0;O3	C42H84NO12PNa	[M+Na]+	/resources/tools/chemdb_ontology?abbrev=IPC 36:0;O3
848.56943	848.5776	.0082	PC 38:4;O	C46H84NO9PNa	[M+Na]+	/resources/tools/chemdb_ontology?abbrev=PC 38:4;O
848.56943	848.5776	.0082	PS O-40:4	C46H84NO9PNa	[M+Na]+	/resources/tools/chemdb_ontology?abbrev=PS O-40:4
848.56943	848.5752	.0058	PS O-38:1	C44H86NO9PNa2	[M+2Na-H]+	/resources/tools/chemdb_ontology?abbrev=PS O-38:1
928.74271	928.7389	.0039	TG 57:11	C60H94O6	[M+NH4]+	/resources/tools/chemdb_ontology?abbrev=TG 57:11
927.73939	927.7436	.0042	TG 58:10	C61H98O6	[M+H]+	/resources/tools/chemdb_ontology?abbrev=TG 58:10
927.73939	927.7412	.0018	TG 56:7	C59H100O6Na	[M+Na]+	/resources/tools/chemdb_ontology?abbrev=TG 56:7
927.73939	927.7388	.0006	TG 54:4	C57H102O6Na2	[M+2Na-H]+	/resources/tools/chemdb_ontology?abbrev=TG 54:4
665.45888	665.4541	.0048	PA 35:4	C38H67O8P	[M+H-H2O]+	/resources/tools/chemdb_ontology?abbrev=PA 35:4
665.45888	665.4517	.0072	PA O-33:3	C36H67O7PNa	[M+Na]+	/resources/tools/chemdb_ontology?abbrev=PA O-33:3
665.45888	665.4493	.0096	PA O-31:0	C34H69O7PNa2	[M+2Na-H]+	/resources/tools/chemdb_ontology?abbrev=PA O-31:0
848.58733	848.5800	.0073	PS O-42:7	C48H82NO9P	[M+H]+	/resources/tools/chemdb_ontology?abbrev=PS O-42:7
848.58733	848.5800	.0073	PS 42:5	C48H84NO10P	[M+H-H2O]+	/resources/tools/chemdb_ontology?abbrev=PS 42:5
848.58733	848.5776	.0097	PC 38:4;O	C46H84NO9PNa	[M+Na]+	/resources/tools/chemdb_ontology?abbrev=PC 38:4;O
848.58733	848.5776	.0097	PS O-40:4	C46H84NO9PNa	[M+Na]+	/resources/tools/chemdb_ontology?abbrev=PS O-40:4
821.57997	821.5803	.0004	PC 38:7	C46H78NO8P	[M+NH4]+	/resources/tools/chemdb_ontology?abbrev=PC 38:7
821.57997	821.5803	.0004	PE 41:7	C46H78NO8P	[M+NH4]+	/resources/tools/chemdb_ontology?abbrev=PE 41:7
823.43166	823.4239	.0077	PI 30:4;O3	C39H67O16P	[M+H]+	/resources/tools/chemdb_ontology?abbrev=PI 30:4;O3
823.43166	823.4368	.0051	PI 32:5	C41H69O13PNa	[M+Na]+	/resources/tools/chemdb_ontology?abbrev=PI 32:5
823.43166	823.4344	.0027	PI 30:2	C39H71O13PNa2	[M+2Na-H]+	/resources/tools/chemdb_ontology?abbrev=PI 30:2
847.71214	847.7174	.0053	TG 53:6	C56H96O6	[M+H-H2O]+	/resources/tools/chemdb_ontology?abbrev=TG 53:6
922.78428	922.7858	.0015	TG 56:7	C59H100O6	[M+NH4]+	/resources/tools/chemdb_ontology?abbrev=TG 56:7
822.50163	822.5044	.0028	PC 38:9	C46H74NO8PNa	[M+Na]+	/resources/tools/chemdb_ontology?abbrev=PC 38:9
822.50163	822.5020	.0004	PC 36:6	C44H76NO8PNa2	[M+2Na-H]+	/resources/tools/chemdb_ontology?abbrev=PC 36:6
822.50163	822.5020	.0004	PE 39:6	C44H76NO8PNa2	[M+2Na-H]+	/resources/tools/chemdb_ontology?abbrev=PE 39:6
823.47922	823.4756	.0036	PI 35:6	C44H73O13P	[M+H-H2O]+	/resources/tools/chemdb_ontology?abbrev=PI 35:6
823.47922	823.4860	.0068	PG O-38:7	C44H75O9PNa2	[M+2Na-H]+	/resources/tools/chemdb_ontology?abbrev=PG O-38:7
823.47922	823.4708	.0084	PI O-31:2	C40H75O12PNa2	[M+2Na-H]+	/resources/tools/chemdb_ontology?abbrev=PI O-31:2
823.69636	823.7051	.0088	SM 44:2;O2	C49H97N2O6P	[M+H-H2O]+	/resources/tools/chemdb_ontology?abbrev=SM 44:2;O2
822.62282	822.6219	.0010	PG 38:1	C44H85O10P	[M+NH4]+	/resources/tools/chemdb_ontology?abbrev=PG 38:1
547.47134	547.4721	.0007	FAHFA 35:3;O	C35H62O4	[M+H]+	/resources/tools/chemdb_ontology?abbrev=FAHFA 35:3;O
547.47134	547.4721	.0007	DG 32:2	C35H64O5	[M+H-H2O]+	/resources/tools/chemdb_ontology?abbrev=DG 32:2
822.67784	822.6817	.0039	HexCer 43:2;O3	C49H93NO9	[M+H-H2O]+	/resources/tools/chemdb_ontology?abbrev=HexCer 43:2;O3
823.70511	823.7051	.0000	SM 44:2;O2	C49H97N2O6P	[M+H-H2O]+	/resources/tools/chemdb_ontology?abbrev=SM 44:2;O2
822.14074	822.1331	.0077	CoA 3:1	C24H38N7O17P3S	[M+H]+	/resources/tools/chemdb_ontology?abbrev=CoA 3:1
822.14074	822.1331	.0077	CoA 3:0;O	C24H40N7O18P3S	[M+H-H2O]+	/resources/tools/chemdb_ontology?abbrev=CoA 3:0;O
821.42346	821.4187	.0047	PI 30:3	C39H69O13PNa2	[M+2Na-H]+	/resources/tools/chemdb_ontology?abbrev=PI 30:3
822.43751	822.4292	.0083	PS 36:7	C42H68NO10PNa2	[M+2Na-H]+	/resources/tools/chemdb_ontology?abbrev=PS 36:7
821.56898	821.5691	.0001	PG 41:5	C47H83O10P	[M+H-H2O]+	/resources/tools/chemdb_ontology?abbrev=PG 41:5
821.56898	821.5643	.0047	PG O-37:1	C43H85O9PNa2	[M+2Na-H]+	/resources/tools/chemdb_ontology?abbrev=PG O-37:1
821.67937	821.6825	.0031	HexCer 39:0;O4	C45H89NO10	[M+NH4]+	/resources/tools/chemdb_ontology?abbrev=HexCer 39:0;O4
821.67937	821.6742	.0051	PC 37:0	C45H90NO8P	[M+NH4]+	/resources/tools/chemdb_ontology?abbrev=PC 37:0
821.67937	821.6742	.0051	PE 40:0	C45H90NO8P	[M+NH4]+	/resources/tools/chemdb_ontology?abbrev=PE 40:0
821.5356	821.5327	.0029	PG 40:7	C46H77O10P	[M+H]+	/resources/tools/chemdb_ontology?abbrev=PG 40:7
821.5356	821.5303	.0053	PG 38:4	C44H79O10PNa	[M+Na]+	/resources/tools/chemdb_ontology?abbrev=PG 38:4
821.5356	821.5279	.0077	PG 36:1	C42H81O10PNa2	[M+2Na-H]+	/resources/tools/chemdb_ontology?abbrev=PG 36:1
663.45274	663.4595	.0068	PG 29:0	C35H69O10P	[M+H-H2O]+	/resources/tools/chemdb_ontology?abbrev=PG 29:0
904.83049	904.8328	.0023	TG 54:2	C57H106O6	[M+NH4]+	/resources/tools/chemdb_ontology?abbrev=TG 54:2
821.51078	821.5175	.0067	PI 33:2	C42H77O13P	[M+H]+	/resources/tools/chemdb_ontology?abbrev=PI 33:2
821.51078	821.5174	.0066	MGDG 38:8	C47H74O10Na	[M+Na]+	/resources/tools/chemdb_ontology?abbrev=MGDG 38:8
821.51078	821.5076	.0032	PS 38:8	C44H70NO10P	[M+NH4]+	/resources/tools/chemdb_ontology?abbrev=PS 38:8
821.51078	821.5068	.0040	PA 42:6	C45H77O8PNa2	[M+2Na-H]+	/resources/tools/chemdb_ontology?abbrev=PA 42:6
821.51078	821.5150	.0042	MGDG 36:5	C45H76O10Na2	[M+2Na-H]+	/resources/tools/chemdb_ontology?abbrev=MGDG 36:5
804.71442	804.7076	.0069	TG 47:3	C50H90O6	[M+NH4]+	/resources/tools/chemdb_ontology?abbrev=TG 47:3
822.54166	822.5432	.0016	PE 44:10	C49H78NO8P	[M+H-H2O]+	/resources/tools/chemdb_ontology?abbrev=PE 44:10
822.54166	822.5491	.0074	PI O-33:3	C42H77O12P	[M+NH4]+	/resources/tools/chemdb_ontology?abbrev=PI O-33:3
822.54166	822.5384	.0033	PE O-40:6	C45H80NO7PNa2	[M+2Na-H]+	/resources/tools/chemdb_ontology?abbrev=PE O-40:6
861.72662	861.7330	.0064	TG 54:6	C57H98O6	[M+H-H2O]+	/resources/tools/chemdb_ontology?abbrev=TG 54:6
821.59512	821.5902	.0049	PI O-35:0	C44H87O12P	[M+H-H2O]+	/resources/tools/chemdb_ontology?abbrev=PI O-35:0
821.59512	821.6031	.0080	PA 43:2	C46H87O8PNa	[M+Na]+	/resources/tools/chemdb_ontology?abbrev=PA 43:2
821.59512	821.6015	.0063	PS 37:1	C43H82NO10P	[M+NH4]+	/resources/tools/chemdb_ontology?abbrev=PS 37:1
550.49042	550.4830	.0074	Cer 34:3;O3	C34H63NO4	[M+H]+	/resources/tools/chemdb_ontology?abbrev=Cer 34:3;O3
550.49042	550.4830	.0074	FAHFA 34:3;O	C34H60O4	[M+NH4]+	/resources/tools/chemdb_ontology?abbrev=FAHFA 34:3;O
821.61827	821.6266	.0083	PG 39:0	C45H89O10P	[M+H]+	/resources/tools/chemdb_ontology?abbrev=PG 39:0
821.61827	821.6167	.0016	PE O-42:7	C47H82NO7P	[M+NH4]+	/resources/tools/chemdb_ontology?abbrev=PE O-42:7
820.73959	820.7389	.0007	TG 48:2	C51H94O6	[M+NH4]+	/resources/tools/chemdb_ontology?abbrev=TG 48:2
664.45602	664.4548	.0012	PS O-28:1	C34H66NO9P	[M+H]+	/resources/tools/chemdb_ontology?abbrev=PS O-28:1
664.45602	664.4652	.0092	CerP 34:0;O2	C34H70NO6PNa2	[M+2Na-H]+	/resources/tools/chemdb_ontology?abbrev=CerP 34:0;O2
820.69902	820.7025	.0035	HexCer 44:2;O2	C50H95NO8	[M+H-H2O]+	/resources/tools/chemdb_ontology?abbrev=HexCer 44:2;O2
822.63415	822.6371	.0030	PC O-40:5	C48H88NO7P	[M+H]+	/resources/tools/chemdb_ontology?abbrev=PC O-40:5
822.63415	822.6371	.0030	PC 40:3	C48H90NO8P	[M+H-H2O]+	/resources/tools/chemdb_ontology?abbrev=PC 40:3
822.63415	822.6347	.0006	PC O-38:2	C46H90NO7PNa	[M+Na]+	/resources/tools/chemdb_ontology?abbrev=PC O-38:2
822.63415	822.6429	.0088	HexCer 40:1;O3	C46H89NO9Na	[M+Na]+	/resources/tools/chemdb_ontology?abbrev=HexCer 40:1;O3
821.60474	821.6055	.0007	PG O-42:5	C48H87O9P	[M+H-H2O]+	/resources/tools/chemdb_ontology?abbrev=PG O-42:5
821.60474	821.6031	.0017	PA 43:2	C46H87O8PNa	[M+Na]+	/resources/tools/chemdb_ontology?abbrev=PA 43:2
821.60474	821.6015	.0033	PS 37:1	C43H82NO10P	[M+NH4]+	/resources/tools/chemdb_ontology?abbrev=PS 37:1
803.71103	803.7123	.0013	TG 48:2	C51H94O6	[M+H]+	/resources/tools/chemdb_ontology?abbrev=TG 48:2
803.71103	803.7083	.0027	HexCer 40:0;O2	C46H91NO8	[M+NH4]+	/resources/tools/chemdb_ontology?abbrev=HexCer 40:0;O2
822.65425	822.6582	.0040	PG O-39:1	C45H89O9P	[M+NH4]+	/resources/tools/chemdb_ontology?abbrev=PG O-39:1
822.65425	822.6606	.0064	TG 49:8	C52H84O6	[M+NH4]+	/resources/tools/chemdb_ontology?abbrev=TG 49:8
821.40323	821.4059	.0027	PI 28:2;O3	C37H67O16PNa	[M+Na]+	/resources/tools/chemdb_ontology?abbrev=PI 28:2;O3
823.57751	823.5695	.0080	PI O-34:1	C43H83O12P	[M+H]+	/resources/tools/chemdb_ontology?abbrev=PI O-34:1
823.57751	823.5847	.0072	PG 41:4	C47H85O10P	[M+H-H2O]+	/resources/tools/chemdb_ontology?abbrev=PG 41:4
823.57751	823.5799	.0024	PG O-37:0	C43H87O9PNa2	[M+2Na-H]+	/resources/tools/chemdb_ontology?abbrev=PG O-37:0
549.48702	549.4877	.0007	DG 32:1	C35H66O5	[M+H-H2O]+	/resources/tools/chemdb_ontology?abbrev=DG 32:1
911.67165	911.6712	.0005	PG 44:1	C50H97O10PNa	[M+Na]+	/resources/tools/chemdb_ontology?abbrev=PG 44:1
822.42848	822.4292	.0008	PS 36:7	C42H68NO10PNa2	[M+2Na-H]+	/resources/tools/chemdb_ontology?abbrev=PS 36:7
822.5545	822.5643	.0098	PS O-40:6	C46H80NO9P	[M+H]+	/resources/tools/chemdb_ontology?abbrev=PS O-40:6
822.5545	822.5643	.0098	PS 40:4	C46H82NO10P	[M+H-H2O]+	/resources/tools/chemdb_ontology?abbrev=PS 40:4
822.5545	822.5619	.0074	PS O-38:3	C44H82NO9PNa	[M+Na]+	/resources/tools/chemdb_ontology?abbrev=PS O-38:3
822.5545	822.5491	.0054	PI O-33:3	C42H77O12P	[M+NH4]+	/resources/tools/chemdb_ontology?abbrev=PI O-33:3
822.5545	822.5595	.0050	PS O-36:0	C42H84NO9PNa2	[M+2Na-H]+	/resources/tools/chemdb_ontology?abbrev=PS O-36:0
524.47405	524.4673	.0067	Cer 32:2;O3	C32H61NO4	[M+H]+	/resources/tools/chemdb_ontology?abbrev=Cer 32:2;O3
524.47405	524.4693	.0047	TG 66:6	C69H122O6	[M+2H]2+	/resources/tools/chemdb_ontology?abbrev=TG 66:6
821.559	821.5538	.0052	PI O-34:2	C43H81O12P	[M+H]+	/resources/tools/chemdb_ontology?abbrev=PI O-34:2
821.559	821.5538	.0052	PI 34:0	C43H83O13P	[M+H-H2O]+	/resources/tools/chemdb_ontology?abbrev=PI 34:0
821.559	821.5643	.0053	PG O-37:1	C43H85O9PNa2	[M+2Na-H]+	/resources/tools/chemdb_ontology?abbrev=PG O-37:1
822.51743	822.5256	.0081	PS 37:3	C43H78NO10PNa	[M+Na]+	/resources/tools/chemdb_ontology?abbrev=PS 37:3
822.51743	822.5127	.0047	PI 32:3	C41H73O13P	[M+NH4]+	/resources/tools/chemdb_ontology?abbrev=PI 32:3
822.51743	822.5231	.0057	PS 35:0	C41H80NO10PNa2	[M+2Na-H]+	/resources/tools/chemdb_ontology?abbrev=PS 35:0
798.73458	798.7310	.0036	ACer 50:1;O2	C50H97NO4Na	[M+Na]+	/resources/tools/chemdb_ontology?abbrev=ACer 50:1;O2
862.76817	862.7735	.0054	SM 44:0;O2	C49H101N2O6P	[M+NH4]+	/resources/tools/chemdb_ontology?abbrev=SM 44:0;O2
822.74492	822.7545	.0096	TG 48:1	C51H96O6	[M+NH4]+	/resources/tools/chemdb_ontology?abbrev=TG 48:1
863.72532	863.7212	.0041	PC 40:0	C48H96NO8P	[M+NH4]+	/resources/tools/chemdb_ontology?abbrev=PC 40:0
863.72532	863.7212	.0041	PE 43:0	C48H96NO8P	[M+NH4]+	/resources/tools/chemdb_ontology?abbrev=PE 43:0
827.75836	827.7487	.0097	TG 51:2	C54H100O6	[M+H-H2O]+	/resources/tools/chemdb_ontology?abbrev=TG 51:2
764.57353	764.5800	.0065	PS O-35:0	C41H82NO9P	[M+H]+	/resources/tools/chemdb_ontology?abbrev=PS O-35:0
764.57353	764.5647	.0088	HexCer 36:2;O3	C42H79NO9Na	[M+Na]+	/resources/tools/chemdb_ontology?abbrev=HexCer 36:2;O3
764.57353	764.5800	.0065	PG O-35:2	C41H79O9P	[M+NH4]+	/resources/tools/chemdb_ontology?abbrev=PG O-35:2
822.60189	822.6007	.0012	PC 39:5	C47H84NO8P	[M+H]+	/resources/tools/chemdb_ontology?abbrev=PC 39:5
822.60189	822.6007	.0012	PE 42:5	C47H84NO8P	[M+H]+	/resources/tools/chemdb_ontology?abbrev=PE 42:5
822.60189	822.5983	.0036	PC 37:2	C45H86NO8PNa	[M+Na]+	/resources/tools/chemdb_ontology?abbrev=PC 37:2
822.60189	822.5983	.0036	PE 40:2	C45H86NO8PNa	[M+Na]+	/resources/tools/chemdb_ontology?abbrev=PE 40:2
822.60189	822.6007	.0012	PA 44:6	C47H81O8P	[M+NH4]+	/resources/tools/chemdb_ontology?abbrev=PA 44:6
522.45901	522.4517	.0073	Cer 32:3;O3	C32H59NO4	[M+H]+	/resources/tools/chemdb_ontology?abbrev=Cer 32:3;O3
522.45901	522.4517	.0073	FAHFA 32:3;O	C32H56O4	[M+NH4]+	/resources/tools/chemdb_ontology?abbrev=FAHFA 32:3;O
828.70289	828.7076	.0047	TG 49:5	C52H90O6	[M+NH4]+	/resources/tools/chemdb_ontology?abbrev=TG 49:5
828.70289	828.6953	.0076	SM 42:3;O2	C47H91N2O6P	[M+NH4]+	/resources/tools/chemdb_ontology?abbrev=SM 42:3;O2
521.45571	521.4564	.0007	DG 30:1	C33H62O5	[M+H-H2O]+	/resources/tools/chemdb_ontology?abbrev=DG 30:1
910.67013	910.6743	.0042	IPC 42:0;O3	C48H96NO12P	[M+H]+	/resources/tools/chemdb_ontology?abbrev=IPC 42:0;O3
910.67013	910.6743	.0042	PI O-39:1	C48H93O12P	[M+NH4]+	/resources/tools/chemdb_ontology?abbrev=PI O-39:1
794.7228	794.7232	.0004	TG 46:1	C49H92O6	[M+NH4]+	/resources/tools/chemdb_ontology?abbrev=TG 46:1
523.47028	523.4721	.0018	DG 30:0	C33H64O5	[M+H-H2O]+	/resources/tools/chemdb_ontology?abbrev=DG 30:0
827.69998	827.7000	.0001	SM 43:2;O2	C48H95N2O6P	[M+H]+	/resources/tools/chemdb_ontology?abbrev=SM 43:2;O2
827.69998	827.7099	.0099	TG 48:1	C51H96O6Na	[M+Na]+	/resources/tools/chemdb_ontology?abbrev=TG 48:1
827.69998	827.7083	.0083	HexCer 42:2;O2	C48H91NO8	[M+NH4]+	/resources/tools/chemdb_ontology?abbrev=HexCer 42:2;O2
801.68402	801.6844	.0004	SM 41:1;O2	C46H93N2O6P	[M+H]+	/resources/tools/chemdb_ontology?abbrev=SM 41:1;O2
801.68402	801.6926	.0086	HexCer 40:1;O2	C46H89NO8	[M+NH4]+	/resources/tools/chemdb_ontology?abbrev=HexCer 40:1;O2
844.7372	844.7389	.0017	TG 50:4	C53H94O6	[M+NH4]+	/resources/tools/chemdb_ontology?abbrev=TG 50:4
826.69672	826.7048	.0081	PC O-41:1	C49H98NO7P	[M+H-H2O]+	/resources/tools/chemdb_ontology?abbrev=PC O-41:1
826.69672	826.6919	.0048	TG 49:6	C52H88O6	[M+NH4]+	/resources/tools/chemdb_ontology?abbrev=TG 49:6
825.69341	825.6967	.0033	TG 50:5	C53H92O6	[M+H]+	/resources/tools/chemdb_ontology?abbrev=TG 50:5
825.69341	825.6943	.0008	TG 48:2	C51H94O6Na	[M+Na]+	/resources/tools/chemdb_ontology?abbrev=TG 48:2
548.50295	548.5037	.0008	Cer 35:2;O3	C35H67NO4	[M+H-H2O]+	/resources/tools/chemdb_ontology?abbrev=Cer 35:2;O3
548.50295	548.5013	.0016	Cer 33:0;O2	C33H67NO3Na	[M+Na]+	/resources/tools/chemdb_ontology?abbrev=Cer 33:0;O2
920.69939	920.7033	.0039	Hex2Cer 38:0;O2	C50H97NO13	[M+H]+	/resources/tools/chemdb_ontology?abbrev=Hex2Cer 38:0;O2
920.69939	920.6950	.0044	IPC 44:0;O3	C50H100NO12P	[M+H-H2O]+	/resources/tools/chemdb_ontology?abbrev=IPC 44:0;O3
920.69939	920.7079	.0085	PC 44:2	C52H100NO8PNa	[M+Na]+	/resources/tools/chemdb_ontology?abbrev=PC 44:2
794.68759	794.6868	.0008	HexCer 42:1;O2	C48H93NO8	[M+H-H2O]+	/resources/tools/chemdb_ontology?abbrev=HexCer 42:1;O2
765.57645	765.5793	.0028	PA O-42:5	C45H81O7P	[M+H]+	/resources/tools/chemdb_ontology?abbrev=PA O-42:5
765.57645	765.5793	.0028	PA 42:3	C45H83O8P	[M+H-H2O]+	/resources/tools/chemdb_ontology?abbrev=PA 42:3
765.57645	765.5769	.0004	PA O-40:2	C43H83O7PNa	[M+Na]+	/resources/tools/chemdb_ontology?abbrev=PA O-40:2
765.57645	765.5752	.0012	PS O-34:1	C40H78NO9P	[M+NH4]+	/resources/tools/chemdb_ontology?abbrev=PS O-34:1
897.83256	897.8269	.0056	TG 56:2	C59H110O6	[M+H-H2O]+	/resources/tools/chemdb_ontology?abbrev=TG 56:2
870.75297	870.7545	.0015	TG 52:5	C55H96O6	[M+NH4]+	/resources/tools/chemdb_ontology?abbrev=TG 52:5
777.69504	777.6967	.0016	TG 46:1	C49H92O6	[M+H]+	/resources/tools/chemdb_ontology?abbrev=TG 46:1
842.6704	842.6633	.0071	PC 40:2	C48H92NO8P	[M+H]+	/resources/tools/chemdb_ontology?abbrev=PC 40:2
842.6704	842.6633	.0071	PE 43:2	C48H92NO8P	[M+H]+	/resources/tools/chemdb_ontology?abbrev=PE 43:2
842.6704	842.6633	.0071	PS O-42:1	C48H94NO9P	[M+H-H2O]+	/resources/tools/chemdb_ontology?abbrev=PS O-42:1
844.67185	844.6790	.0071	PC 40:1	C48H94NO8P	[M+H]+	/resources/tools/chemdb_ontology?abbrev=PC 40:1
844.67185	844.6790	.0071	PE 43:1	C48H94NO8P	[M+H]+	/resources/tools/chemdb_ontology?abbrev=PE 43:1
844.67185	844.6790	.0071	PS O-42:0	C48H96NO9P	[M+H-H2O]+	/resources/tools/chemdb_ontology?abbrev=PS O-42:0
849.82097	849.8269	.0060	FA 55:1;O3	C55H108O5	[M+H]+	/resources/tools/chemdb_ontology?abbrev=FA 55:1;O3
799.67756	799.6810	.0035	TG 48:4	C51H90O6	[M+H]+	/resources/tools/chemdb_ontology?abbrev=TG 48:4
799.67756	799.6687	.0088	SM 41:2;O2	C46H91N2O6P	[M+H]+	/resources/tools/chemdb_ontology?abbrev=SM 41:2;O2
799.67756	799.6786	.0010	TG 46:1	C49H92O6Na	[M+Na]+	/resources/tools/chemdb_ontology?abbrev=TG 46:1
799.67756	799.6770	.0006	HexCer 40:2;O2	C46H87NO8	[M+NH4]+	/resources/tools/chemdb_ontology?abbrev=HexCer 40:2;O2
875.70842	875.7123	.0039	TG 54:8	C57H94O6	[M+H]+	/resources/tools/chemdb_ontology?abbrev=TG 54:8
875.70842	875.7099	.0015	TG 52:5	C55H96O6Na	[M+Na]+	/resources/tools/chemdb_ontology?abbrev=TG 52:5
875.70842	875.7075	.0009	TG 50:2	C53H98O6Na2	[M+2Na-H]+	/resources/tools/chemdb_ontology?abbrev=TG 50:2
800.68096	800.6891	.0082	PC O-39:0	C47H96NO7P	[M+H-H2O]+	/resources/tools/chemdb_ontology?abbrev=PC O-39:0
800.68096	800.6891	.0082	PE O-42:0	C47H96NO7P	[M+H-H2O]+	/resources/tools/chemdb_ontology?abbrev=PE O-42:0
800.68096	800.6763	.0047	TG 47:5	C50H86O6	[M+NH4]+	/resources/tools/chemdb_ontology?abbrev=TG 47:5
816.65451	816.6559	.0014	HexCer 40:1;O4	C46H89NO10	[M+H]+	/resources/tools/chemdb_ontology?abbrev=HexCer 40:1;O4
816.65451	816.6477	.0068	PC 38:1	C46H90NO8P	[M+H]+	/resources/tools/chemdb_ontology?abbrev=PC 38:1
816.65451	816.6477	.0068	PE 41:1	C46H90NO8P	[M+H]+	/resources/tools/chemdb_ontology?abbrev=PE 41:1
816.65451	816.6477	.0068	PS O-40:0	C46H92NO9P	[M+H-H2O]+	/resources/tools/chemdb_ontology?abbrev=PS O-40:0
816.65451	816.6477	.0068	PA 43:2	C46H87O8P	[M+NH4]+	/resources/tools/chemdb_ontology?abbrev=PA 43:2
883.65088	883.6423	.0086	PG 44:4	C50H91O10P	[M+H]+	/resources/tools/chemdb_ontology?abbrev=PG 44:4
883.65088	883.6446	.0063	TG 54:11;O2	C57H88O8	[M+H-H2O]+	/resources/tools/chemdb_ontology?abbrev=TG 54:11;O2
711.602	711.5922	.0098	DG 43:6	C46H78O5	[M+H]+	/resources/tools/chemdb_ontology?abbrev=DG 43:6
711.602	711.5922	.0098	TG 43:4	C46H80O6	[M+H-H2O]+	/resources/tools/chemdb_ontology?abbrev=TG 43:4
711.602	711.6026	.0006	CE 19:0	C46H82O2Na2	[M+2Na-H]+	/resources/tools/chemdb_ontology?abbrev=CE 19:0
802.68588	802.6919	.0060	TG 47:4	C50H88O6	[M+NH4]+	/resources/tools/chemdb_ontology?abbrev=TG 47:4
802.68588	802.6796	.0062	SM 40:2;O2	C45H89N2O6P	[M+NH4]+	/resources/tools/chemdb_ontology?abbrev=SM 40:2;O2
981.87846	981.8845	.0060	TG 61:4	C64H116O6	[M+H]+	/resources/tools/chemdb_ontology?abbrev=TG 61:4
981.87846	981.8821	.0036	TG 59:1	C62H118O6Na	[M+Na]+	/resources/tools/chemdb_ontology?abbrev=TG 59:1
945.80729	945.7994	.0079	PC 46:1	C54H106NO8P	[M+NH4]+	/resources/tools/chemdb_ontology?abbrev=PC 46:1
680.70145	680.6915	.0099	Cer 44:0;O2	C44H89NO3	[M+H]+	/resources/tools/chemdb_ontology?abbrev=Cer 44:0;O2
823.66486	823.6663	.0015	SM 41:1;O2	C46H93N2O6PNa	[M+Na]+	/resources/tools/chemdb_ontology?abbrev=SM 41:1;O2
819.68119	819.6861	.0049	TG 51:6	C54H92O6	[M+H-H2O]+	/resources/tools/chemdb_ontology?abbrev=TG 51:6
717.63818	717.6391	.0010	DG 43:3	C46H84O5	[M+H]+	/resources/tools/chemdb_ontology?abbrev=DG 43:3
717.63818	717.6391	.0010	TG 43:1	C46H86O6	[M+H-H2O]+	/resources/tools/chemdb_ontology?abbrev=TG 43:1
717.63818	717.6367	.0014	DG 41:0	C44H86O5Na	[M+Na]+	/resources/tools/chemdb_ontology?abbrev=DG 41:0
902.76187	902.7572	.0046	PC 44:0	C52H104NO8P	[M+H]+	/resources/tools/chemdb_ontology?abbrev=PC 44:0
901.75802	901.7643	.0063	TG 57:7	C60H102O6	[M+H-H2O]+	/resources/tools/chemdb_ontology?abbrev=TG 57:7
874.73079	874.7259	.0049	PC 42:0	C50H100NO8P	[M+H]+	/resources/tools/chemdb_ontology?abbrev=PC 42:0
991.30837	991.3161	.0077	CoA 14:2	C35H58N7O17P3S	[M+NH4]+	/resources/tools/chemdb_ontology?abbrev=CoA 14:2
899.74271	899.7487	.0060	TG 57:8	C60H100O6	[M+H-H2O]+	/resources/tools/chemdb_ontology?abbrev=TG 57:8
619.52581	619.5296	.0038	DG 36:3	C39H70O5	[M+H]+	/resources/tools/chemdb_ontology?abbrev=DG 36:3
619.52581	619.5272	.0014	DG 34:0	C37H72O5Na	[M+Na]+	/resources/tools/chemdb_ontology?abbrev=DG 34:0
891.73801	891.7436	.0056	TG 55:7	C58H98O6	[M+H]+	/resources/tools/chemdb_ontology?abbrev=TG 55:7
891.73801	891.7412	.0032	TG 53:4	C56H100O6Na	[M+Na]+	/resources/tools/chemdb_ontology?abbrev=TG 53:4
891.73801	891.7388	.0008	TG 51:1	C54H102O6Na2	[M+2Na-H]+	/resources/tools/chemdb_ontology?abbrev=TG 51:1
635.49965	635.5010	.0014	PA O-32:0	C35H71O7P	[M+H]+	/resources/tools/chemdb_ontology?abbrev=PA O-32:0
635.49965	635.5034	.0037	DG 39:7	C42H68O5	[M+H-H2O]+	/resources/tools/chemdb_ontology?abbrev=DG 39:7
881.68171	881.6742	.0075	PC 42:5	C50H90NO8P	[M+NH4]+	/resources/tools/chemdb_ontology?abbrev=PC 42:5
579.53323	579.5347	.0015	DG 34:0	C37H72O5	[M+H-H2O]+	/resources/tools/chemdb_ontology?abbrev=DG 34:0
875.74248	875.7487	.0062	TG 55:6	C58H100O6	[M+H-H2O]+	/resources/tools/chemdb_ontology?abbrev=TG 55:6
863.67298	863.6736	.0006	PG 42:0	C48H95O10P	[M+H]+	/resources/tools/chemdb_ontology?abbrev=PG 42:0
863.67298	863.6637	.0093	PC O-42:7	C50H88NO7P	[M+NH4]+	/resources/tools/chemdb_ontology?abbrev=PC O-42:7
855.66589	855.6586	.0073	PC 40:4	C48H88NO8P	[M+NH4]+	/resources/tools/chemdb_ontology?abbrev=PC 40:4
855.66589	855.6586	.0073	PE 43:4	C48H88NO8P	[M+NH4]+	/resources/tools/chemdb_ontology?abbrev=PE 43:4
839.67175	839.6637	.0081	PC O-40:5	C48H88NO7P	[M+NH4]+	/resources/tools/chemdb_ontology?abbrev=PC O-40:5
892.74197	892.7389	.0031	TG 54:8	C57H94O6	[M+NH4]+	/resources/tools/chemdb_ontology?abbrev=TG 54:8
847.71198	847.7174	.0054	TG 53:6	C56H96O6	[M+H-H2O]+	/resources/tools/chemdb_ontology?abbrev=TG 53:6
873.72781	873.7330	.0052	TG 55:7	C58H98O6	[M+H-H2O]+	/resources/tools/chemdb_ontology?abbrev=TG 55:7
996.26943	996.2739	.0045	CoA 16:4;O	C37H58N7O18P3S	[M+H-H2O]+	/resources/tools/chemdb_ontology?abbrev=CoA 16:4;O
996.26943	996.2715	.0021	CoA 14:2	C35H58N7O17P3SNa	[M+Na]+	/resources/tools/chemdb_ontology?abbrev=CoA 14:2
753.42745	753.4185	.0090	PI 27:2;O	C36H65O14P	[M+H]+	/resources/tools/chemdb_ontology?abbrev=PI 27:2;O
678.51447	678.5068	.0076	PC 28:0	C36H72NO8P	[M+H]+	/resources/tools/chemdb_ontology?abbrev=PC 28:0
678.51447	678.5068	.0076	PE 31:0	C36H72NO8P	[M+H]+	/resources/tools/chemdb_ontology?abbrev=PE 31:0
678.51447	678.5181	.0036	CerPE 33:2;O3	C35H69N2O7P	[M+NH4]+	/resources/tools/chemdb_ontology?abbrev=CerPE 33:2;O3
678.51447	678.5092	.0053	DG 40:10	C43H64O5	[M+NH4]+	/resources/tools/chemdb_ontology?abbrev=DG 40:10
678.51447	678.5068	.0076	PA 33:1	C36H69O8P	[M+NH4]+	/resources/tools/chemdb_ontology?abbrev=PA 33:1
661.53635	661.5279	.0085	CerPE 34:1;O2	C36H73N2O6P	[M+H]+	/resources/tools/chemdb_ontology?abbrev=CerPE 34:1;O2
661.53635	661.5361	.0002	HexCer 30:1;O2	C36H69NO8	[M+NH4]+	/resources/tools/chemdb_ontology?abbrev=HexCer 30:1;O2
677.51117	677.5116	.0004	PA 34:0	C37H73O8P	[M+H]+	/resources/tools/chemdb_ontology?abbrev=PA 34:0
677.51117	677.5116	.0004	PG O-31:0	C37H75O9P	[M+H-H2O]+	/resources/tools/chemdb_ontology?abbrev=PG O-31:0
677.51117	677.5115	.0004	DG 39:6	C42H70O5Na	[M+Na]+	/resources/tools/chemdb_ontology?abbrev=DG 39:6
677.51117	677.5091	.0020	DG 37:3	C40H72O5Na2	[M+2Na-H]+	/resources/tools/chemdb_ontology?abbrev=DG 37:3
738.62114	738.6242	.0031	HexCer 38:1;O2	C44H85NO8	[M+H-H2O]+	/resources/tools/chemdb_ontology?abbrev=HexCer 38:1;O2
738.62114	738.6160	.0052	CerP 44:2;O2	C44H86NO6P	[M+H-H2O]+	/resources/tools/chemdb_ontology?abbrev=CerP 44:2;O2
841.68685	841.6793	.0075	PC O-40:4	C48H90NO7P	[M+NH4]+	/resources/tools/chemdb_ontology?abbrev=PC O-40:4
737.61793	737.6167	.0012	PC O-32:0	C40H82NO7P	[M+NH4]+	/resources/tools/chemdb_ontology?abbrev=PC O-32:0
737.61793	737.6167	.0012	PE O-35:0	C40H82NO7P	[M+NH4]+	/resources/tools/chemdb_ontology?abbrev=PE O-35:0
837.65731	837.6480	.0093	PC O-40:6	C48H86NO7P	[M+NH4]+	/resources/tools/chemdb_ontology?abbrev=PC O-40:6
697.60824	697.6129	.0047	DG 43:4	C46H82O5	[M+H-H2O]+	/resources/tools/chemdb_ontology?abbrev=DG 43:4
738.57185	738.5796	.0077	PC O-35:3	C43H82NO7P	[M+H-H2O]+	/resources/tools/chemdb_ontology?abbrev=PC O-35:3
738.57185	738.5796	.0077	PE O-38:3	C43H82NO7P	[M+H-H2O]+	/resources/tools/chemdb_ontology?abbrev=PE O-38:3
738.57185	738.5643	.0075	PG O-33:1	C39H77O9P	[M+NH4]+	/resources/tools/chemdb_ontology?abbrev=PG O-33:1
773.63933	773.6419	.0025	PA O-42:1	C45H89O7P	[M+H]+	/resources/tools/chemdb_ontology?abbrev=PA O-42:1
753.54116	753.5429	.0017	PA 40:4	C43H77O8P	[M+H]+	/resources/tools/chemdb_ontology?abbrev=PA 40:4
753.54116	753.5405	.0007	PA 38:1	C41H79O8PNa	[M+Na]+	/resources/tools/chemdb_ontology?abbrev=PA 38:1
753.54116	753.5389	.0023	PS 32:0	C38H74NO10P	[M+NH4]+	/resources/tools/chemdb_ontology?abbrev=PS 32:0
857.66076	857.6654	.0046	TG 53:10	C56H88O6	[M+H]+	/resources/tools/chemdb_ontology?abbrev=TG 53:10
857.66076	857.6630	.0022	PG 43:1	C49H95O10P	[M+H-H2O]+	/resources/tools/chemdb_ontology?abbrev=PG 43:1
857.66076	857.6606	.0002	PG O-41:0	C47H95O9PNa	[M+Na]+	/resources/tools/chemdb_ontology?abbrev=PG O-41:0
857.66076	857.6630	.0022	TG 51:7	C54H90O6Na	[M+Na]+	/resources/tools/chemdb_ontology?abbrev=TG 51:7
857.66076	857.6606	.0002	TG 49:4	C52H92O6Na2	[M+2Na-H]+	/resources/tools/chemdb_ontology?abbrev=TG 49:4
737.56716	737.5691	.0019	PG O-34:0	C40H81O9P	[M+H]+	/resources/tools/chemdb_ontology?abbrev=PG O-34:0
737.56716	737.5691	.0019	TG 42:4	C45H78O6Na	[M+Na]+	/resources/tools/chemdb_ontology?abbrev=TG 42:4
737.56716	737.5667	.0005	TG 40:1	C43H80O6Na2	[M+2Na-H]+	/resources/tools/chemdb_ontology?abbrev=TG 40:1
779.55702	779.5585	.0015	PA 42:5	C45H79O8P	[M+H]+	/resources/tools/chemdb_ontology?abbrev=PA 42:5
779.55702	779.5668	.0098	MGDG 36:4	C45H78O10	[M+H]+	/resources/tools/chemdb_ontology?abbrev=MGDG 36:4
779.55702	779.5561	.0009	PA 40:2	C43H81O8PNa	[M+Na]+	/resources/tools/chemdb_ontology?abbrev=PA 40:2
779.55702	779.5644	.0073	MGDG 34:1	C43H80O10Na	[M+Na]+	/resources/tools/chemdb_ontology?abbrev=MGDG 34:1
779.55702	779.5545	.0025	PS 34:1	C40H76NO10P	[M+NH4]+	/resources/tools/chemdb_ontology?abbrev=PS 34:1
842.69072	842.6997	.0090	PC 41:0	C49H98NO8P	[M+H-H2O]+	/resources/tools/chemdb_ontology?abbrev=PC 41:0
842.69072	842.6997	.0090	PE 44:0	C49H98NO8P	[M+H-H2O]+	/resources/tools/chemdb_ontology?abbrev=PE 44:0
903.7735	903.7800	.0065	TG 57:6	C60H104O6	[M+H-H2O]+	/resources/tools/chemdb_ontology?abbrev=TG 57:6
732.61297	732.6137	.0007	TG 42:4	C45H78O6	[M+NH4]+	/resources/tools/chemdb_ontology?abbrev=TG 42:4
595.62352	595.6136	.0099	Cer 38:1;O	C38H75NO2	[M+NH4]+	/resources/tools/chemdb_ontology?abbrev=Cer 38:1;O
596.62656	596.6340	.0074	FA 39:0	C39H78O2	[M+NH4]+	/resources/tools/chemdb_ontology?abbrev=FA 39:0
596.62656	596.6340	.0074	WE 39:0	C39H78O2	[M+NH4]+	/resources/tools/chemdb_ontology?abbrev=WE 39:0
662.5189	662.5119	.0070	PC O-28:1	C36H72NO7P	[M+H]+	/resources/tools/chemdb_ontology?abbrev=PC O-28:1
662.5189	662.5119	.0070	PE O-31:1	C36H72NO7P	[M+H]+	/resources/tools/chemdb_ontology?abbrev=PE O-31:1
662.5189	662.5231	.0042	CerPE 33:2;O2	C35H69N2O6P	[M+NH4]+	/resources/tools/chemdb_ontology?abbrev=CerPE 33:2;O2
662.5189	662.5119	.0070	PA O-33:2	C36H69O7P	[M+NH4]+	/resources/tools/chemdb_ontology?abbrev=PA O-33:2
640.58623	640.5874	.0012	DG 36:1	C39H74O5	[M+NH4]+	/resources/tools/chemdb_ontology?abbrev=DG 36:1
624.6745	624.6653	.0092	WE 41:0	C41H82O2	[M+NH4]+	/resources/tools/chemdb_ontology?abbrev=WE 41:0
763.58277	763.5847	.0020	PG O-36:1	C42H83O9P	[M+H]+	/resources/tools/chemdb_ontology?abbrev=PG O-36:1
763.58277	763.5847	.0019	TG 44:5	C47H80O6Na	[M+Na]+	/resources/tools/chemdb_ontology?abbrev=TG 44:5
763.58277	763.5823	.0005	TG 42:2	C45H82O6Na2	[M+2Na-H]+	/resources/tools/chemdb_ontology?abbrev=TG 42:2
597.62961	597.6292	.0004	Cer 38:0;O	C38H77NO2	[M+NH4]+	/resources/tools/chemdb_ontology?abbrev=Cer 38:0;O
811.64057	811.6324	.0082	PC O-38:5	C46H84NO7P	[M+NH4]+	/resources/tools/chemdb_ontology?abbrev=PC O-38:5
537.57035	537.5605	.0099	FA 36:0	C36H72O2	[M+H]+	/resources/tools/chemdb_ontology?abbrev=FA 36:0
537.57035	537.5605	.0099	WE 36:0	C36H72O2	[M+H]+	/resources/tools/chemdb_ontology?abbrev=WE 36:0
799.65328	799.6575	.0042	PA 44:0	C47H93O8P	[M+H-H2O]+	/resources/tools/chemdb_ontology?abbrev=PA 44:0
815.65126	815.6524	.0012	PA 44:1	C47H91O8P	[M+H]+	/resources/tools/chemdb_ontology?abbrev=PA 44:1
815.65126	815.6524	.0012	PG O-41:1	C47H93O9P	[M+H-H2O]+	/resources/tools/chemdb_ontology?abbrev=PG O-41:1
815.65126	815.6548	.0035	TG 51:8	C54H88O6	[M+H-H2O]+	/resources/tools/chemdb_ontology?abbrev=TG 51:8
919.6968	919.6998	.0030	PI O-42:0	C51H101O12P	[M+H-H2O]+	/resources/tools/chemdb_ontology?abbrev=PI O-42:0
1064.29857	1064.2977	.0009	CoA 18:4;O	C39H62N7O18P3SNa	[M+Na]+	/resources/tools/chemdb_ontology?abbrev=CoA 18:4;O
1064.29857	1064.2953	.0033	CoA 16:1;O	C37H64N7O18P3SNa2	[M+2Na-H]+	/resources/tools/chemdb_ontology?abbrev=CoA 16:1;O
942.84362	942.8484	.0048	TG 57:4	C60H108O6	[M+NH4]+	/resources/tools/chemdb_ontology?abbrev=TG 57:4
872.76883	872.7702	.0013	TG 52:4	C55H98O6	[M+NH4]+	/resources/tools/chemdb_ontology?abbrev=TG 52:4
573.48646	573.4877	.0013	DG 34:3	C37H66O5	[M+H-H2O]+	/resources/tools/chemdb_ontology?abbrev=DG 34:3
573.48646	573.4853	.0011	DG O-32:2	C35H66O4Na	[M+Na]+	/resources/tools/chemdb_ontology?abbrev=DG O-32:2
796.72897	796.7389	.0099	TG 46:0	C49H94O6	[M+NH4]+	/resources/tools/chemdb_ontology?abbrev=TG 46:0
845.74013	845.7470	.0069	SM 44:0;O2	C49H101N2O6P	[M+H]+	/resources/tools/chemdb_ontology?abbrev=SM 44:0;O2
873.82947	873.8269	.0025	TG 54:0	C57H110O6	[M+H-H2O]+	/resources/tools/chemdb_ontology?abbrev=TG 54:0
913.85402	913.8582	.0042	TG 57:1	C60H114O6	[M+H-H2O]+	/resources/tools/chemdb_ontology?abbrev=TG 57:1
750.55756	750.5643	.0068	PS O-34:0	C40H80NO9P	[M+H]+	/resources/tools/chemdb_ontology?abbrev=PS O-34:0
750.55756	750.5490	.0085	HexCer 35:2;O3	C41H77NO9Na	[M+Na]+	/resources/tools/chemdb_ontology?abbrev=HexCer 35:2;O3
750.55756	750.5643	.0068	PG O-34:2	C40H77O9P	[M+NH4]+	/resources/tools/chemdb_ontology?abbrev=PG O-34:2
877.72411	877.7280	.0039	TG 54:7	C57H96O6	[M+H]+	/resources/tools/chemdb_ontology?abbrev=TG 54:7
877.72411	877.7256	.0014	TG 52:4	C55H98O6Na	[M+Na]+	/resources/tools/chemdb_ontology?abbrev=TG 52:4
877.72411	877.7232	.0010	TG 50:1	C53H100O6Na2	[M+2Na-H]+	/resources/tools/chemdb_ontology?abbrev=TG 50:1
821.79842	821.7956	.0028	FA 53:1;O3	C53H104O5	[M+H]+	/resources/tools/chemdb_ontology?abbrev=FA 53:1;O3
821.79842	821.8069	.0085	ACer 52:1;O2	C52H101NO4	[M+NH4]+	/resources/tools/chemdb_ontology?abbrev=ACer 52:1;O2
878.72745	878.7232	.0042	TG 53:8	C56H92O6	[M+NH4]+	/resources/tools/chemdb_ontology?abbrev=TG 53:8
868.6858	868.6790	.0068	PC 42:3	C50H94NO8P	[M+H]+	/resources/tools/chemdb_ontology?abbrev=PC 42:3
868.6858	868.6766	.0092	PC 40:0	C48H96NO8PNa	[M+Na]+	/resources/tools/chemdb_ontology?abbrev=PC 40:0
868.6858	868.6766	.0092	PE 43:0	C48H96NO8PNa	[M+Na]+	/resources/tools/chemdb_ontology?abbrev=PE 43:0
577.51601	577.5190	.0030	DG 34:1	C37H70O5	[M+H-H2O]+	/resources/tools/chemdb_ontology?abbrev=DG 34:1
900.79322	900.8015	.0082	TG 54:4	C57H102O6	[M+NH4]+	/resources/tools/chemdb_ontology?abbrev=TG 54:4
647.45739	647.4646	.0072	PA 32:1	C35H67O8P	[M+H]+	/resources/tools/chemdb_ontology?abbrev=PA 32:1
647.45739	647.4646	.0072	PG O-29:1	C35H69O9P	[M+H-H2O]+	/resources/tools/chemdb_ontology?abbrev=PG O-29:1
647.45739	647.4646	.0072	DG 37:7	C40H64O5Na	[M+Na]+	/resources/tools/chemdb_ontology?abbrev=DG 37:7
647.45739	647.4622	.0048	DG 35:4	C38H66O5Na2	[M+2Na-H]+	/resources/tools/chemdb_ontology?abbrev=DG 35:4
898.78134	898.7858	.0045	TG 54:5	C57H100O6	[M+NH4]+	/resources/tools/chemdb_ontology?abbrev=TG 54:5
855.736	855.7436	.0076	TG 52:4	C55H98O6	[M+H]+	/resources/tools/chemdb_ontology?abbrev=TG 52:4
855.736	855.7412	.0052	TG 50:1	C53H100O6Na	[M+Na]+	/resources/tools/chemdb_ontology?abbrev=TG 50:1
855.736	855.7396	.0036	HexCer 44:2;O2	C50H95NO8	[M+NH4]+	/resources/tools/chemdb_ontology?abbrev=HexCer 44:2;O2
893.69297	893.7017	.0088	TG 57:11	C60H94O6	[M+H-H2O]+	/resources/tools/chemdb_ontology?abbrev=TG 57:11
893.69297	893.6954	.0024	PS 42:0	C48H94NO10P	[M+NH4]+	/resources/tools/chemdb_ontology?abbrev=PS 42:0
664.60152	664.6027	.0012	CE 18:3	C45H74O2	[M+NH4]+	/resources/tools/chemdb_ontology?abbrev=CE 18:3
369.3511	369.3516	.0005	ST 27:1;O	C27H46O	[M+H-H2O]+	/resources/tools/chemdb_ontology?abbrev=ST 27:1;O
369.3511	369.3475	.0036	NAE 20:2	C22H41NO2	[M+NH4]+	/resources/tools/chemdb_ontology?abbrev=NAE 20:2
369.3511	369.3545	.0034	DG 44:0	C47H92O5	[M+2H]2+	/resources/tools/chemdb_ontology?abbrev=DG 44:0
1007.92987	1007.9365	.0066	TG 64:3	C67H124O6	[M+H-H2O]+	/resources/tools/chemdb_ontology?abbrev=TG 64:3
903.73952	903.7436	.0041	TG 56:8	C59H98O6	[M+H]+	/resources/tools/chemdb_ontology?abbrev=TG 56:8
903.73952	903.7412	.0017	TG 54:5	C57H100O6Na	[M+Na]+	/resources/tools/chemdb_ontology?abbrev=TG 54:5
903.73952	903.7388	.0007	TG 52:2	C55H102O6Na2	[M+2Na-H]+	/resources/tools/chemdb_ontology?abbrev=TG 52:2
685.53109	685.5279	.0032	CerPE 36:3;O2	C38H73N2O6P	[M+H]+	/resources/tools/chemdb_ontology?abbrev=CerPE 36:3;O2
685.53109	685.5279	.0032	CerPE 36:2;O3	C38H75N2O7P	[M+H-H2O]+	/resources/tools/chemdb_ontology?abbrev=CerPE 36:2;O3
685.53109	685.5255	.0056	SM 31:0;O2	C36H75N2O6PNa	[M+Na]+	/resources/tools/chemdb_ontology?abbrev=SM 31:0;O2
685.53109	685.5361	.0050	HexCer 32:3;O2	C38H69NO8	[M+NH4]+	/resources/tools/chemdb_ontology?abbrev=HexCer 32:3;O2
603.53277	603.5347	.0019	DG 36:2	C39H72O5	[M+H-H2O]+	/resources/tools/chemdb_ontology?abbrev=DG 36:2
603.53277	603.5323	.0005	DG O-34:1	C37H72O4Na	[M+Na]+	/resources/tools/chemdb_ontology?abbrev=DG O-34:1
669.55722	669.5581	.0009	CE 18:3	C45H74O2Na	[M+Na]+	/resources/tools/chemdb_ontology?abbrev=CE 18:3
669.55722	669.5557	.0015	CE 16:0	C43H76O2Na2	[M+2Na-H]+	/resources/tools/chemdb_ontology?abbrev=CE 16:0
563.50213	563.5034	.0013	DG 33:1	C36H68O5	[M+H-H2O]+	/resources/tools/chemdb_ontology?abbrev=DG 33:1
809.74007	809.7357	.0043	FAHFA 52:2;O	C52H98O4Na	[M+Na]+	/resources/tools/chemdb_ontology?abbrev=FAHFA 52:2;O
367.33541	367.3359	.0005	ST 27:2;O	C27H44O	[M+H-H2O]+	/resources/tools/chemdb_ontology?abbrev=ST 27:2;O
367.33541	367.3319	.0035	NAE 20:3	C22H39NO2	[M+NH4]+	/resources/tools/chemdb_ontology?abbrev=NAE 20:3
367.33541	367.3389	.0034	DG 44:2	C47H88O5	[M+2H]2+	/resources/tools/chemdb_ontology?abbrev=DG 44:2
948.7986	948.8015	.0029	TG 58:8	C61H102O6	[M+NH4]+	/resources/tools/chemdb_ontology?abbrev=TG 58:8
940.81386	940.8093	.0046	PC 48:0	C56H112NO8P	[M+H-H2O]+	/resources/tools/chemdb_ontology?abbrev=PC 48:0
910.78346	910.7858	.0023	TG 55:6	C58H100O6	[M+NH4]+	/resources/tools/chemdb_ontology?abbrev=TG 55:6
904.74275	904.7389	.0039	TG 55:9	C58H94O6	[M+NH4]+	/resources/tools/chemdb_ontology?abbrev=TG 55:9
535.47083	535.4721	.0013	DG 31:1	C34H64O5	[M+H-H2O]+	/resources/tools/chemdb_ontology?abbrev=DG 31:1
782.77854	782.7748	.0037	CE 26:0	C53H96O2	[M+NH4]+	/resources/tools/chemdb_ontology?abbrev=CE 26:0
842.71949	842.7232	.0037	TG 50:5	C53H92O6	[M+NH4]+	/resources/tools/chemdb_ontology?abbrev=TG 50:5
915.7389	915.7436	.0047	TG 57:9	C60H98O6	[M+H]+	/resources/tools/chemdb_ontology?abbrev=TG 57:9
915.7389	915.7412	.0023	TG 55:6	C58H100O6Na	[M+Na]+	/resources/tools/chemdb_ontology?abbrev=TG 55:6
915.7389	915.7388	.0001	TG 53:3	C56H102O6Na2	[M+2Na-H]+	/resources/tools/chemdb_ontology?abbrev=TG 53:3
884.76808	884.7702	.0021	TG 53:5	C56H98O6	[M+NH4]+	/resources/tools/chemdb_ontology?abbrev=TG 53:5
782.72171	782.7232	.0015	TG 45:0	C48H92O6	[M+NH4]+	/resources/tools/chemdb_ontology?abbrev=TG 45:0
813.69286	813.6967	.0038	TG 49:4	C52H92O6	[M+H]+	/resources/tools/chemdb_ontology?abbrev=TG 49:4
813.69286	813.6844	.0085	SM 42:2;O2	C47H93N2O6P	[M+H]+	/resources/tools/chemdb_ontology?abbrev=SM 42:2;O2
813.69286	813.6943	.0014	TG 47:1	C50H94O6Na	[M+Na]+	/resources/tools/chemdb_ontology?abbrev=TG 47:1
813.69286	813.6926	.0002	HexCer 41:2;O2	C47H89NO8	[M+NH4]+	/resources/tools/chemdb_ontology?abbrev=HexCer 41:2;O2
815.69908	815.7000	.0010	SM 42:1;O2	C47H95N2O6P	[M+H]+	/resources/tools/chemdb_ontology?abbrev=SM 42:1;O2
815.69908	815.7083	.0092	HexCer 41:1;O2	C47H91NO8	[M+NH4]+	/resources/tools/chemdb_ontology?abbrev=HexCer 41:1;O2
830.67006	830.6633	.0067	PC 39:1	C47H92NO8P	[M+H]+	/resources/tools/chemdb_ontology?abbrev=PC 39:1
830.67006	830.6633	.0067	PE 42:1	C47H92NO8P	[M+H]+	/resources/tools/chemdb_ontology?abbrev=PE 42:1
830.67006	830.6633	.0067	PS O-41:0	C47H94NO9P	[M+H-H2O]+	/resources/tools/chemdb_ontology?abbrev=PS O-41:0
830.67006	830.6633	.0067	PA 44:2	C47H89O8P	[M+NH4]+	/resources/tools/chemdb_ontology?abbrev=PA 44:2
908.74581	908.7467	.0009	PC 46:2	C54H104NO8P	[M+H-H2O]+	/resources/tools/chemdb_ontology?abbrev=PC 46:2
814.69609	814.7048	.0087	PC O-40:0	C48H98NO7P	[M+H-H2O]+	/resources/tools/chemdb_ontology?abbrev=PC O-40:0
814.69609	814.6919	.0042	TG 48:5	C51H88O6	[M+NH4]+	/resources/tools/chemdb_ontology?abbrev=TG 48:5
829.66657	829.6681	.0015	PG O-42:1	C48H95O9P	[M+H-H2O]+	/resources/tools/chemdb_ontology?abbrev=PG O-42:1
829.66657	829.6704	.0039	TG 52:8	C55H90O6	[M+H-H2O]+	/resources/tools/chemdb_ontology?abbrev=TG 52:8
829.66657	829.6657	.0009	PG dO-40:0	C46H95O8PNa	[M+Na]+	/resources/tools/chemdb_ontology?abbrev=PG dO-40:0
904.81197	904.8068	.0052	ACer 56:1;O2	C56H109NO4Na2	[M+2Na-H]+	/resources/tools/chemdb_ontology?abbrev=ACer 56:1;O2
840.71183	840.7204	.0086	PC O-42:1	C50H100NO7P	[M+H-H2O]+	/resources/tools/chemdb_ontology?abbrev=PC O-42:1
840.71183	840.7076	.0043	TG 50:6	C53H90O6	[M+NH4]+	/resources/tools/chemdb_ontology?abbrev=TG 50:6
975.86776	975.8739	.0061	TG 62:5	C65H116O6	[M+H-H2O]+	/resources/tools/chemdb_ontology?abbrev=TG 62:5
839.70848	839.7123	.0038	TG 51:5	C54H94O6	[M+H]+	/resources/tools/chemdb_ontology?abbrev=TG 51:5
839.70848	839.7099	.0014	TG 49:2	C52H96O6Na	[M+Na]+	/resources/tools/chemdb_ontology?abbrev=TG 49:2
856.68553	856.6790	.0066	PC 41:2	C49H94NO8P	[M+H]+	/resources/tools/chemdb_ontology?abbrev=PC 41:2
856.68553	856.6790	.0066	PE 44:2	C49H94NO8P	[M+H]+	/resources/tools/chemdb_ontology?abbrev=PE 44:2
867.73554	867.7436	.0081	TG 53:5	C56H98O6	[M+H]+	/resources/tools/chemdb_ontology?abbrev=TG 53:5
867.73554	867.7412	.0057	TG 51:2	C54H100O6Na	[M+Na]+	/resources/tools/chemdb_ontology?abbrev=TG 51:2
867.73554	867.7289	.0066	SM 44:0;O2	C49H101N2O6PNa	[M+Na]+	/resources/tools/chemdb_ontology?abbrev=SM 44:0;O2
855.6823	855.6861	.0038	TG 54:9	C57H92O6	[M+H-H2O]+	/resources/tools/chemdb_ontology?abbrev=TG 54:9
865.72399	865.7280	.0040	TG 53:6	C56H96O6	[M+H]+	/resources/tools/chemdb_ontology?abbrev=TG 53:6
865.72399	865.7256	.0016	TG 51:3	C54H98O6Na	[M+Na]+	/resources/tools/chemdb_ontology?abbrev=TG 51:3
865.72399	865.7232	.0008	TG 49:0	C52H100O6Na2	[M+2Na-H]+	/resources/tools/chemdb_ontology?abbrev=TG 49:0
866.7273	866.7232	.0041	TG 52:7	C55H92O6	[M+NH4]+	/resources/tools/chemdb_ontology?abbrev=TG 52:7
866.7273	866.7208	.0065	PG O-42:0	C48H97O9P	[M+NH4]+	/resources/tools/chemdb_ontology?abbrev=PG O-42:0
881.69677	881.7017	.0050	TG 56:10	C59H94O6	[M+H-H2O]+	/resources/tools/chemdb_ontology?abbrev=TG 56:10
882.7001	882.6922	.0079	PC 41:0	C49H98NO8PNa	[M+Na]+	/resources/tools/chemdb_ontology?abbrev=PC 41:0
882.7001	882.6922	.0079	PE 44:0	C49H98NO8PNa	[M+Na]+	/resources/tools/chemdb_ontology?abbrev=PE 44:0
906.75842	906.7545	.0039	TG 55:8	C58H96O6	[M+NH4]+	/resources/tools/chemdb_ontology?abbrev=TG 55:8
905.75474	905.7593	.0045	TG 56:7	C59H100O6	[M+H]+	/resources/tools/chemdb_ontology?abbrev=TG 56:7
905.75474	905.7569	.0021	TG 54:4	C57H102O6Na	[M+Na]+	/resources/tools/chemdb_ontology?abbrev=TG 54:4
905.75474	905.7545	.0003	TG 52:1	C55H104O6Na2	[M+2Na-H]+	/resources/tools/chemdb_ontology?abbrev=TG 52:1
901.86031	901.8582	.0021	TG 56:0	C59H114O6	[M+H-H2O]+	/resources/tools/chemdb_ontology?abbrev=TG 56:0
921.72732	921.7330	.0057	TG 59:11	C62H98O6	[M+H-H2O]+	/resources/tools/chemdb_ontology?abbrev=TG 59:11
921.72732	921.7267	.0007	PS 44:0	C50H98NO10P	[M+NH4]+	/resources/tools/chemdb_ontology?abbrev=PS 44:0
1138.31676	1138.3110	.0058	CoA 22:6;O	C43H66N7O18P3SNa2	[M+2Na-H]+	/resources/tools/chemdb_ontology?abbrev=CoA 22:6;O
891.73963	891.7436	.0040	TG 55:7	C58H98O6	[M+H]+	/resources/tools/chemdb_ontology?abbrev=TG 55:7
891.73963	891.7412	.0016	TG 53:4	C56H100O6Na	[M+Na]+	/resources/tools/chemdb_ontology?abbrev=TG 53:4
891.73963	891.7388	.0008	TG 51:1	C54H102O6Na2	[M+2Na-H]+	/resources/tools/chemdb_ontology?abbrev=TG 51:1
921.82217	921.8269	.0048	TG 58:4	C61H110O6	[M+H-H2O]+	/resources/tools/chemdb_ontology?abbrev=TG 58:4
921.82217	921.8221	.0000	FA 57:1;O3	C57H112O5Na2	[M+2Na-H]+	/resources/tools/chemdb_ontology?abbrev=FA 57:1;O3
892.74244	892.7389	.0036	TG 54:8	C57H94O6	[M+NH4]+	/resources/tools/chemdb_ontology?abbrev=TG 54:8
1033.9434	1033.9521	.0087	TG 66:4	C69H126O6	[M+H-H2O]+	/resources/tools/chemdb_ontology?abbrev=TG 66:4
860.76845	860.7702	.0017	TG 51:3	C54H98O6	[M+NH4]+	/resources/tools/chemdb_ontology?abbrev=TG 51:3
841.66701	841.6704	.0034	TG 53:9	C56H90O6	[M+H-H2O]+	/resources/tools/chemdb_ontology?abbrev=TG 53:9
935.83582	935.8426	.0068	TG 59:4	C62H112O6	[M+H-H2O]+	/resources/tools/chemdb_ontology?abbrev=TG 59:4
946.25447	946.2583	.0038	CoA 12:2	C33H54N7O17P3S	[M+H]+	/resources/tools/chemdb_ontology?abbrev=CoA 12:2
946.25447	946.2583	.0038	CoA 12:1;O	C33H56N7O18P3S	[M+H-H2O]+	/resources/tools/chemdb_ontology?abbrev=CoA 12:1;O
827.70882	827.7123	.0035	TG 50:4	C53H94O6	[M+H]+	/resources/tools/chemdb_ontology?abbrev=TG 50:4
827.70882	827.7000	.0088	SM 43:2;O2	C48H95N2O6P	[M+H]+	/resources/tools/chemdb_ontology?abbrev=SM 43:2;O2
827.70882	827.7099	.0011	TG 48:1	C51H96O6Na	[M+Na]+	/resources/tools/chemdb_ontology?abbrev=TG 48:1
827.70882	827.7083	.0005	HexCer 42:2;O2	C48H91NO8	[M+NH4]+	/resources/tools/chemdb_ontology?abbrev=HexCer 42:2;O2
945.72866	945.7330	.0044	TG 61:13	C64H98O6	[M+H-H2O]+	/resources/tools/chemdb_ontology?abbrev=TG 61:13
946.75282	946.7623	.0095	PE 52:4	C57H106NO8P	[M+H-H2O]+	/resources/tools/chemdb_ontology?abbrev=PE 52:4
930.75823	930.7545	.0037	TG 57:10	C60H96O6	[M+NH4]+	/resources/tools/chemdb_ontology?abbrev=TG 57:10
880.74347	880.7389	.0046	TG 53:7	C56H94O6	[M+NH4]+	/resources/tools/chemdb_ontology?abbrev=TG 53:7
929.75486	929.7593	.0044	TG 58:9	C61H100O6	[M+H]+	/resources/tools/chemdb_ontology?abbrev=TG 58:9
929.75486	929.7569	.0020	TG 56:6	C59H102O6Na	[M+Na]+	/resources/tools/chemdb_ontology?abbrev=TG 56:6
929.75486	929.7545	.0004	TG 54:3	C57H104O6Na2	[M+2Na-H]+	/resources/tools/chemdb_ontology?abbrev=TG 54:3
920.71614	920.7079	.0083	PC 44:2	C52H100NO8PNa	[M+Na]+	/resources/tools/chemdb_ontology?abbrev=PC 44:2
957.82146	957.8269	.0055	TG 61:7	C64H110O6	[M+H-H2O]+	/resources/tools/chemdb_ontology?abbrev=TG 61:7
919.71269	919.7174	.0047	TG 59:12	C62H96O6	[M+H-H2O]+	/resources/tools/chemdb_ontology?abbrev=TG 59:12
919.71269	919.7110	.0017	PS 44:1	C50H96NO10P	[M+NH4]+	/resources/tools/chemdb_ontology?abbrev=PS 44:1
886.78356	886.7858	.0022	TG 53:4	C56H100O6	[M+NH4]+	/resources/tools/chemdb_ontology?abbrev=TG 53:4
796.73774	796.7389	.0011	TG 46:0	C49H94O6	[M+NH4]+	/resources/tools/chemdb_ontology?abbrev=TG 46:0
950.81521	950.8171	.0019	TG 58:7	C61H104O6	[M+NH4]+	/resources/tools/chemdb_ontology?abbrev=TG 58:7
872.76839	872.7702	.0018	TG 52:4	C55H98O6	[M+NH4]+	/resources/tools/chemdb_ontology?abbrev=TG 52:4
898.78404	898.7858	.0018	TG 54:5	C57H100O6	[M+NH4]+	/resources/tools/chemdb_ontology?abbrev=TG 54:5
652.66822	652.6602	.0080	Cer 42:0;O2	C42H85NO3	[M+H]+	/resources/tools/chemdb_ontology?abbrev=Cer 42:0;O2
875.5421	875.5456	.0035	TG 53:17;O2	C56H74O8	[M+H]+	/resources/tools/chemdb_ontology?abbrev=TG 53:17;O2
875.5421	875.5432	.0011	TG 51:14;O2	C54H76O8Na	[M+Na]+	/resources/tools/chemdb_ontology?abbrev=TG 51:14;O2
1034.79616	1034.7936	.0025	PC 56:9	C64H110NO8P	[M+H-H2O]+	/resources/tools/chemdb_ontology?abbrev=PC 56:9
876.69779	876.7076	.0098	TG 53:9	C56H90O6	[M+NH4]+	/resources/tools/chemdb_ontology?abbrev=TG 53:9
836.76828	836.7702	.0019	TG 49:1	C52H98O6	[M+NH4]+	/resources/tools/chemdb_ontology?abbrev=TG 49:1
948.7303	948.7346	.0043	Hex2Cer 40:0;O2	C52H101NO13	[M+H]+	/resources/tools/chemdb_ontology?abbrev=Hex2Cer 40:0;O2
948.7303	948.7263	.0040	IPC 46:0;O3	C52H104NO12P	[M+H-H2O]+	/resources/tools/chemdb_ontology?abbrev=IPC 46:0;O3
948.7303	948.7392	.0089	PC 46:2	C54H104NO8PNa	[M+Na]+	/resources/tools/chemdb_ontology?abbrev=PC 46:2
898.71881	898.7259	.0071	PC 44:2	C52H100NO8P	[M+H]+	/resources/tools/chemdb_ontology?abbrev=PC 44:2
989.88333	989.8895	.0062	TG 63:5	C66H118O6	[M+H-H2O]+	/resources/tools/chemdb_ontology?abbrev=TG 63:5
875.56336	875.5644	.0010	PI 37:3	C46H83O13P	[M+H]+	/resources/tools/chemdb_ontology?abbrev=PI 37:3
875.56336	875.5620	.0014	PI 35:0	C44H85O13PNa	[M+Na]+	/resources/tools/chemdb_ontology?abbrev=PI 35:0
875.56336	875.5545	.0089	PS 42:9	C48H76NO10P	[M+NH4]+	/resources/tools/chemdb_ontology?abbrev=PS 42:9
924.7996	924.8015	.0019	TG 56:6	C59H102O6	[M+NH4]+	/resources/tools/chemdb_ontology?abbrev=TG 56:6
930.84569	930.8484	.0027	TG 56:3	C59H108O6	[M+NH4]+	/resources/tools/chemdb_ontology?abbrev=TG 56:3
875.57522	875.5797	.0044	PG 44:8	C50H83O10P	[M+H]+	/resources/tools/chemdb_ontology?abbrev=PG 44:8
875.57522	875.5773	.0020	PG 42:5	C48H85O10PNa	[M+Na]+	/resources/tools/chemdb_ontology?abbrev=PG 42:5
875.57522	875.5748	.0004	PG 40:2	C46H87O10PNa2	[M+2Na-H]+	/resources/tools/chemdb_ontology?abbrev=PG 40:2
958.87761	958.8797	.0021	TG 58:3	C61H112O6	[M+NH4]+	/resources/tools/chemdb_ontology?abbrev=TG 58:3
882.74956	882.7545	.0049	TG 53:6	C56H96O6	[M+NH4]+	/resources/tools/chemdb_ontology?abbrev=TG 53:6
1031.92843	1031.9365	.0081	TG 66:5	C69H124O6	[M+H-H2O]+	/resources/tools/chemdb_ontology?abbrev=TG 66:5
875.50328	875.5069	.0036	PI 39:8	C48H77O13P	[M+H-H2O]+	/resources/tools/chemdb_ontology?abbrev=PI 39:8
876.65436	876.6477	.0067	PC 43:6	C51H90NO8P	[M+H]+	/resources/tools/chemdb_ontology?abbrev=PC 43:6
876.65436	876.6453	.0091	PC 41:3	C49H92NO8PNa	[M+Na]+	/resources/tools/chemdb_ontology?abbrev=PC 41:3
876.65436	876.6453	.0091	PE 44:3	C49H92NO8PNa	[M+Na]+	/resources/tools/chemdb_ontology?abbrev=PE 44:3
876.65436	876.6511	.0033	HexCer 41:0;O4	C47H93NO10Na2	[M+2Na-H]+	/resources/tools/chemdb_ontology?abbrev=HexCer 41:0;O4
879.74009	879.7436	.0035	TG 54:6	C57H98O6	[M+H]+	/resources/tools/chemdb_ontology?abbrev=TG 54:6
879.74009	879.7412	.0011	TG 52:3	C55H100O6Na	[M+Na]+	/resources/tools/chemdb_ontology?abbrev=TG 52:3
879.74009	879.7388	.0013	TG 50:0	C53H102O6Na2	[M+2Na-H]+	/resources/tools/chemdb_ontology?abbrev=TG 50:0
875.46737	875.4681	.0007	PI 36:7	C45H73O13PNa	[M+Na]+	/resources/tools/chemdb_ontology?abbrev=PI 36:7
875.46737	875.4657	.0017	PI 34:4	C43H75O13PNa2	[M+2Na-H]+	/resources/tools/chemdb_ontology?abbrev=PI 34:4
604.53688	604.5275	.0094	Cer 36:1;O3	C36H71NO4Na	[M+Na]+	/resources/tools/chemdb_ontology?abbrev=Cer 36:1;O3
857.75596	857.7593	.0033	TG 52:3	C55H100O6	[M+H]+	/resources/tools/chemdb_ontology?abbrev=TG 52:3
857.75596	857.7569	.0009	TG 50:0	C53H102O6Na	[M+Na]+	/resources/tools/chemdb_ontology?abbrev=TG 50:0
857.75596	857.7552	.0007	HexCer 44:1;O2	C50H97NO8	[M+NH4]+	/resources/tools/chemdb_ontology?abbrev=HexCer 44:1;O2
876.64226	876.6477	.0054	PC 43:6	C51H90NO8P	[M+H]+	/resources/tools/chemdb_ontology?abbrev=PC 43:6
876.64226	876.6453	.0030	PC 41:3	C49H92NO8PNa	[M+Na]+	/resources/tools/chemdb_ontology?abbrev=PC 41:3
876.64226	876.6453	.0030	PE 44:3	C49H92NO8PNa	[M+Na]+	/resources/tools/chemdb_ontology?abbrev=PE 44:3
876.64226	876.6429	.0006	PC 39:0	C47H94NO8PNa2	[M+2Na-H]+	/resources/tools/chemdb_ontology?abbrev=PC 39:0
876.64226	876.6429	.0006	PE 42:0	C47H94NO8PNa2	[M+2Na-H]+	/resources/tools/chemdb_ontology?abbrev=PE 42:0
876.64226	876.6511	.0088	HexCer 41:0;O4	C47H93NO10Na2	[M+2Na-H]+	/resources/tools/chemdb_ontology?abbrev=HexCer 41:0;O4
875.64647	875.6548	.0083	TG 56:13	C59H88O6	[M+H-H2O]+	/resources/tools/chemdb_ontology?abbrev=TG 56:13
875.64647	875.6372	.0093	PI O-39:1	C48H93O12P	[M+H-H2O]+	/resources/tools/chemdb_ontology?abbrev=PI O-39:1
875.64647	875.6484	.0019	PS 41:2	C47H88NO10P	[M+NH4]+	/resources/tools/chemdb_ontology?abbrev=PS 41:2
881.79927	881.7956	.0036	TG 55:3	C58H106O6	[M+H-H2O]+	/resources/tools/chemdb_ontology?abbrev=TG 55:3
944.86199	944.8641	.0021	TG 57:3	C60H110O6	[M+NH4]+	/resources/tools/chemdb_ontology?abbrev=TG 57:3
876.71062	876.7076	.0031	TG 53:9	C56H90O6	[M+NH4]+	/resources/tools/chemdb_ontology?abbrev=TG 53:9
752.5641	752.5589	.0052	PE O-38:5	C43H78NO7P	[M+H]+	/resources/tools/chemdb_ontology?abbrev=PE O-38:5
752.5641	752.5589	.0052	PC 35:3	C43H80NO8P	[M+H-H2O]+	/resources/tools/chemdb_ontology?abbrev=PC 35:3
752.5641	752.5589	.0052	PE 38:3	C43H80NO8P	[M+H-H2O]+	/resources/tools/chemdb_ontology?abbrev=PE 38:3
752.5641	752.5565	.0076	PC O-33:2	C41H80NO7PNa	[M+Na]+	/resources/tools/chemdb_ontology?abbrev=PC O-33:2
752.5641	752.5565	.0076	PE O-36:2	C41H80NO7PNa	[M+Na]+	/resources/tools/chemdb_ontology?abbrev=PE O-36:2
752.5641	752.5589	.0052	PA O-40:6	C43H75O7P	[M+NH4]+	/resources/tools/chemdb_ontology?abbrev=PA O-40:6
665.45908	665.4541	.0050	PA 35:4	C38H67O8P	[M+H-H2O]+	/resources/tools/chemdb_ontology?abbrev=PA 35:4
665.45908	665.4517	.0074	PA O-33:3	C36H67O7PNa	[M+Na]+	/resources/tools/chemdb_ontology?abbrev=PA O-33:3
665.45908	665.4493	.0098	PA O-31:0	C34H69O7PNa2	[M+2Na-H]+	/resources/tools/chemdb_ontology?abbrev=PA O-31:0
875.61357	875.6136	.0000	TG 51:9	C54H86O6Na2	[M+2Na-H]+	/resources/tools/chemdb_ontology?abbrev=TG 51:9
964.71683	964.7212	.0044	IPC 46:0;O4	C52H104NO13P	[M+H-H2O]+	/resources/tools/chemdb_ontology?abbrev=IPC 46:0;O4
875.63762	875.6372	.0004	PI O-39:1	C48H93O12P	[M+H-H2O]+	/resources/tools/chemdb_ontology?abbrev=PI O-39:1
858.76036	858.7545	.0059	TG 51:4	C54H96O6	[M+NH4]+	/resources/tools/chemdb_ontology?abbrev=TG 51:4
603.53349	603.5347	.0012	DG 36:2	C39H72O5	[M+H-H2O]+	/resources/tools/chemdb_ontology?abbrev=DG 36:2
603.53349	603.5323	.0012	DG O-34:1	C37H72O4Na	[M+Na]+	/resources/tools/chemdb_ontology?abbrev=DG O-34:1
915.87082	915.8739	.0031	TG 57:0	C60H116O6	[M+H-H2O]+	/resources/tools/chemdb_ontology?abbrev=TG 57:0
982.7642	982.7553	.0089	Hex2Cer 44:2;O2	C56H105NO13	[M+H-H2O]+	/resources/tools/chemdb_ontology?abbrev=Hex2Cer 44:2;O2
874.78546	874.7858	.0003	TG 52:3	C55H100O6	[M+NH4]+	/resources/tools/chemdb_ontology?abbrev=TG 52:3
852.13395	852.1436	.0097	CoA 4:1;O	C25H40N7O18P3S	[M+H]+	/resources/tools/chemdb_ontology?abbrev=CoA 4:1;O
891.75597	891.7525	.0035	PC 42:0	C50H100NO8P	[M+NH4]+	/resources/tools/chemdb_ontology?abbrev=PC 42:0
932.86172	932.8641	.0023	TG 56:2	C59H110O6	[M+NH4]+	/resources/tools/chemdb_ontology?abbrev=TG 56:2
875.82563	875.8167	.0090	FA 56:1;O	C56H110O3Na2	[M+2Na-H]+	/resources/tools/chemdb_ontology?abbrev=FA 56:1;O
854.72794	854.7232	.0047	TG 51:6	C54H92O6	[M+NH4]+	/resources/tools/chemdb_ontology?abbrev=TG 51:6
851.52354	851.5173	.0062	PG O-40:7	C46H79O9PNa2	[M+2Na-H]+	/resources/tools/chemdb_ontology?abbrev=PG O-40:7
851.60424	851.6008	.0035	PI O-36:1	C45H87O12P	[M+H]+	/resources/tools/chemdb_ontology?abbrev=PI O-36:1
851.60424	851.6112	.0070	PG O-39:0	C45H91O9PNa2	[M+2Na-H]+	/resources/tools/chemdb_ontology?abbrev=PG O-39:0
851.60424	851.6136	.0094	TG 49:7	C52H86O6Na2	[M+2Na-H]+	/resources/tools/chemdb_ontology?abbrev=TG 49:7
832.80641	832.8116	.0052	ACer 54:1;O2	C54H105NO4	[M+H]+	/resources/tools/chemdb_ontology?abbrev=ACer 54:1;O2
851.46948	851.4705	.0010	PI 36:8	C45H71O13P	[M+H]+	/resources/tools/chemdb_ontology?abbrev=PI 36:8
851.46948	851.4681	.0014	PI 34:5	C43H73O13PNa	[M+Na]+	/resources/tools/chemdb_ontology?abbrev=PI 34:5
851.46948	851.4657	.0038	PI 32:2	C41H75O13PNa2	[M+2Na-H]+	/resources/tools/chemdb_ontology?abbrev=PI 32:2
851.55294	851.5433	.0097	PI O-38:6	C47H81O12P	[M+H-H2O]+	/resources/tools/chemdb_ontology?abbrev=PI O-38:6
851.55294	851.5545	.0016	PS 40:7	C46H76NO10P	[M+NH4]+	/resources/tools/chemdb_ontology?abbrev=PS 40:7
851.55294	851.5537	.0008	PA 44:5	C47H83O8PNa2	[M+2Na-H]+	/resources/tools/chemdb_ontology?abbrev=PA 44:5
851.65257	851.6548	.0022	TG 54:11	C57H88O6	[M+H-H2O]+	/resources/tools/chemdb_ontology?abbrev=TG 54:11
851.65257	851.6484	.0042	PS 39:0	C45H88NO10P	[M+NH4]+	/resources/tools/chemdb_ontology?abbrev=PS 39:0
851.65257	851.6476	.0050	PG dO-40:0	C46H95O8PNa2	[M+2Na-H]+	/resources/tools/chemdb_ontology?abbrev=PG dO-40:0
851.68089	851.6848	.0039	PS O-40:0	C46H92NO9P	[M+NH4]+	/resources/tools/chemdb_ontology?abbrev=PS O-40:0
849.70834	849.7055	.0028	PC 39:0	C47H94NO8P	[M+NH4]+	/resources/tools/chemdb_ontology?abbrev=PC 39:0
849.70834	849.7055	.0028	PE 42:0	C47H94NO8P	[M+NH4]+	/resources/tools/chemdb_ontology?abbrev=PE 42:0
849.70834	849.7138	.0054	HexCer 41:0;O4	C47H93NO10	[M+NH4]+	/resources/tools/chemdb_ontology?abbrev=HexCer 41:0;O4
896.71648	896.7103	.0062	PC 44:3	C52H98NO8P	[M+H]+	/resources/tools/chemdb_ontology?abbrev=PC 44:3
896.71648	896.7079	.0086	PC 42:0	C50H100NO8PNa	[M+Na]+	/resources/tools/chemdb_ontology?abbrev=PC 42:0
575.50256	575.5034	.0008	FAHFA 37:3;O	C37H66O4	[M+H]+	/resources/tools/chemdb_ontology?abbrev=FAHFA 37:3;O
575.50256	575.5034	.0008	DG 34:2	C37H68O5	[M+H-H2O]+	/resources/tools/chemdb_ontology?abbrev=DG 34:2
570.54601	570.5456	.0004	Cer 35:0;O3	C35H71NO4	[M+H]+	/resources/tools/chemdb_ontology?abbrev=Cer 35:0;O3
850.53776	850.5357	.0020	PC 40:9	C48H78NO8PNa	[M+Na]+	/resources/tools/chemdb_ontology?abbrev=PC 40:9
850.53776	850.5440	.0062	PI 34:3	C43H77O13P	[M+NH4]+	/resources/tools/chemdb_ontology?abbrev=PI 34:3
850.53776	850.5333	.0044	PC 38:6	C46H80NO8PNa2	[M+2Na-H]+	/resources/tools/chemdb_ontology?abbrev=PC 38:6
850.53776	850.5333	.0044	PE 41:6	C46H80NO8PNa2	[M+2Na-H]+	/resources/tools/chemdb_ontology?abbrev=PE 41:6
851.70834	851.7123	.0040	TG 52:6	C55H94O6	[M+H]+	/resources/tools/chemdb_ontology?abbrev=TG 52:6
851.70834	851.7099	.0016	TG 50:3	C53H96O6Na	[M+Na]+	/resources/tools/chemdb_ontology?abbrev=TG 50:3
851.70834	851.7075	.0008	TG 48:0	C51H98O6Na2	[M+2Na-H]+	/resources/tools/chemdb_ontology?abbrev=TG 48:0
850.52506	850.5205	.0046	PC 36:5;O3	C44H78NO11PNa	[M+Na]+	/resources/tools/chemdb_ontology?abbrev=PC 36:5;O3
850.52506	850.5263	.0012	Hex2Cer 30:1;O2	C42H79NO13Na2	[M+2Na-H]+	/resources/tools/chemdb_ontology?abbrev=Hex2Cer 30:1;O2
850.52506	850.5333	.0083	PC 38:6	C46H80NO8PNa2	[M+2Na-H]+	/resources/tools/chemdb_ontology?abbrev=PC 38:6
850.52506	850.5333	.0083	PE 41:6	C46H80NO8PNa2	[M+2Na-H]+	/resources/tools/chemdb_ontology?abbrev=PE 41:6
851.54278	851.5433	.0005	PI O-38:6	C47H81O12P	[M+H-H2O]+	/resources/tools/chemdb_ontology?abbrev=PI O-38:6
904.8297	904.8328	.0031	TG 54:2	C57H106O6	[M+NH4]+	/resources/tools/chemdb_ontology?abbrev=TG 54:2
851.61654	851.6160	.0005	PG 43:4	C49H89O10P	[M+H-H2O]+	/resources/tools/chemdb_ontology?abbrev=PG 43:4
851.61654	851.6203	.0037	Hex2Cer 32:1;O2	C44H83NO13	[M+NH4]+	/resources/tools/chemdb_ontology?abbrev=Hex2Cer 32:1;O2
851.61654	851.6136	.0029	TG 49:7	C52H86O6Na2	[M+2Na-H]+	/resources/tools/chemdb_ontology?abbrev=TG 49:7
851.61654	851.6112	.0053	PG O-39:0	C45H91O9PNa2	[M+2Na-H]+	/resources/tools/chemdb_ontology?abbrev=PG O-39:0
889.75652	889.7643	.0078	TG 56:6	C59H102O6	[M+H-H2O]+	/resources/tools/chemdb_ontology?abbrev=TG 56:6
849.64054	849.6391	.0014	TG 54:12	C57H86O6	[M+H-H2O]+	/resources/tools/chemdb_ontology?abbrev=TG 54:12
849.64054	849.6328	.0078	PS 39:1	C45H86NO10P	[M+NH4]+	/resources/tools/chemdb_ontology?abbrev=PS 39:1
850.68472	850.6895	.0048	PG O-41:1	C47H93O9P	[M+NH4]+	/resources/tools/chemdb_ontology?abbrev=PG O-41:1
850.68472	850.6919	.0072	TG 51:8	C54H88O6	[M+NH4]+	/resources/tools/chemdb_ontology?abbrev=TG 51:8
851.56851	851.5644	.0041	PI 35:1	C44H83O13P	[M+H]+	/resources/tools/chemdb_ontology?abbrev=PI 35:1
851.56851	851.5773	.0087	PG 40:3	C46H85O10PNa	[M+Na]+	/resources/tools/chemdb_ontology?abbrev=PG 40:3
851.56851	851.5748	.0063	PG 38:0	C44H87O10PNa2	[M+2Na-H]+	/resources/tools/chemdb_ontology?abbrev=PG 38:0
576.50592	576.4962	.0097	Cer 34:1;O3	C34H67NO4Na	[M+Na]+	/resources/tools/chemdb_ontology?abbrev=Cer 34:1;O3
850.4511	850.4605	.0094	PS 38:7	C44H72NO10PNa2	[M+2Na-H]+	/resources/tools/chemdb_ontology?abbrev=PS 38:7
850.69534	850.6919	.0034	TG 51:8	C54H88O6	[M+NH4]+	/resources/tools/chemdb_ontology?abbrev=TG 51:8
850.69534	850.6895	.0058	PG O-41:1	C47H93O9P	[M+NH4]+	/resources/tools/chemdb_ontology?abbrev=PG O-41:1
849.53421	849.5276	.0066	PI O-38:7	C47H79O12P	[M+H-H2O]+	/resources/tools/chemdb_ontology?abbrev=PI O-38:7
849.53421	849.5389	.0046	PS 40:8	C46H74NO10P	[M+NH4]+	/resources/tools/chemdb_ontology?abbrev=PS 40:8
849.53421	849.5381	.0039	PA 44:6	C47H81O8PNa2	[M+2Na-H]+	/resources/tools/chemdb_ontology?abbrev=PA 44:6
890.55453	890.5565	.0020	TG 53:18;O2	C56H72O8	[M+NH4]+	/resources/tools/chemdb_ontology?abbrev=TG 53:18;O2
849.456	849.4524	.0036	PI 34:6	C43H71O13PNa	[M+Na]+	/resources/tools/chemdb_ontology?abbrev=PI 34:6
849.456	849.4500	.0060	PI 32:3	C41H73O13PNa2	[M+2Na-H]+	/resources/tools/chemdb_ontology?abbrev=PI 32:3
849.456	849.4653	.0093	PG 39:8	C45H73O10PNa2	[M+2Na-H]+	/resources/tools/chemdb_ontology?abbrev=PG 39:8
851.69469	851.6976	.0030	SM 43:1;O2	C48H97N2O6PNa	[M+Na]+	/resources/tools/chemdb_ontology?abbrev=SM 43:1;O2
851.69469	851.6848	.0099	PS O-40:0	C46H92NO9P	[M+NH4]+	/resources/tools/chemdb_ontology?abbrev=PS O-40:0
850.77628	850.7858	.0095	TG 50:1	C53H100O6	[M+NH4]+	/resources/tools/chemdb_ontology?abbrev=TG 50:1
851.51444	851.5069	.0076	PI 37:6	C46H77O13P	[M+H-H2O]+	/resources/tools/chemdb_ontology?abbrev=PI 37:6
851.51444	851.5173	.0029	PG O-40:7	C46H79O9PNa2	[M+2Na-H]+	/resources/tools/chemdb_ontology?abbrev=PG O-40:7
850.59056	850.5956	.0051	PS O-42:6	C48H84NO9P	[M+H]+	/resources/tools/chemdb_ontology?abbrev=PS O-42:6
850.59056	850.5956	.0051	PS 42:4	C48H86NO10P	[M+H-H2O]+	/resources/tools/chemdb_ontology?abbrev=PS 42:4
850.59056	850.5932	.0027	PS O-40:3	C46H86NO9PNa	[M+Na]+	/resources/tools/chemdb_ontology?abbrev=PS O-40:3
850.59056	850.5908	.0003	PS O-38:0	C44H88NO9PNa2	[M+2Na-H]+	/resources/tools/chemdb_ontology?abbrev=PS O-38:0
850.47091	850.4630	.0080	PS 40:10	C46H70NO10PNa	[M+Na]+	/resources/tools/chemdb_ontology?abbrev=PS 40:10
850.55323	850.5593	.0060	PS 41:6	C47H80NO10P	[M+H]+	/resources/tools/chemdb_ontology?abbrev=PS 41:6
850.55323	850.5569	.0036	PS 39:3	C45H82NO10PNa	[M+Na]+	/resources/tools/chemdb_ontology?abbrev=PS 39:3
850.55323	850.5440	.0092	PI 34:3	C43H77O13P	[M+NH4]+	/resources/tools/chemdb_ontology?abbrev=PI 34:3
850.55323	850.5544	.0012	PS 37:0	C43H84NO10PNa2	[M+2Na-H]+	/resources/tools/chemdb_ontology?abbrev=PS 37:0
850.5694	850.5697	.0003	PE O-42:6	C47H84NO7PNa2	[M+2Na-H]+	/resources/tools/chemdb_ontology?abbrev=PE O-42:6
849.51963	849.5276	.0080	PI O-38:7	C47H79O12P	[M+H-H2O]+	/resources/tools/chemdb_ontology?abbrev=PI O-38:7
850.629	850.6320	.0030	PC 41:5	C49H88NO8P	[M+H]+	/resources/tools/chemdb_ontology?abbrev=PC 41:5
850.629	850.6320	.0030	PE 44:5	C49H88NO8P	[M+H]+	/resources/tools/chemdb_ontology?abbrev=PE 44:5
850.629	850.6296	.0006	PC 39:2	C47H90NO8PNa	[M+Na]+	/resources/tools/chemdb_ontology?abbrev=PC 39:2
850.629	850.6296	.0006	PE 42:2	C47H90NO8PNa	[M+Na]+	/resources/tools/chemdb_ontology?abbrev=PE 42:2
849.47333	849.4653	.0080	PG 39:8	C45H73O10PNa2	[M+2Na-H]+	/resources/tools/chemdb_ontology?abbrev=PG 39:8
849.83073	849.8269	.0038	FA 55:1;O3	C55H108O5	[M+H]+	/resources/tools/chemdb_ontology?abbrev=FA 55:1;O3
849.83073	849.8382	.0074	ACer 54:1;O2	C54H105NO4	[M+NH4]+	/resources/tools/chemdb_ontology?abbrev=ACer 54:1;O2
849.54816	849.5488	.0006	PI 35:2	C44H81O13P	[M+H]+	/resources/tools/chemdb_ontology?abbrev=PI 35:2
849.54816	849.5389	.0093	PS 40:8	C46H74NO10P	[M+NH4]+	/resources/tools/chemdb_ontology?abbrev=PS 40:8
851.59137	851.6008	.0094	PI O-36:1	C45H87O12P	[M+H]+	/resources/tools/chemdb_ontology?abbrev=PI O-36:1
849.61523	849.6215	.0063	PI O-37:0	C46H91O12P	[M+H-H2O]+	/resources/tools/chemdb_ontology?abbrev=PI O-37:0
849.61523	849.6116	.0036	PC 40:7	C48H82NO8P	[M+NH4]+	/resources/tools/chemdb_ontology?abbrev=PC 40:7
849.61523	849.6162	.0010	CL 86:4	C95H178O17P2Na2	[M+2Na]2+	/resources/tools/chemdb_ontology?abbrev=CL 86:4
849.60386	849.5964	.0075	PC 36:3;O3	C44H82NO11P	[M+NH4]+	/resources/tools/chemdb_ontology?abbrev=PC 36:3;O3
849.60386	849.6116	.0078	PC 40:7	C48H82NO8P	[M+NH4]+	/resources/tools/chemdb_ontology?abbrev=PC 40:7
849.60386	849.5980	.0059	TG 49:8	C52H84O6Na2	[M+2Na-H]+	/resources/tools/chemdb_ontology?abbrev=TG 49:8
849.60386	849.5956	.0083	PG O-39:1	C45H89O9PNa2	[M+2Na-H]+	/resources/tools/chemdb_ontology?abbrev=PG O-39:1
849.50628	849.5065	.0002	PG 44:12	C50H75O10P	[M+H-H2O]+	/resources/tools/chemdb_ontology?abbrev=PG 44:12
850.51282	850.5205	.0076	PC 36:5;O3	C44H78NO11PNa	[M+Na]+	/resources/tools/chemdb_ontology?abbrev=PC 36:5;O3
877.85336	877.8582	.0049	FA 57:1;O3	C57H112O5	[M+H]+	/resources/tools/chemdb_ontology?abbrev=FA 57:1;O3
848.77104	848.7702	.0009	TG 50:2	C53H98O6	[M+NH4]+	/resources/tools/chemdb_ontology?abbrev=TG 50:2
831.74219	831.7436	.0014	TG 50:2	C53H98O6	[M+H]+	/resources/tools/chemdb_ontology?abbrev=TG 50:2
831.74219	831.7396	.0026	HexCer 42:0;O2	C48H95NO8	[M+NH4]+	/resources/tools/chemdb_ontology?abbrev=HexCer 42:0;O2
577.51769	577.5190	.0013	DG 34:1	C37H70O5	[M+H-H2O]+	/resources/tools/chemdb_ontology?abbrev=DG 34:1
849.44268	849.4524	.0098	PI 34:6	C43H71O13PNa	[M+Na]+	/resources/tools/chemdb_ontology?abbrev=PI 34:6
849.44268	849.4500	.0074	PI 32:3	C41H73O13PNa2	[M+2Na-H]+	/resources/tools/chemdb_ontology?abbrev=PI 32:3
850.57831	850.5804	.0021	PI O-35:3	C44H81O12P	[M+NH4]+	/resources/tools/chemdb_ontology?abbrev=PI O-35:3
850.57831	850.5697	.0086	PE O-42:6	C47H84NO7PNa2	[M+2Na-H]+	/resources/tools/chemdb_ontology?abbrev=PE O-42:6
849.48292	849.4912	.0083	PI 37:7	C46H75O13P	[M+H-H2O]+	/resources/tools/chemdb_ontology?abbrev=PI 37:7
849.48292	849.4864	.0035	PI O-33:3	C42H77O12PNa2	[M+2Na-H]+	/resources/tools/chemdb_ontology?abbrev=PI O-33:3
890.66146	890.6633	.0019	PC 44:6	C52H92NO8P	[M+H]+	/resources/tools/chemdb_ontology?abbrev=PC 44:6
890.66146	890.6563	.0051	Hex2Cer 36:1;O2	C48H91NO13	[M+H]+	/resources/tools/chemdb_ontology?abbrev=Hex2Cer 36:1;O2
890.66146	890.6609	.0005	PC 42:3	C50H94NO8PNa	[M+Na]+	/resources/tools/chemdb_ontology?abbrev=PC 42:3
890.66146	890.6585	.0029	PC 40:0	C48H96NO8PNa2	[M+2Na-H]+	/resources/tools/chemdb_ontology?abbrev=PC 40:0
890.66146	890.6585	.0029	PE 43:0	C48H96NO8PNa2	[M+2Na-H]+	/resources/tools/chemdb_ontology?abbrev=PE 43:0
850.65637	850.6660	.0096	PC O-40:2	C48H94NO7PNa	[M+Na]+	/resources/tools/chemdb_ontology?abbrev=PC O-40:2
850.65637	850.6532	.0032	PG 40:1	C46H89O10P	[M+NH4]+	/resources/tools/chemdb_ontology?abbrev=PG 40:1
849.58102	849.5851	.0041	PI O-36:2	C45H85O12P	[M+H]+	/resources/tools/chemdb_ontology?abbrev=PI O-36:2
849.58102	849.5851	.0041	PI 36:0	C45H87O13P	[M+H-H2O]+	/resources/tools/chemdb_ontology?abbrev=PI 36:0
578.5214	578.5143	.0071	Cer 36:3;O3	C36H67NO4	[M+H]+	/resources/tools/chemdb_ontology?abbrev=Cer 36:3;O3
578.5214	578.5119	.0095	Cer 34:0;O3	C34H69NO4Na	[M+Na]+	/resources/tools/chemdb_ontology?abbrev=Cer 34:0;O3
578.5214	578.5143	.0071	FAHFA 36:3;O	C36H64O4	[M+NH4]+	/resources/tools/chemdb_ontology?abbrev=FAHFA 36:3;O
851.629	851.6273	.0017	PC 40:6	C48H84NO8P	[M+NH4]+	/resources/tools/chemdb_ontology?abbrev=PC 40:6
851.629	851.6273	.0017	PE 43:6	C48H84NO8P	[M+NH4]+	/resources/tools/chemdb_ontology?abbrev=PE 43:6
851.629	851.6203	.0087	Hex2Cer 32:1;O2	C44H83NO13	[M+NH4]+	/resources/tools/chemdb_ontology?abbrev=Hex2Cer 32:1;O2
850.64323	850.6532	.0099	PG 40:1	C46H89O10P	[M+NH4]+	/resources/tools/chemdb_ontology?abbrev=PG 40:1
832.74567	832.7389	.0068	TG 49:3	C52H94O6	[M+NH4]+	/resources/tools/chemdb_ontology?abbrev=TG 49:3
850.67006	850.6684	.0016	PC O-42:5	C50H92NO7P	[M+H]+	/resources/tools/chemdb_ontology?abbrev=PC O-42:5
850.67006	850.6684	.0016	PC 42:3	C50H94NO8P	[M+H-H2O]+	/resources/tools/chemdb_ontology?abbrev=PC 42:3
850.67006	850.6660	.0041	PC O-40:2	C48H94NO7PNa	[M+Na]+	/resources/tools/chemdb_ontology?abbrev=PC O-40:2
850.67006	850.6742	.0042	HexCer 42:1;O3	C48H93NO9Na	[M+Na]+	/resources/tools/chemdb_ontology?abbrev=HexCer 42:1;O3
601.51755	601.5190	.0015	DG 36:3	C39H70O5	[M+H-H2O]+	/resources/tools/chemdb_ontology?abbrev=DG 36:3
941.88728	941.8895	.0023	TG 59:1	C62H118O6	[M+H-H2O]+	/resources/tools/chemdb_ontology?abbrev=TG 59:1
547.47106	547.4721	.0010	FAHFA 35:3;O	C35H62O4	[M+H]+	/resources/tools/chemdb_ontology?abbrev=FAHFA 35:3;O
547.47106	547.4721	.0010	DG 32:2	C35H64O5	[M+H-H2O]+	/resources/tools/chemdb_ontology?abbrev=DG 32:2
851.48352	851.4881	.0046	TG 53:20;O2	C56H68O8	[M+H-H2O]+	/resources/tools/chemdb_ontology?abbrev=TG 53:20;O2
851.48352	851.4809	.0026	PG 39:7	C45H75O10PNa2	[M+2Na-H]+	/resources/tools/chemdb_ontology?abbrev=PG 39:7
872.70319	872.7103	.0071	PC 42:1	C50H98NO8P	[M+H]+	/resources/tools/chemdb_ontology?abbrev=PC 42:1
664.45594	664.4548	.0011	PS O-28:1	C34H66NO9P	[M+H]+	/resources/tools/chemdb_ontology?abbrev=PS O-28:1
664.45594	664.4652	.0093	CerP 34:0;O2	C34H70NO6PNa2	[M+2Na-H]+	/resources/tools/chemdb_ontology?abbrev=CerP 34:0;O2
579.52518	579.5347	.0095	DG 34:0	C37H72O5	[M+H-H2O]+	/resources/tools/chemdb_ontology?abbrev=DG 34:0
849.56143	849.5640	.0026	PG 42:7	C48H81O10P	[M+H]+	/resources/tools/chemdb_ontology?abbrev=PG 42:7
849.56143	849.5616	.0002	PG 40:4	C46H83O10PNa	[M+Na]+	/resources/tools/chemdb_ontology?abbrev=PG 40:4
849.56143	849.5592	.0022	PG 38:1	C44H85O10PNa2	[M+2Na-H]+	/resources/tools/chemdb_ontology?abbrev=PG 38:1
853.72454	853.7280	.0034	TG 52:5	C55H96O6	[M+H]+	/resources/tools/chemdb_ontology?abbrev=TG 52:5
853.72454	853.7256	.0010	TG 50:2	C53H98O6Na	[M+Na]+	/resources/tools/chemdb_ontology?abbrev=TG 50:2
663.45266	663.4595	.0069	PG 29:0	C35H69O10P	[M+H-H2O]+	/resources/tools/chemdb_ontology?abbrev=PG 29:0
550.49045	550.4830	.0075	Cer 34:3;O3	C34H63NO4	[M+H]+	/resources/tools/chemdb_ontology?abbrev=Cer 34:3;O3
550.49045	550.4830	.0075	FAHFA 34:3;O	C34H60O4	[M+NH4]+	/resources/tools/chemdb_ontology?abbrev=FAHFA 34:3;O
823.69793	823.7051	.0072	SM 44:2;O2	C49H97N2O6P	[M+H-H2O]+	/resources/tools/chemdb_ontology?abbrev=SM 44:2;O2
823.63434	823.6324	.0020	PE O-42:6	C47H84NO7P	[M+NH4]+	/resources/tools/chemdb_ontology?abbrev=PE O-42:6
856.73421	856.7389	.0046	TG 51:5	C54H94O6	[M+NH4]+	/resources/tools/chemdb_ontology?abbrev=TG 51:5
855.73133	855.7412	.0099	TG 50:1	C53H100O6Na	[M+Na]+	/resources/tools/chemdb_ontology?abbrev=TG 50:1
855.73133	855.7396	.0083	HexCer 44:2;O2	C50H95NO8	[M+NH4]+	/resources/tools/chemdb_ontology?abbrev=HexCer 44:2;O2
890.63011	890.6386	.0084	SHexCer 42:2;O2	C48H91NO11S	[M+H]+	/resources/tools/chemdb_ontology?abbrev=SHexCer 42:2;O2
890.63011	890.6386	.0084	SHexCer 42:1;O3	C48H93NO12S	[M+H-H2O]+	/resources/tools/chemdb_ontology?abbrev=SHexCer 42:1;O3
890.63011	890.6221	.0080	PS O-41:1	C47H92NO9PNa2	[M+2Na-H]+	/resources/tools/chemdb_ontology?abbrev=PS O-41:1
824.64471	824.6528	.0081	PC O-40:4	C48H90NO7P	[M+H]+	/resources/tools/chemdb_ontology?abbrev=PC O-40:4
824.64471	824.6528	.0081	PC 40:2	C48H92NO8P	[M+H-H2O]+	/resources/tools/chemdb_ontology?abbrev=PC 40:2
824.64471	824.6528	.0081	PE 43:2	C48H92NO8P	[M+H-H2O]+	/resources/tools/chemdb_ontology?abbrev=PE 43:2
824.64471	824.6504	.0056	PC O-38:1	C46H92NO7PNa	[M+Na]+	/resources/tools/chemdb_ontology?abbrev=PC O-38:1
824.64471	824.6504	.0056	PE O-41:1	C46H92NO7PNa	[M+Na]+	/resources/tools/chemdb_ontology?abbrev=PE O-41:1
824.64471	824.6375	.0072	PG 38:0	C44H87O10P	[M+NH4]+	/resources/tools/chemdb_ontology?abbrev=PG 38:0
823.43379	823.4239	.0098	PI 30:4;O3	C39H67O16P	[M+H]+	/resources/tools/chemdb_ontology?abbrev=PI 30:4;O3
823.43379	823.4368	.0030	PI 32:5	C41H69O13PNa	[M+Na]+	/resources/tools/chemdb_ontology?abbrev=PI 32:5
823.43379	823.4344	.0006	PI 30:2	C39H71O13PNa2	[M+2Na-H]+	/resources/tools/chemdb_ontology?abbrev=PI 30:2
824.5273	824.5201	.0072	PC 38:8	C46H76NO8PNa	[M+Na]+	/resources/tools/chemdb_ontology?abbrev=PC 38:8
824.5273	824.5284	.0011	PI 32:2	C41H75O13P	[M+NH4]+	/resources/tools/chemdb_ontology?abbrev=PI 32:2
824.5273	824.5177	.0096	PC 36:5	C44H78NO8PNa2	[M+2Na-H]+	/resources/tools/chemdb_ontology?abbrev=PC 36:5
824.5273	824.5177	.0096	PE 39:5	C44H78NO8PNa2	[M+2Na-H]+	/resources/tools/chemdb_ontology?abbrev=PE 39:5
854.78403	854.7936	.0095	ACer 54:1;O2	C54H105NO4Na	[M+Na]+	/resources/tools/chemdb_ontology?abbrev=ACer 54:1;O2
824.47709	824.4813	.0042	PE 38:6;O	C43H74NO9PNa2	[M+2Na-H]+	/resources/tools/chemdb_ontology?abbrev=PE 38:6;O
824.5057	824.5024	.0033	IPC 34:1;O2	C40H78NO11PNa2	[M+2Na-H]+	/resources/tools/chemdb_ontology?abbrev=IPC 34:1;O2
823.56797	823.5695	.0015	PI O-34:1	C43H83O12P	[M+H]+	/resources/tools/chemdb_ontology?abbrev=PI O-34:1
823.45618	823.4496	.0065	PG 37:7	C43H71O10PNa2	[M+2Na-H]+	/resources/tools/chemdb_ontology?abbrev=PG 37:7
549.48712	549.4877	.0006	DG 32:1	C35H66O5	[M+H-H2O]+	/resources/tools/chemdb_ontology?abbrev=DG 32:1
823.41442	823.4239	.0095	PI 30:4;O3	C39H67O16P	[M+H]+	/resources/tools/chemdb_ontology?abbrev=PI 30:4;O3
823.53176	823.5331	.0013	PI 33:1	C42H79O13P	[M+H]+	/resources/tools/chemdb_ontology?abbrev=PI 33:1
823.53176	823.5248	.0069	PA 44:8	C47H77O8PNa	[M+Na]+	/resources/tools/chemdb_ontology?abbrev=PA 44:8
823.53176	823.5232	.0086	PS 38:7	C44H72NO10P	[M+NH4]+	/resources/tools/chemdb_ontology?abbrev=PS 38:7
823.53176	823.5307	.0011	MGDG 36:4	C45H78O10Na2	[M+2Na-H]+	/resources/tools/chemdb_ontology?abbrev=MGDG 36:4
823.53176	823.5224	.0093	PA 42:5	C45H79O8PNa2	[M+2Na-H]+	/resources/tools/chemdb_ontology?abbrev=PA 42:5
823.49426	823.4908	.0034	PG 42:11	C48H73O10P	[M+H-H2O]+	/resources/tools/chemdb_ontology?abbrev=PG 42:11
823.49426	823.5025	.0082	SQDG 38:6	C45H76O12S	[M+H-H2O]+	/resources/tools/chemdb_ontology?abbrev=SQDG 38:6
823.49426	823.4860	.0082	PG O-38:7	C44H75O9PNa2	[M+2Na-H]+	/resources/tools/chemdb_ontology?abbrev=PG O-38:7
823.62136	823.6211	.0002	PG O-42:4	C48H89O9P	[M+H-H2O]+	/resources/tools/chemdb_ontology?abbrev=PG O-42:4
823.62136	823.6187	.0026	PA 43:1	C46H89O8PNa	[M+Na]+	/resources/tools/chemdb_ontology?abbrev=PA 43:1
823.62136	823.6171	.0043	PS 37:0	C43H84NO10P	[M+NH4]+	/resources/tools/chemdb_ontology?abbrev=PS 37:0
823.48177	823.4756	.0062	PI 35:6	C44H73O13P	[M+H-H2O]+	/resources/tools/chemdb_ontology?abbrev=PI 35:6
823.48177	823.4908	.0091	PG 42:11	C48H73O10P	[M+H-H2O]+	/resources/tools/chemdb_ontology?abbrev=PG 42:11
823.48177	823.4860	.0043	PG O-38:7	C44H75O9PNa2	[M+2Na-H]+	/resources/tools/chemdb_ontology?abbrev=PG O-38:7
823.61168	823.6211	.0094	PG O-42:4	C48H89O9P	[M+H-H2O]+	/resources/tools/chemdb_ontology?abbrev=PG O-42:4
823.61168	823.6187	.0070	PA 43:1	C46H89O8PNa	[M+Na]+	/resources/tools/chemdb_ontology?abbrev=PA 43:1
823.61168	823.6171	.0054	PS 37:0	C43H84NO10P	[M+NH4]+	/resources/tools/chemdb_ontology?abbrev=PS 37:0
823.55569	823.5484	.0073	PG 40:6	C46H79O10P	[M+H]+	/resources/tools/chemdb_ontology?abbrev=PG 40:6
823.55569	823.5460	.0097	PG 38:3	C44H81O10PNa	[M+Na]+	/resources/tools/chemdb_ontology?abbrev=PG 38:3
822.71541	822.7181	.0027	HexCer 44:1;O2	C50H97NO8	[M+H-H2O]+	/resources/tools/chemdb_ontology?abbrev=HexCer 44:1;O2
824.62507	824.6164	.0087	PC 39:4	C47H86NO8P	[M+H]+	/resources/tools/chemdb_ontology?abbrev=PC 39:4
824.62507	824.6164	.0087	PE 42:4	C47H86NO8P	[M+H]+	/resources/tools/chemdb_ontology?abbrev=PE 42:4
824.62507	824.6164	.0087	PA 44:5	C47H83O8P	[M+NH4]+	/resources/tools/chemdb_ontology?abbrev=PA 44:5
823.5918	823.5847	.0071	PG 41:4	C47H85O10P	[M+H-H2O]+	/resources/tools/chemdb_ontology?abbrev=PG 41:4
823.5918	823.5890	.0028	Hex2Cer 30:1;O2	C42H79NO13	[M+NH4]+	/resources/tools/chemdb_ontology?abbrev=Hex2Cer 30:1;O2
823.5918	823.5960	.0042	PC 38:6	C46H80NO8P	[M+NH4]+	/resources/tools/chemdb_ontology?abbrev=PC 38:6
823.5918	823.5960	.0042	PE 41:6	C46H80NO8P	[M+NH4]+	/resources/tools/chemdb_ontology?abbrev=PE 41:6
823.5081	823.5120	.0039	PI O-36:6	C45H77O12P	[M+H-H2O]+	/resources/tools/chemdb_ontology?abbrev=PI O-36:6
823.5081	823.5025	.0056	SQDG 38:6	C45H76O12S	[M+H-H2O]+	/resources/tools/chemdb_ontology?abbrev=SQDG 38:6
823.57924	823.5695	.0098	PI O-34:1	C43H83O12P	[M+H]+	/resources/tools/chemdb_ontology?abbrev=PI O-34:1
823.57924	823.5847	.0055	PG 41:4	C47H85O10P	[M+H-H2O]+	/resources/tools/chemdb_ontology?abbrev=PG 41:4
823.57924	823.5890	.0097	Hex2Cer 30:1;O2	C42H79NO13	[M+NH4]+	/resources/tools/chemdb_ontology?abbrev=Hex2Cer 30:1;O2
823.57924	823.5799	.0007	PG O-37:0	C43H87O9PNa2	[M+2Na-H]+	/resources/tools/chemdb_ontology?abbrev=PG O-37:0
823.54589	823.5484	.0025	PG 40:6	C46H79O10P	[M+H]+	/resources/tools/chemdb_ontology?abbrev=PG 40:6
823.54589	823.5460	.0001	PG 38:3	C44H81O10PNa	[M+Na]+	/resources/tools/chemdb_ontology?abbrev=PG 38:3
823.54589	823.5435	.0023	PG 36:0	C42H83O10PNa2	[M+2Na-H]+	/resources/tools/chemdb_ontology?abbrev=PG 36:0
805.7266	805.7280	.0014	TG 48:1	C51H96O6	[M+H]+	/resources/tools/chemdb_ontology?abbrev=TG 48:1
823.44516	823.4368	.0084	PI 32:5	C41H69O13PNa	[M+Na]+	/resources/tools/chemdb_ontology?abbrev=PI 32:5
823.44516	823.4496	.0045	PG 37:7	C43H71O10PNa2	[M+2Na-H]+	/resources/tools/chemdb_ontology?abbrev=PG 37:7
824.55849	824.5552	.0033	SHexCer 36:1;O3	C42H81NO12S	[M+H]+	/resources/tools/chemdb_ontology?abbrev=SHexCer 36:1;O3
824.55849	824.5647	.0062	IPC 36:0;O4	C42H84NO13P	[M+H-H2O]+	/resources/tools/chemdb_ontology?abbrev=IPC 36:0;O4
824.55849	824.5647	.0062	PI O-33:2	C42H79O12P	[M+NH4]+	/resources/tools/chemdb_ontology?abbrev=PI O-33:2
824.55849	824.5541	.0044	PE O-40:5	C45H82NO7PNa2	[M+2Na-H]+	/resources/tools/chemdb_ontology?abbrev=PE O-40:5
822.75492	822.7545	.0004	TG 48:1	C51H96O6	[M+NH4]+	/resources/tools/chemdb_ontology?abbrev=TG 48:1
824.66514	824.6739	.0088	PG O-39:0	C45H91O9P	[M+NH4]+	/resources/tools/chemdb_ontology?abbrev=PG O-39:0
823.42547	823.4239	.0015	PI 30:4;O3	C39H67O16P	[M+H]+	/resources/tools/chemdb_ontology?abbrev=PI 30:4;O3
823.42547	823.4344	.0089	PI 30:2	C39H71O13PNa2	[M+2Na-H]+	/resources/tools/chemdb_ontology?abbrev=PI 30:2
551.50045	551.5034	.0029	DG O-32:2	C35H66O4	[M+H]+	/resources/tools/chemdb_ontology?abbrev=DG O-32:2
551.50045	551.5034	.0029	DG 32:0	C35H68O5	[M+H-H2O]+	/resources/tools/chemdb_ontology?abbrev=DG 32:0
823.64353	823.6535	.0100	PS O-38:0	C44H88NO9P	[M+NH4]+	/resources/tools/chemdb_ontology?abbrev=PS O-38:0
824.15617	824.1487	.0075	CoA 3:0	C24H40N7O17P3S	[M+H]+	/resources/tools/chemdb_ontology?abbrev=CoA 3:0
826.76616	826.7623	.0039	ACer 52:1;O2	C52H101NO4Na	[M+Na]+	/resources/tools/chemdb_ontology?abbrev=ACer 52:1;O2
523.471	523.4721	.0011	DG 30:0	C33H64O5	[M+H-H2O]+	/resources/tools/chemdb_ontology?abbrev=DG 30:0
824.51621	824.5201	.0039	PC 38:8	C46H76NO8PNa	[M+Na]+	/resources/tools/chemdb_ontology?abbrev=PC 38:8
824.51621	824.5177	.0015	PC 36:5	C44H78NO8PNa2	[M+2Na-H]+	/resources/tools/chemdb_ontology?abbrev=PC 36:5
824.51621	824.5177	.0015	PE 39:5	C44H78NO8PNa2	[M+2Na-H]+	/resources/tools/chemdb_ontology?abbrev=PE 39:5
824.61342	824.6164	.0030	PC 39:4	C47H86NO8P	[M+H]+	/resources/tools/chemdb_ontology?abbrev=PC 39:4
824.61342	824.6164	.0030	PE 42:4	C47H86NO8P	[M+H]+	/resources/tools/chemdb_ontology?abbrev=PE 42:4
824.61342	824.6140	.0006	PC 37:1	C45H88NO8PNa	[M+Na]+	/resources/tools/chemdb_ontology?abbrev=PC 37:1
824.61342	824.6140	.0006	PE 40:1	C45H88NO8PNa	[M+Na]+	/resources/tools/chemdb_ontology?abbrev=PE 40:1
824.61342	824.6164	.0030	PA 44:5	C47H83O8P	[M+NH4]+	/resources/tools/chemdb_ontology?abbrev=PA 44:5
823.4708	823.4756	.0048	PI 35:6	C44H73O13P	[M+H-H2O]+	/resources/tools/chemdb_ontology?abbrev=PI 35:6
823.4708	823.4708	.0000	PI O-31:2	C40H75O12PNa2	[M+2Na-H]+	/resources/tools/chemdb_ontology?abbrev=PI O-31:2
823.51814	823.5120	.0062	PI O-36:6	C45H77O12P	[M+H-H2O]+	/resources/tools/chemdb_ontology?abbrev=PI O-36:6
823.51814	823.5248	.0067	PA 44:8	C47H77O8PNa	[M+Na]+	/resources/tools/chemdb_ontology?abbrev=PA 44:8
823.51814	823.5232	.0051	PS 38:7	C44H72NO10P	[M+NH4]+	/resources/tools/chemdb_ontology?abbrev=PS 38:7
823.51814	823.5224	.0043	PA 42:5	C45H79O8PNa2	[M+2Na-H]+	/resources/tools/chemdb_ontology?abbrev=PA 42:5
922.71635	922.7107	.0057	IPC 44:0;O2	C50H100NO11P	[M+H]+	/resources/tools/chemdb_ontology?abbrev=IPC 44:0;O2
922.71635	922.7235	.0072	PC 44:1	C52H102NO8PNa	[M+Na]+	/resources/tools/chemdb_ontology?abbrev=PC 44:1
823.71204	823.7174	.0054	TG 51:4	C54H96O6	[M+H-H2O]+	/resources/tools/chemdb_ontology?abbrev=TG 51:4
823.71204	823.7051	.0069	SM 44:2;O2	C49H97N2O6P	[M+H-H2O]+	/resources/tools/chemdb_ontology?abbrev=SM 44:2;O2
824.4856	824.4813	.0043	PE 38:6;O	C43H74NO9PNa2	[M+2Na-H]+	/resources/tools/chemdb_ontology?abbrev=PE 38:6;O
824.4856	824.4929	.0073	SHexCer 34:1;O2	C40H77NO11SNa2	[M+2Na-H]+	/resources/tools/chemdb_ontology?abbrev=SHexCer 34:1;O2
751.56071	751.5636	.0029	PA 41:3	C44H81O8P	[M+H-H2O]+	/resources/tools/chemdb_ontology?abbrev=PA 41:3
751.56071	751.5612	.0005	PA O-39:2	C42H81O7PNa	[M+Na]+	/resources/tools/chemdb_ontology?abbrev=PA O-39:2
751.56071	751.5596	.0011	PS O-33:1	C39H76NO9P	[M+NH4]+	/resources/tools/chemdb_ontology?abbrev=PS O-33:1
824.45257	824.4473	.0053	PS 38:9	C44H68NO10PNa	[M+Na]+	/resources/tools/chemdb_ontology?abbrev=PS 38:9
824.45257	824.4556	.0030	PI 30:4;O2	C39H67O15P	[M+NH4]+	/resources/tools/chemdb_ontology?abbrev=PI 30:4;O2
824.45257	824.4449	.0077	PS 36:6	C42H70NO10PNa2	[M+2Na-H]+	/resources/tools/chemdb_ontology?abbrev=PS 36:6
824.71503	824.7103	.0048	PG dO-40:0	C46H95O8P	[M+NH4]+	/resources/tools/chemdb_ontology?abbrev=PG dO-40:0
552.50509	552.4986	.0065	Cer 34:2;O3	C34H65NO4	[M+H]+	/resources/tools/chemdb_ontology?abbrev=Cer 34:2;O3
824.43824	824.4473	.0091	PS 38:9	C44H68NO10PNa	[M+Na]+	/resources/tools/chemdb_ontology?abbrev=PS 38:9
824.43824	824.4449	.0067	PS 36:6	C42H70NO10PNa2	[M+2Na-H]+	/resources/tools/chemdb_ontology?abbrev=PS 36:6
824.67979	824.6763	.0035	TG 49:7	C52H86O6	[M+NH4]+	/resources/tools/chemdb_ontology?abbrev=TG 49:7
824.67979	824.6739	.0059	PG O-39:0	C45H91O9P	[M+NH4]+	/resources/tools/chemdb_ontology?abbrev=PG O-39:0
824.46085	824.4556	.0053	PI 30:4;O2	C39H67O15P	[M+NH4]+	/resources/tools/chemdb_ontology?abbrev=PI 30:4;O2
906.84296	906.8484	.0054	TG 54:1	C57H108O6	[M+NH4]+	/resources/tools/chemdb_ontology?abbrev=TG 54:1
824.57252	824.5800	.0075	PS O-40:5	C46H82NO9P	[M+H]+	/resources/tools/chemdb_ontology?abbrev=PS O-40:5
824.57252	824.5800	.0075	PS 40:3	C46H84NO10P	[M+H-H2O]+	/resources/tools/chemdb_ontology?abbrev=PS 40:3
824.57252	824.5647	.0078	IPC 36:0;O4	C42H84NO13P	[M+H-H2O]+	/resources/tools/chemdb_ontology?abbrev=IPC 36:0;O4
824.57252	824.5776	.0051	PS O-38:2	C44H84NO9PNa	[M+Na]+	/resources/tools/chemdb_ontology?abbrev=PS O-38:2
824.57252	824.5800	.0075	PG O-40:7	C46H79O9P	[M+NH4]+	/resources/tools/chemdb_ontology?abbrev=PG O-40:7
824.57252	824.5647	.0078	PI O-33:2	C42H79O12P	[M+NH4]+	/resources/tools/chemdb_ontology?abbrev=PI O-33:2
825.62123	825.6116	.0096	PC 38:5	C46H82NO8P	[M+NH4]+	/resources/tools/chemdb_ontology?abbrev=PC 38:5
825.62123	825.6116	.0096	PE 41:5	C46H82NO8P	[M+NH4]+	/resources/tools/chemdb_ontology?abbrev=PE 41:5
806.72982	806.7232	.0066	TG 47:2	C50H92O6	[M+NH4]+	/resources/tools/chemdb_ontology?abbrev=TG 47:2
829.71543	829.7157	.0003	SM 43:1;O2	C48H97N2O6P	[M+H]+	/resources/tools/chemdb_ontology?abbrev=SM 43:1;O2
829.71543	829.7239	.0085	HexCer 42:1;O2	C48H93NO8	[M+NH4]+	/resources/tools/chemdb_ontology?abbrev=HexCer 42:1;O2
863.74224	863.7487	.0065	TG 54:5	C57H100O6	[M+H-H2O]+	/resources/tools/chemdb_ontology?abbrev=TG 54:5
866.84953	866.8535	.0040	FA 55:1;O3	C55H108O5	[M+NH4]+	/resources/tools/chemdb_ontology?abbrev=FA 55:1;O3
825.71966	825.7208	.0011	SM 44:1;O2	C49H99N2O6P	[M+H-H2O]+	/resources/tools/chemdb_ontology?abbrev=SM 44:1;O2
873.83245	873.8269	.0055	TG 54:0	C57H110O6	[M+H-H2O]+	/resources/tools/chemdb_ontology?abbrev=TG 54:0
824.58735	824.5800	.0074	PS O-40:5	C46H82NO9P	[M+H]+	/resources/tools/chemdb_ontology?abbrev=PS O-40:5
824.58735	824.5800	.0074	PS 40:3	C46H84NO10P	[M+H-H2O]+	/resources/tools/chemdb_ontology?abbrev=PS 40:3
824.58735	824.5776	.0098	PS O-38:2	C44H84NO9PNa	[M+Na]+	/resources/tools/chemdb_ontology?abbrev=PS O-38:2
824.58735	824.5800	.0074	PG O-40:7	C46H79O9P	[M+NH4]+	/resources/tools/chemdb_ontology?abbrev=PG O-40:7
938.70128	938.7056	.0043	IPC 44:0;O3	C50H100NO12P	[M+H]+	/resources/tools/chemdb_ontology?abbrev=IPC 44:0;O3
938.70128	938.7056	.0043	PI O-41:1	C50H97O12P	[M+NH4]+	/resources/tools/chemdb_ontology?abbrev=PI O-41:1
912.68558	912.6899	.0044	PI O-39:0	C48H95O12P	[M+NH4]+	/resources/tools/chemdb_ontology?abbrev=PI O-39:0
830.71821	830.7232	.0050	TG 49:4	C52H92O6	[M+NH4]+	/resources/tools/chemdb_ontology?abbrev=TG 49:4
830.71821	830.7109	.0073	SM 42:2;O2	C47H93N2O6P	[M+NH4]+	/resources/tools/chemdb_ontology?abbrev=SM 42:2;O2
844.68588	844.6872	.0013	HexCer 42:1;O4	C48H93NO10	[M+H]+	/resources/tools/chemdb_ontology?abbrev=HexCer 42:1;O4
844.68588	844.6790	.0069	PC 40:1	C48H94NO8P	[M+H]+	/resources/tools/chemdb_ontology?abbrev=PC 40:1
844.68588	844.6790	.0069	PE 43:1	C48H94NO8P	[M+H]+	/resources/tools/chemdb_ontology?abbrev=PE 43:1
844.68588	844.6790	.0069	PS O-42:0	C48H96NO9P	[M+H-H2O]+	/resources/tools/chemdb_ontology?abbrev=PS O-42:0
801.69385	801.6967	.0028	TG 48:3	C51H92O6	[M+H]+	/resources/tools/chemdb_ontology?abbrev=TG 48:3
801.69385	801.6844	.0095	SM 41:1;O2	C46H93N2O6P	[M+H]+	/resources/tools/chemdb_ontology?abbrev=SM 41:1;O2
801.69385	801.6943	.0004	TG 46:0	C49H94O6Na	[M+Na]+	/resources/tools/chemdb_ontology?abbrev=TG 46:0
801.69385	801.6926	.0012	HexCer 40:1;O2	C46H89NO8	[M+NH4]+	/resources/tools/chemdb_ontology?abbrev=HexCer 40:1;O2
828.71223	828.7204	.0082	PC O-41:0	C49H100NO7P	[M+H-H2O]+	/resources/tools/chemdb_ontology?abbrev=PC O-41:0
828.71223	828.7076	.0047	TG 49:5	C52H90O6	[M+NH4]+	/resources/tools/chemdb_ontology?abbrev=TG 49:5
834.75308	834.7545	.0014	TG 49:2	C52H96O6	[M+NH4]+	/resources/tools/chemdb_ontology?abbrev=TG 49:2
843.6825	843.6861	.0036	TG 53:8	C56H92O6	[M+H-H2O]+	/resources/tools/chemdb_ontology?abbrev=TG 53:8
869.69813	869.7017	.0036	TG 55:9	C58H94O6	[M+H-H2O]+	/resources/tools/chemdb_ontology?abbrev=TG 55:9
764.57344	764.5800	.0066	PS O-35:0	C41H82NO9P	[M+H]+	/resources/tools/chemdb_ontology?abbrev=PS O-35:0
764.57344	764.5647	.0087	HexCer 36:2;O3	C42H79NO9Na	[M+Na]+	/resources/tools/chemdb_ontology?abbrev=HexCer 36:2;O3
764.57344	764.5800	.0066	PG O-35:2	C41H79O9P	[M+NH4]+	/resources/tools/chemdb_ontology?abbrev=PG O-35:2
667.62085	667.6235	.0026	DG 39:0	C42H82O5	[M+H]+	/resources/tools/chemdb_ontology?abbrev=DG 39:0
895.71305	895.7174	.0043	TG 57:10	C60H96O6	[M+H-H2O]+	/resources/tools/chemdb_ontology?abbrev=TG 57:10
838.82683	838.8222	.0046	FA 53:1;O3	C53H104O5	[M+NH4]+	/resources/tools/chemdb_ontology?abbrev=FA 53:1;O3
369.35108	369.3516	.0005	ST 27:1;O	C27H46O	[M+H-H2O]+	/resources/tools/chemdb_ontology?abbrev=ST 27:1;O
369.35108	369.3475	.0035	NAE 20:2	C22H41NO2	[M+NH4]+	/resources/tools/chemdb_ontology?abbrev=NAE 20:2
369.35108	369.3545	.0034	DG 44:0	C47H92O5	[M+2H]2+	/resources/tools/chemdb_ontology?abbrev=DG 44:0
846.68736	846.6946	.0073	PC 40:0	C48H96NO8P	[M+H]+	/resources/tools/chemdb_ontology?abbrev=PC 40:0
846.68736	846.6946	.0073	PE 43:0	C48H96NO8P	[M+H]+	/resources/tools/chemdb_ontology?abbrev=PE 43:0
862.78423	862.7858	.0016	TG 51:2	C54H100O6	[M+NH4]+	/resources/tools/chemdb_ontology?abbrev=TG 51:2
1020.27273	1020.2691	.0036	CoA 14:1	C35H60N7O17P3SNa2	[M+2Na-H]+	/resources/tools/chemdb_ontology?abbrev=CoA 14:1
873.7994	873.7906	.0088	TG 53:2	C56H104O6	[M+H]+	/resources/tools/chemdb_ontology?abbrev=TG 53:2
765.57657	765.5793	.0027	PA O-42:5	C45H81O7P	[M+H]+	/resources/tools/chemdb_ontology?abbrev=PA O-42:5
765.57657	765.5793	.0027	PA 42:3	C45H83O8P	[M+H-H2O]+	/resources/tools/chemdb_ontology?abbrev=PA 42:3
765.57657	765.5769	.0003	PA O-40:2	C43H83O7PNa	[M+Na]+	/resources/tools/chemdb_ontology?abbrev=PA O-40:2
765.57657	765.5752	.0013	PS O-34:1	C40H78NO9P	[M+NH4]+	/resources/tools/chemdb_ontology?abbrev=PS O-34:1
687.54632	687.5435	.0028	CerPE 36:2;O2	C38H75N2O6P	[M+H]+	/resources/tools/chemdb_ontology?abbrev=CerPE 36:2;O2
687.54632	687.5435	.0028	SM 33:2;O2	C38H75N2O6P	[M+H]+	/resources/tools/chemdb_ontology?abbrev=SM 33:2;O2
687.54632	687.5435	.0028	CerPE 36:1;O3	C38H77N2O7P	[M+H-H2O]+	/resources/tools/chemdb_ontology?abbrev=CerPE 36:1;O3
687.54632	687.5534	.0071	TG 38:1	C41H76O6Na	[M+Na]+	/resources/tools/chemdb_ontology?abbrev=TG 38:1
687.54632	687.5518	.0055	HexCer 32:2;O2	C38H71NO8	[M+NH4]+	/resources/tools/chemdb_ontology?abbrev=HexCer 32:2;O2
912.79847	912.8015	.0030	TG 55:5	C58H102O6	[M+NH4]+	/resources/tools/chemdb_ontology?abbrev=TG 55:5
666.61722	666.6183	.0011	CE 18:2	C45H76O2	[M+NH4]+	/resources/tools/chemdb_ontology?abbrev=CE 18:2
563.50215	563.5034	.0012	DG 33:1	C36H68O5	[M+H-H2O]+	/resources/tools/chemdb_ontology?abbrev=DG 33:1
750.5579	750.5643	.0064	PS O-34:0	C40H80NO9P	[M+H]+	/resources/tools/chemdb_ontology?abbrev=PS O-34:0
750.5579	750.5490	.0089	HexCer 35:2;O3	C41H77NO9Na	[M+Na]+	/resources/tools/chemdb_ontology?abbrev=HexCer 35:2;O3
750.5579	750.5643	.0064	PG O-34:2	C40H77O9P	[M+NH4]+	/resources/tools/chemdb_ontology?abbrev=PG O-34:2
671.57298	671.5762	.0032	CE 20:5	C47H74O2	[M+H]+	/resources/tools/chemdb_ontology?abbrev=CE 20:5
671.57298	671.5737	.0008	CE 18:2	C45H76O2Na	[M+Na]+	/resources/tools/chemdb_ontology?abbrev=CE 18:2
548.50349	548.5037	.0002	Cer 35:2;O3	C35H67NO4	[M+H-H2O]+	/resources/tools/chemdb_ontology?abbrev=Cer 35:2;O3
548.50349	548.5013	.0022	Cer 33:0;O2	C33H67NO3Na	[M+Na]+	/resources/tools/chemdb_ontology?abbrev=Cer 33:0;O2
841.72414	841.7280	.0038	TG 51:4	C54H96O6	[M+H]+	/resources/tools/chemdb_ontology?abbrev=TG 51:4
841.72414	841.7157	.0084	SM 44:2;O2	C49H97N2O6P	[M+H]+	/resources/tools/chemdb_ontology?abbrev=SM 44:2;O2
841.72414	841.7256	.0014	TG 49:1	C52H98O6Na	[M+Na]+	/resources/tools/chemdb_ontology?abbrev=TG 49:1
810.75308	810.7545	.0014	TG 47:0	C50H96O6	[M+NH4]+	/resources/tools/chemdb_ontology?abbrev=TG 47:0
831.68394	831.6837	.0002	PG O-42:0	C48H97O9P	[M+H-H2O]+	/resources/tools/chemdb_ontology?abbrev=PG O-42:0
831.68394	831.6861	.0022	TG 52:7	C55H92O6	[M+H-H2O]+	/resources/tools/chemdb_ontology?abbrev=TG 52:7
831.68394	831.6821	.0019	DGTA 40:5	C50H87NO7	[M+NH4]+	/resources/tools/chemdb_ontology?abbrev=DGTA 40:5
858.7012	858.7029	.0017	HexCer 43:1;O4	C49H95NO10	[M+H]+	/resources/tools/chemdb_ontology?abbrev=HexCer 43:1;O4
858.7012	858.6946	.0066	PC 41:1	C49H96NO8P	[M+H]+	/resources/tools/chemdb_ontology?abbrev=PC 41:1
858.7012	858.6946	.0066	PE 44:1	C49H96NO8P	[M+H]+	/resources/tools/chemdb_ontology?abbrev=PE 44:1
857.69799	857.7017	.0038	TG 54:8	C57H94O6	[M+H-H2O]+	/resources/tools/chemdb_ontology?abbrev=TG 54:8
816.71143	816.7076	.0039	TG 48:4	C51H90O6	[M+NH4]+	/resources/tools/chemdb_ontology?abbrev=TG 48:4
843.73002	843.7313	.0013	SM 44:1;O2	C49H99N2O6P	[M+H]+	/resources/tools/chemdb_ontology?abbrev=SM 44:1;O2
537.48639	537.4877	.0013	FAHFA 34:1;O	C34H64O4	[M+H]+	/resources/tools/chemdb_ontology?abbrev=FAHFA 34:1;O
537.48639	537.4877	.0013	DG 31:0	C34H66O5	[M+H-H2O]+	/resources/tools/chemdb_ontology?abbrev=DG 31:0
870.75171	870.7545	.0028	TG 52:5	C55H96O6	[M+NH4]+	/resources/tools/chemdb_ontology?abbrev=TG 52:5
565.51628	565.5190	.0028	FAHFA 36:1;O	C36H68O4	[M+H]+	/resources/tools/chemdb_ontology?abbrev=FAHFA 36:1;O
565.51628	565.5190	.0028	DG 33:0	C36H70O5	[M+H-H2O]+	/resources/tools/chemdb_ontology?abbrev=DG 33:0
842.72747	842.7361	.0086	PC O-42:0	C50H102NO7P	[M+H-H2O]+	/resources/tools/chemdb_ontology?abbrev=PC O-42:0
842.72747	842.7232	.0043	TG 50:5	C53H92O6	[M+NH4]+	/resources/tools/chemdb_ontology?abbrev=TG 50:5
1285.3528	1285.3437	.0091	FA 86:1;O2	C86H170O4	[M+NH4]+	/resources/tools/chemdb_ontology?abbrev=FA 86:1;O2
815.70844	815.7123	.0039	TG 49:3	C52H94O6	[M+H]+	/resources/tools/chemdb_ontology?abbrev=TG 49:3
815.70844	815.7000	.0084	SM 42:1;O2	C47H95N2O6P	[M+H]+	/resources/tools/chemdb_ontology?abbrev=SM 42:1;O2
815.70844	815.7099	.0015	TG 47:0	C50H96O6Na	[M+Na]+	/resources/tools/chemdb_ontology?abbrev=TG 47:0
815.70844	815.7083	.0002	HexCer 41:1;O2	C47H91NO8	[M+NH4]+	/resources/tools/chemdb_ontology?abbrev=HexCer 41:1;O2
1003.89885	1003.9052	.0063	TG 64:5	C67H120O6	[M+H-H2O]+	/resources/tools/chemdb_ontology?abbrev=TG 64:5
868.74306	868.7389	.0042	TG 52:6	C55H94O6	[M+NH4]+	/resources/tools/chemdb_ontology?abbrev=TG 52:6
867.73975	867.7436	.0039	TG 53:5	C56H98O6	[M+H]+	/resources/tools/chemdb_ontology?abbrev=TG 53:5
867.73975	867.7412	.0015	TG 51:2	C54H100O6Na	[M+Na]+	/resources/tools/chemdb_ontology?abbrev=TG 51:2
896.77089	896.7702	.0007	TG 54:6	C57H98O6	[M+NH4]+	/resources/tools/chemdb_ontology?abbrev=TG 54:6
869.74763	869.7569	.0092	TG 51:1	C54H102O6Na	[M+Na]+	/resources/tools/chemdb_ontology?abbrev=TG 51:1
888.79934	888.8015	.0021	TG 53:3	C56H102O6	[M+NH4]+	/resources/tools/chemdb_ontology?abbrev=TG 53:3
932.84622	932.8381	.0081	ACer 58:1;O2	C58H113NO4Na2	[M+2Na-H]+	/resources/tools/chemdb_ontology?abbrev=ACer 58:1;O2
884.71675	884.7103	.0065	PC 43:2	C51H98NO8P	[M+H]+	/resources/tools/chemdb_ontology?abbrev=PC 43:2
895.76562	895.7749	.0093	TG 55:5	C58H102O6	[M+H]+	/resources/tools/chemdb_ontology?abbrev=TG 55:5
895.76562	895.7725	.0069	TG 53:2	C56H104O6Na	[M+Na]+	/resources/tools/chemdb_ontology?abbrev=TG 53:2
893.75516	893.7593	.0041	TG 55:6	C58H100O6	[M+H]+	/resources/tools/chemdb_ontology?abbrev=TG 55:6
893.75516	893.7569	.0017	TG 53:3	C56H102O6Na	[M+Na]+	/resources/tools/chemdb_ontology?abbrev=TG 53:3
893.75516	893.7545	.0007	TG 51:0	C54H104O6Na2	[M+2Na-H]+	/resources/tools/chemdb_ontology?abbrev=TG 51:0
883.71342	883.7174	.0040	TG 56:9	C59H96O6	[M+H-H2O]+	/resources/tools/chemdb_ontology?abbrev=TG 56:9
909.72387	909.7330	.0092	TG 58:10	C61H98O6	[M+H-H2O]+	/resources/tools/chemdb_ontology?abbrev=TG 58:10
894.75836	894.7545	.0039	TG 54:7	C57H96O6	[M+NH4]+	/resources/tools/chemdb_ontology?abbrev=TG 54:7
910.72907	910.7235	.0055	PC 43:0	C51H102NO8PNa	[M+Na]+	/resources/tools/chemdb_ontology?abbrev=PC 43:0
1145.82328	1145.8163	.0070	MIPC 46:0;O3	C58H114NO17P	[M+NH4]+	/resources/tools/chemdb_ontology?abbrev=MIPC 46:0;O3
870.70158	870.6946	.0070	PC 42:2	C50H96NO8P	[M+H]+	/resources/tools/chemdb_ontology?abbrev=PC 42:2
877.8617	877.8582	.0035	FA 57:1;O3	C57H112O5	[M+H]+	/resources/tools/chemdb_ontology?abbrev=FA 57:1;O3
877.8617	877.8695	.0078	ACer 56:1;O2	C56H109NO4	[M+NH4]+	/resources/tools/chemdb_ontology?abbrev=ACer 56:1;O2
914.81391	914.8171	.0032	TG 55:4	C58H104O6	[M+NH4]+	/resources/tools/chemdb_ontology?abbrev=TG 55:4
1031.92947	1031.9365	.0070	TG 66:5	C69H124O6	[M+H-H2O]+	/resources/tools/chemdb_ontology?abbrev=TG 66:5
931.7703	931.7749	.0046	TG 58:8	C61H102O6	[M+H]+	/resources/tools/chemdb_ontology?abbrev=TG 58:8
931.7703	931.7725	.0022	TG 56:5	C59H104O6Na	[M+Na]+	/resources/tools/chemdb_ontology?abbrev=TG 56:5
931.7703	931.7701	.0002	TG 54:2	C57H106O6Na2	[M+2Na-H]+	/resources/tools/chemdb_ontology?abbrev=TG 54:2
367.33542	367.3359	.0005	ST 27:2;O	C27H44O	[M+H-H2O]+	/resources/tools/chemdb_ontology?abbrev=ST 27:2;O
367.33542	367.3319	.0035	NAE 20:3	C22H39NO2	[M+NH4]+	/resources/tools/chemdb_ontology?abbrev=NAE 20:3
367.33542	367.3389	.0034	DG 44:2	C47H88O5	[M+2H]2+	/resources/tools/chemdb_ontology?abbrev=DG 44:2
1094.7905	1094.7842	.0063	MIPC 46:0;O2	C58H114NO16P	[M+H-H2O]+	/resources/tools/chemdb_ontology?abbrev=MIPC 46:0;O2
968.84477	968.8406	.0042	PC 50:0	C58H116NO8P	[M+H-H2O]+	/resources/tools/chemdb_ontology?abbrev=PC 50:0
1017.91465	1017.9208	.0062	TG 65:5	C68H122O6	[M+H-H2O]+	/resources/tools/chemdb_ontology?abbrev=TG 65:5
986.90879	986.9110	.0022	TG 60:3	C63H116O6	[M+NH4]+	/resources/tools/chemdb_ontology?abbrev=TG 60:3
926.81461	926.8171	.0025	TG 56:5	C59H104O6	[M+NH4]+	/resources/tools/chemdb_ontology?abbrev=TG 56:5
900.79981	900.8015	.0016	TG 54:4	C57H102O6	[M+NH4]+	/resources/tools/chemdb_ontology?abbrev=TG 54:4
766.57967	766.5745	.0052	PC O-36:5	C44H80NO7P	[M+H]+	/resources/tools/chemdb_ontology?abbrev=PC O-36:5
766.57967	766.5745	.0052	PC 36:3	C44H82NO8P	[M+H-H2O]+	/resources/tools/chemdb_ontology?abbrev=PC 36:3
766.57967	766.5745	.0052	PE 39:3	C44H82NO8P	[M+H-H2O]+	/resources/tools/chemdb_ontology?abbrev=PE 39:3
766.57967	766.5803	.0007	HexCer 36:1;O3	C42H81NO9Na	[M+Na]+	/resources/tools/chemdb_ontology?abbrev=HexCer 36:1;O3
766.57967	766.5721	.0076	PC O-34:2	C42H82NO7PNa	[M+Na]+	/resources/tools/chemdb_ontology?abbrev=PC O-34:2
766.57967	766.5721	.0076	PE O-37:2	C42H82NO7PNa	[M+Na]+	/resources/tools/chemdb_ontology?abbrev=PE O-37:2
958.87712	958.8797	.0026	TG 58:3	C61H112O6	[M+NH4]+	/resources/tools/chemdb_ontology?abbrev=TG 58:3
923.7442	923.7487	.0045	TG 59:10	C62H100O6	[M+H-H2O]+	/resources/tools/chemdb_ontology?abbrev=TG 59:10
886.7913	886.7858	.0055	TG 53:4	C56H100O6	[M+NH4]+	/resources/tools/chemdb_ontology?abbrev=TG 53:4
933.78561	933.7906	.0050	TG 58:7	C61H104O6	[M+H]+	/resources/tools/chemdb_ontology?abbrev=TG 58:7
933.78561	933.7882	.0025	TG 56:4	C59H106O6Na	[M+Na]+	/resources/tools/chemdb_ontology?abbrev=TG 56:4
933.78561	933.7858	.0001	TG 54:1	C57H108O6Na2	[M+2Na-H]+	/resources/tools/chemdb_ontology?abbrev=TG 54:1
910.78054	910.7858	.0053	TG 55:6	C58H100O6	[M+NH4]+	/resources/tools/chemdb_ontology?abbrev=TG 55:6
924.74747	924.7392	.0083	PC 44:0	C52H104NO8PNa	[M+Na]+	/resources/tools/chemdb_ontology?abbrev=PC 44:0
952.83072	952.8328	.0020	TG 58:6	C61H106O6	[M+NH4]+	/resources/tools/chemdb_ontology?abbrev=TG 58:6
908.77456	908.7702	.0044	TG 55:7	C58H98O6	[M+NH4]+	/resources/tools/chemdb_ontology?abbrev=TG 55:7
897.72927	897.7330	.0038	TG 57:9	C60H98O6	[M+H-H2O]+	/resources/tools/chemdb_ontology?abbrev=TG 57:9
902.81632	902.8171	.0008	TG 54:3	C57H104O6	[M+NH4]+	/resources/tools/chemdb_ontology?abbrev=TG 54:3
972.89335	972.8954	.0020	TG 59:3	C62H114O6	[M+NH4]+	/resources/tools/chemdb_ontology?abbrev=TG 59:3
943.90092	943.9052	.0043	TG 59:0	C62H120O6	[M+H-H2O]+	/resources/tools/chemdb_ontology?abbrev=TG 59:0
884.76566	884.7702	.0045	TG 53:5	C56H98O6	[M+NH4]+	/resources/tools/chemdb_ontology?abbrev=TG 53:5
879.73478	879.7436	.0088	TG 54:6	C57H98O6	[M+H]+	/resources/tools/chemdb_ontology?abbrev=TG 54:6
879.73478	879.7412	.0064	TG 52:3	C55H100O6Na	[M+Na]+	/resources/tools/chemdb_ontology?abbrev=TG 52:3
879.73478	879.7388	.0040	TG 50:0	C53H102O6Na2	[M+2Na-H]+	/resources/tools/chemdb_ontology?abbrev=TG 50:0
881.75566	881.7593	.0036	TG 54:5	C57H100O6	[M+H]+	/resources/tools/chemdb_ontology?abbrev=TG 54:5
881.75566	881.7569	.0012	TG 52:2	C55H102O6Na	[M+Na]+	/resources/tools/chemdb_ontology?abbrev=TG 52:2
879.67553	879.6797	.0042	PS 41:0	C47H92NO10P	[M+NH4]+	/resources/tools/chemdb_ontology?abbrev=PS 41:0
878.15124	878.1593	.0080	CoA 6:2;O	C27H42N7O18P3S	[M+H]+	/resources/tools/chemdb_ontology?abbrev=CoA 6:2;O
878.15124	878.1593	.0080	CoA 6:1;O2	C27H44N7O19P3S	[M+H-H2O]+	/resources/tools/chemdb_ontology?abbrev=CoA 6:1;O2
879.65114	879.6473	.0038	TG 53:10	C56H88O6Na	[M+Na]+	/resources/tools/chemdb_ontology?abbrev=TG 53:10
879.65114	879.6516	.0004	Hex2Cer 34:1;O2	C46H87NO13	[M+NH4]+	/resources/tools/chemdb_ontology?abbrev=Hex2Cer 34:1;O2
879.65114	879.6586	.0074	PC 42:6	C50H88NO8P	[M+NH4]+	/resources/tools/chemdb_ontology?abbrev=PC 42:6
879.65114	879.6449	.0062	TG 51:7	C54H90O6Na2	[M+2Na-H]+	/resources/tools/chemdb_ontology?abbrev=TG 51:7
879.65114	879.6425	.0086	PG O-41:0	C47H95O9PNa2	[M+2Na-H]+	/resources/tools/chemdb_ontology?abbrev=PG O-41:0
878.59794	878.5906	.0074	PS 43:6	C49H84NO10P	[M+H]+	/resources/tools/chemdb_ontology?abbrev=PS 43:6
878.59794	878.5882	.0098	PS 41:3	C47H86NO10PNa	[M+Na]+	/resources/tools/chemdb_ontology?abbrev=PS 41:3
932.86016	932.8641	.0039	TG 56:2	C59H110O6	[M+NH4]+	/resources/tools/chemdb_ontology?abbrev=TG 56:2
900.73447	900.7416	.0071	PC 44:1	C52H102NO8P	[M+H]+	/resources/tools/chemdb_ontology?abbrev=PC 44:1
603.53368	603.5347	.0010	DG 36:2	C39H72O5	[M+H-H2O]+	/resources/tools/chemdb_ontology?abbrev=DG 36:2
603.53368	603.5323	.0014	DG O-34:1	C37H72O4Na	[M+Na]+	/resources/tools/chemdb_ontology?abbrev=DG O-34:1
917.78697	917.7956	.0087	TG 58:6	C61H106O6	[M+H-H2O]+	/resources/tools/chemdb_ontology?abbrev=TG 58:6
960.893	960.8954	.0024	TG 58:2	C61H114O6	[M+NH4]+	/resources/tools/chemdb_ontology?abbrev=TG 58:2
966.73255	966.7369	.0043	IPC 46:0;O3	C52H104NO12P	[M+H]+	/resources/tools/chemdb_ontology?abbrev=IPC 46:0;O3
928.83	928.8328	.0028	TG 56:4	C59H106O6	[M+NH4]+	/resources/tools/chemdb_ontology?abbrev=TG 56:4
604.53702	604.5275	.0095	Cer 36:1;O3	C36H71NO4Na	[M+Na]+	/resources/tools/chemdb_ontology?abbrev=Cer 36:1;O3
878.6078	878.6117	.0039	PI O-37:3	C46H85O12P	[M+NH4]+	/resources/tools/chemdb_ontology?abbrev=PI O-37:3
877.75833	877.7643	.0060	TG 55:5	C58H102O6	[M+H-H2O]+	/resources/tools/chemdb_ontology?abbrev=TG 55:5
882.75909	882.7545	.0046	TG 53:6	C56H96O6	[M+NH4]+	/resources/tools/chemdb_ontology?abbrev=TG 53:6
946.87436	946.8797	.0053	TG 57:2	C60H112O6	[M+NH4]+	/resources/tools/chemdb_ontology?abbrev=TG 57:2
646.54493	646.5405	.0044	DG 37:5	C40H68O5	[M+NH4]+	/resources/tools/chemdb_ontology?abbrev=DG 37:5
661.51582	661.5167	.0008	PA O-34:1	C37H73O7P	[M+H]+	/resources/tools/chemdb_ontology?abbrev=PA O-34:1
801.68283	801.6844	.0016	SM 41:1;O2	C46H93N2O6P	[M+H]+	/resources/tools/chemdb_ontology?abbrev=SM 41:1;O2
801.68283	801.6926	.0098	HexCer 40:1;O2	C46H89NO8	[M+NH4]+	/resources/tools/chemdb_ontology?abbrev=HexCer 40:1;O2
559.55167	559.5449	.0068	WE 38:3	C38H70O2	[M+H]+	/resources/tools/chemdb_ontology?abbrev=WE 38:3
559.55167	559.5424	.0092	FA 36:0	C36H72O2Na	[M+Na]+	/resources/tools/chemdb_ontology?abbrev=FA 36:0
559.55167	559.5424	.0092	WE 36:0	C36H72O2Na	[M+Na]+	/resources/tools/chemdb_ontology?abbrev=WE 36:0
638.68993	638.6809	.0090	FA 42:0	C42H84O2	[M+NH4]+	/resources/tools/chemdb_ontology?abbrev=FA 42:0
638.68993	638.6809	.0090	WE 42:0	C42H84O2	[M+NH4]+	/resources/tools/chemdb_ontology?abbrev=WE 42:0
926.76224	926.7572	.0050	PC 46:2	C54H104NO8P	[M+H]+	/resources/tools/chemdb_ontology?abbrev=PC 46:2
922.78809	922.7858	.0023	TG 56:7	C59H100O6	[M+NH4]+	/resources/tools/chemdb_ontology?abbrev=TG 56:7
949.75992	949.7643	.0044	TG 61:11	C64H102O6	[M+H-H2O]+	/resources/tools/chemdb_ontology?abbrev=TG 61:11
867.70243	867.6950	.0075	PC O-42:5	C50H92NO7P	[M+NH4]+	/resources/tools/chemdb_ontology?abbrev=PC O-42:5
925.75889	925.7643	.0055	TG 59:9	C62H102O6	[M+H-H2O]+	/resources/tools/chemdb_ontology?abbrev=TG 59:9
911.25434	911.2535	.0008	CoA 8:0	C29H50N7O17P3S	[M+NH4]+	/resources/tools/chemdb_ontology?abbrev=CoA 8:0
921.78537	921.7906	.0052	TG 57:6	C60H104O6	[M+H]+	/resources/tools/chemdb_ontology?abbrev=TG 57:6
921.78537	921.7882	.0028	TG 55:3	C58H106O6Na	[M+Na]+	/resources/tools/chemdb_ontology?abbrev=TG 55:3
921.78537	921.7858	.0004	TG 53:0	C56H108O6Na2	[M+2Na-H]+	/resources/tools/chemdb_ontology?abbrev=TG 53:0
947.80005	947.8062	.0062	TG 59:7	C62H106O6	[M+H]+	/resources/tools/chemdb_ontology?abbrev=TG 59:7
947.80005	947.8038	.0038	TG 57:4	C60H108O6Na	[M+Na]+	/resources/tools/chemdb_ontology?abbrev=TG 57:4
947.80005	947.8014	.0014	TG 55:1	C58H110O6Na2	[M+2Na-H]+	/resources/tools/chemdb_ontology?abbrev=TG 55:1
869.62655	869.6266	.0001	PG 43:4	C49H89O10P	[M+H]+	/resources/tools/chemdb_ontology?abbrev=PG 43:4
869.62655	869.6242	.0023	PG 41:1	C47H91O10PNa	[M+Na]+	/resources/tools/chemdb_ontology?abbrev=PG 41:1
916.74121	916.7389	.0024	TG 56:10	C59H94O6	[M+NH4]+	/resources/tools/chemdb_ontology?abbrev=TG 56:10
725.39623	725.3872	.0091	PI 25:1;O2	C34H63O15P	[M+H-H2O]+	/resources/tools/chemdb_ontology?abbrev=PI 25:1;O2
856.64928	856.6426	.0067	PS O-42:3	C48H90NO9P	[M+H]+	/resources/tools/chemdb_ontology?abbrev=PS O-42:3
856.64928	856.6426	.0067	PS 42:1	C48H92NO10P	[M+H-H2O]+	/resources/tools/chemdb_ontology?abbrev=PS 42:1
856.64928	856.6402	.0091	PS O-40:0	C46H92NO9PNa	[M+Na]+	/resources/tools/chemdb_ontology?abbrev=PS O-40:0
856.64928	856.6426	.0067	PG O-42:5	C48H87O9P	[M+NH4]+	/resources/tools/chemdb_ontology?abbrev=PG O-42:5
889.72279	889.7280	.0052	TG 55:8	C58H96O6	[M+H]+	/resources/tools/chemdb_ontology?abbrev=TG 55:8
889.72279	889.7256	.0028	TG 53:5	C56H98O6Na	[M+Na]+	/resources/tools/chemdb_ontology?abbrev=TG 53:5
889.72279	889.7232	.0004	TG 51:2	C54H100O6Na2	[M+2Na-H]+	/resources/tools/chemdb_ontology?abbrev=TG 51:2
877.75468	877.7643	.0097	TG 55:5	C58H102O6	[M+H-H2O]+	/resources/tools/chemdb_ontology?abbrev=TG 55:5
839.67201	839.6637	.0083	PC O-40:5	C48H88NO7P	[M+NH4]+	/resources/tools/chemdb_ontology?abbrev=PC O-40:5
915.73856	915.7436	.0051	TG 57:9	C60H98O6	[M+H]+	/resources/tools/chemdb_ontology?abbrev=TG 57:9
915.73856	915.7412	.0026	TG 55:6	C58H100O6Na	[M+Na]+	/resources/tools/chemdb_ontology?abbrev=TG 55:6
915.73856	915.7388	.0002	TG 53:3	C56H102O6Na2	[M+2Na-H]+	/resources/tools/chemdb_ontology?abbrev=TG 53:3
875.74296	875.7487	.0057	TG 55:6	C58H100O6	[M+H-H2O]+	/resources/tools/chemdb_ontology?abbrev=TG 55:6
835.64149	835.6423	.0008	PG 40:0	C46H91O10P	[M+H]+	/resources/tools/chemdb_ontology?abbrev=PG 40:0
835.64149	835.6324	.0091	PC O-40:7	C48H84NO7P	[M+NH4]+	/resources/tools/chemdb_ontology?abbrev=PC O-40:7
846.70065	846.6946	.0060	PC 40:0	C48H96NO8P	[M+H]+	/resources/tools/chemdb_ontology?abbrev=PC 40:0
846.70065	846.6946	.0060	PE 43:0	C48H96NO8P	[M+H]+	/resources/tools/chemdb_ontology?abbrev=PE 43:0
845.69841	845.7017	.0033	TG 53:7	C56H94O6	[M+H-H2O]+	/resources/tools/chemdb_ontology?abbrev=TG 53:7
871.71294	871.7174	.0045	TG 55:8	C58H96O6	[M+H-H2O]+	/resources/tools/chemdb_ontology?abbrev=TG 55:8
813.65617	813.6480	.0082	PC O-38:4	C46H86NO7P	[M+NH4]+	/resources/tools/chemdb_ontology?abbrev=PC O-38:4
829.62998	829.6317	.0017	PG 41:1	C47H91O10P	[M+H-H2O]+	/resources/tools/chemdb_ontology?abbrev=PG 41:1
829.62998	829.6293	.0007	PG O-39:0	C45H91O9PNa	[M+Na]+	/resources/tools/chemdb_ontology?abbrev=PG O-39:0
829.62998	829.6317	.0017	TG 49:7	C52H86O6Na	[M+Na]+	/resources/tools/chemdb_ontology?abbrev=TG 49:7
829.62998	829.6293	.0007	TG 47:4	C50H88O6Na2	[M+2Na-H]+	/resources/tools/chemdb_ontology?abbrev=TG 47:4
874.73128	874.7259	.0054	PC 42:0	C50H100NO8P	[M+H]+	/resources/tools/chemdb_ontology?abbrev=PC 42:0
645.54166	645.5452	.0036	DG 38:4	C41H72O5	[M+H]+	/resources/tools/chemdb_ontology?abbrev=DG 38:4
645.54166	645.5330	.0087	SM 31:0;O2	C36H75N2O6P	[M+H-H2O]+	/resources/tools/chemdb_ontology?abbrev=SM 31:0;O2
645.54166	645.5428	.0012	DG 36:1	C39H74O5Na	[M+Na]+	/resources/tools/chemdb_ontology?abbrev=DG 36:1
950.28289	950.2896	.0067	CoA 12:0	C33H58N7O17P3S	[M+H]+	/resources/tools/chemdb_ontology?abbrev=CoA 12:0
873.72787	873.7330	.0052	TG 55:7	C58H98O6	[M+H-H2O]+	/resources/tools/chemdb_ontology?abbrev=TG 55:7
845.68123	845.6742	.0070	PC 39:2	C47H90NO8P	[M+NH4]+	/resources/tools/chemdb_ontology?abbrev=PC 39:2
845.68123	845.6742	.0070	PE 42:2	C47H90NO8P	[M+NH4]+	/resources/tools/chemdb_ontology?abbrev=PE 42:2
844.67787	844.6790	.0011	PC 40:1	C48H94NO8P	[M+H]+	/resources/tools/chemdb_ontology?abbrev=PC 40:1
844.67787	844.6790	.0011	PE 43:1	C48H94NO8P	[M+H]+	/resources/tools/chemdb_ontology?abbrev=PE 43:1
844.67787	844.6872	.0093	HexCer 42:1;O4	C48H93NO10	[M+H]+	/resources/tools/chemdb_ontology?abbrev=HexCer 42:1;O4
844.67787	844.6790	.0011	PS O-42:0	C48H96NO9P	[M+H-H2O]+	/resources/tools/chemdb_ontology?abbrev=PS O-42:0
805.57188	805.5742	.0023	PA 44:6	C47H81O8P	[M+H]+	/resources/tools/chemdb_ontology?abbrev=PA 44:6
805.57188	805.5718	.0001	PA 42:3	C45H83O8PNa	[M+Na]+	/resources/tools/chemdb_ontology?abbrev=PA 42:3
805.57188	805.5800	.0081	MGDG 36:2	C45H82O10Na	[M+Na]+	/resources/tools/chemdb_ontology?abbrev=MGDG 36:2
805.57188	805.5702	.0017	PS 36:2	C42H78NO10P	[M+NH4]+	/resources/tools/chemdb_ontology?abbrev=PS 36:2
805.57188	805.5694	.0025	PA 40:0	C43H85O8PNa2	[M+2Na-H]+	/resources/tools/chemdb_ontology?abbrev=PA 40:0
805.57188	805.5806	.0087	CerPE 40:1;O3	C42H85N2O7PNa2	[M+2Na-H]+	/resources/tools/chemdb_ontology?abbrev=CerPE 40:1;O3
922.78888	922.7858	.0031	TG 56:7	C59H100O6	[M+NH4]+	/resources/tools/chemdb_ontology?abbrev=TG 56:7
974.81907	974.8171	.0020	TG 60:9	C63H104O6	[M+NH4]+	/resources/tools/chemdb_ontology?abbrev=TG 60:9
841.7114	841.7157	.0043	SM 44:2;O2	C49H97N2O6P	[M+H]+	/resources/tools/chemdb_ontology?abbrev=SM 44:2;O2
842.71428	842.7232	.0089	TG 50:5	C53H92O6	[M+NH4]+	/resources/tools/chemdb_ontology?abbrev=TG 50:5
885.68921	885.6967	.0075	TG 55:10	C58H92O6	[M+H]+	/resources/tools/chemdb_ontology?abbrev=TG 55:10
885.68921	885.6943	.0050	TG 53:7	C56H94O6Na	[M+Na]+	/resources/tools/chemdb_ontology?abbrev=TG 53:7
885.68921	885.6919	.0026	TG 51:4	C54H96O6Na2	[M+2Na-H]+	/resources/tools/chemdb_ontology?abbrev=TG 51:4
885.68921	885.6796	.0096	SM 44:2;O2	C49H97N2O6PNa2	[M+2Na-H]+	/resources/tools/chemdb_ontology?abbrev=SM 44:2;O2
859.67362	859.6810	.0074	TG 53:9	C56H90O6	[M+H]+	/resources/tools/chemdb_ontology?abbrev=TG 53:9
859.67362	859.6786	.0050	PG 43:0	C49H97O10P	[M+H-H2O]+	/resources/tools/chemdb_ontology?abbrev=PG 43:0
859.67362	859.6786	.0050	TG 51:6	C54H92O6Na	[M+Na]+	/resources/tools/chemdb_ontology?abbrev=TG 51:6
859.67362	859.6762	.0026	TG 49:3	C52H94O6Na2	[M+2Na-H]+	/resources/tools/chemdb_ontology?abbrev=TG 49:3
859.67362	859.6639	.0097	SM 42:1;O2	C47H95N2O6PNa2	[M+2Na-H]+	/resources/tools/chemdb_ontology?abbrev=SM 42:1;O2
869.7157	869.7106	.0051	PC O-42:4	C50H94NO7P	[M+NH4]+	/resources/tools/chemdb_ontology?abbrev=PC O-42:4
897.72788	897.7330	.0052	TG 57:9	C60H98O6	[M+H-H2O]+	/resources/tools/chemdb_ontology?abbrev=TG 57:9
878.65443	878.6609	.0065	PC 41:2	C49H94NO8PNa	[M+Na]+	/resources/tools/chemdb_ontology?abbrev=PC 41:2
878.65443	878.6609	.0065	PE 44:2	C49H94NO8PNa	[M+Na]+	/resources/tools/chemdb_ontology?abbrev=PE 44:2
878.57527	878.5694	.0058	PC 44:12	C52H80NO8P	[M+H]+	/resources/tools/chemdb_ontology?abbrev=PC 44:12
878.57527	878.5670	.0082	PC 42:9	C50H82NO8PNa	[M+Na]+	/resources/tools/chemdb_ontology?abbrev=PC 42:9
878.57527	878.5753	.0000	PI 36:3	C45H81O13P	[M+NH4]+	/resources/tools/chemdb_ontology?abbrev=PI 36:3
878.62821	878.6269	.0013	PS 44:4	C50H90NO10P	[M+H-H2O]+	/resources/tools/chemdb_ontology?abbrev=PS 44:4
878.62821	878.6245	.0037	PS O-42:3	C48H90NO9PNa	[M+Na]+	/resources/tools/chemdb_ontology?abbrev=PS O-42:3
878.62821	878.6221	.0061	PS O-40:0	C46H92NO9PNa2	[M+2Na-H]+	/resources/tools/chemdb_ontology?abbrev=PS O-40:0
877.73789	877.7280	.0099	TG 54:7	C57H96O6	[M+H]+	/resources/tools/chemdb_ontology?abbrev=TG 54:7
877.73789	877.7368	.0011	PC 41:0	C49H98NO8P	[M+NH4]+	/resources/tools/chemdb_ontology?abbrev=PC 41:0
877.73789	877.7368	.0011	PE 44:0	C49H98NO8P	[M+NH4]+	/resources/tools/chemdb_ontology?abbrev=PE 44:0
877.63879	877.6429	.0041	PC 42:7	C50H86NO8P	[M+NH4]+	/resources/tools/chemdb_ontology?abbrev=PC 42:7
877.63879	877.6293	.0095	TG 51:8	C54H88O6Na2	[M+2Na-H]+	/resources/tools/chemdb_ontology?abbrev=TG 51:8
878.66763	878.6609	.0067	PC 41:2	C49H94NO8PNa	[M+Na]+	/resources/tools/chemdb_ontology?abbrev=PC 41:2
878.66763	878.6609	.0067	PE 44:2	C49H94NO8PNa	[M+Na]+	/resources/tools/chemdb_ontology?abbrev=PE 44:2
605.54649	605.5503	.0038	DG 36:1	C39H74O5	[M+H-H2O]+	/resources/tools/chemdb_ontology?abbrev=DG 36:1
878.49502	878.4943	.0008	PS 42:10	C48H74NO10PNa	[M+Na]+	/resources/tools/chemdb_ontology?abbrev=PS 42:10
878.49502	878.4918	.0032	PS 40:7	C46H76NO10PNa2	[M+2Na-H]+	/resources/tools/chemdb_ontology?abbrev=PS 40:7
575.50221	575.5034	.0012	FAHFA 37:3;O	C37H66O4	[M+H]+	/resources/tools/chemdb_ontology?abbrev=FAHFA 37:3;O
575.50221	575.5034	.0012	DG 34:2	C37H68O5	[M+H-H2O]+	/resources/tools/chemdb_ontology?abbrev=DG 34:2
860.77649	860.7702	.0063	TG 51:3	C54H98O6	[M+NH4]+	/resources/tools/chemdb_ontology?abbrev=TG 51:3
878.56291	878.5694	.0065	PC 44:12	C52H80NO8P	[M+H]+	/resources/tools/chemdb_ontology?abbrev=PC 44:12
878.56291	878.5670	.0041	PC 42:9	C50H82NO8PNa	[M+Na]+	/resources/tools/chemdb_ontology?abbrev=PC 42:9
878.56291	878.5646	.0017	PC 40:6	C48H84NO8PNa2	[M+2Na-H]+	/resources/tools/chemdb_ontology?abbrev=PC 40:6
878.56291	878.5646	.0017	PE 43:6	C48H84NO8PNa2	[M+2Na-H]+	/resources/tools/chemdb_ontology?abbrev=PE 43:6
878.56291	878.5576	.0053	Hex2Cer 32:1;O2	C44H83NO13Na2	[M+2Na-H]+	/resources/tools/chemdb_ontology?abbrev=Hex2Cer 32:1;O2
877.60654	877.6164	.0099	PI O-38:2	C47H89O12P	[M+H]+	/resources/tools/chemdb_ontology?abbrev=PI O-38:2
877.60654	877.6164	.0099	PI 38:0	C47H91O13P	[M+H-H2O]+	/resources/tools/chemdb_ontology?abbrev=PI 38:0
877.49173	877.4862	.0056	PI 38:9	C47H73O13P	[M+H]+	/resources/tools/chemdb_ontology?abbrev=PI 38:9
877.49173	877.4837	.0080	PI 36:6	C45H75O13PNa	[M+Na]+	/resources/tools/chemdb_ontology?abbrev=PI 36:6
878.58826	878.5906	.0023	PS 43:6	C49H84NO10P	[M+H]+	/resources/tools/chemdb_ontology?abbrev=PS 43:6
878.58826	878.5882	.0001	PS 41:3	C47H86NO10PNa	[M+Na]+	/resources/tools/chemdb_ontology?abbrev=PS 41:3
878.58826	878.5857	.0025	PS 39:0	C45H88NO10PNa2	[M+2Na-H]+	/resources/tools/chemdb_ontology?abbrev=PS 39:0
878.55382	878.5576	.0038	Hex2Cer 32:1;O2	C44H83NO13Na2	[M+2Na-H]+	/resources/tools/chemdb_ontology?abbrev=Hex2Cer 32:1;O2
877.4795	877.4862	.0067	PI 38:9	C47H73O13P	[M+H]+	/resources/tools/chemdb_ontology?abbrev=PI 38:9
877.4795	877.4837	.0042	PI 36:6	C45H75O13PNa	[M+Na]+	/resources/tools/chemdb_ontology?abbrev=PI 36:6
877.4795	877.4813	.0018	PI 34:3	C43H77O13PNa2	[M+2Na-H]+	/resources/tools/chemdb_ontology?abbrev=PI 34:3
877.56581	877.5589	.0069	PI O-40:7	C49H83O12P	[M+H-H2O]+	/resources/tools/chemdb_ontology?abbrev=PI O-40:7
877.56581	877.5702	.0043	PS 42:8	C48H78NO10P	[M+NH4]+	/resources/tools/chemdb_ontology?abbrev=PS 42:8
878.4862	878.4943	.0081	PS 42:10	C48H74NO10PNa	[M+Na]+	/resources/tools/chemdb_ontology?abbrev=PS 42:10
878.4862	878.4918	.0056	PS 40:7	C46H76NO10PNa2	[M+2Na-H]+	/resources/tools/chemdb_ontology?abbrev=PS 40:7
877.58864	877.5953	.0067	PG 44:7	C50H85O10P	[M+H]+	/resources/tools/chemdb_ontology?abbrev=PG 44:7
877.58864	877.5801	.0086	PI 37:2	C46H85O13P	[M+H]+	/resources/tools/chemdb_ontology?abbrev=PI 37:2
877.58864	877.5929	.0043	PG 42:4	C48H87O10PNa	[M+Na]+	/resources/tools/chemdb_ontology?abbrev=PG 42:4
877.58864	877.5905	.0019	PG 40:1	C46H89O10PNa2	[M+2Na-H]+	/resources/tools/chemdb_ontology?abbrev=PG 40:1
877.51737	877.5225	.0052	PI 39:7	C48H79O13P	[M+H-H2O]+	/resources/tools/chemdb_ontology?abbrev=PI 39:7
877.51737	877.5177	.0004	PI O-35:3	C44H81O12PNa2	[M+2Na-H]+	/resources/tools/chemdb_ontology?abbrev=PI O-35:3
877.62799	877.6269	.0011	PG O-41:1	C47H93O9PNa2	[M+2Na-H]+	/resources/tools/chemdb_ontology?abbrev=PG O-41:1
877.62799	877.6293	.0013	TG 51:8	C54H88O6Na2	[M+2Na-H]+	/resources/tools/chemdb_ontology?abbrev=TG 51:8
876.80184	876.8015	.0004	TG 52:2	C55H102O6	[M+NH4]+	/resources/tools/chemdb_ontology?abbrev=TG 52:2
877.55357	877.5589	.0054	PI O-40:7	C49H83O12P	[M+H-H2O]+	/resources/tools/chemdb_ontology?abbrev=PI O-40:7
877.67431	877.6704	.0039	TG 56:12	C59H90O6	[M+H-H2O]+	/resources/tools/chemdb_ontology?abbrev=TG 56:12
859.77294	859.7749	.0020	TG 52:2	C55H102O6	[M+H]+	/resources/tools/chemdb_ontology?abbrev=TG 52:2
859.77294	859.7709	.0021	HexCer 44:0;O2	C50H99NO8	[M+NH4]+	/resources/tools/chemdb_ontology?abbrev=HexCer 44:0;O2
885.78178	885.7906	.0088	TG 54:3	C57H104O6	[M+H]+	/resources/tools/chemdb_ontology?abbrev=TG 54:3
885.78178	885.7882	.0064	TG 52:0	C55H106O6Na	[M+Na]+	/resources/tools/chemdb_ontology?abbrev=TG 52:0
877.57604	877.5801	.0040	PI 37:2	C46H85O13P	[M+H]+	/resources/tools/chemdb_ontology?abbrev=PI 37:2
877.57604	877.5702	.0059	PS 42:8	C48H78NO10P	[M+NH4]+	/resources/tools/chemdb_ontology?abbrev=PS 42:8
950.74591	950.7420	.0039	IPC 46:0;O2	C52H104NO11P	[M+H]+	/resources/tools/chemdb_ontology?abbrev=IPC 46:0;O2
950.74591	950.7548	.0089	PC 46:1	C54H106NO8PNa	[M+Na]+	/resources/tools/chemdb_ontology?abbrev=PC 46:1
918.83061	918.8225	.0081	ACer 57:1;O2	C57H111NO4Na2	[M+2Na-H]+	/resources/tools/chemdb_ontology?abbrev=ACer 57:1;O2
877.65902	877.6528	.0062	PI O-39:0	C48H95O12P	[M+H-H2O]+	/resources/tools/chemdb_ontology?abbrev=PI O-39:0
877.65902	877.6641	.0050	PS 41:1	C47H90NO10P	[M+NH4]+	/resources/tools/chemdb_ontology?abbrev=PS 41:1
878.7092	878.6997	.0095	PC O-44:5	C52H96NO7P	[M+H]+	/resources/tools/chemdb_ontology?abbrev=PC O-44:5
878.7092	878.6997	.0095	PC 44:3	C52H98NO8P	[M+H-H2O]+	/resources/tools/chemdb_ontology?abbrev=PC 44:3
606.55136	606.5456	.0058	Cer 38:3;O3	C38H71NO4	[M+H]+	/resources/tools/chemdb_ontology?abbrev=Cer 38:3;O3
606.55136	606.5432	.0082	Cer 36:0;O3	C36H73NO4Na	[M+Na]+	/resources/tools/chemdb_ontology?abbrev=Cer 36:0;O3
606.55136	606.5456	.0058	FAHFA 38:3;O	C38H68O4	[M+NH4]+	/resources/tools/chemdb_ontology?abbrev=FAHFA 38:3;O
878.73049	878.7232	.0073	TG 53:8	C56H92O6	[M+NH4]+	/resources/tools/chemdb_ontology?abbrev=TG 53:8
877.52712	877.5225	.0046	PI 39:7	C48H79O13P	[M+H-H2O]+	/resources/tools/chemdb_ontology?abbrev=PI 39:7
877.52712	877.5177	.0094	PI O-35:3	C44H81O12PNa2	[M+2Na-H]+	/resources/tools/chemdb_ontology?abbrev=PI O-35:3
852.55621	852.5538	.0024	PC 42:11	C50H78NO8P	[M+H]+	/resources/tools/chemdb_ontology?abbrev=PC 42:11
852.55621	852.5514	.0048	PC 40:8	C48H80NO8PNa	[M+Na]+	/resources/tools/chemdb_ontology?abbrev=PC 40:8
852.55621	852.5597	.0034	PI 34:2	C43H79O13P	[M+NH4]+	/resources/tools/chemdb_ontology?abbrev=PI 34:2
852.55621	852.5490	.0072	PC 38:5	C46H82NO8PNa2	[M+2Na-H]+	/resources/tools/chemdb_ontology?abbrev=PC 38:5
852.55621	852.5490	.0072	PE 41:5	C46H82NO8PNa2	[M+2Na-H]+	/resources/tools/chemdb_ontology?abbrev=PE 41:5
878.68553	878.6845	.0011	PG 42:1	C48H93O10P	[M+NH4]+	/resources/tools/chemdb_ontology?abbrev=PG 42:1
920.85788	920.8641	.0062	TG 55:1	C58H110O6	[M+NH4]+	/resources/tools/chemdb_ontology?abbrev=TG 55:1
851.61175	851.6160	.0043	PG 43:4	C49H89O10P	[M+H-H2O]+	/resources/tools/chemdb_ontology?abbrev=PG 43:4
851.61175	851.6203	.0085	Hex2Cer 32:1;O2	C44H83NO13	[M+NH4]+	/resources/tools/chemdb_ontology?abbrev=Hex2Cer 32:1;O2
851.61175	851.6112	.0005	PG O-39:0	C45H91O9PNa2	[M+2Na-H]+	/resources/tools/chemdb_ontology?abbrev=PG O-39:0
851.61175	851.6136	.0019	TG 49:7	C52H86O6Na2	[M+2Na-H]+	/resources/tools/chemdb_ontology?abbrev=TG 49:7
578.52157	578.5143	.0073	Cer 36:3;O3	C36H67NO4	[M+H]+	/resources/tools/chemdb_ontology?abbrev=Cer 36:3;O3
578.52157	578.5119	.0097	Cer 34:0;O3	C34H69NO4Na	[M+Na]+	/resources/tools/chemdb_ontology?abbrev=Cer 34:0;O3
578.52157	578.5143	.0073	FAHFA 36:3;O	C36H64O4	[M+NH4]+	/resources/tools/chemdb_ontology?abbrev=FAHFA 36:3;O
852.67903	852.6841	.0050	PC O-42:4	C50H94NO7P	[M+H]+	/resources/tools/chemdb_ontology?abbrev=PC O-42:4
852.67903	852.6841	.0050	PC 42:2	C50H96NO8P	[M+H-H2O]+	/resources/tools/chemdb_ontology?abbrev=PC 42:2
852.67903	852.6817	.0026	PC O-40:1	C48H96NO7PNa	[M+Na]+	/resources/tools/chemdb_ontology?abbrev=PC O-40:1
852.66791	852.6688	.0009	PG 40:0	C46H91O10P	[M+NH4]+	/resources/tools/chemdb_ontology?abbrev=PG 40:0
852.47258	852.4786	.0060	PS 40:9	C46H72NO10PNa	[M+Na]+	/resources/tools/chemdb_ontology?abbrev=PS 40:9
852.47258	852.4762	.0036	PS 38:6	C44H74NO10PNa2	[M+2Na-H]+	/resources/tools/chemdb_ontology?abbrev=PS 38:6
577.51819	577.5190	.0008	DG 34:1	C37H70O5	[M+H-H2O]+	/resources/tools/chemdb_ontology?abbrev=DG 34:1
851.39356	851.3929	.0006	PI 30:4;O2	C39H67O15PNa2	[M+2Na-H]+	/resources/tools/chemdb_ontology?abbrev=PI 30:4;O2
852.50835	852.5126	.0042	PE 40:6;O	C45H78NO9PNa2	[M+2Na-H]+	/resources/tools/chemdb_ontology?abbrev=PE 40:6;O
851.5673	851.5644	.0029	PI 35:1	C44H83O13P	[M+H]+	/resources/tools/chemdb_ontology?abbrev=PI 35:1
851.5673	851.5773	.0100	PG 40:3	C46H85O10PNa	[M+Na]+	/resources/tools/chemdb_ontology?abbrev=PG 40:3
851.5673	851.5748	.0075	PG 38:0	C44H87O10PNa2	[M+2Na-H]+	/resources/tools/chemdb_ontology?abbrev=PG 38:0
579.52839	579.5347	.0063	DG 34:0	C37H72O5	[M+H-H2O]+	/resources/tools/chemdb_ontology?abbrev=DG 34:0
851.55558	851.5644	.0088	PI 35:1	C44H83O13P	[M+H]+	/resources/tools/chemdb_ontology?abbrev=PI 35:1
851.55558	851.5545	.0011	PS 40:7	C46H76NO10P	[M+NH4]+	/resources/tools/chemdb_ontology?abbrev=PS 40:7
851.55558	851.5537	.0019	PA 44:5	C47H83O8PNa2	[M+2Na-H]+	/resources/tools/chemdb_ontology?abbrev=PA 44:5
852.54167	852.5361	.0056	PC 36:4;O3	C44H80NO11PNa	[M+Na]+	/resources/tools/chemdb_ontology?abbrev=PC 36:4;O3
852.54167	852.5514	.0097	PC 40:8	C48H80NO8PNa	[M+Na]+	/resources/tools/chemdb_ontology?abbrev=PC 40:8
852.54167	852.5490	.0073	PC 38:5	C46H82NO8PNa2	[M+2Na-H]+	/resources/tools/chemdb_ontology?abbrev=PC 38:5
852.54167	852.5490	.0073	PE 41:5	C46H82NO8PNa2	[M+2Na-H]+	/resources/tools/chemdb_ontology?abbrev=PE 41:5
852.54167	852.5337	.0080	IPC 36:1;O2	C42H82NO11PNa2	[M+2Na-H]+	/resources/tools/chemdb_ontology?abbrev=IPC 36:1;O2
853.5551	853.5613	.0062	TG 51:14;O2	C54H76O8	[M+H]+	/resources/tools/chemdb_ontology?abbrev=TG 51:14;O2
853.5551	853.5589	.0038	PI O-38:5	C47H83O12P	[M+H-H2O]+	/resources/tools/chemdb_ontology?abbrev=PI O-38:5
853.5551	853.5490	.0061	PE 44:12	C49H74NO8P	[M+NH4]+	/resources/tools/chemdb_ontology?abbrev=PE 44:12
851.501	851.5069	.0059	PI 37:6	C46H77O13P	[M+H-H2O]+	/resources/tools/chemdb_ontology?abbrev=PI 37:6
851.501	851.5021	.0011	PI O-33:2	C42H79O12PNa2	[M+2Na-H]+	/resources/tools/chemdb_ontology?abbrev=PI O-33:2
898.73275	898.7259	.0068	PC 44:2	C52H100NO8P	[M+H]+	/resources/tools/chemdb_ontology?abbrev=PC 44:2
851.45851	851.4681	.0096	PI 34:5	C43H73O13PNa	[M+Na]+	/resources/tools/chemdb_ontology?abbrev=PI 34:5
851.45851	851.4657	.0072	PI 32:2	C41H75O13PNa2	[M+2Na-H]+	/resources/tools/chemdb_ontology?abbrev=PI 32:2
851.47406	851.4705	.0036	PI 36:8	C45H71O13P	[M+H]+	/resources/tools/chemdb_ontology?abbrev=PI 36:8
851.47406	851.4681	.0060	PI 34:5	C43H73O13PNa	[M+Na]+	/resources/tools/chemdb_ontology?abbrev=PI 34:5
851.47406	851.4809	.0069	PG 39:7	C45H75O10PNa2	[M+2Na-H]+	/resources/tools/chemdb_ontology?abbrev=PG 39:7
851.47406	851.4657	.0084	PI 32:2	C41H75O13PNa2	[M+2Na-H]+	/resources/tools/chemdb_ontology?abbrev=PI 32:2
882.81652	882.8249	.0084	ACer 56:1;O2	C56H109NO4Na	[M+Na]+	/resources/tools/chemdb_ontology?abbrev=ACer 56:1;O2
550.4903	550.4830	.0073	Cer 34:3;O3	C34H63NO4	[M+H]+	/resources/tools/chemdb_ontology?abbrev=Cer 34:3;O3
550.4903	550.4830	.0073	FAHFA 34:3;O	C34H60O4	[M+NH4]+	/resources/tools/chemdb_ontology?abbrev=FAHFA 34:3;O
852.64006	852.6477	.0076	PC 41:4	C49H90NO8P	[M+H]+	/resources/tools/chemdb_ontology?abbrev=PC 41:4
852.64006	852.6477	.0076	PE 44:4	C49H90NO8P	[M+H]+	/resources/tools/chemdb_ontology?abbrev=PE 44:4
852.64006	852.6453	.0052	PC 39:1	C47H92NO8PNa	[M+Na]+	/resources/tools/chemdb_ontology?abbrev=PC 39:1
852.64006	852.6453	.0052	PE 42:1	C47H92NO8PNa	[M+Na]+	/resources/tools/chemdb_ontology?abbrev=PE 42:1
851.58108	851.5797	.0014	PG 42:6	C48H83O10P	[M+H]+	/resources/tools/chemdb_ontology?abbrev=PG 42:6
851.58108	851.5773	.0038	PG 40:3	C46H85O10PNa	[M+Na]+	/resources/tools/chemdb_ontology?abbrev=PG 40:3
851.58108	851.5748	.0062	PG 38:0	C44H87O10PNa2	[M+2Na-H]+	/resources/tools/chemdb_ontology?abbrev=PG 38:0
851.38317	851.3929	.0098	PI 30:4;O2	C39H67O15PNa2	[M+2Na-H]+	/resources/tools/chemdb_ontology?abbrev=PI 30:4;O2
852.69068	852.6841	.0066	PC O-42:4	C50H94NO7P	[M+H]+	/resources/tools/chemdb_ontology?abbrev=PC O-42:4
852.69068	852.6841	.0066	PC 42:2	C50H96NO8P	[M+H-H2O]+	/resources/tools/chemdb_ontology?abbrev=PC 42:2
852.69068	852.6817	.0090	PC O-40:1	C48H96NO7PNa	[M+Na]+	/resources/tools/chemdb_ontology?abbrev=PC O-40:1
852.59177	852.5865	.0052	SHexCer 38:1;O3	C44H85NO12S	[M+H]+	/resources/tools/chemdb_ontology?abbrev=SHexCer 38:1;O3
852.59177	852.5960	.0043	IPC 38:0;O4	C44H88NO13P	[M+H-H2O]+	/resources/tools/chemdb_ontology?abbrev=IPC 38:0;O4
852.59177	852.5960	.0043	PI O-35:2	C44H83O12P	[M+NH4]+	/resources/tools/chemdb_ontology?abbrev=PI O-35:2
852.59177	852.5854	.0064	PE O-42:5	C47H86NO7PNa2	[M+2Na-H]+	/resources/tools/chemdb_ontology?abbrev=PE O-42:5
852.70967	852.7076	.0021	TG 51:7	C54H90O6	[M+NH4]+	/resources/tools/chemdb_ontology?abbrev=TG 51:7
852.70967	852.7052	.0045	PG O-41:0	C47H95O9P	[M+NH4]+	/resources/tools/chemdb_ontology?abbrev=PG O-41:0
851.63881	851.6484	.0096	PS 39:0	C45H88NO10P	[M+NH4]+	/resources/tools/chemdb_ontology?abbrev=PS 39:0
851.63881	851.6476	.0088	PG dO-40:0	C46H95O8PNa2	[M+2Na-H]+	/resources/tools/chemdb_ontology?abbrev=PG dO-40:0
851.60041	851.6008	.0004	PI O-36:1	C45H87O12P	[M+H]+	/resources/tools/chemdb_ontology?abbrev=PI O-36:1
851.52584	851.5173	.0085	PG O-40:7	C46H79O9PNa2	[M+2Na-H]+	/resources/tools/chemdb_ontology?abbrev=PG O-40:7
851.49133	851.4881	.0032	TG 53:20;O2	C56H68O8	[M+H-H2O]+	/resources/tools/chemdb_ontology?abbrev=TG 53:20;O2
851.65639	851.6548	.0016	TG 54:11	C57H88O6	[M+H-H2O]+	/resources/tools/chemdb_ontology?abbrev=TG 54:11
851.65639	851.6484	.0080	PS 39:0	C45H88NO10P	[M+NH4]+	/resources/tools/chemdb_ontology?abbrev=PS 39:0
851.65639	851.6476	.0088	PG dO-40:0	C46H95O8PNa2	[M+2Na-H]+	/resources/tools/chemdb_ontology?abbrev=PG dO-40:0
580.53421	580.5299	.0043	Cer 36:2;O3	C36H69NO4	[M+H]+	/resources/tools/chemdb_ontology?abbrev=Cer 36:2;O3
580.53421	580.5299	.0043	Cer 36:1;O4	C36H71NO5	[M+H-H2O]+	/resources/tools/chemdb_ontology?abbrev=Cer 36:1;O4
833.75773	833.7593	.0015	TG 50:1	C53H100O6	[M+H]+	/resources/tools/chemdb_ontology?abbrev=TG 50:1
853.63771	853.6317	.0061	TG 51:9	C54H86O6Na	[M+Na]+	/resources/tools/chemdb_ontology?abbrev=TG 51:9
853.63771	853.6359	.0018	Hex2Cer 32:0;O2	C44H85NO13	[M+NH4]+	/resources/tools/chemdb_ontology?abbrev=Hex2Cer 32:0;O2
853.63771	853.6429	.0052	PC 40:5	C48H86NO8P	[M+NH4]+	/resources/tools/chemdb_ontology?abbrev=PC 40:5
853.63771	853.6293	.0085	TG 49:6	C52H88O6Na2	[M+2Na-H]+	/resources/tools/chemdb_ontology?abbrev=TG 49:6
851.59165	851.6008	.0091	PI O-36:1	C45H87O12P	[M+H]+	/resources/tools/chemdb_ontology?abbrev=PI O-36:1
850.78614	850.7858	.0003	TG 50:1	C53H100O6	[M+NH4]+	/resources/tools/chemdb_ontology?abbrev=TG 50:1
852.57751	852.5749	.0026	PS 41:5	C47H82NO10P	[M+H]+	/resources/tools/chemdb_ontology?abbrev=PS 41:5
852.57751	852.5865	.0090	SHexCer 38:1;O3	C44H85NO12S	[M+H]+	/resources/tools/chemdb_ontology?abbrev=SHexCer 38:1;O3
852.57751	852.5725	.0050	PS 39:2	C45H84NO10PNa	[M+Na]+	/resources/tools/chemdb_ontology?abbrev=PS 39:2
852.57751	852.5749	.0026	PG 41:7	C47H79O10P	[M+NH4]+	/resources/tools/chemdb_ontology?abbrev=PG 41:7
852.57751	852.5854	.0078	PE O-42:5	C47H86NO7PNa2	[M+2Na-H]+	/resources/tools/chemdb_ontology?abbrev=PE O-42:5
852.61766	852.6113	.0064	PS O-42:5	C48H86NO9P	[M+H]+	/resources/tools/chemdb_ontology?abbrev=PS O-42:5
852.61766	852.6113	.0064	PS 42:3	C48H88NO10P	[M+H-H2O]+	/resources/tools/chemdb_ontology?abbrev=PS 42:3
852.61766	852.6089	.0088	PS O-40:2	C46H88NO9PNa	[M+Na]+	/resources/tools/chemdb_ontology?abbrev=PS O-40:2
852.61766	852.6113	.0064	PG O-42:7	C48H83O9P	[M+NH4]+	/resources/tools/chemdb_ontology?abbrev=PG O-42:7
852.79173	852.8015	.0097	TG 50:0	C53H102O6	[M+NH4]+	/resources/tools/chemdb_ontology?abbrev=TG 50:0
852.6529	852.6477	.0052	PC 41:4	C49H90NO8P	[M+H]+	/resources/tools/chemdb_ontology?abbrev=PC 41:4
852.6529	852.6477	.0052	PE 44:4	C49H90NO8P	[M+H]+	/resources/tools/chemdb_ontology?abbrev=PE 44:4
852.6529	852.6453	.0076	PC 39:1	C47H92NO8PNa	[M+Na]+	/resources/tools/chemdb_ontology?abbrev=PC 39:1
852.6529	852.6453	.0076	PE 42:1	C47H92NO8PNa	[M+Na]+	/resources/tools/chemdb_ontology?abbrev=PE 42:1
858.74965	858.7545	.0049	TG 51:4	C54H96O6	[M+NH4]+	/resources/tools/chemdb_ontology?abbrev=TG 51:4
858.74965	858.7422	.0074	SM 44:2;O2	C49H97N2O6P	[M+NH4]+	/resources/tools/chemdb_ontology?abbrev=SM 44:2;O2
891.77228	891.7800	.0077	TG 56:5	C59H104O6	[M+H-H2O]+	/resources/tools/chemdb_ontology?abbrev=TG 56:5
549.4871	549.4877	.0006	DG 32:1	C35H66O5	[M+H-H2O]+	/resources/tools/chemdb_ontology?abbrev=DG 32:1
851.54508	851.5433	.0018	PI O-38:6	C47H81O12P	[M+H-H2O]+	/resources/tools/chemdb_ontology?abbrev=PI O-38:6
851.54508	851.5545	.0094	PS 40:7	C46H76NO10P	[M+NH4]+	/resources/tools/chemdb_ontology?abbrev=PS 40:7
851.54508	851.5537	.0086	PA 44:5	C47H83O8PNa2	[M+2Na-H]+	/resources/tools/chemdb_ontology?abbrev=PA 44:5
852.52391	852.5242	.0003	SHexCer 36:1;O2	C42H81NO11SNa2	[M+2Na-H]+	/resources/tools/chemdb_ontology?abbrev=SHexCer 36:1;O2
852.52391	852.5337	.0098	IPC 36:1;O2	C42H82NO11PNa2	[M+2Na-H]+	/resources/tools/chemdb_ontology?abbrev=IPC 36:1;O2
852.60467	852.6113	.0066	PS O-42:5	C48H86NO9P	[M+H]+	/resources/tools/chemdb_ontology?abbrev=PS O-42:5
852.60467	852.6113	.0066	PS 42:3	C48H88NO10P	[M+H-H2O]+	/resources/tools/chemdb_ontology?abbrev=PS 42:3
852.60467	852.5960	.0086	IPC 38:0;O4	C44H88NO13P	[M+H-H2O]+	/resources/tools/chemdb_ontology?abbrev=IPC 38:0;O4
852.60467	852.6089	.0042	PS O-40:2	C46H88NO9PNa	[M+Na]+	/resources/tools/chemdb_ontology?abbrev=PS O-40:2
852.60467	852.6113	.0066	PG O-42:7	C48H83O9P	[M+NH4]+	/resources/tools/chemdb_ontology?abbrev=PG O-42:7
852.60467	852.5960	.0086	PI O-35:2	C44H83O12P	[M+NH4]+	/resources/tools/chemdb_ontology?abbrev=PI O-35:2
851.62545	851.6160	.0094	PG 43:4	C49H89O10P	[M+H-H2O]+	/resources/tools/chemdb_ontology?abbrev=PG 43:4
851.62545	851.6273	.0018	PC 40:6	C48H84NO8P	[M+NH4]+	/resources/tools/chemdb_ontology?abbrev=PC 40:6
851.62545	851.6273	.0018	PE 43:6	C48H84NO8P	[M+NH4]+	/resources/tools/chemdb_ontology?abbrev=PE 43:6
851.62545	851.6203	.0052	Hex2Cer 32:1;O2	C44H83NO13	[M+NH4]+	/resources/tools/chemdb_ontology?abbrev=Hex2Cer 32:1;O2
853.51239	853.5038	.0086	TG 53:19;O2	C56H70O8	[M+H-H2O]+	/resources/tools/chemdb_ontology?abbrev=TG 53:19;O2
853.51239	853.5177	.0053	PI O-33:1	C42H81O12PNa2	[M+2Na-H]+	/resources/tools/chemdb_ontology?abbrev=PI O-33:1
851.51251	851.5069	.0056	PI 37:6	C46H77O13P	[M+H-H2O]+	/resources/tools/chemdb_ontology?abbrev=PI 37:6
851.51251	851.5173	.0048	PG O-40:7	C46H79O9PNa2	[M+2Na-H]+	/resources/tools/chemdb_ontology?abbrev=PG O-40:7
853.66265	853.6704	.0078	TG 54:10	C57H90O6	[M+H-H2O]+	/resources/tools/chemdb_ontology?abbrev=TG 54:10
834.76061	834.7545	.0061	TG 49:2	C52H96O6	[M+NH4]+	/resources/tools/chemdb_ontology?abbrev=TG 49:2
551.50229	551.5034	.0011	DG O-32:2	C35H66O4	[M+H]+	/resources/tools/chemdb_ontology?abbrev=DG O-32:2
551.50229	551.5034	.0011	DG 32:0	C35H68O5	[M+H-H2O]+	/resources/tools/chemdb_ontology?abbrev=DG 32:0
854.79739	854.7936	.0038	ACer 54:1;O2	C54H105NO4Na	[M+Na]+	/resources/tools/chemdb_ontology?abbrev=ACer 54:1;O2
552.50577	552.4986	.0071	Cer 34:2;O3	C34H65NO4	[M+H]+	/resources/tools/chemdb_ontology?abbrev=Cer 34:2;O3
852.18095	852.1800	.0009	CoA 5:0	C26H44N7O17P3S	[M+H]+	/resources/tools/chemdb_ontology?abbrev=CoA 5:0
853.60884	853.6164	.0076	PI O-36:0	C45H89O12P	[M+H]+	/resources/tools/chemdb_ontology?abbrev=PI O-36:0
853.60884	853.6182	.0093	SHexCer 38:1;O2	C44H85NO11S	[M+NH4]+	/resources/tools/chemdb_ontology?abbrev=SHexCer 38:1;O2
894.88001	894.8848	.0048	FA 57:1;O3	C57H112O5	[M+NH4]+	/resources/tools/chemdb_ontology?abbrev=FA 57:1;O3
856.74342	856.7389	.0046	TG 51:5	C54H94O6	[M+NH4]+	/resources/tools/chemdb_ontology?abbrev=TG 51:5
934.87422	934.8797	.0055	TG 56:1	C59H112O6	[M+NH4]+	/resources/tools/chemdb_ontology?abbrev=TG 56:1
893.7667	893.7593	.0074	TG 55:6	C58H100O6	[M+H]+	/resources/tools/chemdb_ontology?abbrev=TG 55:6
893.7667	893.7569	.0098	TG 53:3	C56H102O6Na	[M+Na]+	/resources/tools/chemdb_ontology?abbrev=TG 53:3
824.76896	824.7702	.0012	TG 48:0	C51H98O6	[M+NH4]+	/resources/tools/chemdb_ontology?abbrev=TG 48:0
851.74476	851.7487	.0039	TG 53:4	C56H100O6	[M+H-H2O]+	/resources/tools/chemdb_ontology?abbrev=TG 53:4
855.73997	855.7436	.0036	TG 52:4	C55H98O6	[M+H]+	/resources/tools/chemdb_ontology?abbrev=TG 52:4
855.73997	855.7412	.0012	TG 50:1	C53H100O6Na	[M+Na]+	/resources/tools/chemdb_ontology?abbrev=TG 50:1
855.73997	855.7396	.0004	HexCer 44:2;O2	C50H95NO8	[M+NH4]+	/resources/tools/chemdb_ontology?abbrev=HexCer 44:2;O2
872.71713	872.7185	.0014	HexCer 44:1;O4	C50H97NO10	[M+H]+	/resources/tools/chemdb_ontology?abbrev=HexCer 44:1;O4
872.71713	872.7103	.0069	PC 42:1	C50H98NO8P	[M+H]+	/resources/tools/chemdb_ontology?abbrev=PC 42:1
940.71674	940.7212	.0045	PI O-41:0	C50H99O12P	[M+NH4]+	/resources/tools/chemdb_ontology?abbrev=PI O-41:0
857.74692	857.7569	.0099	TG 50:0	C53H102O6Na	[M+Na]+	/resources/tools/chemdb_ontology?abbrev=TG 50:0
857.74692	857.7552	.0083	HexCer 44:1;O2	C50H97NO8	[M+NH4]+	/resources/tools/chemdb_ontology?abbrev=HexCer 44:1;O2
862.78367	862.7858	.0021	TG 51:2	C54H100O6	[M+NH4]+	/resources/tools/chemdb_ontology?abbrev=TG 51:2
871.71364	871.7174	.0038	TG 55:8	C58H96O6	[M+H-H2O]+	/resources/tools/chemdb_ontology?abbrev=TG 55:8
924.73668	924.7392	.0025	PC 44:0	C52H104NO8PNa	[M+Na]+	/resources/tools/chemdb_ontology?abbrev=PC 44:0
829.72377	829.7280	.0042	TG 50:3	C53H96O6	[M+H]+	/resources/tools/chemdb_ontology?abbrev=TG 50:3
829.72377	829.7157	.0081	SM 43:1;O2	C48H97N2O6P	[M+H]+	/resources/tools/chemdb_ontology?abbrev=SM 43:1;O2
829.72377	829.7256	.0018	TG 48:0	C51H98O6Na	[M+Na]+	/resources/tools/chemdb_ontology?abbrev=TG 48:0
829.72377	829.7239	.0002	HexCer 42:1;O2	C48H93NO8	[M+NH4]+	/resources/tools/chemdb_ontology?abbrev=HexCer 42:1;O2
845.69897	845.7017	.0028	TG 53:7	C56H94O6	[M+H-H2O]+	/resources/tools/chemdb_ontology?abbrev=TG 53:7
905.89369	905.8895	.0041	FA 59:1;O3	C59H116O5	[M+H]+	/resources/tools/chemdb_ontology?abbrev=FA 59:1;O3
905.89369	905.9008	.0071	ACer 58:1;O2	C58H113NO4	[M+NH4]+	/resources/tools/chemdb_ontology?abbrev=ACer 58:1;O2
591.53333	591.5347	.0014	DG 35:1	C38H72O5	[M+H-H2O]+	/resources/tools/chemdb_ontology?abbrev=DG 35:1
874.71863	874.7259	.0073	PC 42:0	C50H100NO8P	[M+H]+	/resources/tools/chemdb_ontology?abbrev=PC 42:0
830.72706	830.7232	.0039	TG 49:4	C52H92O6	[M+NH4]+	/resources/tools/chemdb_ontology?abbrev=TG 49:4
864.79988	864.8015	.0016	TG 51:1	C54H102O6	[M+NH4]+	/resources/tools/chemdb_ontology?abbrev=TG 51:1
565.51704	565.5190	.0020	FAHFA 36:1;O	C36H68O4	[M+H]+	/resources/tools/chemdb_ontology?abbrev=FAHFA 36:1;O
565.51704	565.5190	.0020	DG 33:0	C36H70O5	[M+H-H2O]+	/resources/tools/chemdb_ontology?abbrev=DG 33:0
563.53847	563.5398	.0013	DG O-34:1	C37H72O4	[M+H-H2O]+	/resources/tools/chemdb_ontology?abbrev=DG O-34:1
866.8632	866.8535	.0097	FA 55:1;O3	C55H108O5	[M+NH4]+	/resources/tools/chemdb_ontology?abbrev=FA 55:1;O3
875.81371	875.8062	.0075	TG 53:1	C56H106O6	[M+H]+	/resources/tools/chemdb_ontology?abbrev=TG 53:1
875.81371	875.8167	.0029	FA 56:1;O	C56H110O3Na2	[M+2Na-H]+	/resources/tools/chemdb_ontology?abbrev=FA 56:1;O
916.82954	916.8328	.0032	TG 55:3	C58H106O6	[M+NH4]+	/resources/tools/chemdb_ontology?abbrev=TG 55:3
885.7291	885.7330	.0039	TG 56:8	C59H98O6	[M+H-H2O]+	/resources/tools/chemdb_ontology?abbrev=TG 56:8
838.78397	838.7858	.0018	TG 49:0	C52H100O6	[M+NH4]+	/resources/tools/chemdb_ontology?abbrev=TG 49:0
865.76028	865.7643	.0041	TG 54:4	C57H102O6	[M+H-H2O]+	/resources/tools/chemdb_ontology?abbrev=TG 54:4
865.76028	865.7595	.0007	FA 53:1;O3	C53H104O5Na2	[M+2Na-H]+	/resources/tools/chemdb_ontology?abbrev=FA 53:1;O3
911.74438	911.7487	.0043	TG 58:9	C61H100O6	[M+H-H2O]+	/resources/tools/chemdb_ontology?abbrev=TG 58:9
859.71332	859.7174	.0041	TG 54:7	C57H96O6	[M+H-H2O]+	/resources/tools/chemdb_ontology?abbrev=TG 54:7
869.75543	869.7593	.0038	TG 53:4	C56H100O6	[M+H]+	/resources/tools/chemdb_ontology?abbrev=TG 53:4
869.75543	869.7569	.0014	TG 51:1	C54H102O6Na	[M+Na]+	/resources/tools/chemdb_ontology?abbrev=TG 51:1
839.74446	839.7487	.0042	TG 52:3	C55H100O6	[M+H-H2O]+	/resources/tools/chemdb_ontology?abbrev=TG 52:3
923.80088	923.8062	.0053	TG 57:5	C60H106O6	[M+H]+	/resources/tools/chemdb_ontology?abbrev=TG 57:5
923.80088	923.8038	.0029	TG 55:2	C58H108O6Na	[M+Na]+	/resources/tools/chemdb_ontology?abbrev=TG 55:2
872.76569	872.7702	.0045	TG 52:4	C55H98O6	[M+NH4]+	/resources/tools/chemdb_ontology?abbrev=TG 52:4
901.83043	901.8219	.0086	TG 55:2	C58H108O6	[M+H]+	/resources/tools/chemdb_ontology?abbrev=TG 55:2
861.80721	861.8010	.0062	FA 55:1;O	C55H108O3Na2	[M+2Na-H]+	/resources/tools/chemdb_ontology?abbrev=FA 55:1;O
895.77091	895.7749	.0040	TG 55:5	C58H102O6	[M+H]+	/resources/tools/chemdb_ontology?abbrev=TG 55:5
895.77091	895.7725	.0016	TG 53:2	C56H104O6Na	[M+Na]+	/resources/tools/chemdb_ontology?abbrev=TG 53:2
896.77432	896.7702	.0042	TG 54:6	C57H98O6	[M+NH4]+	/resources/tools/chemdb_ontology?abbrev=TG 54:6
922.78951	922.7858	.0037	TG 56:7	C59H100O6	[M+NH4]+	/resources/tools/chemdb_ontology?abbrev=TG 56:7
813.72866	813.7330	.0044	TG 50:2	C53H98O6	[M+H-H2O]+	/resources/tools/chemdb_ontology?abbrev=TG 50:2
843.7395	843.7436	.0041	TG 51:3	C54H98O6	[M+H]+	/resources/tools/chemdb_ontology?abbrev=TG 51:3
843.7395	843.7313	.0082	SM 44:1;O2	C49H99N2O6P	[M+H]+	/resources/tools/chemdb_ontology?abbrev=SM 44:1;O2
843.7395	843.7412	.0017	TG 49:0	C52H100O6Na	[M+Na]+	/resources/tools/chemdb_ontology?abbrev=TG 49:0
886.73235	886.7259	.0064	PC 43:1	C51H100NO8P	[M+H]+	/resources/tools/chemdb_ontology?abbrev=PC 43:1
886.73235	886.7259	.0064	PE 46:1	C51H100NO8P	[M+H]+	/resources/tools/chemdb_ontology?abbrev=PE 46:1
844.74279	844.7389	.0039	TG 50:4	C53H94O6	[M+NH4]+	/resources/tools/chemdb_ontology?abbrev=TG 50:4
681.63553	681.6391	.0036	DG 40:0	C43H84O5	[M+H]+	/resources/tools/chemdb_ontology?abbrev=DG 40:0
752.5638	752.5589	.0049	PE O-38:5	C43H78NO7P	[M+H]+	/resources/tools/chemdb_ontology?abbrev=PE O-38:5
752.5638	752.5589	.0049	PC 35:3	C43H80NO8P	[M+H-H2O]+	/resources/tools/chemdb_ontology?abbrev=PC 35:3
752.5638	752.5589	.0049	PE 38:3	C43H80NO8P	[M+H-H2O]+	/resources/tools/chemdb_ontology?abbrev=PE 38:3
752.5638	752.5565	.0073	PC O-33:2	C41H80NO7PNa	[M+Na]+	/resources/tools/chemdb_ontology?abbrev=PC O-33:2
752.5638	752.5565	.0073	PE O-36:2	C41H80NO7PNa	[M+Na]+	/resources/tools/chemdb_ontology?abbrev=PE O-36:2
752.5638	752.5589	.0049	PA O-40:6	C43H75O7P	[M+NH4]+	/resources/tools/chemdb_ontology?abbrev=PA O-40:6
870.75877	870.7545	.0043	TG 52:5	C55H96O6	[M+NH4]+	/resources/tools/chemdb_ontology?abbrev=TG 52:5
921.78603	921.7906	.0045	TG 57:6	C60H104O6	[M+H]+	/resources/tools/chemdb_ontology?abbrev=TG 57:6
921.78603	921.7882	.0021	TG 55:3	C58H106O6Na	[M+Na]+	/resources/tools/chemdb_ontology?abbrev=TG 55:3
921.78603	921.7858	.0003	TG 53:0	C56H108O6Na2	[M+2Na-H]+	/resources/tools/chemdb_ontology?abbrev=TG 53:0
257.22602	257.2264	.0004	ST 19:1;O	C19H30O	[M+H-H2O]+	/resources/tools/chemdb_ontology?abbrev=ST 19:1;O
257.22602	257.2293	.0033	DG 28:0	C31H60O5	[M+2H]2+	/resources/tools/chemdb_ontology?abbrev=DG 28:0
849.7928	849.7906	.0022	TG 51:0	C54H104O6	[M+H]+	/resources/tools/chemdb_ontology?abbrev=TG 51:0
313.28847	313.2849	.0035	SPB 18:3;O2	C18H33NO2	[M+NH4]+	/resources/tools/chemdb_ontology?abbrev=SPB 18:3;O2
313.28847	313.2919	.0034	DG 36:0	C39H76O5	[M+2H]2+	/resources/tools/chemdb_ontology?abbrev=DG 36:0
243.21039	243.2137	.0033	DG 26:0	C29H56O5	[M+2H]2+	/resources/tools/chemdb_ontology?abbrev=DG 26:0
898.78718	898.7858	.0014	TG 54:5	C57H100O6	[M+NH4]+	/resources/tools/chemdb_ontology?abbrev=TG 54:5
369.35136	369.3516	.0002	ST 27:1;O	C27H46O	[M+H-H2O]+	/resources/tools/chemdb_ontology?abbrev=ST 27:1;O
369.35136	369.3475	.0038	NAE 20:2	C22H41NO2	[M+NH4]+	/resources/tools/chemdb_ontology?abbrev=NAE 20:2
369.35136	369.3545	.0031	DG 44:0	C47H92O5	[M+2H]2+	/resources/tools/chemdb_ontology?abbrev=DG 44:0
696.60575	696.6137	.0079	TG 39:1	C42H78O6	[M+NH4]+	/resources/tools/chemdb_ontology?abbrev=TG 39:1
680.63215	680.6292	.0030	Cer 42:0;O	C42H85NO2Na2	[M+2Na-H]+	/resources/tools/chemdb_ontology?abbrev=Cer 42:0;O
751.56055	751.5636	.0031	PA 41:3	C44H81O8P	[M+H-H2O]+	/resources/tools/chemdb_ontology?abbrev=PA 41:3
751.56055	751.5612	.0007	PA O-39:2	C42H81O7PNa	[M+Na]+	/resources/tools/chemdb_ontology?abbrev=PA O-39:2
751.56055	751.5596	.0010	PS O-33:1	C39H76NO9P	[M+NH4]+	/resources/tools/chemdb_ontology?abbrev=PS O-33:1
658.64986	658.6496	.0002	Cer 44:2;O2	C44H85NO3	[M+H-H2O]+	/resources/tools/chemdb_ontology?abbrev=Cer 44:2;O2
658.64986	658.6472	.0026	Cer 42:0;O	C42H85NO2Na	[M+Na]+	/resources/tools/chemdb_ontology?abbrev=Cer 42:0;O
897.78252	897.7906	.0080	TG 55:4	C58H104O6	[M+H]+	/resources/tools/chemdb_ontology?abbrev=TG 55:4
897.78252	897.7882	.0056	TG 53:1	C56H106O6Na	[M+Na]+	/resources/tools/chemdb_ontology?abbrev=TG 53:1
371.35829	371.3520	.0063	FA 23:0;O	C23H46O3	[M+H]+	/resources/tools/chemdb_ontology?abbrev=FA 23:0;O
371.35829	371.3672	.0089	ST 27:1	C27H46	[M+H]+	/resources/tools/chemdb_ontology?abbrev=ST 27:1
371.35829	371.3520	.0063	MG O-20:0;O	C23H48O4	[M+H-H2O]+	/resources/tools/chemdb_ontology?abbrev=MG O-20:0;O
371.35829	371.3672	.0089	ST 27:0;O	C27H48O	[M+H-H2O]+	/resources/tools/chemdb_ontology?abbrev=ST 27:0;O
371.35829	371.3632	.0049	NAE 20:1	C22H43NO2	[M+NH4]+	/resources/tools/chemdb_ontology?abbrev=NAE 20:1
750.55728	750.5643	.0071	PS O-34:0	C40H80NO9P	[M+H]+	/resources/tools/chemdb_ontology?abbrev=PS O-34:0
750.55728	750.5490	.0082	HexCer 35:2;O3	C41H77NO9Na	[M+Na]+	/resources/tools/chemdb_ontology?abbrev=HexCer 35:2;O3
750.55728	750.5643	.0071	PG O-34:2	C40H77O9P	[M+NH4]+	/resources/tools/chemdb_ontology?abbrev=PG O-34:2
853.72355	853.7280	.0044	TG 52:5	C55H96O6	[M+H]+	/resources/tools/chemdb_ontology?abbrev=TG 52:5
853.72355	853.7256	.0020	TG 50:2	C53H98O6Na	[M+Na]+	/resources/tools/chemdb_ontology?abbrev=TG 50:2
765.57629	765.5793	.0030	PA O-42:5	C45H81O7P	[M+H]+	/resources/tools/chemdb_ontology?abbrev=PA O-42:5
765.57629	765.5793	.0030	PA 42:3	C45H83O8P	[M+H-H2O]+	/resources/tools/chemdb_ontology?abbrev=PA 42:3
765.57629	765.5769	.0006	PA O-40:2	C43H83O7PNa	[M+Na]+	/resources/tools/chemdb_ontology?abbrev=PA O-40:2
765.57629	765.5752	.0010	PS O-34:1	C40H78NO9P	[M+NH4]+	/resources/tools/chemdb_ontology?abbrev=PS O-34:1
679.62544	679.6235	.0019	DG 40:1	C43H82O5	[M+H]+	/resources/tools/chemdb_ontology?abbrev=DG 40:1
679.62544	679.6339	.0085	FA 43:0	C43H86O2Na2	[M+2Na-H]+	/resources/tools/chemdb_ontology?abbrev=FA 43:0
827.70731	827.7123	.0050	TG 50:4	C53H94O6	[M+H]+	/resources/tools/chemdb_ontology?abbrev=TG 50:4
827.70731	827.7000	.0073	SM 43:2;O2	C48H95N2O6P	[M+H]+	/resources/tools/chemdb_ontology?abbrev=SM 43:2;O2
827.70731	827.7099	.0026	TG 48:1	C51H96O6Na	[M+Na]+	/resources/tools/chemdb_ontology?abbrev=TG 48:1
827.70731	827.7083	.0010	HexCer 42:2;O2	C48H91NO8	[M+NH4]+	/resources/tools/chemdb_ontology?abbrev=HexCer 42:2;O2
860.71648	860.7103	.0062	PC 41:0	C49H98NO8P	[M+H]+	/resources/tools/chemdb_ontology?abbrev=PC 41:0
860.71648	860.7103	.0062	PE 44:0	C49H98NO8P	[M+H]+	/resources/tools/chemdb_ontology?abbrev=PE 44:0
682.63871	682.6344	.0043	Cer 42:1;O4	C42H83NO5	[M+H]+	/resources/tools/chemdb_ontology?abbrev=Cer 42:1;O4
682.63871	682.6472	.0085	Cer 44:2;O	C44H85NO2Na	[M+Na]+	/resources/tools/chemdb_ontology?abbrev=Cer 44:2;O
682.63871	682.6344	.0043	DG 39:1	C42H80O5	[M+NH4]+	/resources/tools/chemdb_ontology?abbrev=DG 39:1
673.58818	673.5918	.0036	CE 20:4	C47H76O2	[M+H]+	/resources/tools/chemdb_ontology?abbrev=CE 20:4
673.58818	673.5894	.0012	CE 18:1	C45H78O2Na	[M+Na]+	/resources/tools/chemdb_ontology?abbrev=CE 18:1
907.77119	907.7749	.0037	TG 56:6	C59H102O6	[M+H]+	/resources/tools/chemdb_ontology?abbrev=TG 56:6
907.77119	907.7725	.0013	TG 54:3	C57H104O6Na	[M+Na]+	/resources/tools/chemdb_ontology?abbrev=TG 54:3
907.77119	907.7701	.0011	TG 52:0	C55H106O6Na2	[M+2Na-H]+	/resources/tools/chemdb_ontology?abbrev=TG 52:0
475.41393	475.4146	.0006	TG 59:6	C62H108O6	[M+2H]2+	/resources/tools/chemdb_ontology?abbrev=TG 59:6
475.41393	475.4122	.0018	TG 55:0	C58H112O6Na2	[M+2Na]2+	/resources/tools/chemdb_ontology?abbrev=TG 55:0
845.74595	845.7470	.0010	SM 44:0;O2	C49H101N2O6P	[M+H]+	/resources/tools/chemdb_ontology?abbrev=SM 44:0;O2
854.72699	854.7232	.0038	TG 51:6	C54H92O6	[M+NH4]+	/resources/tools/chemdb_ontology?abbrev=TG 51:6
954.84546	954.8484	.0029	TG 58:5	C61H108O6	[M+NH4]+	/resources/tools/chemdb_ontology?abbrev=TG 58:5
935.80188	935.8062	.0043	TG 58:6	C61H106O6	[M+H]+	/resources/tools/chemdb_ontology?abbrev=TG 58:6
935.80188	935.8038	.0019	TG 56:3	C59H108O6Na	[M+Na]+	/resources/tools/chemdb_ontology?abbrev=TG 56:3
935.80188	935.8014	.0005	TG 54:0	C57H110O6Na2	[M+2Na-H]+	/resources/tools/chemdb_ontology?abbrev=TG 54:0
951.77363	951.7800	.0064	TG 61:10	C64H104O6	[M+H-H2O]+	/resources/tools/chemdb_ontology?abbrev=TG 61:10
971.93373	971.9365	.0028	TG 61:0	C64H124O6	[M+H-H2O]+	/resources/tools/chemdb_ontology?abbrev=TG 61:0
936.80535	936.8015	.0039	TG 57:7	C60H102O6	[M+NH4]+	/resources/tools/chemdb_ontology?abbrev=TG 57:7
952.77682	952.7705	.0063	PC 46:0	C54H108NO8PNa	[M+Na]+	/resources/tools/chemdb_ontology?abbrev=PC 46:0
595.58676	595.5772	.0095	Cer 37:2;O2	C37H71NO3	[M+NH4]+	/resources/tools/chemdb_ontology?abbrev=Cer 37:2;O2
963.86715	963.8739	.0067	TG 61:4	C64H116O6	[M+H-H2O]+	/resources/tools/chemdb_ontology?abbrev=TG 61:4
928.76579	928.7729	.0071	PC 46:1	C54H106NO8P	[M+H]+	/resources/tools/chemdb_ontology?abbrev=PC 46:1
926.76382	926.7572	.0066	PC 46:2	C54H104NO8P	[M+H]+	/resources/tools/chemdb_ontology?abbrev=PC 46:2
925.76033	925.7643	.0040	TG 59:9	C62H102O6	[M+H-H2O]+	/resources/tools/chemdb_ontology?abbrev=TG 59:9
930.8468	930.8484	.0016	TG 56:3	C59H108O6	[M+NH4]+	/resources/tools/chemdb_ontology?abbrev=TG 56:3
956.86132	956.8641	.0027	TG 58:4	C61H110O6	[M+NH4]+	/resources/tools/chemdb_ontology?abbrev=TG 58:4
960.88875	960.8954	.0066	TG 58:2	C61H114O6	[M+NH4]+	/resources/tools/chemdb_ontology?abbrev=TG 58:2
912.7963	912.8015	.0052	TG 55:5	C58H102O6	[M+NH4]+	/resources/tools/chemdb_ontology?abbrev=TG 55:5
988.92413	988.9267	.0025	TG 60:2	C63H118O6	[M+NH4]+	/resources/tools/chemdb_ontology?abbrev=TG 60:2
910.85413	910.8562	.0020	ACer 58:1;O2	C58H113NO4Na	[M+Na]+	/resources/tools/chemdb_ontology?abbrev=ACer 58:1;O2
909.78665	909.7906	.0039	TG 56:5	C59H104O6	[M+H]+	/resources/tools/chemdb_ontology?abbrev=TG 56:5
909.78665	909.7882	.0015	TG 54:2	C57H106O6Na	[M+Na]+	/resources/tools/chemdb_ontology?abbrev=TG 54:2
647.45748	647.4646	.0071	PA 32:1	C35H67O8P	[M+H]+	/resources/tools/chemdb_ontology?abbrev=PA 32:1
647.45748	647.4646	.0071	PG O-29:1	C35H69O9P	[M+H-H2O]+	/resources/tools/chemdb_ontology?abbrev=PG O-29:1
647.45748	647.4646	.0071	DG 37:7	C40H64O5Na	[M+Na]+	/resources/tools/chemdb_ontology?abbrev=DG 37:7
647.45748	647.4622	.0047	DG 35:4	C38H66O5Na2	[M+2Na-H]+	/resources/tools/chemdb_ontology?abbrev=DG 35:4
910.79015	910.7858	.0043	TG 55:6	C58H100O6	[M+NH4]+	/resources/tools/chemdb_ontology?abbrev=TG 55:6
980.86132	980.8641	.0027	TG 60:6	C63H110O6	[M+NH4]+	/resources/tools/chemdb_ontology?abbrev=TG 60:6
603.53333	603.5347	.0014	DG 36:2	C39H72O5	[M+H-H2O]+	/resources/tools/chemdb_ontology?abbrev=DG 36:2
603.53333	603.5323	.0011	DG O-34:1	C37H72O4Na	[M+Na]+	/resources/tools/chemdb_ontology?abbrev=DG O-34:1
879.62888	879.6321	.0032	PI O-38:1	C47H91O12P	[M+H]+	/resources/tools/chemdb_ontology?abbrev=PI O-38:1
904.83197	904.8328	.0008	TG 54:2	C57H106O6	[M+NH4]+	/resources/tools/chemdb_ontology?abbrev=TG 54:2
884.77456	884.7702	.0044	TG 53:5	C56H98O6	[M+NH4]+	/resources/tools/chemdb_ontology?abbrev=TG 53:5
887.801	887.8062	.0052	TG 54:2	C57H106O6	[M+H]+	/resources/tools/chemdb_ontology?abbrev=TG 54:2
974.90762	974.9110	.0034	TG 59:2	C62H116O6	[M+NH4]+	/resources/tools/chemdb_ontology?abbrev=TG 59:2
880.59329	880.5910	.0023	PI 36:2	C45H83O13P	[M+NH4]+	/resources/tools/chemdb_ontology?abbrev=PI 36:2
880.61246	880.6178	.0054	SHexCer 40:1;O3	C46H89NO12S	[M+H]+	/resources/tools/chemdb_ontology?abbrev=SHexCer 40:1;O3
880.61246	880.6038	.0087	PS 41:2	C47H88NO10PNa	[M+Na]+	/resources/tools/chemdb_ontology?abbrev=PS 41:2
663.4526	663.4595	.0069	PG 29:0	C35H69O10P	[M+H-H2O]+	/resources/tools/chemdb_ontology?abbrev=PG 29:0
881.65832	881.6630	.0046	TG 53:9	C56H90O6Na	[M+Na]+	/resources/tools/chemdb_ontology?abbrev=TG 53:9
881.65832	881.6590	.0007	IPC 40:1;O2	C46H90NO11P	[M+NH4]+	/resources/tools/chemdb_ontology?abbrev=IPC 40:1;O2
881.65832	881.6495	.0089	SHexCer 40:1;O2	C46H89NO11S	[M+NH4]+	/resources/tools/chemdb_ontology?abbrev=SHexCer 40:1;O2
881.65832	881.6672	.0089	Hex2Cer 34:0;O2	C46H89NO13	[M+NH4]+	/resources/tools/chemdb_ontology?abbrev=Hex2Cer 34:0;O2
881.65832	881.6606	.0022	TG 51:6	C54H92O6Na2	[M+2Na-H]+	/resources/tools/chemdb_ontology?abbrev=TG 51:6
880.72247	880.7154	.0071	PC O-44:4	C52H98NO7P	[M+H]+	/resources/tools/chemdb_ontology?abbrev=PC O-44:4
880.72247	880.7154	.0071	PC 44:2	C52H100NO8P	[M+H-H2O]+	/resources/tools/chemdb_ontology?abbrev=PC 44:2
880.72247	880.7130	.0095	PC O-42:1	C50H100NO7PNa	[M+Na]+	/resources/tools/chemdb_ontology?abbrev=PC O-42:1
946.8615	946.8538	.0077	ACer 59:1;O2	C59H115NO4Na2	[M+2Na-H]+	/resources/tools/chemdb_ontology?abbrev=ACer 59:1;O2
604.5367	604.5275	.0092	Cer 36:1;O3	C36H71NO4Na	[M+Na]+	/resources/tools/chemdb_ontology?abbrev=Cer 36:1;O3
962.90762	962.9110	.0034	TG 58:1	C61H116O6	[M+NH4]+	/resources/tools/chemdb_ontology?abbrev=TG 58:1
879.49991	879.5018	.0019	PI 38:8	C47H75O13P	[M+H]+	/resources/tools/chemdb_ontology?abbrev=PI 38:8
879.49991	879.4994	.0005	PI 36:5	C45H77O13PNa	[M+Na]+	/resources/tools/chemdb_ontology?abbrev=PI 36:5
879.49991	879.4970	.0029	PI 34:2	C43H79O13PNa2	[M+2Na-H]+	/resources/tools/chemdb_ontology?abbrev=PI 34:2
578.52137	578.5143	.0071	Cer 36:3;O3	C36H67NO4	[M+H]+	/resources/tools/chemdb_ontology?abbrev=Cer 36:3;O3
578.52137	578.5119	.0095	Cer 34:0;O3	C34H69NO4Na	[M+Na]+	/resources/tools/chemdb_ontology?abbrev=Cer 34:0;O3
578.52137	578.5143	.0071	FAHFA 36:3;O	C36H64O4	[M+NH4]+	/resources/tools/chemdb_ontology?abbrev=FAHFA 36:3;O
879.54782	879.5382	.0096	PI 39:6	C48H81O13P	[M+H-H2O]+	/resources/tools/chemdb_ontology?abbrev=PI 39:6
879.54782	879.5486	.0008	PG O-42:7	C48H83O9PNa2	[M+2Na-H]+	/resources/tools/chemdb_ontology?abbrev=PG O-42:7
606.55264	606.5456	.0071	Cer 38:3;O3	C38H71NO4	[M+H]+	/resources/tools/chemdb_ontology?abbrev=Cer 38:3;O3
606.55264	606.5432	.0095	Cer 36:0;O3	C36H73NO4Na	[M+Na]+	/resources/tools/chemdb_ontology?abbrev=Cer 36:0;O3
606.55264	606.5456	.0071	FAHFA 38:3;O	C38H68O4	[M+NH4]+	/resources/tools/chemdb_ontology?abbrev=FAHFA 38:3;O
880.50326	880.5123	.0090	PS 44:12	C50H74NO10P	[M+H]+	/resources/tools/chemdb_ontology?abbrev=PS 44:12
880.50326	880.5099	.0066	PS 42:9	C48H76NO10PNa	[M+Na]+	/resources/tools/chemdb_ontology?abbrev=PS 42:9
880.50326	880.5075	.0042	PS 40:6	C46H78NO10PNa2	[M+2Na-H]+	/resources/tools/chemdb_ontology?abbrev=PS 40:6
880.55306	880.5555	.0024	SHexCer 38:1;O2	C44H85NO11SNa2	[M+2Na-H]+	/resources/tools/chemdb_ontology?abbrev=SHexCer 38:1;O2
879.52366	879.5334	.0097	PI O-35:2	C44H83O12PNa2	[M+2Na-H]+	/resources/tools/chemdb_ontology?abbrev=PI O-35:2
878.81685	878.8171	.0003	TG 52:1	C55H104O6	[M+NH4]+	/resources/tools/chemdb_ontology?abbrev=TG 52:1
879.61071	879.6110	.0002	PG 44:6	C50H87O10P	[M+H]+	/resources/tools/chemdb_ontology?abbrev=PG 44:6
879.61071	879.6086	.0022	PG 42:3	C48H89O10PNa	[M+Na]+	/resources/tools/chemdb_ontology?abbrev=PG 42:3
879.61071	879.6061	.0046	PG 40:0	C46H91O10PNa2	[M+2Na-H]+	/resources/tools/chemdb_ontology?abbrev=PG 40:0
580.53666	580.5299	.0067	Cer 36:2;O3	C36H69NO4	[M+H]+	/resources/tools/chemdb_ontology?abbrev=Cer 36:2;O3
580.53666	580.5299	.0067	Cer 36:1;O4	C36H71NO5	[M+H-H2O]+	/resources/tools/chemdb_ontology?abbrev=Cer 36:1;O4
880.68462	880.6790	.0056	PC 43:4	C51H94NO8P	[M+H]+	/resources/tools/chemdb_ontology?abbrev=PC 43:4
880.68462	880.6848	.0002	HexCer 43:1;O4	C49H95NO10Na	[M+Na]+	/resources/tools/chemdb_ontology?abbrev=HexCer 43:1;O4
880.68462	880.6766	.0080	PC 41:1	C49H96NO8PNa	[M+Na]+	/resources/tools/chemdb_ontology?abbrev=PC 41:1
880.68462	880.6766	.0080	PE 44:1	C49H96NO8PNa	[M+Na]+	/resources/tools/chemdb_ontology?abbrev=PE 44:1
919.80205	919.8113	.0092	TG 58:5	C61H108O6	[M+H-H2O]+	/resources/tools/chemdb_ontology?abbrev=TG 58:5
861.78826	861.7906	.0023	TG 52:1	C55H104O6	[M+H]+	/resources/tools/chemdb_ontology?abbrev=TG 52:1
879.64155	879.6321	.0095	PI O-38:1	C47H91O12P	[M+H]+	/resources/tools/chemdb_ontology?abbrev=PI O-38:1
879.64155	879.6473	.0058	TG 53:10	C56H88O6Na	[M+Na]+	/resources/tools/chemdb_ontology?abbrev=TG 53:10
879.64155	879.6425	.0010	PG O-41:0	C47H95O9PNa2	[M+2Na-H]+	/resources/tools/chemdb_ontology?abbrev=PG O-41:0
879.64155	879.6449	.0034	TG 51:7	C54H90O6Na2	[M+2Na-H]+	/resources/tools/chemdb_ontology?abbrev=TG 51:7
879.77538	879.7800	.0046	TG 55:4	C58H104O6	[M+H-H2O]+	/resources/tools/chemdb_ontology?abbrev=TG 55:4
879.68303	879.6861	.0031	TG 56:11	C59H92O6	[M+H-H2O]+	/resources/tools/chemdb_ontology?abbrev=TG 56:11
879.68303	879.6797	.0033	PS 41:0	C47H92NO10P	[M+NH4]+	/resources/tools/chemdb_ontology?abbrev=PS 41:0
879.5999	879.5957	.0042	PI 37:1	C46H87O13P	[M+H]+	/resources/tools/chemdb_ontology?abbrev=PI 37:1
879.5999	879.6086	.0087	PG 42:3	C48H89O10PNa	[M+Na]+	/resources/tools/chemdb_ontology?abbrev=PG 42:3
879.5999	879.6061	.0062	PG 40:0	C46H91O10PNa2	[M+2Na-H]+	/resources/tools/chemdb_ontology?abbrev=PG 40:0
879.57015	879.5769	.0068	TG 53:15;O2	C56H78O8	[M+H]+	/resources/tools/chemdb_ontology?abbrev=TG 53:15;O2
879.57015	879.5746	.0044	PI O-40:6	C49H85O12P	[M+H-H2O]+	/resources/tools/chemdb_ontology?abbrev=PI O-40:6
879.57015	879.5745	.0044	TG 51:12;O2	C54H80O8Na	[M+Na]+	/resources/tools/chemdb_ontology?abbrev=TG 51:12;O2
879.67366	879.6797	.0060	PS 41:0	C47H92NO10P	[M+NH4]+	/resources/tools/chemdb_ontology?abbrev=PS 41:0
886.78059	886.7858	.0052	TG 53:4	C56H100O6	[M+NH4]+	/resources/tools/chemdb_ontology?abbrev=TG 53:4
880.67497	880.6790	.0040	PC 43:4	C51H94NO8P	[M+H]+	/resources/tools/chemdb_ontology?abbrev=PC 43:4
880.67497	880.6766	.0016	PC 41:1	C49H96NO8PNa	[M+Na]+	/resources/tools/chemdb_ontology?abbrev=PC 41:1
880.67497	880.6766	.0016	PE 44:1	C49H96NO8PNa	[M+Na]+	/resources/tools/chemdb_ontology?abbrev=PE 44:1
880.67497	880.6848	.0098	HexCer 43:1;O4	C49H95NO10Na	[M+Na]+	/resources/tools/chemdb_ontology?abbrev=HexCer 43:1;O4
952.76257	952.7705	.0079	PC 46:0	C54H108NO8PNa	[M+Na]+	/resources/tools/chemdb_ontology?abbrev=PC 46:0
880.57085	880.5733	.0024	Hex2Cer 32:0;O2	C44H85NO13Na2	[M+2Na-H]+	/resources/tools/chemdb_ontology?abbrev=Hex2Cer 32:0;O2
880.57085	880.5803	.0094	PC 40:5	C48H86NO8PNa2	[M+2Na-H]+	/resources/tools/chemdb_ontology?abbrev=PC 40:5
879.59092	879.5957	.0048	PI 37:1	C46H87O13P	[M+H]+	/resources/tools/chemdb_ontology?abbrev=PI 37:1
879.59092	879.5858	.0051	PS 42:7	C48H80NO10P	[M+NH4]+	/resources/tools/chemdb_ontology?abbrev=PS 42:7
883.77088	883.7749	.0040	TG 54:4	C57H102O6	[M+H]+	/resources/tools/chemdb_ontology?abbrev=TG 54:4
883.77088	883.7725	.0016	TG 52:1	C55H104O6Na	[M+Na]+	/resources/tools/chemdb_ontology?abbrev=TG 52:1
607.55899	607.5660	.0070	DG 36:0	C39H76O5	[M+H-H2O]+	/resources/tools/chemdb_ontology?abbrev=DG 36:0
879.65823	879.6586	.0003	PC 42:6	C50H88NO8P	[M+NH4]+	/resources/tools/chemdb_ontology?abbrev=PC 42:6
879.65823	879.6516	.0067	Hex2Cer 34:1;O2	C46H87NO13	[M+NH4]+	/resources/tools/chemdb_ontology?abbrev=Hex2Cer 34:1;O2
880.64661	880.6426	.0040	PS 44:3	C50H92NO10P	[M+H-H2O]+	/resources/tools/chemdb_ontology?abbrev=PS 44:3
880.64661	880.6402	.0064	PS O-42:2	C48H92NO9PNa	[M+Na]+	/resources/tools/chemdb_ontology?abbrev=PS O-42:2
880.63108	880.6273	.0037	IPC 40:0;O4	C46H92NO13P	[M+H-H2O]+	/resources/tools/chemdb_ontology?abbrev=IPC 40:0;O4
880.63108	880.6402	.0091	PS O-42:2	C48H92NO9PNa	[M+Na]+	/resources/tools/chemdb_ontology?abbrev=PS O-42:2
880.63108	880.6273	.0037	PI O-37:2	C46H87O12P	[M+NH4]+	/resources/tools/chemdb_ontology?abbrev=PI O-37:2
880.16693	880.1749	.0080	CoA 6:1;O	C27H44N7O18P3S	[M+H]+	/resources/tools/chemdb_ontology?abbrev=CoA 6:1;O
879.53341	879.5382	.0048	PI 39:6	C48H81O13P	[M+H-H2O]+	/resources/tools/chemdb_ontology?abbrev=PI 39:6
879.53341	879.5334	.0000	PI O-35:2	C44H83O12PNa2	[M+2Na-H]+	/resources/tools/chemdb_ontology?abbrev=PI O-35:2
922.91221	922.9161	.0039	FA 59:1;O3	C59H116O5	[M+NH4]+	/resources/tools/chemdb_ontology?abbrev=FA 59:1;O3
900.7483	900.7416	.0067	PC 44:1	C52H102NO8P	[M+H]+	/resources/tools/chemdb_ontology?abbrev=PC 44:1
880.746	880.7389	.0071	TG 53:7	C56H94O6	[M+NH4]+	/resources/tools/chemdb_ontology?abbrev=TG 53:7
899.7448	899.7487	.0039	TG 57:8	C60H100O6	[M+H-H2O]+	/resources/tools/chemdb_ontology?abbrev=TG 57:8
664.45595	664.4548	.0012	PS O-28:1	C34H66NO9P	[M+H]+	/resources/tools/chemdb_ontology?abbrev=PS O-28:1
664.45595	664.4652	.0093	CerP 34:0;O2	C34H70NO6PNa2	[M+2Na-H]+	/resources/tools/chemdb_ontology?abbrev=CerP 34:0;O2
852.79997	852.8015	.0015	TG 50:0	C53H102O6	[M+NH4]+	/resources/tools/chemdb_ontology?abbrev=TG 50:0
890.81507	890.8171	.0020	TG 53:2	C56H104O6	[M+NH4]+	/resources/tools/chemdb_ontology?abbrev=TG 53:2
551.5019	551.5034	.0015	DG O-32:2	C35H66O4	[M+H]+	/resources/tools/chemdb_ontology?abbrev=DG O-32:2
551.5019	551.5034	.0015	DG 32:0	C35H68O5	[M+H-H2O]+	/resources/tools/chemdb_ontology?abbrev=DG 32:0
858.75771	858.7545	.0032	TG 51:4	C54H96O6	[M+NH4]+	/resources/tools/chemdb_ontology?abbrev=TG 51:4
873.72938	873.7330	.0037	TG 55:7	C58H98O6	[M+H-H2O]+	/resources/tools/chemdb_ontology?abbrev=TG 55:7
896.83529	896.8405	.0052	ACer 57:1;O2	C57H111NO4Na	[M+Na]+	/resources/tools/chemdb_ontology?abbrev=ACer 57:1;O2
902.74981	902.7572	.0074	PC 44:0	C52H104NO8P	[M+H]+	/resources/tools/chemdb_ontology?abbrev=PC 44:0
874.73374	874.7259	.0078	PC 42:0	C50H100NO8P	[M+H]+	/resources/tools/chemdb_ontology?abbrev=PC 42:0
918.84489	918.8484	.0035	TG 55:2	C58H108O6	[M+NH4]+	/resources/tools/chemdb_ontology?abbrev=TG 55:2
892.82995	892.8328	.0028	TG 53:1	C56H106O6	[M+NH4]+	/resources/tools/chemdb_ontology?abbrev=TG 53:1
548.50292	548.5037	.0008	Cer 35:2;O3	C35H67NO4	[M+H-H2O]+	/resources/tools/chemdb_ontology?abbrev=Cer 35:2;O3
548.50292	548.5013	.0016	Cer 33:0;O2	C33H67NO3Na	[M+Na]+	/resources/tools/chemdb_ontology?abbrev=Cer 33:0;O2
882.82867	882.8249	.0038	ACer 56:1;O2	C56H109NO4Na	[M+Na]+	/resources/tools/chemdb_ontology?abbrev=ACer 56:1;O2
944.86029	944.8641	.0038	TG 57:3	C60H110O6	[M+NH4]+	/resources/tools/chemdb_ontology?abbrev=TG 57:3
866.81365	866.8171	.0035	TG 51:0	C54H104O6	[M+NH4]+	/resources/tools/chemdb_ontology?abbrev=TG 51:0
924.80511	924.8015	.0037	TG 56:6	C59H102O6	[M+NH4]+	/resources/tools/chemdb_ontology?abbrev=TG 56:6
563.5386	563.5398	.0012	DG O-34:1	C37H72O4	[M+H-H2O]+	/resources/tools/chemdb_ontology?abbrev=DG O-34:1
960.87759	960.8694	.0082	ACer 60:1;O2	C60H117NO4Na2	[M+2Na-H]+	/resources/tools/chemdb_ontology?abbrev=ACer 60:1;O2
1018.78355	1018.7858	.0023	TG 64:15	C67H100O6	[M+NH4]+	/resources/tools/chemdb_ontology?abbrev=TG 64:15
939.77545	939.7800	.0045	TG 60:9	C63H104O6	[M+H-H2O]+	/resources/tools/chemdb_ontology?abbrev=TG 60:9
913.75987	913.7643	.0045	TG 58:8	C61H102O6	[M+H-H2O]+	/resources/tools/chemdb_ontology?abbrev=TG 58:8
903.84656	903.8375	.0091	TG 55:1	C58H110O6	[M+H]+	/resources/tools/chemdb_ontology?abbrev=TG 55:1
903.84656	903.8480	.0014	FA 58:1;O	C58H114O3Na2	[M+2Na-H]+	/resources/tools/chemdb_ontology?abbrev=FA 58:1;O
929.86186	929.8532	.0087	TG 57:2	C60H112O6	[M+H]+	/resources/tools/chemdb_ontology?abbrev=TG 57:2
929.86186	929.8636	.0017	FA 60:2;O	C60H116O3Na2	[M+2Na-H]+	/resources/tools/chemdb_ontology?abbrev=FA 60:2;O
867.77574	867.7800	.0043	TG 54:3	C57H104O6	[M+H-H2O]+	/resources/tools/chemdb_ontology?abbrev=TG 54:3
877.82989	877.8219	.0080	TG 53:0	C56H108O6	[M+H]+	/resources/tools/chemdb_ontology?abbrev=TG 53:0
871.77052	871.7749	.0044	TG 53:3	C56H102O6	[M+H]+	/resources/tools/chemdb_ontology?abbrev=TG 53:3
871.77052	871.7725	.0020	TG 51:0	C54H104O6Na	[M+Na]+	/resources/tools/chemdb_ontology?abbrev=TG 51:0
841.75986	841.7643	.0045	TG 52:2	C55H102O6	[M+H-H2O]+	/resources/tools/chemdb_ontology?abbrev=TG 52:2
887.74512	887.7487	.0036	TG 56:7	C59H100O6	[M+H-H2O]+	/resources/tools/chemdb_ontology?abbrev=TG 56:7
1055.79279	1055.8014	.0086	TG 64:10	C67H110O6Na2	[M+2Na-H]+	/resources/tools/chemdb_ontology?abbrev=TG 64:10
764.57312	764.5800	.0069	PS O-35:0	C41H82NO9P	[M+H]+	/resources/tools/chemdb_ontology?abbrev=PS O-35:0
764.57312	764.5647	.0084	HexCer 36:2;O3	C42H79NO9Na	[M+Na]+	/resources/tools/chemdb_ontology?abbrev=HexCer 36:2;O3
764.57312	764.5800	.0069	PG O-35:2	C41H79O9P	[M+NH4]+	/resources/tools/chemdb_ontology?abbrev=PG O-35:2
963.83289	963.8375	.0046	TG 60:6	C63H110O6	[M+H]+	/resources/tools/chemdb_ontology?abbrev=TG 60:6
963.83289	963.8351	.0022	TG 58:3	C61H112O6Na	[M+Na]+	/resources/tools/chemdb_ontology?abbrev=TG 58:3
963.83289	963.8327	.0002	TG 56:0	C59H114O6Na2	[M+2Na-H]+	/resources/tools/chemdb_ontology?abbrev=TG 56:0
999.96699	999.9678	.0008	TG 63:0	C66H128O6	[M+H-H2O]+	/resources/tools/chemdb_ontology?abbrev=TG 63:0
979.80302	979.8113	.0083	TG 63:10	C66H108O6	[M+H-H2O]+	/resources/tools/chemdb_ontology?abbrev=TG 63:10
984.89199	984.8954	.0034	TG 60:4	C63H114O6	[M+NH4]+	/resources/tools/chemdb_ontology?abbrev=TG 60:4
964.83615	964.8328	.0034	TG 59:7	C62H106O6	[M+NH4]+	/resources/tools/chemdb_ontology?abbrev=TG 59:7
750.55764	750.5643	.0067	PS O-34:0	C40H80NO9P	[M+H]+	/resources/tools/chemdb_ontology?abbrev=PS O-34:0
750.55764	750.5490	.0086	HexCer 35:2;O3	C41H77NO9Na	[M+Na]+	/resources/tools/chemdb_ontology?abbrev=HexCer 35:2;O3
750.55764	750.5643	.0067	PG O-34:2	C40H77O9P	[M+NH4]+	/resources/tools/chemdb_ontology?abbrev=PG O-34:2
939.8332	939.8375	.0043	TG 58:4	C61H110O6	[M+H]+	/resources/tools/chemdb_ontology?abbrev=TG 58:4
939.8332	939.8351	.0019	TG 56:1	C59H112O6Na	[M+Na]+	/resources/tools/chemdb_ontology?abbrev=TG 56:1
369.35101	369.3516	.0006	ST 27:1;O	C27H46O	[M+H-H2O]+	/resources/tools/chemdb_ontology?abbrev=ST 27:1;O
369.35101	369.3475	.0035	NAE 20:2	C22H41NO2	[M+NH4]+	/resources/tools/chemdb_ontology?abbrev=NAE 20:2
369.35101	369.3545	.0035	DG 44:0	C47H92O5	[M+2H]2+	/resources/tools/chemdb_ontology?abbrev=DG 44:0
953.7913	953.7956	.0043	TG 61:9	C64H106O6	[M+H-H2O]+	/resources/tools/chemdb_ontology?abbrev=TG 61:9
954.7946	954.7885	.0061	PC 48:2	C56H108NO8P	[M+H]+	/resources/tools/chemdb_ontology?abbrev=PC 48:2
937.81772	937.8219	.0041	TG 58:5	C61H108O6	[M+H]+	/resources/tools/chemdb_ontology?abbrev=TG 58:5
937.81772	937.8195	.0017	TG 56:2	C59H110O6Na	[M+Na]+	/resources/tools/chemdb_ontology?abbrev=TG 56:2
958.87786	958.8797	.0018	TG 58:3	C61H112O6	[M+NH4]+	/resources/tools/chemdb_ontology?abbrev=TG 58:3
938.82104	938.8171	.0039	TG 57:6	C60H104O6	[M+NH4]+	/resources/tools/chemdb_ontology?abbrev=TG 57:6
548.50316	548.5037	.0006	Cer 35:2;O3	C35H67NO4	[M+H-H2O]+	/resources/tools/chemdb_ontology?abbrev=Cer 35:2;O3
548.50316	548.5013	.0019	Cer 33:0;O2	C33H67NO3Na	[M+Na]+	/resources/tools/chemdb_ontology?abbrev=Cer 33:0;O2
933.92503	933.9208	.0042	FA 61:1;O3	C61H120O5	[M+H]+	/resources/tools/chemdb_ontology?abbrev=FA 61:1;O3
933.92503	933.9321	.0070	ACer 60:1;O2	C60H117NO4	[M+NH4]+	/resources/tools/chemdb_ontology?abbrev=ACer 60:1;O2
932.86265	932.8641	.0014	TG 56:2	C59H110O6	[M+NH4]+	/resources/tools/chemdb_ontology?abbrev=TG 56:2
990.93901	990.9423	.0033	TG 60:1	C63H120O6	[M+NH4]+	/resources/tools/chemdb_ontology?abbrev=TG 60:1
633.5802	633.5816	.0014	DG 38:1	C41H78O5	[M+H-H2O]+	/resources/tools/chemdb_ontology?abbrev=DG 38:1
605.54923	605.5503	.0011	DG 36:1	C39H74O5	[M+H-H2O]+	/resources/tools/chemdb_ontology?abbrev=DG 36:1
906.84732	906.8484	.0011	TG 54:1	C57H108O6	[M+NH4]+	/resources/tools/chemdb_ontology?abbrev=TG 54:1
577.51803	577.5190	.0010	DG 34:1	C37H70O5	[M+H-H2O]+	/resources/tools/chemdb_ontology?abbrev=DG 34:1
911.80219	911.8062	.0040	TG 56:4	C59H106O6	[M+H]+	/resources/tools/chemdb_ontology?abbrev=TG 56:4
911.80219	911.8038	.0016	TG 54:1	C57H108O6Na	[M+Na]+	/resources/tools/chemdb_ontology?abbrev=TG 54:1
928.77944	928.7729	.0066	PC 46:1	C54H106NO8P	[M+H]+	/resources/tools/chemdb_ontology?abbrev=PC 46:1
927.77609	927.7800	.0039	TG 59:8	C62H104O6	[M+H-H2O]+	/resources/tools/chemdb_ontology?abbrev=TG 59:8
930.78112	930.7885	.0074	PC 46:0	C54H108NO8P	[M+H]+	/resources/tools/chemdb_ontology?abbrev=PC 46:0
902.76475	902.7572	.0075	PC 44:0	C52H104NO8P	[M+H]+	/resources/tools/chemdb_ontology?abbrev=PC 44:0
980.79527	980.8018	.0065	PC 48:0	C56H112NO8PNa	[M+Na]+	/resources/tools/chemdb_ontology?abbrev=PC 48:0
912.8056	912.8015	.0041	TG 55:5	C58H102O6	[M+NH4]+	/resources/tools/chemdb_ontology?abbrev=TG 55:5
880.83105	880.8328	.0017	TG 52:0	C55H106O6	[M+NH4]+	/resources/tools/chemdb_ontology?abbrev=TG 52:0
475.41368	475.4146	.0009	TG 59:6	C62H108O6	[M+2H]2+	/resources/tools/chemdb_ontology?abbrev=TG 59:6
475.41368	475.4122	.0015	TG 55:0	C58H112O6Na2	[M+2Na]2+	/resources/tools/chemdb_ontology?abbrev=TG 55:0
579.53272	579.5347	.0020	DG 34:0	C37H72O5	[M+H-H2O]+	/resources/tools/chemdb_ontology?abbrev=DG 34:0
885.78582	885.7906	.0047	TG 54:3	C57H104O6	[M+H]+	/resources/tools/chemdb_ontology?abbrev=TG 54:3
885.78582	885.7882	.0023	TG 52:0	C55H106O6Na	[M+Na]+	/resources/tools/chemdb_ontology?abbrev=TG 52:0
765.57669	765.5793	.0026	PA O-42:5	C45H81O7P	[M+H]+	/resources/tools/chemdb_ontology?abbrev=PA O-42:5
765.57669	765.5793	.0026	PA 42:3	C45H83O8P	[M+H-H2O]+	/resources/tools/chemdb_ontology?abbrev=PA 42:3
765.57669	765.5769	.0002	PA O-40:2	C43H83O7PNa	[M+Na]+	/resources/tools/chemdb_ontology?abbrev=PA O-40:2
765.57669	765.5752	.0014	PS O-34:1	C40H78NO9P	[M+NH4]+	/resources/tools/chemdb_ontology?abbrev=PS O-34:1
914.81215	914.8171	.0050	TG 55:4	C58H104O6	[M+NH4]+	/resources/tools/chemdb_ontology?abbrev=TG 55:4
886.78895	886.7858	.0031	TG 53:4	C56H100O6	[M+NH4]+	/resources/tools/chemdb_ontology?abbrev=TG 53:4
1129.81157	1129.8213	.0098	MIPC 46:0;O2	C58H114NO16P	[M+NH4]+	/resources/tools/chemdb_ontology?abbrev=MIPC 46:0;O2
901.76117	901.7643	.0032	TG 57:7	C60H102O6	[M+H-H2O]+	/resources/tools/chemdb_ontology?abbrev=TG 57:7
946.87595	946.8797	.0038	TG 57:2	C60H112O6	[M+NH4]+	/resources/tools/chemdb_ontology?abbrev=TG 57:2
751.56094	751.5636	.0027	PA 41:3	C44H81O8P	[M+H-H2O]+	/resources/tools/chemdb_ontology?abbrev=PA 41:3
751.56094	751.5612	.0003	PA O-39:2	C42H81O7PNa	[M+Na]+	/resources/tools/chemdb_ontology?abbrev=PA O-39:2
751.56094	751.5596	.0013	PS O-33:1	C39H76NO9P	[M+NH4]+	/resources/tools/chemdb_ontology?abbrev=PS O-33:1
920.86037	920.8641	.0037	TG 55:1	C58H110O6	[M+NH4]+	/resources/tools/chemdb_ontology?abbrev=TG 55:1
972.89106	972.8954	.0043	TG 59:3	C62H114O6	[M+NH4]+	/resources/tools/chemdb_ontology?abbrev=TG 59:3
988.90747	988.9007	.0068	ACer 62:1;O2	C62H121NO4Na2	[M+2Na-H]+	/resources/tools/chemdb_ontology?abbrev=ACer 62:1;O2
894.84478	894.8484	.0036	TG 53:0	C56H108O6	[M+NH4]+	/resources/tools/chemdb_ontology?abbrev=TG 53:0
951.83291	951.8375	.0046	TG 59:5	C62H110O6	[M+H]+	/resources/tools/chemdb_ontology?abbrev=TG 59:5
951.83291	951.8351	.0022	TG 57:2	C60H112O6Na	[M+Na]+	/resources/tools/chemdb_ontology?abbrev=TG 57:2
895.80682	895.8113	.0045	TG 56:3	C59H108O6	[M+H-H2O]+	/resources/tools/chemdb_ontology?abbrev=TG 56:3
931.87785	931.8688	.0090	TG 57:1	C60H114O6	[M+H]+	/resources/tools/chemdb_ontology?abbrev=TG 57:1
925.81711	925.8219	.0048	TG 57:4	C60H108O6	[M+H]+	/resources/tools/chemdb_ontology?abbrev=TG 57:4
925.81711	925.8195	.0023	TG 55:1	C58H110O6Na	[M+Na]+	/resources/tools/chemdb_ontology?abbrev=TG 55:1
941.791	941.7956	.0046	TG 60:8	C63H106O6	[M+H-H2O]+	/resources/tools/chemdb_ontology?abbrev=TG 60:8
926.82048	926.8171	.0034	TG 56:5	C59H104O6	[M+NH4]+	/resources/tools/chemdb_ontology?abbrev=TG 56:5
869.7911	869.7956	.0045	TG 54:2	C57H106O6	[M+H-H2O]+	/resources/tools/chemdb_ontology?abbrev=TG 54:2
905.86213	905.8532	.0090	TG 55:0	C58H112O6	[M+H]+	/resources/tools/chemdb_ontology?abbrev=TG 55:0
1128.06194	1128.0668	.0048	CE 50:3;O2	C77H138O4	[M+H]+	/resources/tools/chemdb_ontology?abbrev=CE 50:3;O2
750.55764	750.5643	.0067	PS O-34:0	C40H80NO9P	[M+H]+	/resources/tools/chemdb_ontology?abbrev=PS O-34:0
750.55764	750.5490	.0086	HexCer 35:2;O3	C41H77NO9Na	[M+Na]+	/resources/tools/chemdb_ontology?abbrev=HexCer 35:2;O3
750.55764	750.5643	.0067	PG O-34:2	C40H77O9P	[M+NH4]+	/resources/tools/chemdb_ontology?abbrev=PG O-34:2
986.90853	986.9110	.0025	TG 60:3	C63H116O6	[M+NH4]+	/resources/tools/chemdb_ontology?abbrev=TG 60:3
981.82216	981.8269	.0048	TG 63:9	C66H110O6	[M+H-H2O]+	/resources/tools/chemdb_ontology?abbrev=TG 63:9
965.84863	965.8532	.0045	TG 60:5	C63H112O6	[M+H]+	/resources/tools/chemdb_ontology?abbrev=TG 60:5
965.84863	965.8508	.0021	TG 58:2	C61H114O6Na	[M+Na]+	/resources/tools/chemdb_ontology?abbrev=TG 58:2
764.57323	764.5800	.0068	PS O-35:0	C41H82NO9P	[M+H]+	/resources/tools/chemdb_ontology?abbrev=PS O-35:0
764.57323	764.5647	.0085	HexCer 36:2;O3	C42H79NO9Na	[M+Na]+	/resources/tools/chemdb_ontology?abbrev=HexCer 36:2;O3
764.57323	764.5800	.0068	PG O-35:2	C41H79O9P	[M+NH4]+	/resources/tools/chemdb_ontology?abbrev=PG O-35:2
966.85176	966.8484	.0034	TG 59:6	C62H108O6	[M+NH4]+	/resources/tools/chemdb_ontology?abbrev=TG 59:6
960.89337	960.8954	.0020	TG 58:2	C61H114O6	[M+NH4]+	/resources/tools/chemdb_ontology?abbrev=TG 58:2
934.87696	934.8797	.0027	TG 56:1	C59H112O6	[M+NH4]+	/resources/tools/chemdb_ontology?abbrev=TG 56:1
940.83651	940.8328	.0038	TG 57:5	C60H106O6	[M+NH4]+	/resources/tools/chemdb_ontology?abbrev=TG 57:5
955.8071	955.8113	.0042	TG 61:8	C64H108O6	[M+H-H2O]+	/resources/tools/chemdb_ontology?abbrev=TG 61:8
929.79276	929.7956	.0029	TG 59:7	C62H106O6	[M+H-H2O]+	/resources/tools/chemdb_ontology?abbrev=TG 59:7
974.90819	974.9110	.0028	TG 59:2	C62H116O6	[M+NH4]+	/resources/tools/chemdb_ontology?abbrev=TG 59:2
1016.93858	1016.9320	.0066	ACer 64:1;O2	C64H125NO4Na2	[M+2Na-H]+	/resources/tools/chemdb_ontology?abbrev=ACer 64:1;O2
948.89229	948.8954	.0031	TG 57:1	C60H114O6	[M+NH4]+	/resources/tools/chemdb_ontology?abbrev=TG 57:1
922.87589	922.8797	.0038	TG 55:0	C58H112O6	[M+NH4]+	/resources/tools/chemdb_ontology?abbrev=TG 55:0
953.84828	953.8532	.0049	TG 59:4	C62H112O6	[M+H]+	/resources/tools/chemdb_ontology?abbrev=TG 59:4
953.84828	953.8508	.0025	TG 57:1	C60H114O6Na	[M+Na]+	/resources/tools/chemdb_ontology?abbrev=TG 57:1
969.82249	969.8269	.0045	TG 62:8	C65H110O6	[M+H-H2O]+	/resources/tools/chemdb_ontology?abbrev=TG 62:8
933.89314	933.8845	.0087	TG 57:0	C60H116O6	[M+H]+	/resources/tools/chemdb_ontology?abbrev=TG 57:0
1009.85355	1009.8582	.0047	TG 65:9	C68H114O6	[M+H-H2O]+	/resources/tools/chemdb_ontology?abbrev=TG 65:9
988.92416	988.9267	.0025	TG 60:2	C63H118O6	[M+NH4]+	/resources/tools/chemdb_ontology?abbrev=TG 60:2
993.87954	993.8845	.0049	TG 62:5	C65H116O6	[M+H]+	/resources/tools/chemdb_ontology?abbrev=TG 62:5
993.87954	993.8821	.0025	TG 60:2	C63H118O6Na	[M+Na]+	/resources/tools/chemdb_ontology?abbrev=TG 60:2
968.8674	968.8641	.0033	TG 59:5	C62H110O6	[M+NH4]+	/resources/tools/chemdb_ontology?abbrev=TG 59:5
962.9083	962.9110	.0027	TG 58:1	C61H116O6	[M+NH4]+	/resources/tools/chemdb_ontology?abbrev=TG 58:1
967.86406	967.8688	.0048	TG 60:4	C63H114O6	[M+H]+	/resources/tools/chemdb_ontology?abbrev=TG 60:4
967.86406	967.8664	.0023	TG 58:1	C61H116O6Na	[M+Na]+	/resources/tools/chemdb_ontology?abbrev=TG 58:1
983.83794	983.8426	.0047	TG 63:8	C66H112O6	[M+H-H2O]+	/resources/tools/chemdb_ontology?abbrev=TG 63:8
1016.95509	1016.9580	.0029	TG 62:2	C65H122O6	[M+NH4]+	/resources/tools/chemdb_ontology?abbrev=TG 62:2
990.93982	990.9423	.0025	TG 60:1	C63H120O6	[M+NH4]+	/resources/tools/chemdb_ontology?abbrev=TG 60:1
995.89514	995.9001	.0050	TG 62:4	C65H118O6	[M+H]+	/resources/tools/chemdb_ontology?abbrev=TG 62:4
995.89514	995.8977	.0026	TG 60:1	C63H120O6Na	[M+Na]+	/resources/tools/chemdb_ontology?abbrev=TG 60:1
1011.86904	1011.8739	.0049	TG 65:8	C68H116O6	[M+H-H2O]+	/resources/tools/chemdb_ontology?abbrev=TG 65:8
996.89799	996.8954	.0026	TG 61:5	C64H114O6	[M+NH4]+	/resources/tools/chemdb_ontology?abbrev=TG 61:5
1045.98099	1045.9837	.0027	FA 67:1;O2	C67H132O4Na2	[M+2Na-H]+	/resources/tools/chemdb_ontology?abbrev=FA 67:1;O2
1018.97036	1018.9736	.0032	TG 62:1	C65H124O6	[M+NH4]+	/resources/tools/chemdb_ontology?abbrev=TG 62:1
1100.02813	1100.0355	.0074	CE 48:3;O2	C75H134O4	[M+H]+	/resources/tools/chemdb_ontology?abbrev=CE 48:3;O2
1074.01291	1074.0150	.0021	FA 69:1;O2	C69H136O4Na2	[M+2Na-H]+	/resources/tools/chemdb_ontology?abbrev=FA 69:1;O2
1088.02814	1088.0307	.0025	FA 70:1;O2	C70H138O4Na2	[M+2Na-H]+	/resources/tools/chemdb_ontology?abbrev=FA 70:1;O2
1128.05928	1128.0668	.0075	CE 50:3;O2	C77H138O4	[M+H]+	/resources/tools/chemdb_ontology?abbrev=CE 50:3;O2
1102.04426	1102.0463	.0021	FA 71:1;O2	C71H140O4Na2	[M+2Na-H]+	/resources/tools/chemdb_ontology?abbrev=FA 71:1;O2
1130.07464	1130.0776	.0030	FA 73:1;O2	C73H144O4Na2	[M+2Na-H]+	/resources/tools/chemdb_ontology?abbrev=FA 73:1;O2
623.61686	623.6085	.0083	Cer 39:2;O2	C39H75NO3	[M+NH4]+	/resources/tools/chemdb_ontology?abbrev=Cer 39:2;O2
651.64897	651.6398	.0092	Cer 41:2;O2	C41H79NO3	[M+NH4]+	/resources/tools/chemdb_ontology?abbrev=Cer 41:2;O2
429.28856	429.2847	.0039	FA 23:3;O5	C23H40O7	[M+H]+	/resources/tools/chemdb_ontology?abbrev=FA 23:3;O5
429.28856	429.2975	.0090	ST 25:1;O4	C25H42O4Na	[M+Na]+	/resources/tools/chemdb_ontology?abbrev=ST 25:1;O4
429.28856	429.2858	.0028	PG O-40:4	C46H85O9PNa2	[M+2Na]2+	/resources/tools/chemdb_ontology?abbrev=PG O-40:4
429.28856	429.2951	.0066	FA 23:1;O2	C23H44O4Na2	[M+2Na-H]+	/resources/tools/chemdb_ontology?abbrev=FA 23:1;O2
429.28856	429.2951	.0066	FOH 23:2;O3	C23H44O4Na2	[M+2Na-H]+	/resources/tools/chemdb_ontology?abbrev=FOH 23:2;O3
752.56323	752.5589	.0044	PE O-38:5	C43H78NO7P	[M+H]+	/resources/tools/chemdb_ontology?abbrev=PE O-38:5
752.56323	752.5589	.0044	PC 35:3	C43H80NO8P	[M+H-H2O]+	/resources/tools/chemdb_ontology?abbrev=PC 35:3
752.56323	752.5589	.0044	PE 38:3	C43H80NO8P	[M+H-H2O]+	/resources/tools/chemdb_ontology?abbrev=PE 38:3
752.56323	752.5565	.0068	PC O-33:2	C41H80NO7PNa	[M+Na]+	/resources/tools/chemdb_ontology?abbrev=PC O-33:2
752.56323	752.5565	.0068	PE O-36:2	C41H80NO7PNa	[M+Na]+	/resources/tools/chemdb_ontology?abbrev=PE O-36:2
752.56323	752.5589	.0044	PA O-40:6	C43H75O7P	[M+NH4]+	/resources/tools/chemdb_ontology?abbrev=PA O-40:6
766.57951	766.5745	.0050	PC O-36:5	C44H80NO7P	[M+H]+	/resources/tools/chemdb_ontology?abbrev=PC O-36:5
766.57951	766.5745	.0050	PC 36:3	C44H82NO8P	[M+H-H2O]+	/resources/tools/chemdb_ontology?abbrev=PC 36:3
766.57951	766.5745	.0050	PE 39:3	C44H82NO8P	[M+H-H2O]+	/resources/tools/chemdb_ontology?abbrev=PE 39:3
766.57951	766.5803	.0008	HexCer 36:1;O3	C42H81NO9Na	[M+Na]+	/resources/tools/chemdb_ontology?abbrev=HexCer 36:1;O3
766.57951	766.5721	.0074	PC O-34:2	C42H82NO7PNa	[M+Na]+	/resources/tools/chemdb_ontology?abbrev=PC O-34:2
766.57951	766.5721	.0074	PE O-37:2	C42H82NO7PNa	[M+Na]+	/resources/tools/chemdb_ontology?abbrev=PE O-37:2
443.30456	443.3003	.0042	WE 24:3;O5	C24H42O7	[M+H]+	/resources/tools/chemdb_ontology?abbrev=WE 24:3;O5
443.30456	443.3132	.0086	MG O-23:5;O	C26H44O4Na	[M+Na]+	/resources/tools/chemdb_ontology?abbrev=MG O-23:5;O
443.30456	443.3132	.0086	ST 26:1;O4	C26H44O4Na	[M+Na]+	/resources/tools/chemdb_ontology?abbrev=ST 26:1;O4
443.30456	443.3014	.0031	PG O-42:4	C48H89O9PNa2	[M+2Na]2+	/resources/tools/chemdb_ontology?abbrev=PG O-42:4
443.30456	443.3108	.0062	FA 24:1;O2	C24H46O4Na2	[M+2Na-H]+	/resources/tools/chemdb_ontology?abbrev=FA 24:1;O2
765.57637	765.5793	.0029	PA O-42:5	C45H81O7P	[M+H]+	/resources/tools/chemdb_ontology?abbrev=PA O-42:5
765.57637	765.5793	.0029	PA 42:3	C45H83O8P	[M+H-H2O]+	/resources/tools/chemdb_ontology?abbrev=PA 42:3
765.57637	765.5769	.0005	PA O-40:2	C43H83O7PNa	[M+Na]+	/resources/tools/chemdb_ontology?abbrev=PA O-40:2
765.57637	765.5752	.0011	PS O-34:1	C40H78NO9P	[M+NH4]+	/resources/tools/chemdb_ontology?abbrev=PS O-34:1
751.56087	751.5636	.0027	PA 41:3	C44H81O8P	[M+H-H2O]+	/resources/tools/chemdb_ontology?abbrev=PA 41:3
751.56087	751.5612	.0003	PA O-39:2	C42H81O7PNa	[M+Na]+	/resources/tools/chemdb_ontology?abbrev=PA O-39:2
751.56087	751.5596	.0013	PS O-33:1	C39H76NO9P	[M+NH4]+	/resources/tools/chemdb_ontology?abbrev=PS O-33:1
750.55775	750.5643	.0066	PS O-34:0	C40H80NO9P	[M+H]+	/resources/tools/chemdb_ontology?abbrev=PS O-34:0
750.55775	750.5490	.0087	HexCer 35:2;O3	C41H77NO9Na	[M+Na]+	/resources/tools/chemdb_ontology?abbrev=HexCer 35:2;O3
750.55775	750.5643	.0066	PG O-34:2	C40H77O9P	[M+NH4]+	/resources/tools/chemdb_ontology?abbrev=PG O-34:2
751.5608	751.5636	.0028	PA 41:3	C44H81O8P	[M+H-H2O]+	/resources/tools/chemdb_ontology?abbrev=PA 41:3
751.5608	751.5612	.0004	PA O-39:2	C42H81O7PNa	[M+Na]+	/resources/tools/chemdb_ontology?abbrev=PA O-39:2
751.5608	751.5596	.0012	PS O-33:1	C39H76NO9P	[M+NH4]+	/resources/tools/chemdb_ontology?abbrev=PS O-33:1
764.57334	764.5800	.0067	PS O-35:0	C41H82NO9P	[M+H]+	/resources/tools/chemdb_ontology?abbrev=PS O-35:0
764.57334	764.5647	.0086	HexCer 36:2;O3	C42H79NO9Na	[M+Na]+	/resources/tools/chemdb_ontology?abbrev=HexCer 36:2;O3
764.57334	764.5800	.0067	PG O-35:2	C41H79O9P	[M+NH4]+	/resources/tools/chemdb_ontology?abbrev=PG O-35:2
701.40787	701.4024	.0054	PG 30:4;O2	C36H63O12P	[M+H-H2O]+	/resources/tools/chemdb_ontology?abbrev=PG 30:4;O2
701.40787	701.4153	.0074	PA 35:6	C38H63O8PNa	[M+Na]+	/resources/tools/chemdb_ontology?abbrev=PA 35:6
701.40787	701.4129	.0050	PA 33:3	C36H65O8PNa2	[M+2Na-H]+	/resources/tools/chemdb_ontology?abbrev=PA 33:3
869.69771	869.7017	.0040	TG 55:9	C58H94O6	[M+H-H2O]+	/resources/tools/chemdb_ontology?abbrev=TG 55:9
175.02874	175.0237	.0050	FA 6:2;O5	C6H8O7	[M+H-H2O]+	/resources/tools/chemdb_ontology?abbrev=FA 6:2;O5
175.02874	175.0366	.0078	SFE 8:4;O	C8H8O3Na	[M+Na]+	/resources/tools/chemdb_ontology?abbrev=SFE 8:4;O
175.02874	175.0342	.0054	FA 6:1;O	C6H10O3Na2	[M+2Na-H]+	/resources/tools/chemdb_ontology?abbrev=FA 6:1;O
217.03758	217.0319	.0057	FOH 6:2;O6	C6H10O7Na	[M+Na]+	/resources/tools/chemdb_ontology?abbrev=FOH 6:2;O6
217.03758	217.0471	.0095	FA 10:5;O2	C10H10O4Na	[M+Na]+	/resources/tools/chemdb_ontology?abbrev=FA 10:5;O2
217.03758	217.0447	.0071	FA 8:2;O2	C8H12O4Na2	[M+2Na-H]+	/resources/tools/chemdb_ontology?abbrev=FA 8:2;O2
173.03319	173.0233	.0099	FA 10:7;O2	C10H6O4	[M+H-H2O]+	/resources/tools/chemdb_ontology?abbrev=FA 10:7;O2
173.03319	173.0420	.0089	FA 5:0;O3	C5H10O5Na	[M+Na]+	/resources/tools/chemdb_ontology?abbrev=FA 5:0;O3
219.03778	219.0392	.0015	FA 11:6	C11H10O2Na2	[M+2Na-H]+	/resources/tools/chemdb_ontology?abbrev=FA 11:6
171.03283	171.0288	.0040	FA 7:3;O4	C7H8O6	[M+H-H2O]+	/resources/tools/chemdb_ontology?abbrev=FA 7:3;O4
171.03283	171.0288	.0040	WE 7:3;O4	C7H8O6	[M+H-H2O]+	/resources/tools/chemdb_ontology?abbrev=WE 7:3;O4
171.03283	171.0264	.0064	FA 5:1;O3	C5H8O5Na	[M+Na]+	/resources/tools/chemdb_ontology?abbrev=FA 5:1;O3
171.03283	171.0392	.0064	FA 7:2	C7H10O2Na2	[M+2Na-H]+	/resources/tools/chemdb_ontology?abbrev=FA 7:2
171.03283	171.0392	.0064	SFE 7:2	C7H10O2Na2	[M+2Na-H]+	/resources/tools/chemdb_ontology?abbrev=SFE 7:2
221.03388	221.0292	.0047	FA 7:3;O6	C7H8O8	[M+H]+	/resources/tools/chemdb_ontology?abbrev=FA 7:3;O6
221.03388	221.0396	.0058	FA 7:1;O3	C7H12O5Na2	[M+2Na-H]+	/resources/tools/chemdb_ontology?abbrev=FA 7:1;O3
217.03715	217.0319	.0053	FOH 6:2;O6	C6H10O7Na	[M+Na]+	/resources/tools/chemdb_ontology?abbrev=FOH 6:2;O6
217.03715	217.0471	.0100	FA 10:5;O2	C10H10O4Na	[M+Na]+	/resources/tools/chemdb_ontology?abbrev=FA 10:5;O2
217.03715	217.0447	.0076	FA 8:2;O2	C8H12O4Na2	[M+2Na-H]+	/resources/tools/chemdb_ontology?abbrev=FA 8:2;O2
219.03827	219.0392	.0010	FA 11:6	C11H10O2Na2	[M+2Na-H]+	/resources/tools/chemdb_ontology?abbrev=FA 11:6
220.03671	220.0452	.0085	FA 7:4;O5	C7H6O7	[M+NH4]+	/resources/tools/chemdb_ontology?abbrev=FA 7:4;O5
173.03266	173.0233	.0093	FA 10:7;O2	C10H6O4	[M+H-H2O]+	/resources/tools/chemdb_ontology?abbrev=FA 10:7;O2
173.03266	173.0420	.0094	FA 5:0;O3	C5H10O5Na	[M+Na]+	/resources/tools/chemdb_ontology?abbrev=FA 5:0;O3
221.03391	221.0292	.0047	FA 7:3;O6	C7H8O8	[M+H]+	/resources/tools/chemdb_ontology?abbrev=FA 7:3;O6
221.03391	221.0396	.0057	FA 7:1;O3	C7H12O5Na2	[M+2Na-H]+	/resources/tools/chemdb_ontology?abbrev=FA 7:1;O3
173.03304	173.0233	.0097	FA 10:7;O2	C10H6O4	[M+H-H2O]+	/resources/tools/chemdb_ontology?abbrev=FA 10:7;O2
173.03304	173.0420	.0090	FA 5:0;O3	C5H10O5Na	[M+Na]+	/resources/tools/chemdb_ontology?abbrev=FA 5:0;O3
217.03753	217.0319	.0057	FOH 6:2;O6	C6H10O7Na	[M+Na]+	/resources/tools/chemdb_ontology?abbrev=FOH 6:2;O6
217.03753	217.0471	.0096	FA 10:5;O2	C10H10O4Na	[M+Na]+	/resources/tools/chemdb_ontology?abbrev=FA 10:5;O2
217.03753	217.0447	.0072	FA 8:2;O2	C8H12O4Na2	[M+2Na-H]+	/resources/tools/chemdb_ontology?abbrev=FA 8:2;O2
221.03396	221.0292	.0048	FA 7:3;O6	C7H8O8	[M+H]+	/resources/tools/chemdb_ontology?abbrev=FA 7:3;O6
221.03396	221.0396	.0057	FA 7:1;O3	C7H12O5Na2	[M+2Na-H]+	/resources/tools/chemdb_ontology?abbrev=FA 7:1;O3
173.03294	173.0233	.0096	FA 10:7;O2	C10H6O4	[M+H-H2O]+	/resources/tools/chemdb_ontology?abbrev=FA 10:7;O2
173.03294	173.0420	.0091	FA 5:0;O3	C5H10O5Na	[M+Na]+	/resources/tools/chemdb_ontology?abbrev=FA 5:0;O3
219.03845	219.0392	.0008	FA 11:6	C11H10O2Na2	[M+2Na-H]+	/resources/tools/chemdb_ontology?abbrev=FA 11:6
173.03281	173.0233	.0095	FA 10:7;O2	C10H6O4	[M+H-H2O]+	/resources/tools/chemdb_ontology?abbrev=FA 10:7;O2
173.03281	173.0420	.0092	FA 5:0;O3	C5H10O5Na	[M+Na]+	/resources/tools/chemdb_ontology?abbrev=FA 5:0;O3
217.03801	217.0319	.0061	FOH 6:2;O6	C6H10O7Na	[M+Na]+	/resources/tools/chemdb_ontology?abbrev=FOH 6:2;O6
217.03801	217.0471	.0091	FA 10:5;O2	C10H10O4Na	[M+Na]+	/resources/tools/chemdb_ontology?abbrev=FA 10:5;O2
217.03801	217.0447	.0067	FA 8:2;O2	C8H12O4Na2	[M+2Na-H]+	/resources/tools/chemdb_ontology?abbrev=FA 8:2;O2
221.03407	221.0292	.0049	FA 7:3;O6	C7H8O8	[M+H]+	/resources/tools/chemdb_ontology?abbrev=FA 7:3;O6
221.03407	221.0396	.0056	FA 7:1;O3	C7H12O5Na2	[M+2Na-H]+	/resources/tools/chemdb_ontology?abbrev=FA 7:1;O3
219.03853	219.0392	.0007	FA 11:6	C11H10O2Na2	[M+2Na-H]+	/resources/tools/chemdb_ontology?abbrev=FA 11:6
217.03828	217.0319	.0064	FOH 6:2;O6	C6H10O7Na	[M+Na]+	/resources/tools/chemdb_ontology?abbrev=FOH 6:2;O6
217.03828	217.0471	.0088	FA 10:5;O2	C10H10O4Na	[M+Na]+	/resources/tools/chemdb_ontology?abbrev=FA 10:5;O2
217.03828	217.0447	.0064	FA 8:2;O2	C8H12O4Na2	[M+2Na-H]+	/resources/tools/chemdb_ontology?abbrev=FA 8:2;O2
221.03408	221.0292	.0049	FA 7:3;O6	C7H8O8	[M+H]+	/resources/tools/chemdb_ontology?abbrev=FA 7:3;O6
221.03408	221.0396	.0056	FA 7:1;O3	C7H12O5Na2	[M+2Na-H]+	/resources/tools/chemdb_ontology?abbrev=FA 7:1;O3
220.03651	220.0452	.0087	FA 7:4;O5	C7H6O7	[M+NH4]+	/resources/tools/chemdb_ontology?abbrev=FA 7:4;O5
173.03302	173.0233	.0097	FA 10:7;O2	C10H6O4	[M+H-H2O]+	/resources/tools/chemdb_ontology?abbrev=FA 10:7;O2
173.03302	173.0420	.0090	FA 5:0;O3	C5H10O5Na	[M+Na]+	/resources/tools/chemdb_ontology?abbrev=FA 5:0;O3
219.0387	219.0392	.0005	FA 11:6	C11H10O2Na2	[M+2Na-H]+	/resources/tools/chemdb_ontology?abbrev=FA 11:6
173.03274	173.0233	.0094	FA 10:7;O2	C10H6O4	[M+H-H2O]+	/resources/tools/chemdb_ontology?abbrev=FA 10:7;O2
173.03274	173.0420	.0093	FA 5:0;O3	C5H10O5Na	[M+Na]+	/resources/tools/chemdb_ontology?abbrev=FA 5:0;O3
173.0331	173.0233	.0098	FA 10:7;O2	C10H6O4	[M+H-H2O]+	/resources/tools/chemdb_ontology?abbrev=FA 10:7;O2
173.0331	173.0420	.0089	FA 5:0;O3	C5H10O5Na	[M+Na]+	/resources/tools/chemdb_ontology?abbrev=FA 5:0;O3
221.03428	221.0292	.0051	FA 7:3;O6	C7H8O8	[M+H]+	/resources/tools/chemdb_ontology?abbrev=FA 7:3;O6
221.03428	221.0396	.0054	FA 7:1;O3	C7H12O5Na2	[M+2Na-H]+	/resources/tools/chemdb_ontology?abbrev=FA 7:1;O3
219.03883	219.0392	.0004	FA 11:6	C11H10O2Na2	[M+2Na-H]+	/resources/tools/chemdb_ontology?abbrev=FA 11:6
799.65309	799.6575	.0044	PA 44:0	C47H93O8P	[M+H-H2O]+	/resources/tools/chemdb_ontology?abbrev=PA 44:0
720.61109	720.6014	.0097	CerPE 37:1;O2	C39H79N2O6P	[M+NH4]+	/resources/tools/chemdb_ontology?abbrev=CerPE 37:1;O2
720.61109	720.6014	.0097	SM 34:1;O2	C39H79N2O6P	[M+NH4]+	/resources/tools/chemdb_ontology?abbrev=SM 34:1;O2
855.64578	855.6473	.0016	PG 43:2	C49H93O10P	[M+H-H2O]+	/resources/tools/chemdb_ontology?abbrev=PG 43:2
855.64578	855.6449	.0008	PG O-41:1	C47H93O9PNa	[M+Na]+	/resources/tools/chemdb_ontology?abbrev=PG O-41:1
855.64578	855.6473	.0015	TG 51:8	C54H88O6Na	[M+Na]+	/resources/tools/chemdb_ontology?abbrev=TG 51:8
855.64578	855.6433	.0025	IPC 38:0;O2	C44H88NO11P	[M+NH4]+	/resources/tools/chemdb_ontology?abbrev=IPC 38:0;O2
855.64578	855.6449	.0009	TG 49:5	C52H90O6Na2	[M+2Na-H]+	/resources/tools/chemdb_ontology?abbrev=TG 49:5
884.68041	884.6739	.0065	PS 44:1	C50H96NO10P	[M+H-H2O]+	/resources/tools/chemdb_ontology?abbrev=PS 44:1
884.68041	884.6715	.0089	PS O-42:0	C48H96NO9PNa	[M+Na]+	/resources/tools/chemdb_ontology?abbrev=PS O-42:0
884.68041	884.6763	.0042	TG 54:12	C57H86O6	[M+NH4]+	/resources/tools/chemdb_ontology?abbrev=TG 54:12
719.60721	719.6061	.0011	SM 35:0;O2	C40H83N2O6P	[M+H]+	/resources/tools/chemdb_ontology?abbrev=SM 35:0;O2
719.60721	719.6061	.0011	CerP 40:1;O2	C40H80NO6P	[M+NH4]+	/resources/tools/chemdb_ontology?abbrev=CerP 40:1;O2
719.60721	719.6144	.0072	HexCer 34:0;O2	C40H79NO8	[M+NH4]+	/resources/tools/chemdb_ontology?abbrev=HexCer 34:0;O2
858.66461	858.6582	.0064	PS O-42:2	C48H92NO9P	[M+H]+	/resources/tools/chemdb_ontology?abbrev=PS O-42:2
858.66461	858.6582	.0064	PS 42:0	C48H94NO10P	[M+H-H2O]+	/resources/tools/chemdb_ontology?abbrev=PS 42:0
858.66461	858.6582	.0064	PG O-42:4	C48H89O9P	[M+NH4]+	/resources/tools/chemdb_ontology?abbrev=PG O-42:4
883.67677	883.6810	.0042	TG 55:11	C58H90O6	[M+H]+	/resources/tools/chemdb_ontology?abbrev=TG 55:11
883.67677	883.6786	.0018	TG 53:8	C56H92O6Na	[M+Na]+	/resources/tools/chemdb_ontology?abbrev=TG 53:8
883.67677	883.6746	.0021	IPC 40:0;O2	C46H92NO11P	[M+NH4]+	/resources/tools/chemdb_ontology?abbrev=IPC 40:0;O2
883.67677	883.6762	.0006	TG 51:5	C54H94O6Na2	[M+2Na-H]+	/resources/tools/chemdb_ontology?abbrev=TG 51:5
841.68748	841.6793	.0082	PC O-40:4	C48H90NO7P	[M+NH4]+	/resources/tools/chemdb_ontology?abbrev=PC O-40:4
877.75832	877.7643	.0060	TG 55:5	C58H102O6	[M+H-H2O]+	/resources/tools/chemdb_ontology?abbrev=TG 55:5
867.70279	867.6950	.0078	PC O-42:5	C50H92NO7P	[M+NH4]+	/resources/tools/chemdb_ontology?abbrev=PC O-42:5
903.7739	903.7800	.0061	TG 57:6	C60H104O6	[M+H-H2O]+	/resources/tools/chemdb_ontology?abbrev=TG 57:6
868.70648	868.7154	.0089	PC 43:1	C51H100NO8P	[M+H-H2O]+	/resources/tools/chemdb_ontology?abbrev=PC 43:1
868.70648	868.7154	.0089	PE 46:1	C51H100NO8P	[M+H-H2O]+	/resources/tools/chemdb_ontology?abbrev=PE 46:1
868.70648	868.7130	.0065	PC O-41:0	C49H100NO7PNa	[M+Na]+	/resources/tools/chemdb_ontology?abbrev=PC O-41:0
840.67521	840.6841	.0089	PC 41:1	C49H96NO8P	[M+H-H2O]+	/resources/tools/chemdb_ontology?abbrev=PC 41:1
840.67521	840.6841	.0089	PE 44:1	C49H96NO8P	[M+H-H2O]+	/resources/tools/chemdb_ontology?abbrev=PE 44:1
840.67521	840.6817	.0064	PC O-39:0	C47H96NO7PNa	[M+Na]+	/resources/tools/chemdb_ontology?abbrev=PC O-39:0
840.67521	840.6817	.0064	PE O-42:0	C47H96NO7PNa	[M+Na]+	/resources/tools/chemdb_ontology?abbrev=PE O-42:0
842.69076	842.6997	.0090	PC 41:0	C49H98NO8P	[M+H-H2O]+	/resources/tools/chemdb_ontology?abbrev=PC 41:0
842.69076	842.6997	.0090	PE 44:0	C49H98NO8P	[M+H-H2O]+	/resources/tools/chemdb_ontology?abbrev=PE 44:0
887.74278	887.7487	.0059	TG 56:7	C59H100O6	[M+H-H2O]+	/resources/tools/chemdb_ontology?abbrev=TG 56:7
983.64875	983.6559	.0071	PI 43:2	C52H97O13PNa	[M+Na]+	/resources/tools/chemdb_ontology?abbrev=PI 43:2
660.30781	660.3143	.0065	PS 25:4;O3	C31H52NO13P	[M+H-H2O]+	/resources/tools/chemdb_ontology?abbrev=PS 25:4;O3
660.30781	660.3119	.0041	PS 23:2;O2	C29H52NO12PNa	[M+Na]+	/resources/tools/chemdb_ontology?abbrev=PS 23:2;O2
917.75336	917.7593	.0059	TG 57:8	C60H100O6	[M+H]+	/resources/tools/chemdb_ontology?abbrev=TG 57:8
917.75336	917.7569	.0035	TG 55:5	C58H102O6Na	[M+Na]+	/resources/tools/chemdb_ontology?abbrev=TG 55:5
917.75336	917.7545	.0011	TG 53:2	C56H104O6Na2	[M+2Na-H]+	/resources/tools/chemdb_ontology?abbrev=TG 53:2
944.7736	944.7702	.0034	TG 58:10	C61H98O6	[M+NH4]+	/resources/tools/chemdb_ontology?abbrev=TG 58:10
773.62439	773.6250	.0006	HexCer 37:2;O3	C43H81NO9	[M+NH4]+	/resources/tools/chemdb_ontology?abbrev=HexCer 37:2;O3
773.62439	773.6167	.0077	PC O-35:3	C43H82NO7P	[M+NH4]+	/resources/tools/chemdb_ontology?abbrev=PC O-35:3
773.62439	773.6167	.0077	PE O-38:3	C43H82NO7P	[M+NH4]+	/resources/tools/chemdb_ontology?abbrev=PE O-38:3
789.5982	789.6004	.0022	PG O-38:2	C44H85O9P	[M+H]+	/resources/tools/chemdb_ontology?abbrev=PG O-38:2
789.5982	789.6004	.0022	PG 38:0	C44H87O10P	[M+H-H2O]+	/resources/tools/chemdb_ontology?abbrev=PG 38:0
789.5982	789.6004	.0022	TG 46:6	C49H82O6Na	[M+Na]+	/resources/tools/chemdb_ontology?abbrev=TG 46:6
789.5982	789.5980	.0003	TG 44:3	C47H84O6Na2	[M+2Na-H]+	/resources/tools/chemdb_ontology?abbrev=TG 44:3
1114.31398	1114.3110	.0030	CoA 20:4;O	C41H66N7O18P3SNa2	[M+2Na-H]+	/resources/tools/chemdb_ontology?abbrev=CoA 20:4;O
919.76775	919.7749	.0072	TG 57:7	C60H102O6	[M+H]+	/resources/tools/chemdb_ontology?abbrev=TG 57:7
919.76775	919.7725	.0048	TG 55:4	C58H104O6Na	[M+Na]+	/resources/tools/chemdb_ontology?abbrev=TG 55:4
919.76775	919.7701	.0024	TG 53:1	C56H106O6Na2	[M+2Na-H]+	/resources/tools/chemdb_ontology?abbrev=TG 53:1
809.69558	809.6895	.0061	SM 43:2;O2	C48H95N2O6P	[M+H-H2O]+	/resources/tools/chemdb_ontology?abbrev=SM 43:2;O2
809.69558	809.7017	.0062	TG 50:4	C53H94O6	[M+H-H2O]+	/resources/tools/chemdb_ontology?abbrev=TG 50:4
835.71175	835.7174	.0056	TG 52:5	C55H96O6	[M+H-H2O]+	/resources/tools/chemdb_ontology?abbrev=TG 52:5
849.72715	849.7330	.0059	TG 53:5	C56H98O6	[M+H-H2O]+	/resources/tools/chemdb_ontology?abbrev=TG 53:5
790.6019	790.5956	.0063	PS O-37:1	C43H84NO9P	[M+H]+	/resources/tools/chemdb_ontology?abbrev=PS O-37:1
790.6019	790.6109	.0090	PE O-42:5	C47H86NO7P	[M+H-H2O]+	/resources/tools/chemdb_ontology?abbrev=PE O-42:5
790.6019	790.5956	.0063	PG O-37:3	C43H81O9P	[M+NH4]+	/resources/tools/chemdb_ontology?abbrev=PG O-37:3
921.78426	921.7906	.0063	TG 57:6	C60H104O6	[M+H]+	/resources/tools/chemdb_ontology?abbrev=TG 57:6
921.78426	921.7882	.0039	TG 55:3	C58H106O6Na	[M+Na]+	/resources/tools/chemdb_ontology?abbrev=TG 55:3
921.78426	921.7858	.0015	TG 53:0	C56H108O6Na2	[M+2Na-H]+	/resources/tools/chemdb_ontology?abbrev=TG 53:0
910.71665	910.7235	.0069	PC 43:0	C51H102NO8PNa	[M+Na]+	/resources/tools/chemdb_ontology?abbrev=PC 43:0
945.78494	945.7906	.0056	TG 59:8	C62H104O6	[M+H]+	/resources/tools/chemdb_ontology?abbrev=TG 59:8
945.78494	945.7882	.0032	TG 57:5	C60H106O6Na	[M+Na]+	/resources/tools/chemdb_ontology?abbrev=TG 57:5
945.78494	945.7858	.0008	TG 55:2	C58H108O6Na2	[M+2Na-H]+	/resources/tools/chemdb_ontology?abbrev=TG 55:2
837.68012	837.6820	.0019	SM 42:1;O2	C47H95N2O6PNa	[M+Na]+	/resources/tools/chemdb_ontology?abbrev=SM 42:1;O2
905.66744	905.6630	.0045	TG 55:11	C58H90O6Na	[M+Na]+	/resources/tools/chemdb_ontology?abbrev=TG 55:11
905.66744	905.6672	.0002	Hex2Cer 36:2;O2	C48H89NO13	[M+NH4]+	/resources/tools/chemdb_ontology?abbrev=Hex2Cer 36:2;O2
905.66744	905.6742	.0068	PC 44:7	C52H90NO8P	[M+NH4]+	/resources/tools/chemdb_ontology?abbrev=PC 44:7
905.66744	905.6606	.0069	TG 53:8	C56H92O6Na2	[M+2Na-H]+	/resources/tools/chemdb_ontology?abbrev=TG 53:8
943.77024	943.7749	.0047	TG 59:9	C62H102O6	[M+H]+	/resources/tools/chemdb_ontology?abbrev=TG 59:9
943.77024	943.7725	.0023	TG 57:6	C60H104O6Na	[M+Na]+	/resources/tools/chemdb_ontology?abbrev=TG 57:6
943.77024	943.7701	.0001	TG 55:3	C58H106O6Na2	[M+2Na-H]+	/resources/tools/chemdb_ontology?abbrev=TG 55:3
948.80317	948.8015	.0017	TG 58:8	C61H102O6	[M+NH4]+	/resources/tools/chemdb_ontology?abbrev=TG 58:8
838.68372	838.6895	.0058	PG O-40:0	C46H93O9P	[M+NH4]+	/resources/tools/chemdb_ontology?abbrev=PG O-40:0
838.68372	838.6919	.0082	TG 50:7	C53H88O6	[M+NH4]+	/resources/tools/chemdb_ontology?abbrev=TG 50:7
815.69867	815.7000	.0014	SM 42:1;O2	C47H95N2O6P	[M+H]+	/resources/tools/chemdb_ontology?abbrev=SM 42:1;O2
815.69867	815.7083	.0096	HexCer 41:1;O2	C47H91NO8	[M+NH4]+	/resources/tools/chemdb_ontology?abbrev=HexCer 41:1;O2
737.61785	737.6167	.0011	PC O-32:0	C40H82NO7P	[M+NH4]+	/resources/tools/chemdb_ontology?abbrev=PC O-32:0
737.61785	737.6167	.0011	PE O-35:0	C40H82NO7P	[M+NH4]+	/resources/tools/chemdb_ontology?abbrev=PE O-35:0
947.79898	947.8062	.0072	TG 59:7	C62H106O6	[M+H]+	/resources/tools/chemdb_ontology?abbrev=TG 59:7
947.79898	947.8038	.0048	TG 57:4	C60H108O6Na	[M+Na]+	/resources/tools/chemdb_ontology?abbrev=TG 57:4
947.79898	947.8014	.0024	TG 55:1	C58H110O6Na2	[M+2Na-H]+	/resources/tools/chemdb_ontology?abbrev=TG 55:1
738.62125	738.6242	.0030	HexCer 38:1;O2	C44H85NO8	[M+H-H2O]+	/resources/tools/chemdb_ontology?abbrev=HexCer 38:1;O2
738.62125	738.6160	.0053	CerP 44:2;O2	C44H86NO6P	[M+H-H2O]+	/resources/tools/chemdb_ontology?abbrev=CerP 44:2;O2
851.68392	851.6848	.0009	PS O-40:0	C46H92NO9P	[M+NH4]+	/resources/tools/chemdb_ontology?abbrev=PS O-40:0
911.7292	911.7212	.0080	PC 44:4	C52H96NO8P	[M+NH4]+	/resources/tools/chemdb_ontology?abbrev=PC 44:4
831.58834	831.5874	.0009	PA 44:4	C47H85O8PNa	[M+Na]+	/resources/tools/chemdb_ontology?abbrev=PA 44:4
831.58834	831.5858	.0025	PS 38:3	C44H80NO10P	[M+NH4]+	/resources/tools/chemdb_ontology?abbrev=PS 38:3
831.58834	831.5850	.0033	PA 42:1	C45H87O8PNa2	[M+2Na-H]+	/resources/tools/chemdb_ontology?abbrev=PA 42:1
857.66111	857.6654	.0043	TG 53:10	C56H88O6	[M+H]+	/resources/tools/chemdb_ontology?abbrev=TG 53:10
857.66111	857.6630	.0019	PG 43:1	C49H95O10P	[M+H-H2O]+	/resources/tools/chemdb_ontology?abbrev=PG 43:1
857.66111	857.6606	.0005	PG O-41:0	C47H95O9PNa	[M+Na]+	/resources/tools/chemdb_ontology?abbrev=PG O-41:0
857.66111	857.6630	.0018	TG 51:7	C54H90O6Na	[M+Na]+	/resources/tools/chemdb_ontology?abbrev=TG 51:7
857.66111	857.6606	.0006	TG 49:4	C52H92O6Na2	[M+2Na-H]+	/resources/tools/chemdb_ontology?abbrev=TG 49:4
965.66665	965.6606	.0061	TG 58:13	C61H92O6Na2	[M+2Na-H]+	/resources/tools/chemdb_ontology?abbrev=TG 58:13
865.68772	865.6793	.0084	PC O-42:6	C50H90NO7P	[M+NH4]+	/resources/tools/chemdb_ontology?abbrev=PC O-42:6
843.7009	843.7032	.0023	HexCer 36:1;O	C48H91NO9	[M+NH4]+	/resources/tools/chemdb_ontology?abbrev=HexCer 36:1;O
843.7009	843.7032	.0023	HexCer 42:2;O3	C48H91NO9	[M+NH4]+	/resources/tools/chemdb_ontology?abbrev=HexCer 42:2;O3
843.7009	843.6950	.0059	PC O-40:3	C48H92NO7P	[M+NH4]+	/resources/tools/chemdb_ontology?abbrev=PC O-40:3
815.61375	815.6160	.0023	PG O-40:3	C46H87O9P	[M+H]+	/resources/tools/chemdb_ontology?abbrev=PG O-40:3
815.61375	815.6160	.0023	PG 40:1	C46H89O10P	[M+H-H2O]+	/resources/tools/chemdb_ontology?abbrev=PG 40:1
815.61375	815.6136	.0001	PG O-38:0	C44H89O9PNa	[M+Na]+	/resources/tools/chemdb_ontology?abbrev=PG O-38:0
815.61375	815.6160	.0023	TG 48:7	C51H84O6Na	[M+Na]+	/resources/tools/chemdb_ontology?abbrev=TG 48:7
815.61375	815.6136	.0002	TG 46:4	C49H86O6Na2	[M+2Na-H]+	/resources/tools/chemdb_ontology?abbrev=TG 46:4
901.75823	901.7643	.0061	TG 57:7	C60H102O6	[M+H-H2O]+	/resources/tools/chemdb_ontology?abbrev=TG 57:7
902.76176	902.7572	.0045	PC 44:0	C52H104NO8P	[M+H]+	/resources/tools/chemdb_ontology?abbrev=PC 44:0
695.60721	695.5973	.0099	DG 43:5	C46H80O5	[M+H-H2O]+	/resources/tools/chemdb_ontology?abbrev=DG 43:5
855.64565	855.6473	.0017	PG 43:2	C49H93O10P	[M+H-H2O]+	/resources/tools/chemdb_ontology?abbrev=PG 43:2
855.64565	855.6449	.0007	PG O-41:1	C47H93O9PNa	[M+Na]+	/resources/tools/chemdb_ontology?abbrev=PG O-41:1
855.64565	855.6473	.0017	TG 51:8	C54H88O6Na	[M+Na]+	/resources/tools/chemdb_ontology?abbrev=TG 51:8
855.64565	855.6433	.0023	IPC 38:0;O2	C44H88NO11P	[M+NH4]+	/resources/tools/chemdb_ontology?abbrev=IPC 38:0;O2
855.64565	855.6449	.0008	TG 49:5	C52H90O6Na2	[M+2Na-H]+	/resources/tools/chemdb_ontology?abbrev=TG 49:5
840.67564	840.6841	.0084	PC 41:1	C49H96NO8P	[M+H-H2O]+	/resources/tools/chemdb_ontology?abbrev=PC 41:1
840.67564	840.6841	.0084	PE 44:1	C49H96NO8P	[M+H-H2O]+	/resources/tools/chemdb_ontology?abbrev=PE 44:1
840.67564	840.6817	.0060	PC O-39:0	C47H96NO7PNa	[M+Na]+	/resources/tools/chemdb_ontology?abbrev=PC O-39:0
840.67564	840.6817	.0060	PE O-42:0	C47H96NO7PNa	[M+Na]+	/resources/tools/chemdb_ontology?abbrev=PE O-42:0
734.62776	734.6293	.0015	TG 42:3	C45H80O6	[M+NH4]+	/resources/tools/chemdb_ontology?abbrev=TG 42:3
910.71513	910.7235	.0084	PC 43:0	C51H102NO8PNa	[M+Na]+	/resources/tools/chemdb_ontology?abbrev=PC 43:0
919.76863	919.7749	.0063	TG 57:7	C60H102O6	[M+H]+	/resources/tools/chemdb_ontology?abbrev=TG 57:7
919.76863	919.7725	.0039	TG 55:4	C58H104O6Na	[M+Na]+	/resources/tools/chemdb_ontology?abbrev=TG 55:4
919.76863	919.7701	.0015	TG 53:1	C56H106O6Na2	[M+2Na-H]+	/resources/tools/chemdb_ontology?abbrev=TG 53:1
875.74272	875.7487	.0060	TG 55:6	C58H100O6	[M+H-H2O]+	/resources/tools/chemdb_ontology?abbrev=TG 55:6
729.54099	729.5429	.0019	PA 38:2	C41H77O8P	[M+H]+	/resources/tools/chemdb_ontology?abbrev=PA 38:2
729.54099	729.5429	.0019	PG O-35:2	C41H79O9P	[M+H-H2O]+	/resources/tools/chemdb_ontology?abbrev=PG O-35:2
729.54099	729.5404	.0006	DG 41:5	C44H76O5Na2	[M+2Na-H]+	/resources/tools/chemdb_ontology?abbrev=DG 41:5
972.80491	972.8015	.0035	TG 60:10	C63H102O6	[M+NH4]+	/resources/tools/chemdb_ontology?abbrev=TG 60:10
973.81523	973.8219	.0066	TG 61:8	C64H108O6	[M+H]+	/resources/tools/chemdb_ontology?abbrev=TG 61:8
973.81523	973.8195	.0042	TG 59:5	C62H110O6Na	[M+Na]+	/resources/tools/chemdb_ontology?abbrev=TG 59:5
973.81523	973.8171	.0018	TG 57:2	C60H112O6Na2	[M+2Na-H]+	/resources/tools/chemdb_ontology?abbrev=TG 57:2
881.66204	881.6630	.0009	TG 53:9	C56H90O6Na	[M+Na]+	/resources/tools/chemdb_ontology?abbrev=TG 53:9
881.66204	881.6590	.0031	IPC 40:1;O2	C46H90NO11P	[M+NH4]+	/resources/tools/chemdb_ontology?abbrev=IPC 40:1;O2
881.66204	881.6672	.0052	Hex2Cer 34:0;O2	C46H89NO13	[M+NH4]+	/resources/tools/chemdb_ontology?abbrev=Hex2Cer 34:0;O2
881.66204	881.6606	.0015	TG 51:6	C54H92O6Na2	[M+2Na-H]+	/resources/tools/chemdb_ontology?abbrev=TG 51:6
971.79994	971.8062	.0063	TG 61:9	C64H106O6	[M+H]+	/resources/tools/chemdb_ontology?abbrev=TG 61:9
971.79994	971.8038	.0039	TG 59:6	C62H108O6Na	[M+Na]+	/resources/tools/chemdb_ontology?abbrev=TG 59:6
971.79994	971.8014	.0015	TG 57:3	C60H110O6Na2	[M+2Na-H]+	/resources/tools/chemdb_ontology?abbrev=TG 57:3
839.67252	839.6637	.0089	PC O-40:5	C48H88NO7P	[M+NH4]+	/resources/tools/chemdb_ontology?abbrev=PC O-40:5
909.71123	909.7055	.0057	PC 44:5	C52H94NO8P	[M+NH4]+	/resources/tools/chemdb_ontology?abbrev=PC 44:5
877.75744	877.7643	.0069	TG 55:5	C58H102O6	[M+H-H2O]+	/resources/tools/chemdb_ontology?abbrev=TG 55:5
866.69153	866.6997	.0082	PC 43:2	C51H98NO8P	[M+H-H2O]+	/resources/tools/chemdb_ontology?abbrev=PC 43:2
866.69153	866.6973	.0058	PC O-41:1	C49H98NO7PNa	[M+Na]+	/resources/tools/chemdb_ontology?abbrev=PC O-41:1
866.69153	866.6845	.0071	PG 41:0	C47H93O10P	[M+NH4]+	/resources/tools/chemdb_ontology?abbrev=PG 41:0
916.74148	916.7389	.0026	TG 56:10	C59H94O6	[M+NH4]+	/resources/tools/chemdb_ontology?abbrev=TG 56:10
829.63003	829.6317	.0017	PG 41:1	C47H91O10P	[M+H-H2O]+	/resources/tools/chemdb_ontology?abbrev=PG 41:1
829.63003	829.6293	.0007	PG O-39:0	C45H91O9PNa	[M+Na]+	/resources/tools/chemdb_ontology?abbrev=PG O-39:0
829.63003	829.6317	.0016	TG 49:7	C52H86O6Na	[M+Na]+	/resources/tools/chemdb_ontology?abbrev=TG 49:7
829.63003	829.6293	.0008	TG 47:4	C50H88O6Na2	[M+2Na-H]+	/resources/tools/chemdb_ontology?abbrev=TG 47:4
813.65639	813.6480	.0084	PC O-38:4	C46H86NO7P	[M+NH4]+	/resources/tools/chemdb_ontology?abbrev=PC O-38:4
816.702	816.7076	.0056	TG 48:4	C51H90O6	[M+NH4]+	/resources/tools/chemdb_ontology?abbrev=TG 48:4
816.702	816.6953	.0067	SM 41:2;O2	C46H91N2O6P	[M+NH4]+	/resources/tools/chemdb_ontology?abbrev=SM 41:2;O2
849.72716	849.7330	.0059	TG 53:5	C56H98O6	[M+H-H2O]+	/resources/tools/chemdb_ontology?abbrev=TG 53:5
841.68661	841.6793	.0073	PC O-40:4	C48H90NO7P	[M+NH4]+	/resources/tools/chemdb_ontology?abbrev=PC O-40:4
889.72339	889.7280	.0046	TG 55:8	C58H96O6	[M+H]+	/resources/tools/chemdb_ontology?abbrev=TG 55:8
889.72339	889.7256	.0022	TG 53:5	C56H98O6Na	[M+Na]+	/resources/tools/chemdb_ontology?abbrev=TG 53:5
889.72339	889.7232	.0002	TG 51:2	C54H100O6Na2	[M+2Na-H]+	/resources/tools/chemdb_ontology?abbrev=TG 51:2
915.73919	915.7436	.0044	TG 57:9	C60H98O6	[M+H]+	/resources/tools/chemdb_ontology?abbrev=TG 57:9
915.73919	915.7412	.0020	TG 55:6	C58H100O6Na	[M+Na]+	/resources/tools/chemdb_ontology?abbrev=TG 55:6
915.73919	915.7388	.0004	TG 53:3	C56H102O6Na2	[M+2Na-H]+	/resources/tools/chemdb_ontology?abbrev=TG 53:3
841.62933	841.6317	.0024	PG O-42:4	C48H89O9P	[M+H]+	/resources/tools/chemdb_ontology?abbrev=PG O-42:4
841.62933	841.6317	.0024	PG 42:2	C48H91O10P	[M+H-H2O]+	/resources/tools/chemdb_ontology?abbrev=PG 42:2
841.62933	841.6293	.0000	PG O-40:1	C46H91O9PNa	[M+Na]+	/resources/tools/chemdb_ontology?abbrev=PG O-40:1
841.62933	841.6317	.0023	TG 50:8	C53H86O6Na	[M+Na]+	/resources/tools/chemdb_ontology?abbrev=TG 50:8
841.62933	841.6293	.0001	TG 48:5	C51H88O6Na2	[M+2Na-H]+	/resources/tools/chemdb_ontology?abbrev=TG 48:5
927.77368	927.7800	.0063	TG 59:8	C62H104O6	[M+H-H2O]+	/resources/tools/chemdb_ontology?abbrev=TG 59:8
761.64668	761.6419	.0048	PA O-41:0	C44H89O7P	[M+H]+	/resources/tools/chemdb_ontology?abbrev=PA O-41:0
761.64668	761.6531	.0064	SM 38:0;O2	C43H89N2O6P	[M+H]+	/resources/tools/chemdb_ontology?abbrev=SM 38:0;O2
909.69269	909.6967	.0040	TG 57:12	C60H92O6	[M+H]+	/resources/tools/chemdb_ontology?abbrev=TG 57:12
909.69269	909.6943	.0016	TG 55:9	C58H94O6Na	[M+Na]+	/resources/tools/chemdb_ontology?abbrev=TG 55:9
909.69269	909.6985	.0058	Hex2Cer 36:0;O2	C48H93NO13	[M+NH4]+	/resources/tools/chemdb_ontology?abbrev=Hex2Cer 36:0;O2
909.69269	909.6919	.0008	TG 53:6	C56H96O6Na2	[M+2Na-H]+	/resources/tools/chemdb_ontology?abbrev=TG 53:6
1148.34066	1148.3317	.0090	CoA 24:7	C45H68N7O17P3SNa2	[M+2Na-H]+	/resources/tools/chemdb_ontology?abbrev=CoA 24:7
857.60345	857.6015	.0020	PS 40:4	C46H82NO10P	[M+NH4]+	/resources/tools/chemdb_ontology?abbrev=PS 40:4
857.60345	857.6007	.0028	PA 44:2	C47H89O8PNa2	[M+2Na-H]+	/resources/tools/chemdb_ontology?abbrev=PA 44:2
891.70382	891.7049	.0010	PG 44:0	C50H99O10P	[M+H]+	/resources/tools/chemdb_ontology?abbrev=PG 44:0
894.72203	894.7158	.0063	PG 43:0	C49H97O10P	[M+NH4]+	/resources/tools/chemdb_ontology?abbrev=PG 43:0
930.79297	930.7885	.0044	PC 46:0	C54H108NO8P	[M+H]+	/resources/tools/chemdb_ontology?abbrev=PC 46:0
910.69613	910.6919	.0042	TG 56:13	C59H88O6	[M+NH4]+	/resources/tools/chemdb_ontology?abbrev=TG 56:13
877.70069	877.7004	.0002	PS O-42:1	C48H94NO9P	[M+NH4]+	/resources/tools/chemdb_ontology?abbrev=PS O-42:1
929.78957	929.7956	.0061	TG 59:7	C62H106O6	[M+H-H2O]+	/resources/tools/chemdb_ontology?abbrev=TG 59:7
775.65391	775.6575	.0036	PA O-42:0	C45H91O7P	[M+H]+	/resources/tools/chemdb_ontology?abbrev=PA O-42:0
775.65391	775.6551	.0012	FAHFA 48:2;O	C48H90O4Na2	[M+2Na-H]+	/resources/tools/chemdb_ontology?abbrev=FAHFA 48:2;O
883.67697	883.6810	.0040	TG 55:11	C58H90O6	[M+H]+	/resources/tools/chemdb_ontology?abbrev=TG 55:11
883.67697	883.6786	.0016	TG 53:8	C56H92O6Na	[M+Na]+	/resources/tools/chemdb_ontology?abbrev=TG 53:8
883.67697	883.6746	.0023	IPC 40:0;O2	C46H92NO11P	[M+NH4]+	/resources/tools/chemdb_ontology?abbrev=IPC 40:0;O2
883.67697	883.6762	.0008	TG 51:5	C54H94O6Na2	[M+2Na-H]+	/resources/tools/chemdb_ontology?abbrev=TG 51:5
867.70307	867.6950	.0081	PC O-42:5	C50H92NO7P	[M+NH4]+	/resources/tools/chemdb_ontology?abbrev=PC O-42:5
802.67266	802.6684	.0042	PC O-38:1	C46H92NO7P	[M+H]+	/resources/tools/chemdb_ontology?abbrev=PC O-38:1
802.67266	802.6684	.0042	PE O-41:1	C46H92NO7P	[M+H]+	/resources/tools/chemdb_ontology?abbrev=PE O-41:1
802.67266	802.6796	.0070	SM 40:2;O2	C45H89N2O6P	[M+NH4]+	/resources/tools/chemdb_ontology?abbrev=SM 40:2;O2
815.61476	815.6160	.0013	PG O-40:3	C46H87O9P	[M+H]+	/resources/tools/chemdb_ontology?abbrev=PG O-40:3
815.61476	815.6160	.0013	PG 40:1	C46H89O10P	[M+H-H2O]+	/resources/tools/chemdb_ontology?abbrev=PG 40:1
815.61476	815.6136	.0011	PG O-38:0	C44H89O9PNa	[M+Na]+	/resources/tools/chemdb_ontology?abbrev=PG O-38:0
815.61476	815.6160	.0012	TG 48:7	C51H84O6Na	[M+Na]+	/resources/tools/chemdb_ontology?abbrev=TG 48:7
815.61476	815.6136	.0012	TG 46:4	C49H86O6Na2	[M+2Na-H]+	/resources/tools/chemdb_ontology?abbrev=TG 46:4
760.64292	760.6450	.0020	TG 44:4	C47H82O6	[M+NH4]+	/resources/tools/chemdb_ontology?abbrev=TG 44:4
892.70755	892.7001	.0074	PG 43:1	C49H95O10P	[M+NH4]+	/resources/tools/chemdb_ontology?abbrev=PG 43:1
928.77627	928.7729	.0034	PC 46:1	C54H106NO8P	[M+H]+	/resources/tools/chemdb_ontology?abbrev=PC 46:1
868.70639	868.7154	.0090	PC 43:1	C51H100NO8P	[M+H-H2O]+	/resources/tools/chemdb_ontology?abbrev=PC 43:1
868.70639	868.7154	.0090	PE 46:1	C51H100NO8P	[M+H-H2O]+	/resources/tools/chemdb_ontology?abbrev=PE 46:1
868.70639	868.7130	.0066	PC O-41:0	C49H100NO7PNa	[M+Na]+	/resources/tools/chemdb_ontology?abbrev=PC O-41:0
781.57262	781.5742	.0016	PA 42:4	C45H81O8P	[M+H]+	/resources/tools/chemdb_ontology?abbrev=PA 42:4
781.57262	781.5718	.0008	PA 40:1	C43H83O8PNa	[M+Na]+	/resources/tools/chemdb_ontology?abbrev=PA 40:1
781.57262	781.5702	.0025	PS 34:0	C40H78NO10P	[M+NH4]+	/resources/tools/chemdb_ontology?abbrev=PS 34:0
903.77405	903.7800	.0059	TG 57:6	C60H104O6	[M+H-H2O]+	/resources/tools/chemdb_ontology?abbrev=TG 57:6
851.68485	851.6848	.0001	PS O-40:0	C46H92NO9P	[M+NH4]+	/resources/tools/chemdb_ontology?abbrev=PS O-40:0
900.74717	900.7416	.0056	PC 44:1	C52H102NO8P	[M+H]+	/resources/tools/chemdb_ontology?abbrev=PC 44:1
766.60114	766.6109	.0098	PC O-37:3	C45H86NO7P	[M+H-H2O]+	/resources/tools/chemdb_ontology?abbrev=PC O-37:3
766.60114	766.6109	.0098	PE O-40:3	C45H86NO7P	[M+H-H2O]+	/resources/tools/chemdb_ontology?abbrev=PE O-40:3
766.60114	766.5956	.0055	PG O-35:1	C41H81O9P	[M+NH4]+	/resources/tools/chemdb_ontology?abbrev=PG O-35:1
869.71593	869.7106	.0053	PC O-42:4	C50H94NO7P	[M+NH4]+	/resources/tools/chemdb_ontology?abbrev=PC O-42:4
765.59664	765.6004	.0038	PG O-36:0	C42H85O9P	[M+H]+	/resources/tools/chemdb_ontology?abbrev=PG O-36:0
765.59664	765.5875	.0091	MGDG 36:2	C45H82O10	[M+H-H2O]+	/resources/tools/chemdb_ontology?abbrev=MGDG 36:2
765.59664	765.6004	.0037	TG 44:4	C47H82O6Na	[M+Na]+	/resources/tools/chemdb_ontology?abbrev=TG 44:4
765.59664	765.5881	.0085	CerPE 40:2;O2	C42H83N2O6PNa	[M+Na]+	/resources/tools/chemdb_ontology?abbrev=CerPE 40:2;O2
765.59664	765.5980	.0013	TG 42:1	C45H84O6Na2	[M+2Na-H]+	/resources/tools/chemdb_ontology?abbrev=TG 42:1
895.73098	895.7263	.0047	PC O-44:5	C52H96NO7P	[M+NH4]+	/resources/tools/chemdb_ontology?abbrev=PC O-44:5
831.58848	831.5874	.0011	PA 44:4	C47H85O8PNa	[M+Na]+	/resources/tools/chemdb_ontology?abbrev=PA 44:4
831.58848	831.5858	.0027	PS 38:3	C44H80NO10P	[M+NH4]+	/resources/tools/chemdb_ontology?abbrev=PS 38:3
831.58848	831.5850	.0035	PA 42:1	C45H87O8PNa2	[M+2Na-H]+	/resources/tools/chemdb_ontology?abbrev=PA 42:1
863.74899	863.7487	.0003	TG 54:5	C57H100O6	[M+H-H2O]+	/resources/tools/chemdb_ontology?abbrev=TG 54:5
863.74899	863.7576	.0086	PC O-41:0	C49H100NO7P	[M+NH4]+	/resources/tools/chemdb_ontology?abbrev=PC O-41:0
755.55692	755.5585	.0016	PA 40:3	C43H79O8P	[M+H]+	/resources/tools/chemdb_ontology?abbrev=PA 40:3
755.55692	755.5668	.0099	MGDG 34:2	C43H78O10	[M+H]+	/resources/tools/chemdb_ontology?abbrev=MGDG 34:2
755.55692	755.5585	.0016	PG O-37:3	C43H81O9P	[M+H-H2O]+	/resources/tools/chemdb_ontology?abbrev=PG O-37:3
755.55692	755.5561	.0008	PA 38:0	C41H81O8PNa	[M+Na]+	/resources/tools/chemdb_ontology?abbrev=PA 38:0
755.55692	755.5561	.0008	DG 43:6	C46H78O5Na2	[M+2Na-H]+	/resources/tools/chemdb_ontology?abbrev=DG 43:6
885.68894	885.6967	.0077	TG 55:10	C58H92O6	[M+H]+	/resources/tools/chemdb_ontology?abbrev=TG 55:10
885.68894	885.6943	.0053	TG 53:7	C56H94O6Na	[M+Na]+	/resources/tools/chemdb_ontology?abbrev=TG 53:7
885.68894	885.6919	.0029	TG 51:4	C54H96O6Na2	[M+2Na-H]+	/resources/tools/chemdb_ontology?abbrev=TG 51:4
885.68894	885.6796	.0094	SM 44:2;O2	C49H97N2O6PNa2	[M+2Na-H]+	/resources/tools/chemdb_ontology?abbrev=SM 44:2;O2
739.58298	739.5748	.0081	CerPE 40:3;O3	C42H81N2O7P	[M+H-H2O]+	/resources/tools/chemdb_ontology?abbrev=CerPE 40:3;O3
739.58298	739.5847	.0017	TG 42:3	C45H80O6Na	[M+Na]+	/resources/tools/chemdb_ontology?abbrev=TG 42:3
739.58298	739.5823	.0007	TG 40:0	C43H82O6Na2	[M+2Na-H]+	/resources/tools/chemdb_ontology?abbrev=TG 40:0
740.58666	740.5952	.0086	PC O-35:2	C43H84NO7P	[M+H-H2O]+	/resources/tools/chemdb_ontology?abbrev=PC O-35:2
740.58666	740.5952	.0086	PE O-38:2	C43H84NO7P	[M+H-H2O]+	/resources/tools/chemdb_ontology?abbrev=PE O-38:2
740.58666	740.5800	.0067	PG O-33:0	C39H79O9P	[M+NH4]+	/resources/tools/chemdb_ontology?abbrev=PG O-33:0
776.6575	776.6528	.0047	PC O-36:0	C44H90NO7P	[M+H]+	/resources/tools/chemdb_ontology?abbrev=PC O-36:0
776.6575	776.6528	.0047	PE O-39:0	C44H90NO7P	[M+H]+	/resources/tools/chemdb_ontology?abbrev=PE O-39:0
776.6575	776.6528	.0047	PA O-41:1	C44H87O7P	[M+NH4]+	/resources/tools/chemdb_ontology?abbrev=PA O-41:1
776.6575	776.6640	.0065	SM 38:1;O2	C43H87N2O6P	[M+NH4]+	/resources/tools/chemdb_ontology?abbrev=SM 38:1;O2
847.71273	847.7174	.0047	TG 53:6	C56H96O6	[M+H-H2O]+	/resources/tools/chemdb_ontology?abbrev=TG 53:6
863.67313	863.6736	.0004	PG 42:0	C48H95O10P	[M+H]+	/resources/tools/chemdb_ontology?abbrev=PG 42:0
863.67313	863.6637	.0095	PC O-42:7	C50H88NO7P	[M+NH4]+	/resources/tools/chemdb_ontology?abbrev=PC O-42:7
899.74246	899.7487	.0062	TG 57:8	C60H100O6	[M+H-H2O]+	/resources/tools/chemdb_ontology?abbrev=TG 57:8
789.59949	789.6004	.0009	PG O-38:2	C44H85O9P	[M+H]+	/resources/tools/chemdb_ontology?abbrev=PG O-38:2
789.59949	789.6004	.0009	PG 38:0	C44H87O10P	[M+H-H2O]+	/resources/tools/chemdb_ontology?abbrev=PG 38:0
789.59949	789.6004	.0009	TG 46:6	C49H82O6Na	[M+Na]+	/resources/tools/chemdb_ontology?abbrev=TG 46:6
789.59949	789.5980	.0015	TG 44:3	C47H84O6Na2	[M+2Na-H]+	/resources/tools/chemdb_ontology?abbrev=TG 44:3
795.66741	795.6738	.0064	SM 42:2;O2	C47H93N2O6P	[M+H-H2O]+	/resources/tools/chemdb_ontology?abbrev=SM 42:2;O2
873.72808	873.7330	.0050	TG 55:7	C58H98O6	[M+H-H2O]+	/resources/tools/chemdb_ontology?abbrev=TG 55:7
965.66534	965.6606	.0048	TG 58:13	C61H92O6Na2	[M+2Na-H]+	/resources/tools/chemdb_ontology?abbrev=TG 58:13
837.65766	837.6480	.0096	PC O-40:6	C48H86NO7P	[M+NH4]+	/resources/tools/chemdb_ontology?abbrev=PC O-40:6
874.73061	874.7259	.0047	PC 42:0	C50H100NO8P	[M+H]+	/resources/tools/chemdb_ontology?abbrev=PC 42:0
759.59657	759.6011	.0045	CerPE 40:2;O3	C42H83N2O7P	[M+H]+	/resources/tools/chemdb_ontology?abbrev=CerPE 40:2;O3
759.59657	759.5898	.0067	PA 40:1	C43H83O8P	[M+H]+	/resources/tools/chemdb_ontology?abbrev=PA 40:1
759.59657	759.5898	.0067	PG O-37:1	C43H85O9P	[M+H-H2O]+	/resources/tools/chemdb_ontology?abbrev=PG O-37:1
759.59657	759.6011	.0045	PC O-34:3	C42H80NO7P	[M+NH4]+	/resources/tools/chemdb_ontology?abbrev=PC O-34:3
759.59657	759.6011	.0045	PE O-37:3	C42H80NO7P	[M+NH4]+	/resources/tools/chemdb_ontology?abbrev=PE O-37:3
759.59657	759.5874	.0092	DG 43:4	C46H82O5Na2	[M+2Na-H]+	/resources/tools/chemdb_ontology?abbrev=DG 43:4
775.57052	775.5700	.0005	CerPE 39:1;O2	C41H83N2O6PNa2	[M+2Na-H]+	/resources/tools/chemdb_ontology?abbrev=CerPE 39:1;O2
775.57052	775.5700	.0005	SM 36:1;O2	C41H83N2O6PNa2	[M+2Na-H]+	/resources/tools/chemdb_ontology?abbrev=SM 36:1;O2
1282.32576	1282.3328	.0071	FA 87:1;O2	C87H172O4	[M+H]+	/resources/tools/chemdb_ontology?abbrev=FA 87:1;O2
985.76232	985.7643	.0020	TG 64:14	C67H102O6	[M+H-H2O]+	/resources/tools/chemdb_ontology?abbrev=TG 64:14
829.71423	829.7157	.0015	SM 43:1;O2	C48H97N2O6P	[M+H]+	/resources/tools/chemdb_ontology?abbrev=SM 43:1;O2
829.71423	829.7239	.0097	HexCer 42:1;O2	C48H93NO8	[M+NH4]+	/resources/tools/chemdb_ontology?abbrev=HexCer 42:1;O2
1114.31323	1114.3110	.0023	CoA 20:4;O	C41H66N7O18P3SNa2	[M+2Na-H]+	/resources/tools/chemdb_ontology?abbrev=CoA 20:4;O
761.64638	761.6419	.0045	PA O-41:0	C44H89O7P	[M+H]+	/resources/tools/chemdb_ontology?abbrev=PA O-41:0
761.64638	761.6531	.0067	SM 38:0;O2	C43H89N2O6P	[M+H]+	/resources/tools/chemdb_ontology?abbrev=SM 38:0;O2
1070.28792	1070.2847	.0032	CoA 18:4	C39H62N7O17P3SNa2	[M+2Na-H]+	/resources/tools/chemdb_ontology?abbrev=CoA 18:4
696.67798	696.6864	.0084	Cer 44:0;O3	C44H89NO4	[M+H]+	/resources/tools/chemdb_ontology?abbrev=Cer 44:0;O3
884.68036	884.6739	.0065	PS 44:1	C50H96NO10P	[M+H-H2O]+	/resources/tools/chemdb_ontology?abbrev=PS 44:1
884.68036	884.6715	.0089	PS O-42:0	C48H96NO9PNa	[M+Na]+	/resources/tools/chemdb_ontology?abbrev=PS O-42:0
884.68036	884.6763	.0041	TG 54:12	C57H86O6	[M+NH4]+	/resources/tools/chemdb_ontology?abbrev=TG 54:12
659.60254	659.5973	.0053	DG 40:2	C43H80O5	[M+H-H2O]+	/resources/tools/chemdb_ontology?abbrev=DG 40:2
659.60254	659.6125	.0100	CE 20:2	C47H80O2	[M+H-H2O]+	/resources/tools/chemdb_ontology?abbrev=CE 20:2
766.60118	766.6109	.0097	PC O-37:3	C45H86NO7P	[M+H-H2O]+	/resources/tools/chemdb_ontology?abbrev=PC O-37:3
766.60118	766.6109	.0097	PE O-40:3	C45H86NO7P	[M+H-H2O]+	/resources/tools/chemdb_ontology?abbrev=PE O-40:3
766.60118	766.5956	.0055	PG O-35:1	C41H81O9P	[M+NH4]+	/resources/tools/chemdb_ontology?abbrev=PG O-35:1
879.77045	879.7800	.0095	TG 55:4	C58H104O6	[M+H-H2O]+	/resources/tools/chemdb_ontology?abbrev=TG 55:4
680.68395	680.6915	.0076	Cer 44:0;O2	C44H89NO3	[M+H]+	/resources/tools/chemdb_ontology?abbrev=Cer 44:0;O2
739.58327	739.5748	.0084	CerPE 40:3;O3	C42H81N2O7P	[M+H-H2O]+	/resources/tools/chemdb_ontology?abbrev=CerPE 40:3;O3
739.58327	739.5847	.0014	TG 42:3	C45H80O6Na	[M+Na]+	/resources/tools/chemdb_ontology?abbrev=TG 42:3
739.58327	739.5823	.0010	TG 40:0	C43H82O6Na2	[M+2Na-H]+	/resources/tools/chemdb_ontology?abbrev=TG 40:0
885.69138	885.6967	.0053	TG 55:10	C58H92O6	[M+H]+	/resources/tools/chemdb_ontology?abbrev=TG 55:10
885.69138	885.6943	.0029	TG 53:7	C56H94O6Na	[M+Na]+	/resources/tools/chemdb_ontology?abbrev=TG 53:7
885.69138	885.6919	.0005	TG 51:4	C54H96O6Na2	[M+2Na-H]+	/resources/tools/chemdb_ontology?abbrev=TG 51:4
802.67287	802.6684	.0045	PC O-38:1	C46H92NO7P	[M+H]+	/resources/tools/chemdb_ontology?abbrev=PC O-38:1
802.67287	802.6684	.0045	PE O-41:1	C46H92NO7P	[M+H]+	/resources/tools/chemdb_ontology?abbrev=PE O-41:1
802.67287	802.6796	.0068	SM 40:2;O2	C45H89N2O6P	[M+NH4]+	/resources/tools/chemdb_ontology?abbrev=SM 40:2;O2
782.57595	782.5694	.0065	PC 36:4	C44H80NO8P	[M+H]+	/resources/tools/chemdb_ontology?abbrev=PC 36:4
782.57595	782.5694	.0065	PE 39:4	C44H80NO8P	[M+H]+	/resources/tools/chemdb_ontology?abbrev=PE 39:4
782.57595	782.5694	.0065	PS O-38:3	C44H82NO9P	[M+H-H2O]+	/resources/tools/chemdb_ontology?abbrev=PS O-38:3
782.57595	782.5753	.0007	HexCer 36:1;O4	C42H81NO10Na	[M+Na]+	/resources/tools/chemdb_ontology?abbrev=HexCer 36:1;O4
782.57595	782.5670	.0089	PC 34:1	C42H82NO8PNa	[M+Na]+	/resources/tools/chemdb_ontology?abbrev=PC 34:1
782.57595	782.5670	.0089	PE 37:1	C42H82NO8PNa	[M+Na]+	/resources/tools/chemdb_ontology?abbrev=PE 37:1
782.57595	782.5694	.0065	PA 41:5	C44H77O8P	[M+NH4]+	/resources/tools/chemdb_ontology?abbrev=PA 41:5
868.70636	868.7154	.0090	PC 43:1	C51H100NO8P	[M+H-H2O]+	/resources/tools/chemdb_ontology?abbrev=PC 43:1
868.70636	868.7154	.0090	PE 46:1	C51H100NO8P	[M+H-H2O]+	/resources/tools/chemdb_ontology?abbrev=PE 46:1
868.70636	868.7130	.0066	PC O-41:0	C49H100NO7PNa	[M+Na]+	/resources/tools/chemdb_ontology?abbrev=PC O-41:0
843.70172	843.7032	.0015	HexCer 36:1;O	C48H91NO9	[M+NH4]+	/resources/tools/chemdb_ontology?abbrev=HexCer 36:1;O
843.70172	843.7032	.0015	HexCer 42:2;O3	C48H91NO9	[M+NH4]+	/resources/tools/chemdb_ontology?abbrev=HexCer 42:2;O3
843.70172	843.6950	.0068	PC O-40:3	C48H92NO7P	[M+NH4]+	/resources/tools/chemdb_ontology?abbrev=PC O-40:3
760.64287	760.6450	.0021	TG 44:4	C47H82O6	[M+NH4]+	/resources/tools/chemdb_ontology?abbrev=TG 44:4
945.7857	945.7906	.0049	TG 59:8	C62H104O6	[M+H]+	/resources/tools/chemdb_ontology?abbrev=TG 59:8
945.7857	945.7882	.0025	TG 57:5	C60H106O6Na	[M+Na]+	/resources/tools/chemdb_ontology?abbrev=TG 57:5
945.7857	945.7858	.0001	TG 55:2	C58H108O6Na2	[M+2Na-H]+	/resources/tools/chemdb_ontology?abbrev=TG 55:2
740.58679	740.5952	.0085	PC O-35:2	C43H84NO7P	[M+H-H2O]+	/resources/tools/chemdb_ontology?abbrev=PC O-35:2
740.58679	740.5952	.0085	PE O-38:2	C43H84NO7P	[M+H-H2O]+	/resources/tools/chemdb_ontology?abbrev=PE O-38:2
740.58679	740.5800	.0068	PG O-33:0	C39H79O9P	[M+NH4]+	/resources/tools/chemdb_ontology?abbrev=PG O-33:0
776.65725	776.6528	.0045	PC O-36:0	C44H90NO7P	[M+H]+	/resources/tools/chemdb_ontology?abbrev=PC O-36:0
776.65725	776.6528	.0045	PE O-39:0	C44H90NO7P	[M+H]+	/resources/tools/chemdb_ontology?abbrev=PE O-39:0
776.65725	776.6528	.0045	PA O-41:1	C44H87O7P	[M+NH4]+	/resources/tools/chemdb_ontology?abbrev=PA O-41:1
776.65725	776.6640	.0067	SM 38:1;O2	C43H87N2O6P	[M+NH4]+	/resources/tools/chemdb_ontology?abbrev=SM 38:1;O2
755.55699	755.5585	.0015	PA 40:3	C43H79O8P	[M+H]+	/resources/tools/chemdb_ontology?abbrev=PA 40:3
755.55699	755.5668	.0098	MGDG 34:2	C43H78O10	[M+H]+	/resources/tools/chemdb_ontology?abbrev=MGDG 34:2
755.55699	755.5585	.0015	PG O-37:3	C43H81O9P	[M+H-H2O]+	/resources/tools/chemdb_ontology?abbrev=PG O-37:3
755.55699	755.5561	.0009	PA 38:0	C41H81O8PNa	[M+Na]+	/resources/tools/chemdb_ontology?abbrev=PA 38:0
755.55699	755.5561	.0009	DG 43:6	C46H78O5Na2	[M+2Na-H]+	/resources/tools/chemdb_ontology?abbrev=DG 43:6
781.57257	781.5742	.0016	PA 42:4	C45H81O8P	[M+H]+	/resources/tools/chemdb_ontology?abbrev=PA 42:4
781.57257	781.5718	.0008	PA 40:1	C43H83O8PNa	[M+Na]+	/resources/tools/chemdb_ontology?abbrev=PA 40:1
781.57257	781.5702	.0024	PS 34:0	C40H78NO10P	[M+NH4]+	/resources/tools/chemdb_ontology?abbrev=PS 34:0
765.59603	765.6004	.0044	PG O-36:0	C42H85O9P	[M+H]+	/resources/tools/chemdb_ontology?abbrev=PG O-36:0
765.59603	765.5875	.0085	MGDG 36:2	C45H82O10	[M+H-H2O]+	/resources/tools/chemdb_ontology?abbrev=MGDG 36:2
765.59603	765.6004	.0043	TG 44:4	C47H82O6Na	[M+Na]+	/resources/tools/chemdb_ontology?abbrev=TG 44:4
765.59603	765.5881	.0079	CerPE 40:2;O2	C42H83N2O6PNa	[M+Na]+	/resources/tools/chemdb_ontology?abbrev=CerPE 40:2;O2
765.59603	765.5980	.0019	TG 42:1	C45H84O6Na2	[M+2Na-H]+	/resources/tools/chemdb_ontology?abbrev=TG 42:1
734.62752	734.6293	.0018	TG 42:3	C45H80O6	[M+NH4]+	/resources/tools/chemdb_ontology?abbrev=TG 42:3
775.65394	775.6575	.0036	PA O-42:0	C45H91O7P	[M+H]+	/resources/tools/chemdb_ontology?abbrev=PA O-42:0
775.65394	775.6551	.0011	FAHFA 48:2;O	C48H90O4Na2	[M+2Na-H]+	/resources/tools/chemdb_ontology?abbrev=FAHFA 48:2;O
902.76225	902.7572	.0050	PC 44:0	C52H104NO8P	[M+H]+	/resources/tools/chemdb_ontology?abbrev=PC 44:0
867.70286	867.6950	.0079	PC O-42:5	C50H92NO7P	[M+NH4]+	/resources/tools/chemdb_ontology?abbrev=PC O-42:5
866.69227	866.6997	.0074	PC 43:2	C51H98NO8P	[M+H-H2O]+	/resources/tools/chemdb_ontology?abbrev=PC 43:2
866.69227	866.6973	.0050	PC O-41:1	C49H98NO7PNa	[M+Na]+	/resources/tools/chemdb_ontology?abbrev=PC O-41:1
866.69227	866.6845	.0078	PG 41:0	C47H93O10P	[M+NH4]+	/resources/tools/chemdb_ontology?abbrev=PG 41:0
927.77421	927.7800	.0058	TG 59:8	C62H104O6	[M+H-H2O]+	/resources/tools/chemdb_ontology?abbrev=TG 59:8
842.69072	842.6997	.0090	PC 41:0	C49H98NO8P	[M+H-H2O]+	/resources/tools/chemdb_ontology?abbrev=PC 41:0
842.69072	842.6997	.0090	PE 44:0	C49H98NO8P	[M+H-H2O]+	/resources/tools/chemdb_ontology?abbrev=PE 44:0
883.67677	883.6810	.0042	TG 55:11	C58H90O6	[M+H]+	/resources/tools/chemdb_ontology?abbrev=TG 55:11
883.67677	883.6786	.0018	TG 53:8	C56H92O6Na	[M+Na]+	/resources/tools/chemdb_ontology?abbrev=TG 53:8
883.67677	883.6746	.0021	IPC 40:0;O2	C46H92NO11P	[M+NH4]+	/resources/tools/chemdb_ontology?abbrev=IPC 40:0;O2
883.67677	883.6762	.0006	TG 51:5	C54H94O6Na2	[M+2Na-H]+	/resources/tools/chemdb_ontology?abbrev=TG 51:5
857.66108	857.6654	.0043	TG 53:10	C56H88O6	[M+H]+	/resources/tools/chemdb_ontology?abbrev=TG 53:10
857.66108	857.6630	.0019	PG 43:1	C49H95O10P	[M+H-H2O]+	/resources/tools/chemdb_ontology?abbrev=PG 43:1
857.66108	857.6606	.0005	PG O-41:0	C47H95O9PNa	[M+Na]+	/resources/tools/chemdb_ontology?abbrev=PG O-41:0
857.66108	857.6630	.0019	TG 51:7	C54H90O6Na	[M+Na]+	/resources/tools/chemdb_ontology?abbrev=TG 51:7
857.66108	857.6606	.0005	TG 49:4	C52H92O6Na2	[M+2Na-H]+	/resources/tools/chemdb_ontology?abbrev=TG 49:4
841.68718	841.6793	.0079	PC O-40:4	C48H90NO7P	[M+NH4]+	/resources/tools/chemdb_ontology?abbrev=PC O-40:4
891.70443	891.7049	.0004	PG 44:0	C50H99O10P	[M+H]+	/resources/tools/chemdb_ontology?abbrev=PG 44:0
849.72743	849.7330	.0056	TG 53:5	C56H98O6	[M+H-H2O]+	/resources/tools/chemdb_ontology?abbrev=TG 53:5
808.5915	808.5851	.0064	PC 38:5	C46H82NO8P	[M+H]+	/resources/tools/chemdb_ontology?abbrev=PC 38:5
808.5915	808.5851	.0064	PE 41:5	C46H82NO8P	[M+H]+	/resources/tools/chemdb_ontology?abbrev=PE 41:5
808.5915	808.5851	.0064	PC 38:4;O	C46H84NO9P	[M+H-H2O]+	/resources/tools/chemdb_ontology?abbrev=PC 38:4;O
808.5915	808.5851	.0064	PS O-40:4	C46H84NO9P	[M+H-H2O]+	/resources/tools/chemdb_ontology?abbrev=PS O-40:4
808.5915	808.5827	.0088	PC 36:2	C44H84NO8PNa	[M+Na]+	/resources/tools/chemdb_ontology?abbrev=PC 36:2
808.5915	808.5827	.0088	PE 39:2	C44H84NO8PNa	[M+Na]+	/resources/tools/chemdb_ontology?abbrev=PE 39:2
808.5915	808.5851	.0064	PA 43:6	C46H79O8P	[M+NH4]+	/resources/tools/chemdb_ontology?abbrev=PA 43:6
840.67581	840.6841	.0083	PC 41:1	C49H96NO8P	[M+H-H2O]+	/resources/tools/chemdb_ontology?abbrev=PC 41:1
840.67581	840.6841	.0083	PE 44:1	C49H96NO8P	[M+H-H2O]+	/resources/tools/chemdb_ontology?abbrev=PE 44:1
840.67581	840.6817	.0058	PC O-39:0	C47H96NO7PNa	[M+Na]+	/resources/tools/chemdb_ontology?abbrev=PC O-39:0
840.67581	840.6817	.0058	PE O-42:0	C47H96NO7PNa	[M+Na]+	/resources/tools/chemdb_ontology?abbrev=PE O-42:0
877.75824	877.7643	.0061	TG 55:5	C58H102O6	[M+H-H2O]+	/resources/tools/chemdb_ontology?abbrev=TG 55:5
1021.36346	1021.3631	.0004	CoA 16:1	C37H64N7O17P3S	[M+NH4]+	/resources/tools/chemdb_ontology?abbrev=CoA 16:1
1028.29738	1028.2977	.0003	CoA 15:1;O	C36H62N7O18P3SNa	[M+Na]+	/resources/tools/chemdb_ontology?abbrev=CoA 15:1;O
807.58831	807.5898	.0015	PA 44:5	C47H83O8P	[M+H]+	/resources/tools/chemdb_ontology?abbrev=PA 44:5
807.58831	807.5874	.0009	PA 42:2	C45H85O8PNa	[M+Na]+	/resources/tools/chemdb_ontology?abbrev=PA 42:2
807.58831	807.5858	.0025	PS 36:1	C42H80NO10P	[M+NH4]+	/resources/tools/chemdb_ontology?abbrev=PS 36:1
791.61409	791.6160	.0020	PG O-38:1	C44H87O9P	[M+H]+	/resources/tools/chemdb_ontology?abbrev=PG O-38:1
791.61409	791.6184	.0043	TG 48:8	C51H82O6	[M+H]+	/resources/tools/chemdb_ontology?abbrev=TG 48:8
791.61409	791.6160	.0019	TG 46:5	C49H84O6Na	[M+Na]+	/resources/tools/chemdb_ontology?abbrev=TG 46:5
791.61409	791.6144	.0003	DGCC 36:5	C46H79NO8	[M+NH4]+	/resources/tools/chemdb_ontology?abbrev=DGCC 36:5
791.61409	791.6136	.0005	TG 44:2	C47H86O6Na2	[M+2Na-H]+	/resources/tools/chemdb_ontology?abbrev=TG 44:2
792.6175	792.6113	.0062	PS O-37:0	C43H86NO9P	[M+H]+	/resources/tools/chemdb_ontology?abbrev=PS O-37:0
792.6175	792.6265	.0090	PE O-42:4	C47H88NO7P	[M+H-H2O]+	/resources/tools/chemdb_ontology?abbrev=PE O-42:4
792.6175	792.6113	.0062	PG O-37:2	C43H83O9P	[M+NH4]+	/resources/tools/chemdb_ontology?abbrev=PG O-37:2
839.67215	839.6637	.0085	PC O-40:5	C48H88NO7P	[M+NH4]+	/resources/tools/chemdb_ontology?abbrev=PC O-40:5
787.66253	787.6687	.0062	SM 40:1;O2	C45H91N2O6P	[M+H]+	/resources/tools/chemdb_ontology?abbrev=SM 40:1;O2
1025.36172	1025.3580	.0038	CoA 15:0;O	C36H64N7O18P3S	[M+NH4]+	/resources/tools/chemdb_ontology?abbrev=CoA 15:0;O
901.75849	901.7643	.0059	TG 57:7	C60H102O6	[M+H-H2O]+	/resources/tools/chemdb_ontology?abbrev=TG 57:7
828.68838	828.6923	.0039	HexCer 42:1;O3	C48H93NO9	[M+H]+	/resources/tools/chemdb_ontology?abbrev=HexCer 42:1;O3
828.68838	828.6841	.0043	PC O-40:2	C48H94NO7P	[M+H]+	/resources/tools/chemdb_ontology?abbrev=PC O-40:2
828.68838	828.6841	.0043	PC 40:0	C48H96NO8P	[M+H-H2O]+	/resources/tools/chemdb_ontology?abbrev=PC 40:0
828.68838	828.6841	.0043	PE 43:0	C48H96NO8P	[M+H-H2O]+	/resources/tools/chemdb_ontology?abbrev=PE 43:0
828.68838	828.6953	.0069	SM 42:3;O2	C47H91N2O6P	[M+NH4]+	/resources/tools/chemdb_ontology?abbrev=SM 42:3;O2
786.65857	786.6606	.0020	TG 46:5	C49H84O6	[M+NH4]+	/resources/tools/chemdb_ontology?abbrev=TG 46:5
981.33627	981.3318	.0045	CoA 13:0	C34H60N7O17P3S	[M+NH4]+	/resources/tools/chemdb_ontology?abbrev=CoA 13:0
919.76965	919.7749	.0053	TG 57:7	C60H102O6	[M+H]+	/resources/tools/chemdb_ontology?abbrev=TG 57:7
919.76965	919.7725	.0029	TG 55:4	C58H104O6Na	[M+Na]+	/resources/tools/chemdb_ontology?abbrev=TG 55:4
919.76965	919.7701	.0005	TG 53:1	C56H106O6Na2	[M+2Na-H]+	/resources/tools/chemdb_ontology?abbrev=TG 53:1
603.53397	603.5347	.0007	DG 36:2	C39H72O5	[M+H-H2O]+	/resources/tools/chemdb_ontology?abbrev=DG 36:2
603.53397	603.5323	.0017	DG O-34:1	C37H72O4Na	[M+Na]+	/resources/tools/chemdb_ontology?abbrev=DG O-34:1
930.79335	930.7885	.0048	PC 46:0	C54H108NO8P	[M+H]+	/resources/tools/chemdb_ontology?abbrev=PC 46:0
903.77398	903.7800	.0060	TG 57:6	C60H104O6	[M+H-H2O]+	/resources/tools/chemdb_ontology?abbrev=TG 57:6
1282.32563	1282.3328	.0072	FA 87:1;O2	C87H172O4	[M+H]+	/resources/tools/chemdb_ontology?abbrev=FA 87:1;O2
865.688	865.6793	.0087	PC O-42:6	C50H90NO7P	[M+NH4]+	/resources/tools/chemdb_ontology?abbrev=PC O-42:6
829.71568	829.7157	.0000	SM 43:1;O2	C48H97N2O6P	[M+H]+	/resources/tools/chemdb_ontology?abbrev=SM 43:1;O2
829.71568	829.7256	.0099	TG 48:0	C51H98O6Na	[M+Na]+	/resources/tools/chemdb_ontology?abbrev=TG 48:0
829.71568	829.7239	.0083	HexCer 42:1;O2	C48H93NO8	[M+NH4]+	/resources/tools/chemdb_ontology?abbrev=HexCer 42:1;O2
722.62641	722.6293	.0029	TG 41:2	C44H80O6	[M+NH4]+	/resources/tools/chemdb_ontology?abbrev=TG 41:2
722.62641	722.6170	.0094	SM 34:0;O2	C39H81N2O6P	[M+NH4]+	/resources/tools/chemdb_ontology?abbrev=SM 34:0;O2
822.68648	822.6817	.0047	HexCer 43:2;O3	C49H93NO9	[M+H-H2O]+	/resources/tools/chemdb_ontology?abbrev=HexCer 43:2;O3
877.7011	877.7004	.0007	PS O-42:1	C48H94NO9P	[M+NH4]+	/resources/tools/chemdb_ontology?abbrev=PS O-42:1
782.46172	782.4707	.0090	PC 33:5	C41H72NO8PNa2	[M+2Na-H]+	/resources/tools/chemdb_ontology?abbrev=PC 33:5
782.46172	782.4707	.0090	PE 36:5	C41H72NO8PNa2	[M+2Na-H]+	/resources/tools/chemdb_ontology?abbrev=PE 36:5
875.74293	875.7487	.0058	TG 55:6	C58H100O6	[M+H-H2O]+	/resources/tools/chemdb_ontology?abbrev=TG 55:6
821.68311	821.6825	.0006	HexCer 39:0;O4	C45H89NO10	[M+NH4]+	/resources/tools/chemdb_ontology?abbrev=HexCer 39:0;O4
821.68311	821.6742	.0089	PC 37:0	C45H90NO8P	[M+NH4]+	/resources/tools/chemdb_ontology?abbrev=PC 37:0
821.68311	821.6742	.0089	PE 40:0	C45H90NO8P	[M+NH4]+	/resources/tools/chemdb_ontology?abbrev=PE 40:0
812.67443	812.6763	.0018	TG 48:6	C51H86O6	[M+NH4]+	/resources/tools/chemdb_ontology?abbrev=TG 48:6
785.61183	785.6055	.0064	PA 42:2	C45H85O8P	[M+H]+	/resources/tools/chemdb_ontology?abbrev=PA 42:2
785.61183	785.6055	.0064	PG O-39:2	C45H87O9P	[M+H-H2O]+	/resources/tools/chemdb_ontology?abbrev=PG O-39:2
785.61183	785.6167	.0049	PC O-36:4	C44H82NO7P	[M+NH4]+	/resources/tools/chemdb_ontology?abbrev=PC O-36:4
855.64668	855.6473	.0007	PG 43:2	C49H93O10P	[M+H-H2O]+	/resources/tools/chemdb_ontology?abbrev=PG 43:2
855.64668	855.6473	.0006	TG 51:8	C54H88O6Na	[M+Na]+	/resources/tools/chemdb_ontology?abbrev=TG 51:8
855.64668	855.6449	.0017	PG O-41:1	C47H93O9PNa	[M+Na]+	/resources/tools/chemdb_ontology?abbrev=PG O-41:1
855.64668	855.6433	.0034	IPC 38:0;O2	C44H88NO11P	[M+NH4]+	/resources/tools/chemdb_ontology?abbrev=IPC 38:0;O2
855.64668	855.6449	.0018	TG 49:5	C52H90O6Na2	[M+2Na-H]+	/resources/tools/chemdb_ontology?abbrev=TG 49:5
801.58534	801.5857	.0003	SM 38:2;O2	C43H85N2O6PNa2	[M+2Na-H]+	/resources/tools/chemdb_ontology?abbrev=SM 38:2;O2
686.55534	686.5565	.0012	HexCer 33:1;O2	C39H75NO8	[M+H]+	/resources/tools/chemdb_ontology?abbrev=HexCer 33:1;O2
686.55534	686.5483	.0070	PC O-31:1	C39H78NO7P	[M+H-H2O]+	/resources/tools/chemdb_ontology?abbrev=PC O-31:1
686.55534	686.5483	.0070	PE O-34:1	C39H78NO7P	[M+H-H2O]+	/resources/tools/chemdb_ontology?abbrev=PE O-34:1
701.5254	701.5228	.0026	CerPE 36:3;O3	C38H73N2O7P	[M+H]+	/resources/tools/chemdb_ontology?abbrev=CerPE 36:3;O3
745.67032	745.6704	.0001	TG 45:1	C48H90O6	[M+H-H2O]+	/resources/tools/chemdb_ontology?abbrev=TG 45:1
745.67032	745.6680	.0023	DG 43:0	C46H90O5Na	[M+Na]+	/resources/tools/chemdb_ontology?abbrev=DG 43:0
607.56489	607.5660	.0011	DG 36:0	C39H76O5	[M+H-H2O]+	/resources/tools/chemdb_ontology?abbrev=DG 36:0
870.72191	870.7310	.0091	PC 43:0	C51H102NO8P	[M+H-H2O]+	/resources/tools/chemdb_ontology?abbrev=PC 43:0
929.78925	929.7956	.0064	TG 59:7	C62H106O6	[M+H-H2O]+	/resources/tools/chemdb_ontology?abbrev=TG 59:7
886.69554	886.6895	.0060	PS 44:0	C50H98NO10P	[M+H-H2O]+	/resources/tools/chemdb_ontology?abbrev=PS 44:0
886.69554	886.6919	.0036	TG 54:11	C57H88O6	[M+NH4]+	/resources/tools/chemdb_ontology?abbrev=TG 54:11
685.55202	685.5530	.0010	PA O-37:1	C40H79O7P	[M+H-H2O]+	/resources/tools/chemdb_ontology?abbrev=PA O-37:1
869.71796	869.7106	.0073	PC O-42:4	C50H94NO7P	[M+NH4]+	/resources/tools/chemdb_ontology?abbrev=PC O-42:4
877.75884	877.7643	.0055	TG 55:5	C58H102O6	[M+H-H2O]+	/resources/tools/chemdb_ontology?abbrev=TG 55:5
844.70636	844.7154	.0090	PC O-41:1	C49H98NO7P	[M+H]+	/resources/tools/chemdb_ontology?abbrev=PC O-41:1
857.66142	857.6654	.0039	TG 53:10	C56H88O6	[M+H]+	/resources/tools/chemdb_ontology?abbrev=TG 53:10
857.66142	857.6630	.0016	PG 43:1	C49H95O10P	[M+H-H2O]+	/resources/tools/chemdb_ontology?abbrev=PG 43:1
857.66142	857.6606	.0008	PG O-41:0	C47H95O9PNa	[M+Na]+	/resources/tools/chemdb_ontology?abbrev=PG O-41:0
857.66142	857.6630	.0015	TG 51:7	C54H90O6Na	[M+Na]+	/resources/tools/chemdb_ontology?abbrev=TG 51:7
857.66142	857.6606	.0009	TG 49:4	C52H92O6Na2	[M+2Na-H]+	/resources/tools/chemdb_ontology?abbrev=TG 49:4
594.62831	594.6184	.0100	WE 39:1	C39H76O2	[M+NH4]+	/resources/tools/chemdb_ontology?abbrev=WE 39:1
719.53277	719.5374	.0046	PA O-40:5	C43H77O7P	[M+H-H2O]+	/resources/tools/chemdb_ontology?abbrev=PA O-40:5
719.53277	719.5334	.0006	PC 30:2	C38H72NO8P	[M+NH4]+	/resources/tools/chemdb_ontology?abbrev=PC 30:2
719.53277	719.5334	.0006	PE 33:2	C38H72NO8P	[M+NH4]+	/resources/tools/chemdb_ontology?abbrev=PE 33:2
647.55735	647.5609	.0035	DG 38:3	C41H74O5	[M+H]+	/resources/tools/chemdb_ontology?abbrev=DG 38:3
647.55735	647.5609	.0035	TG 38:1	C41H76O6	[M+H-H2O]+	/resources/tools/chemdb_ontology?abbrev=TG 38:1
647.55735	647.5585	.0011	DG 36:0	C39H76O5Na	[M+Na]+	/resources/tools/chemdb_ontology?abbrev=DG 36:0
1024.30163	1024.3052	.0036	CoA 18:4;O	C39H62N7O18P3S	[M+H-H2O]+	/resources/tools/chemdb_ontology?abbrev=CoA 18:4;O
905.78775	905.7956	.0079	TG 57:5	C60H106O6	[M+H-H2O]+	/resources/tools/chemdb_ontology?abbrev=TG 57:5
860.67995	860.6739	.0061	PS O-42:1	C48H94NO9P	[M+H]+	/resources/tools/chemdb_ontology?abbrev=PS O-42:1
860.67995	860.6891	.0092	PC O-44:5	C52H96NO7P	[M+H-H2O]+	/resources/tools/chemdb_ontology?abbrev=PC O-44:5
860.67995	860.6763	.0037	TG 52:10	C55H86O6	[M+NH4]+	/resources/tools/chemdb_ontology?abbrev=TG 52:10
860.67995	860.6739	.0061	PG O-42:3	C48H91O9P	[M+NH4]+	/resources/tools/chemdb_ontology?abbrev=PG O-42:3
739.63293	739.6235	.0094	TG 45:4	C48H84O6	[M+H-H2O]+	/resources/tools/chemdb_ontology?abbrev=TG 45:4
663.53237	663.5323	.0001	PA O-34:0	C37H75O7P	[M+H]+	/resources/tools/chemdb_ontology?abbrev=PA O-34:0
663.53237	663.5347	.0023	DG 41:7	C44H72O5	[M+H-H2O]+	/resources/tools/chemdb_ontology?abbrev=DG 41:7
895.73385	895.7263	.0076	PC O-44:5	C52H96NO7P	[M+NH4]+	/resources/tools/chemdb_ontology?abbrev=PC O-44:5
887.70412	887.7123	.0082	TG 55:9	C58H94O6	[M+H]+	/resources/tools/chemdb_ontology?abbrev=TG 55:9
887.70412	887.7099	.0058	TG 53:6	C56H96O6Na	[M+Na]+	/resources/tools/chemdb_ontology?abbrev=TG 53:6
887.70412	887.7075	.0034	TG 51:3	C54H98O6Na2	[M+2Na-H]+	/resources/tools/chemdb_ontology?abbrev=TG 51:3
887.70412	887.6952	.0089	SM 44:1;O2	C49H99N2O6PNa2	[M+2Na-H]+	/resources/tools/chemdb_ontology?abbrev=SM 44:1;O2
897.74784	897.7419	.0059	PC O-44:4	C52H98NO7P	[M+NH4]+	/resources/tools/chemdb_ontology?abbrev=PC O-44:4
871.7301	871.7263	.0038	PC O-42:3	C50H96NO7P	[M+NH4]+	/resources/tools/chemdb_ontology?abbrev=PC O-42:3
953.7902	953.7956	.0054	TG 61:9	C64H106O6	[M+H-H2O]+	/resources/tools/chemdb_ontology?abbrev=TG 61:9
933.8172	933.8269	.0097	TG 59:5	C62H110O6	[M+H-H2O]+	/resources/tools/chemdb_ontology?abbrev=TG 59:5
849.72867	849.7330	.0044	TG 53:5	C56H98O6	[M+H-H2O]+	/resources/tools/chemdb_ontology?abbrev=TG 53:5
731.55713	731.5585	.0014	PA 38:1	C41H79O8P	[M+H]+	/resources/tools/chemdb_ontology?abbrev=PA 38:1
731.55713	731.5585	.0014	PG O-35:1	C41H81O9P	[M+H-H2O]+	/resources/tools/chemdb_ontology?abbrev=PG O-35:1
731.55713	731.5561	.0010	DG 41:4	C44H78O5Na2	[M+2Na-H]+	/resources/tools/chemdb_ontology?abbrev=DG 41:4
765.59658	765.6004	.0038	PG O-36:0	C42H85O9P	[M+H]+	/resources/tools/chemdb_ontology?abbrev=PG O-36:0
765.59658	765.5875	.0091	MGDG 36:2	C45H82O10	[M+H-H2O]+	/resources/tools/chemdb_ontology?abbrev=MGDG 36:2
765.59658	765.6004	.0038	TG 44:4	C47H82O6Na	[M+Na]+	/resources/tools/chemdb_ontology?abbrev=TG 44:4
765.59658	765.5881	.0085	CerPE 40:2;O2	C42H83N2O6PNa	[M+Na]+	/resources/tools/chemdb_ontology?abbrev=CerPE 40:2;O2
765.59658	765.5980	.0014	TG 42:1	C45H84O6Na2	[M+2Na-H]+	/resources/tools/chemdb_ontology?abbrev=TG 42:1
931.80478	931.8113	.0065	TG 59:6	C62H108O6	[M+H-H2O]+	/resources/tools/chemdb_ontology?abbrev=TG 59:6
757.57297	757.5742	.0012	PA 40:2	C43H81O8P	[M+H]+	/resources/tools/chemdb_ontology?abbrev=PA 40:2
757.57297	757.5824	.0095	MGDG 34:1	C43H80O10	[M+H]+	/resources/tools/chemdb_ontology?abbrev=MGDG 34:1
757.57297	757.5742	.0012	PG O-37:2	C43H83O9P	[M+H-H2O]+	/resources/tools/chemdb_ontology?abbrev=PG O-37:2
757.57297	757.5717	.0012	DG 43:5	C46H80O5Na2	[M+2Na-H]+	/resources/tools/chemdb_ontology?abbrev=DG 43:5
760.64294	760.6450	.0020	TG 44:4	C47H82O6	[M+NH4]+	/resources/tools/chemdb_ontology?abbrev=TG 44:4
766.60103	766.6109	.0099	PC O-37:3	C45H86NO7P	[M+H-H2O]+	/resources/tools/chemdb_ontology?abbrev=PC O-37:3
766.60103	766.6109	.0099	PE O-40:3	C45H86NO7P	[M+H-H2O]+	/resources/tools/chemdb_ontology?abbrev=PE O-40:3
766.60103	766.5956	.0054	PG O-35:1	C41H81O9P	[M+NH4]+	/resources/tools/chemdb_ontology?abbrev=PG O-35:1
684.6135	684.6137	.0002	TG 38:0	C41H78O6	[M+NH4]+	/resources/tools/chemdb_ontology?abbrev=TG 38:0
954.79411	954.7885	.0056	PC 48:2	C56H108NO8P	[M+H]+	/resources/tools/chemdb_ontology?abbrev=PC 48:2
741.59896	741.6028	.0038	TG 44:5	C47H80O6	[M+H]+	/resources/tools/chemdb_ontology?abbrev=TG 44:5
741.59896	741.5905	.0085	CerPE 40:3;O2	C42H81N2O6P	[M+H]+	/resources/tools/chemdb_ontology?abbrev=CerPE 40:3;O2
741.59896	741.5905	.0085	CerPE 40:2;O3	C42H83N2O7P	[M+H-H2O]+	/resources/tools/chemdb_ontology?abbrev=CerPE 40:2;O3
741.59896	741.6004	.0014	TG 42:2	C45H82O6Na	[M+Na]+	/resources/tools/chemdb_ontology?abbrev=TG 42:2
883.67707	883.6810	.0039	TG 55:11	C58H90O6	[M+H]+	/resources/tools/chemdb_ontology?abbrev=TG 55:11
883.67707	883.6786	.0015	TG 53:8	C56H92O6Na	[M+Na]+	/resources/tools/chemdb_ontology?abbrev=TG 53:8
883.67707	883.6746	.0024	IPC 40:0;O2	C46H92NO11P	[M+NH4]+	/resources/tools/chemdb_ontology?abbrev=IPC 40:0;O2
883.67707	883.6762	.0009	TG 51:5	C54H94O6Na2	[M+2Na-H]+	/resources/tools/chemdb_ontology?abbrev=TG 51:5
951.77485	951.7800	.0051	TG 61:10	C64H104O6	[M+H-H2O]+	/resources/tools/chemdb_ontology?abbrev=TG 61:10
868.70657	868.7154	.0088	PC 43:1	C51H100NO8P	[M+H-H2O]+	/resources/tools/chemdb_ontology?abbrev=PC 43:1
868.70657	868.7154	.0088	PE 46:1	C51H100NO8P	[M+H-H2O]+	/resources/tools/chemdb_ontology?abbrev=PE 46:1
868.70657	868.7130	.0064	PC O-41:0	C49H100NO7PNa	[M+Na]+	/resources/tools/chemdb_ontology?abbrev=PC O-41:0
736.64342	736.6450	.0015	TG 42:2	C45H82O6	[M+NH4]+	/resources/tools/chemdb_ontology?abbrev=TG 42:2
884.68043	884.6739	.0065	PS 44:1	C50H96NO10P	[M+H-H2O]+	/resources/tools/chemdb_ontology?abbrev=PS 44:1
884.68043	884.6715	.0089	PS O-42:0	C48H96NO9PNa	[M+Na]+	/resources/tools/chemdb_ontology?abbrev=PS O-42:0
884.68043	884.6763	.0042	TG 54:12	C57H86O6	[M+NH4]+	/resources/tools/chemdb_ontology?abbrev=TG 54:12
778.67328	778.6684	.0049	PA O-41:0	C44H89O7P	[M+NH4]+	/resources/tools/chemdb_ontology?abbrev=PA O-41:0
778.67328	778.6796	.0064	SM 38:0;O2	C43H89N2O6P	[M+NH4]+	/resources/tools/chemdb_ontology?abbrev=SM 38:0;O2
903.77436	903.7800	.0056	TG 57:6	C60H104O6	[M+H-H2O]+	/resources/tools/chemdb_ontology?abbrev=TG 57:6
624.65808	624.6653	.0072	WE 41:0	C41H82O2	[M+NH4]+	/resources/tools/chemdb_ontology?abbrev=WE 41:0
742.60244	742.6109	.0085	PC O-35:1	C43H86NO7P	[M+H-H2O]+	/resources/tools/chemdb_ontology?abbrev=PC O-35:1
742.60244	742.6109	.0085	PE O-38:1	C43H86NO7P	[M+H-H2O]+	/resources/tools/chemdb_ontology?abbrev=PE O-38:1
625.66101	625.6605	.0005	Cer 40:0;O	C40H81NO2	[M+NH4]+	/resources/tools/chemdb_ontology?abbrev=Cer 40:0;O
837.73508	837.7330	.0020	TG 52:4	C55H98O6	[M+H-H2O]+	/resources/tools/chemdb_ontology?abbrev=TG 52:4
837.73508	837.7282	.0068	FA 51:1;O3	C51H100O5Na2	[M+2Na-H]+	/resources/tools/chemdb_ontology?abbrev=FA 51:1;O3
842.69107	842.6997	.0086	PC 41:0	C49H98NO8P	[M+H-H2O]+	/resources/tools/chemdb_ontology?abbrev=PC 41:0
842.69107	842.6997	.0086	PE 44:0	C49H98NO8P	[M+H-H2O]+	/resources/tools/chemdb_ontology?abbrev=PE 44:0
565.6017	565.5918	.0099	FA 38:0	C38H76O2	[M+H]+	/resources/tools/chemdb_ontology?abbrev=FA 38:0
565.6017	565.5918	.0099	WE 38:0	C38H76O2	[M+H]+	/resources/tools/chemdb_ontology?abbrev=WE 38:0
859.6761	859.6810	.0049	TG 53:9	C56H90O6	[M+H]+	/resources/tools/chemdb_ontology?abbrev=TG 53:9
859.6761	859.6786	.0025	PG 43:0	C49H97O10P	[M+H-H2O]+	/resources/tools/chemdb_ontology?abbrev=PG 43:0
859.6761	859.6786	.0025	TG 51:6	C54H92O6Na	[M+Na]+	/resources/tools/chemdb_ontology?abbrev=TG 51:6
859.6761	859.6762	.0001	TG 49:3	C52H94O6Na2	[M+2Na-H]+	/resources/tools/chemdb_ontology?abbrev=TG 49:3
666.72112	666.7122	.0089	WE 44:0	C44H88O2	[M+NH4]+	/resources/tools/chemdb_ontology?abbrev=WE 44:0
900.74699	900.7416	.0054	PC 44:1	C52H102NO8P	[M+H]+	/resources/tools/chemdb_ontology?abbrev=PC 44:1
901.75855	901.7643	.0058	TG 57:7	C60H102O6	[M+H-H2O]+	/resources/tools/chemdb_ontology?abbrev=TG 57:7
885.6918	885.6967	.0049	TG 55:10	C58H92O6	[M+H]+	/resources/tools/chemdb_ontology?abbrev=TG 55:10
885.6918	885.6943	.0025	TG 53:7	C56H94O6Na	[M+Na]+	/resources/tools/chemdb_ontology?abbrev=TG 53:7
885.6918	885.6919	.0001	TG 51:4	C54H96O6Na2	[M+2Na-H]+	/resources/tools/chemdb_ontology?abbrev=TG 51:4
929.78943	929.7956	.0062	TG 59:7	C62H106O6	[M+H-H2O]+	/resources/tools/chemdb_ontology?abbrev=TG 59:7
930.79326	930.7885	.0047	PC 46:0	C54H108NO8P	[M+H]+	/resources/tools/chemdb_ontology?abbrev=PC 46:0
839.67254	839.6637	.0089	PC O-40:5	C48H88NO7P	[M+NH4]+	/resources/tools/chemdb_ontology?abbrev=PC O-40:5
879.77153	879.7800	.0085	TG 55:4	C58H104O6	[M+H-H2O]+	/resources/tools/chemdb_ontology?abbrev=TG 55:4
899.74389	899.7487	.0048	TG 57:8	C60H100O6	[M+H-H2O]+	/resources/tools/chemdb_ontology?abbrev=TG 57:8
1282.32617	1282.3328	.0067	FA 87:1;O2	C87H172O4	[M+H]+	/resources/tools/chemdb_ontology?abbrev=FA 87:1;O2
837.65711	837.6480	.0091	PC O-40:6	C48H86NO7P	[M+NH4]+	/resources/tools/chemdb_ontology?abbrev=PC O-40:6